  0
SECTION
  2
HEADER
  9
$ACADVER
  1
AC1024
  9
$ACADMAINTVER
 70
6
  9
$DWGCODEPAGE
  3
ANSI_1252
  9
$LASTSAVEDBY
  1
ezdxf
  9
$INSBASE
 10
0.0
 20
0.0
 30
0.0
  9
$EXTMIN
 10
-96.41884563962051
 20
-104.16371085032088
 30
0.0
  9
$EXTMAX
 10
1846.2538980463967
 20
9068.83628914971
 30
0.0
  9
$LIMMIN
 10
0.0
 20
0.0
  9
$LIMMAX
 10
420.0
 20
297.0
  9
$ORTHOMODE
 70
0
  9
$REGENMODE
 70
1
  9
$FILLMODE
 70
1
  9
$QTEXTMODE
 70
0
  9
$MIRRTEXT
 70
1
  9
$LTSCALE
 40
1.0
  9
$ATTMODE
 70
1
  9
$TEXTSIZE
 40
2.5
  9
$TRACEWID
 40
1.0
  9
$TEXTSTYLE
  7
Standard
  9
$CLAYER
  8
0
  9
$CELTYPE
  6
ByLayer
  9
$CECOLOR
 62
256
  9
$CELTSCALE
 40
1.0
  9
$DISPSILH
 70
0
  9
$DIMSCALE
 40
1.0
  9
$DIMASZ
 40
2.5
  9
$DIMEXO
 40
0.625
  9
$DIMDLI
 40
3.75
  9
$DIMRND
 40
0.0
  9
$DIMDLE
 40
0.0
  9
$DIMEXE
 40
1.25
  9
$DIMTP
 40
0.0
  9
$DIMTM
 40
0.0
  9
$DIMTXT
 40
2.5
  9
$DIMCEN
 40
2.5
  9
$DIMTSZ
 40
0.0
  9
$DIMTOL
 70
0
  9
$DIMLIM
 70
0
  9
$DIMTIH
 70
0
  9
$DIMTOH
 70
0
  9
$DIMSE1
 70
0
  9
$DIMSE2
 70
0
  9
$DIMTAD
 70
1
  9
$DIMZIN
 70
8
  9
$DIMBLK
  1

  9
$DIMASO
 70
1
  9
$DIMSHO
 70
1
  9
$DIMPOST
  1

  9
$DIMAPOST
  1

  9
$DIMALT
 70
0
  9
$DIMALTD
 70
3
  9
$DIMALTF
 40
0.03937007874
  9
$DIMLFAC
 40
1.0
  9
$DIMTOFL
 70
1
  9
$DIMTVP
 40
0.0
  9
$DIMTIX
 70
0
  9
$DIMSOXD
 70
0
  9
$DIMSAH
 70
0
  9
$DIMBLK1
  1

  9
$DIMBLK2
  1

  9
$DIMSTYLE
  2
ISO-25
  9
$DIMCLRD
 70
0
  9
$DIMCLRE
 70
0
  9
$DIMCLRT
 70
0
  9
$DIMTFAC
 40
1.0
  9
$DIMGAP
 40
0.625
  9
$DIMJUST
 70
0
  9
$DIMSD1
 70
0
  9
$DIMSD2
 70
0
  9
$DIMTOLJ
 70
0
  9
$DIMTZIN
 70
8
  9
$DIMALTZ
 70
0
  9
$DIMALTTZ
 70
0
  9
$DIMUPT
 70
0
  9
$DIMDEC
 70
2
  9
$DIMTDEC
 70
2
  9
$DIMALTU
 70
2
  9
$DIMALTTD
 70
3
  9
$DIMTXSTY
  7
Standard
  9
$DIMAUNIT
 70
0
  9
$DIMADEC
 70
0
  9
$DIMALTRND
 40
0.0
  9
$DIMAZIN
 70
0
  9
$DIMDSEP
 70
44
  9
$DIMATFIT
 70
3
  9
$DIMFRAC
 70
0
  9
$DIMLDRBLK
  1

  9
$DIMLUNIT
 70
2
  9
$DIMLWD
 70
-2
  9
$DIMLWE
 70
-2
  9
$DIMTMOVE
 70
0
  9
$DIMFXL
 40
1.0
  9
$DIMFXLON
 70
0
  9
$DIMJOGANG
 40
0.785398163397
  9
$DIMTFILL
 70
0
  9
$DIMTFILLCLR
 70
0
  9
$DIMARCSYM
 70
0
  9
$DIMLTYPE
  6

  9
$DIMLTEX1
  6

  9
$DIMLTEX2
  6

  9
$DIMTXTDIRECTION
 70
0
  9
$LUNITS
 70
2
  9
$LUPREC
 70
4
  9
$SKETCHINC
 40
1.0
  9
$FILLETRAD
 40
10.0
  9
$AUNITS
 70
0
  9
$AUPREC
 70
2
  9
$MENU
  1
.
  9
$ELEVATION
 40
0.0
  9
$PELEVATION
 40
0.0
  9
$THICKNESS
 40
0.0
  9
$LIMCHECK
 70
0
  9
$CHAMFERA
 40
0.0
  9
$CHAMFERB
 40
0.0
  9
$CHAMFERC
 40
0.0
  9
$CHAMFERD
 40
0.0
  9
$SKPOLY
 70
0
  9
$TDCREATE
 40
2461321.720613426
  9
$TDUCREATE
 40
2458532.153996898
  9
$TDUPDATE
 40
2461321.720613426
  9
$TDUUPDATE
 40
2458532.1544311
  9
$TDINDWG
 40
0.0
  9
$TDUSRTIMER
 40
0.0
  9
$USRTIMER
 70
1
  9
$ANGBASE
 50
0.0
  9
$ANGDIR
 70
0
  9
$PDMODE
 70
0
  9
$PDSIZE
 40
0.0
  9
$PLINEWID
 40
0.0
  9
$SPLFRAME
 70
0
  9
$SPLINETYPE
 70
6
  9
$SPLINESEGS
 70
8
  9
$HANDSEED
  5
477
  9
$SURFTAB1
 70
6
  9
$SURFTAB2
 70
6
  9
$SURFTYPE
 70
6
  9
$SURFU
 70
6
  9
$SURFV
 70
6
  9
$UCSBASE
  2

  9
$UCSNAME
  2

  9
$UCSORG
 10
0.0
 20
0.0
 30
0.0
  9
$UCSXDIR
 10
1.0
 20
0.0
 30
0.0
  9
$UCSYDIR
 10
0.0
 20
1.0
 30
0.0
  9
$UCSORTHOREF
  2

  9
$UCSORTHOVIEW
 70
0
  9
$UCSORGTOP
 10
0.0
 20
0.0
 30
0.0
  9
$UCSORGBOTTOM
 10
0.0
 20
0.0
 30
0.0
  9
$UCSORGLEFT
 10
0.0
 20
0.0
 30
0.0
  9
$UCSORGRIGHT
 10
0.0
 20
0.0
 30
0.0
  9
$UCSORGFRONT
 10
0.0
 20
0.0
 30
0.0
  9
$UCSORGBACK
 10
0.0
 20
0.0
 30
0.0
  9
$PUCSBASE
  2

  9
$PUCSNAME
  2

  9
$PUCSORG
 10
0.0
 20
0.0
 30
0.0
  9
$PUCSXDIR
 10
1.0
 20
0.0
 30
0.0
  9
$PUCSYDIR
 10
0.0
 20
1.0
 30
0.0
  9
$PUCSORTHOREF
  2

  9
$PUCSORTHOVIEW
 70
0
  9
$PUCSORGTOP
 10
0.0
 20
0.0
 30
0.0
  9
$PUCSORGBOTTOM
 10
0.0
 20
0.0
 30
0.0
  9
$PUCSORGLEFT
 10
0.0
 20
0.0
 30
0.0
  9
$PUCSORGRIGHT
 10
0.0
 20
0.0
 30
0.0
  9
$PUCSORGFRONT
 10
0.0
 20
0.0
 30
0.0
  9
$PUCSORGBACK
 10
0.0
 20
0.0
 30
0.0
  9
$USERI1
 70
0
  9
$USERI2
 70
0
  9
$USERI3
 70
0
  9
$USERI4
 70
0
  9
$USERI5
 70
0
  9
$USERR1
 40
0.0
  9
$USERR2
 40
0.0
  9
$USERR3
 40
0.0
  9
$USERR4
 40
0.0
  9
$USERR5
 40
0.0
  9
$WORLDVIEW
 70
1
  9
$SHADEDGE
 70
3
  9
$SHADEDIF
 70
70
  9
$TILEMODE
 70
1
  9
$MAXACTVP
 70
64
  9
$PINSBASE
 10
0.0
 20
0.0
 30
0.0
  9
$PLIMCHECK
 70
0
  9
$PEXTMIN
 10
-96.41884563962051
 20
-104.16371085032088
 30
0.0
  9
$PEXTMAX
 10
1846.2538980463967
 20
9068.83628914971
 30
0.0
  9
$PLIMMIN
 10
0.0
 20
0.0
  9
$PLIMMAX
 10
420.0
 20
297.0
  9
$UNITMODE
 70
0
  9
$VISRETAIN
 70
1
  9
$PLINEGEN
 70
0
  9
$PSLTSCALE
 70
1
  9
$TREEDEPTH
 70
3020
  9
$CMLSTYLE
  2
Standard
  9
$CMLJUST
 70
0
  9
$CMLSCALE
 40
20.0
  9
$PROXYGRAPHICS
 70
1
  9
$MEASUREMENT
 70
1
  9
$CELWEIGHT
370
-1
  9
$ENDCAPS
280
0
  9
$JOINSTYLE
280
0
  9
$LWDISPLAY
290
0
  9
$INSUNITS
 70
6
  9
$HYPERLINKBASE
  1

  9
$STYLESHEET
  1

  9
$XEDIT
290
1
  9
$CEPSNTYPE
380
0
  9
$PSTYLEMODE
290
1
  9
$FINGERPRINTGUID
  2
{8FC31B3B-B5CD-46ED-AED4-F3B2DDCD5CCC}
  9
$VERSIONGUID
  2
{6EB18FE5-F29F-41AB-9ADE-754D1EE168ED}
  9
$EXTNAMES
290
1
  9
$PSVPSCALE
 40
0.0
  9
$OLESTARTUP
290
0
  9
$SORTENTS
280
127
  9
$INDEXCTL
280
0
  9
$HIDETEXT
280
1
  9
$XCLIPFRAME
280
1
  9
$HALOGAP
280
0
  9
$OBSCOLOR
 70
257
  9
$OBSLTYPE
280
0
  9
$INTERSECTIONDISPLAY
280
0
  9
$INTERSECTIONCOLOR
 70
257
  9
$DIMASSOC
280
2
  9
$PROJECTNAME
  1

  9
$CAMERADISPLAY
290
0
  9
$LENSLENGTH
 40
50.0
  9
$CAMERAHEIGHT
 40
0.0
  9
$STEPSPERSEC
 40
24.0
  9
$STEPSIZE
 40
100.0
  9
$3DDWFPREC
 40
2.0
  9
$PSOLWIDTH
 40
0.005
  9
$PSOLHEIGHT
 40
0.08
  9
$LOFTANG1
 40
1.570796326795
  9
$LOFTANG2
 40
1.570796326795
  9
$LOFTMAG1
 40
0.0
  9
$LOFTMAG2
 40
0.0
  9
$LOFTPARAM
 70
7
  9
$LOFTNORMALS
280
1
  9
$LATITUDE
 40
37.795
  9
$LONGITUDE
 40
-122.394
  9
$NORTHDIRECTION
 40
0.0
  9
$TIMEZONE
 70
-8000
  9
$LIGHTGLYPHDISPLAY
280
1
  9
$TILEMODELIGHTSYNCH
280
1
  9
$CMATERIAL
347
20
  9
$SOLIDHIST
280
0
  9
$SHOWHIST
280
1
  9
$DWFFRAME
280
2
  9
$DGNFRAME
280
2
  9
$REALWORLDSCALE
290
1
  9
$INTERFERECOLOR
 62
256
  9
$CSHADOW
280
0
  9
$SHADOWPLANELOCATION
 40
0.0
  0
ENDSEC
  0
SECTION
  2
CLASSES
  0
CLASS
  1
ACDBDICTIONARYWDFLT
  2
AcDbDictionaryWithDefault
  3
ObjectDBX Classes
 90
0
 91
0
280
0
281
0
  0
CLASS
  1
SUN
  2
AcDbSun
  3
SCENEOE
 90
1153
 91
0
280
0
281
0
  0
CLASS
  1
VISUALSTYLE
  2
AcDbVisualStyle
  3
ObjectDBX Classes
 90
4095
 91
0
280
0
281
0
  0
CLASS
  1
MATERIAL
  2
AcDbMaterial
  3
ObjectDBX Classes
 90
1153
 91
0
280
0
281
0
  0
CLASS
  1
SCALE
  2
AcDbScale
  3
ObjectDBX Classes
 90
1153
 91
0
280
0
281
0
  0
CLASS
  1
TABLESTYLE
  2
AcDbTableStyle
  3
ObjectDBX Classes
 90
4095
 91
0
280
0
281
0
  0
CLASS
  1
MLEADERSTYLE
  2
AcDbMLeaderStyle
  3
ACDB_MLEADERSTYLE_CLASS
 90
4095
 91
0
280
0
281
0
  0
CLASS
  1
DICTIONARYVAR
  2
AcDbDictionaryVar
  3
ObjectDBX Classes
 90
0
 91
0
280
0
281
0
  0
CLASS
  1
CELLSTYLEMAP
  2
AcDbCellStyleMap
  3
ObjectDBX Classes
 90
1152
 91
0
280
0
281
0
  0
CLASS
  1
MENTALRAYRENDERSETTINGS
  2
AcDbMentalRayRenderSettings
  3
SCENEOE
 90
1024
 91
0
280
0
281
0
  0
CLASS
  1
ACDBDETAILVIEWSTYLE
  2
AcDbDetailViewStyle
  3
ObjectDBX Classes
 90
1025
 91
0
280
0
281
0
  0
CLASS
  1
ACDBSECTIONVIEWSTYLE
  2
AcDbSectionViewStyle
  3
ObjectDBX Classes
 90
1025
 91
0
280
0
281
0
  0
CLASS
  1
RASTERVARIABLES
  2
AcDbRasterVariables
  3
ISM
 90
0
 91
0
280
0
281
0
  0
CLASS
  1
LAYOUT
  2
AcDbLayout
  3
ObjectDBX Classes
 90
0
 91
0
280
0
281
0
  0
CLASS
  1
ACDBPLACEHOLDER
  2
AcDbPlaceHolder
  3
ObjectDBX Classes
 90
0
 91
0
280
0
281
0
  0
ENDSEC
  0
SECTION
  2
TABLES
  0
TABLE
  2
VPORT
  5
8
330
0
100
AcDbSymbolTable
 70
1
  0
VPORT
  5
473
330
8
100
AcDbSymbolTableRecord
100
AcDbViewportTableRecord
  2
*Active
 70
0
 10
0.0
 20
0.0
 11
1.0
 21
1.0
 12
874.9175262033881
 22
4482.336289149695
 13
0.0
 23
0.0
 14
0.5
 24
0.5
 15
0.5
 25
0.5
 16
0.0
 26
0.0
 36
1.0
 17
0.0
 27
0.0
 37
0.0
 40
9173.000000000031
 41
1.34
 42
50.0
 43
0.0
 44
0.0
 50
0.0
 51
0.0
 71
0
 72
1000
 73
1
 74
3
 75
0
 76
0
 77
0
 78
0
281
0
 65
1
110
0.0
120
0.0
130
0.0
111
1.0
121
0.0
131
0.0
112
0.0
122
1.0
132
0.0
 79
0
146
0.0
  0
ENDTAB
  0
TABLE
  2
LTYPE
  5
2
330
0
100
AcDbSymbolTable
 70
3
  0
LTYPE
  5
24
330
2
100
AcDbSymbolTableRecord
100
AcDbLinetypeTableRecord
  2
ByBlock
 70
0
  3

 72
65
 73
0
 40
0.0
  0
LTYPE
  5
25
330
2
100
AcDbSymbolTableRecord
100
AcDbLinetypeTableRecord
  2
ByLayer
 70
0
  3

 72
65
 73
0
 40
0.0
  0
LTYPE
  5
26
330
2
100
AcDbSymbolTableRecord
100
AcDbLinetypeTableRecord
  2
Continuous
 70
0
  3

 72
65
 73
0
 40
0.0
  0
ENDTAB
  0
TABLE
  2
LAYER
  5
1
330
0
100
AcDbSymbolTable
 70
191
  0
LAYER
  5
27
330
1
100
AcDbSymbolTableRecord
100
AcDbLayerTableRecord
  2
0
 70
0
 62
7
  6
Continuous
370
-3
390
13
347
21
  0
LAYER
  5
28
330
1
100
AcDbSymbolTableRecord
100
AcDbLayerTableRecord
  2
Defpoints
 70
0
 62
7
  6
Continuous
290
0
370
-3
390
13
347
21
  0
LAYER
  5
2F
330
1
100
AcDbSymbolTableRecord
100
AcDbLayerTableRecord
  2
STORY
 70
0
 62
1
  6
Continuous
370
-3
390
13
347
21
  0
LAYER
  5
30
330
1
100
AcDbSymbolTableRecord
100
AcDbLayerTableRecord
  2
BOUNDARY
 70
0
 62
5
  6
Continuous
370
-3
390
13
347
21
  0
LAYER
  5
31
330
1
100
AcDbSymbolTableRecord
100
AcDbLayerTableRecord
  2
ADDITIONAL-LOAD
 70
0
 62
3
  6
Continuous
370
-3
390
13
347
21
  0
LAYER
  5
32
330
1
100
AcDbSymbolTableRecord
100
AcDbLayerTableRecord
  2
WALL
 70
0
 62
4
  6
Continuous
370
-3
390
13
347
21
  0
LAYER
  5
33
330
1
100
AcDbSymbolTableRecord
100
AcDbLayerTableRecord
  2
COL
 70
0
 62
6
  6
Continuous
370
-3
390
13
347
21
  0
LAYER
  5
34
330
1
100
AcDbSymbolTableRecord
100
AcDbLayerTableRecord
  2
COL-LABEL
 70
0
 62
2
  6
Continuous
370
-3
390
13
347
21
  0
LAYER
  5
35
330
1
100
AcDbSymbolTableRecord
100
AcDbLayerTableRecord
  2
datum
 70
0
 62
7
  6
Continuous
370
-3
390
13
347
21
  0
LAYER
  5
113
330
1
100
AcDbSymbolTableRecord
100
AcDbLayerTableRecord
  2
FLOOR_0_BOUNDARY
 70
0
 62
5
  6
Continuous
370
-3
390
13
347
21
  0
LAYER
  5
114
330
1
100
AcDbSymbolTableRecord
100
AcDbLayerTableRecord
  2
FLOOR_0_COLUMNS
 70
0
 62
7
  6
Continuous
370
-3
390
13
347
21
  0
LAYER
  5
115
330
1
100
AcDbSymbolTableRecord
100
AcDbLayerTableRecord
  2
FLOOR_0_AREA_LABELS
 70
0
 62
3
  6
Continuous
370
-3
390
13
347
21
  0
LAYER
  5
116
330
1
100
AcDbSymbolTableRecord
100
AcDbLayerTableRecord
  2
FLOOR_0_LARGE_TRIBUTARY
 70
0
 62
6
  6
Continuous
370
-3
390
13
347
21
  0
LAYER
  5
117
330
1
100
AcDbSymbolTableRecord
100
AcDbLayerTableRecord
  2
FLOOR_0_WALL
 70
0
 62
4
  6
Continuous
370
-3
390
13
347
21
  0
LAYER
  5
118
330
1
100
AcDbSymbolTableRecord
100
AcDbLayerTableRecord
  2
FLOOR_0_DATUM
 70
0
 62
4
  6
Continuous
370
-3
390
13
347
21
  0
LAYER
  5
128
330
1
100
AcDbSymbolTableRecord
100
AcDbLayerTableRecord
  2
FLOOR_0_TRIBUTARY_COL_0
 70
0
 62
2
  6
Continuous
370
-3
390
13
347
21
  0
LAYER
  5
12B
330
1
100
AcDbSymbolTableRecord
100
AcDbLayerTableRecord
  2
FLOOR_0_TRIBUTARY_COL_1
 70
0
 62
2
  6
Continuous
370
-3
390
13
347
21
  0
LAYER
  5
12E
330
1
100
AcDbSymbolTableRecord
100
AcDbLayerTableRecord
  2
FLOOR_0_TRIBUTARY_COL_2
 70
0
 62
2
  6
Continuous
370
-3
390
13
347
21
  0
LAYER
  5
131
330
1
100
AcDbSymbolTableRecord
100
AcDbLayerTableRecord
  2
FLOOR_0_TRIBUTARY_COL_3
 70
0
 62
2
  6
Continuous
370
-3
390
13
347
21
  0
LAYER
  5
134
330
1
100
AcDbSymbolTableRecord
100
AcDbLayerTableRecord
  2
FLOOR_0_TRIBUTARY_COL_4
 70
0
 62
2
  6
Continuous
370
-3
390
13
347
21
  0
LAYER
  5
137
330
1
100
AcDbSymbolTableRecord
100
AcDbLayerTableRecord
  2
FLOOR_0_TRIBUTARY_COL_5
 70
0
 62
2
  6
Continuous
370
-3
390
13
347
21
  0
LAYER
  5
13A
330
1
100
AcDbSymbolTableRecord
100
AcDbLayerTableRecord
  2
FLOOR_0_TRIBUTARY_COL_6
 70
0
 62
2
  6
Continuous
370
-3
390
13
347
21
  0
LAYER
  5
13D
330
1
100
AcDbSymbolTableRecord
100
AcDbLayerTableRecord
  2
FLOOR_0_TRIBUTARY_COL_7
 70
0
 62
2
  6
Continuous
370
-3
390
13
347
21
  0
LAYER
  5
140
330
1
100
AcDbSymbolTableRecord
100
AcDbLayerTableRecord
  2
FLOOR_0_TRIBUTARY_COL_8
 70
0
 62
2
  6
Continuous
370
-3
390
13
347
21
  0
LAYER
  5
143
330
1
100
AcDbSymbolTableRecord
100
AcDbLayerTableRecord
  2
FLOOR_0_WALL_TRIBUTARY_14
 70
0
 62
1
  6
Continuous
370
-3
390
13
347
21
  0
LAYER
  5
147
330
1
100
AcDbSymbolTableRecord
100
AcDbLayerTableRecord
  2
FLOOR_0_WALL_TRIBUTARY_15
 70
0
 62
1
  6
Continuous
370
-3
390
13
347
21
  0
LAYER
  5
154
330
1
100
AcDbSymbolTableRecord
100
AcDbLayerTableRecord
  2
FLOOR_0_FASCADE_COLUMNS
 70
0
 62
30
  6
Continuous
370
-3
390
13
347
21
  0
LAYER
  5
155
330
1
100
AcDbSymbolTableRecord
100
AcDbLayerTableRecord
  2
FLOOR_0_FASCADE_WALLS
 70
0
 62
4
  6
Continuous
370
-3
390
13
347
21
  0
LAYER
  5
16E
330
1
100
AcDbSymbolTableRecord
100
AcDbLayerTableRecord
  2
FLOOR_1_BOUNDARY
 70
0
 62
5
  6
Continuous
370
-3
390
13
347
21
  0
LAYER
  5
16F
330
1
100
AcDbSymbolTableRecord
100
AcDbLayerTableRecord
  2
FLOOR_1_COLUMNS
 70
0
 62
7
  6
Continuous
370
-3
390
13
347
21
  0
LAYER
  5
170
330
1
100
AcDbSymbolTableRecord
100
AcDbLayerTableRecord
  2
FLOOR_1_AREA_LABELS
 70
0
 62
3
  6
Continuous
370
-3
390
13
347
21
  0
LAYER
  5
171
330
1
100
AcDbSymbolTableRecord
100
AcDbLayerTableRecord
  2
FLOOR_1_LARGE_TRIBUTARY
 70
0
 62
6
  6
Continuous
370
-3
390
13
347
21
  0
LAYER
  5
172
330
1
100
AcDbSymbolTableRecord
100
AcDbLayerTableRecord
  2
FLOOR_1_WALL
 70
0
 62
4
  6
Continuous
370
-3
390
13
347
21
  0
LAYER
  5
173
330
1
100
AcDbSymbolTableRecord
100
AcDbLayerTableRecord
  2
FLOOR_1_DATUM
 70
0
 62
4
  6
Continuous
370
-3
390
13
347
21
  0
LAYER
  5
183
330
1
100
AcDbSymbolTableRecord
100
AcDbLayerTableRecord
  2
FLOOR_1_TRIBUTARY_COL_0
 70
0
 62
2
  6
Continuous
370
-3
390
13
347
21
  0
LAYER
  5
186
330
1
100
AcDbSymbolTableRecord
100
AcDbLayerTableRecord
  2
FLOOR_1_TRIBUTARY_COL_1
 70
0
 62
2
  6
Continuous
370
-3
390
13
347
21
  0
LAYER
  5
189
330
1
100
AcDbSymbolTableRecord
100
AcDbLayerTableRecord
  2
FLOOR_1_TRIBUTARY_COL_2
 70
0
 62
2
  6
Continuous
370
-3
390
13
347
21
  0
LAYER
  5
18C
330
1
100
AcDbSymbolTableRecord
100
AcDbLayerTableRecord
  2
FLOOR_1_TRIBUTARY_COL_3
 70
0
 62
2
  6
Continuous
370
-3
390
13
347
21
  0
LAYER
  5
18F
330
1
100
AcDbSymbolTableRecord
100
AcDbLayerTableRecord
  2
FLOOR_1_TRIBUTARY_COL_4
 70
0
 62
2
  6
Continuous
370
-3
390
13
347
21
  0
LAYER
  5
192
330
1
100
AcDbSymbolTableRecord
100
AcDbLayerTableRecord
  2
FLOOR_1_TRIBUTARY_COL_5
 70
0
 62
2
  6
Continuous
370
-3
390
13
347
21
  0
LAYER
  5
195
330
1
100
AcDbSymbolTableRecord
100
AcDbLayerTableRecord
  2
FLOOR_1_TRIBUTARY_COL_6
 70
0
 62
2
  6
Continuous
370
-3
390
13
347
21
  0
LAYER
  5
198
330
1
100
AcDbSymbolTableRecord
100
AcDbLayerTableRecord
  2
FLOOR_1_TRIBUTARY_COL_7
 70
0
 62
2
  6
Continuous
370
-3
390
13
347
21
  0
LAYER
  5
19B
330
1
100
AcDbSymbolTableRecord
100
AcDbLayerTableRecord
  2
FLOOR_1_TRIBUTARY_COL_8
 70
0
 62
2
  6
Continuous
370
-3
390
13
347
21
  0
LAYER
  5
19E
330
1
100
AcDbSymbolTableRecord
100
AcDbLayerTableRecord
  2
FLOOR_1_WALL_TRIBUTARY_12
 70
0
 62
1
  6
Continuous
370
-3
390
13
347
21
  0
LAYER
  5
1A2
330
1
100
AcDbSymbolTableRecord
100
AcDbLayerTableRecord
  2
FLOOR_1_WALL_TRIBUTARY_13
 70
0
 62
1
  6
Continuous
370
-3
390
13
347
21
  0
LAYER
  5
1AF
330
1
100
AcDbSymbolTableRecord
100
AcDbLayerTableRecord
  2
FLOOR_1_FASCADE_COLUMNS
 70
0
 62
30
  6
Continuous
370
-3
390
13
347
21
  0
LAYER
  5
1B0
330
1
100
AcDbSymbolTableRecord
100
AcDbLayerTableRecord
  2
FLOOR_1_FASCADE_WALLS
 70
0
 62
4
  6
Continuous
370
-3
390
13
347
21
  0
LAYER
  5
1CD
330
1
100
AcDbSymbolTableRecord
100
AcDbLayerTableRecord
  2
FLOOR_2_BOUNDARY
 70
0
 62
5
  6
Continuous
370
-3
390
13
347
21
  0
LAYER
  5
1CE
330
1
100
AcDbSymbolTableRecord
100
AcDbLayerTableRecord
  2
FLOOR_2_COLUMNS
 70
0
 62
7
  6
Continuous
370
-3
390
13
347
21
  0
LAYER
  5
1CF
330
1
100
AcDbSymbolTableRecord
100
AcDbLayerTableRecord
  2
FLOOR_2_AREA_LABELS
 70
0
 62
3
  6
Continuous
370
-3
390
13
347
21
  0
LAYER
  5
1D0
330
1
100
AcDbSymbolTableRecord
100
AcDbLayerTableRecord
  2
FLOOR_2_LARGE_TRIBUTARY
 70
0
 62
6
  6
Continuous
370
-3
390
13
347
21
  0
LAYER
  5
1D1
330
1
100
AcDbSymbolTableRecord
100
AcDbLayerTableRecord
  2
FLOOR_2_WALL
 70
0
 62
4
  6
Continuous
370
-3
390
13
347
21
  0
LAYER
  5
1D2
330
1
100
AcDbSymbolTableRecord
100
AcDbLayerTableRecord
  2
FLOOR_2_DATUM
 70
0
 62
4
  6
Continuous
370
-3
390
13
347
21
  0
LAYER
  5
1E2
330
1
100
AcDbSymbolTableRecord
100
AcDbLayerTableRecord
  2
FLOOR_2_TRIBUTARY_COL_0
 70
0
 62
2
  6
Continuous
370
-3
390
13
347
21
  0
LAYER
  5
1E5
330
1
100
AcDbSymbolTableRecord
100
AcDbLayerTableRecord
  2
FLOOR_2_TRIBUTARY_COL_1
 70
0
 62
2
  6
Continuous
370
-3
390
13
347
21
  0
LAYER
  5
1E8
330
1
100
AcDbSymbolTableRecord
100
AcDbLayerTableRecord
  2
FLOOR_2_TRIBUTARY_COL_2
 70
0
 62
2
  6
Continuous
370
-3
390
13
347
21
  0
LAYER
  5
1EB
330
1
100
AcDbSymbolTableRecord
100
AcDbLayerTableRecord
  2
FLOOR_2_TRIBUTARY_COL_3
 70
0
 62
2
  6
Continuous
370
-3
390
13
347
21
  0
LAYER
  5
1EE
330
1
100
AcDbSymbolTableRecord
100
AcDbLayerTableRecord
  2
FLOOR_2_TRIBUTARY_COL_4
 70
0
 62
2
  6
Continuous
370
-3
390
13
347
21
  0
LAYER
  5
1F1
330
1
100
AcDbSymbolTableRecord
100
AcDbLayerTableRecord
  2
FLOOR_2_TRIBUTARY_COL_5
 70
0
 62
2
  6
Continuous
370
-3
390
13
347
21
  0
LAYER
  5
1F4
330
1
100
AcDbSymbolTableRecord
100
AcDbLayerTableRecord
  2
FLOOR_2_TRIBUTARY_COL_6
 70
0
 62
2
  6
Continuous
370
-3
390
13
347
21
  0
LAYER
  5
1F7
330
1
100
AcDbSymbolTableRecord
100
AcDbLayerTableRecord
  2
FLOOR_2_TRIBUTARY_COL_7
 70
0
 62
2
  6
Continuous
370
-3
390
13
347
21
  0
LAYER
  5
1FA
330
1
100
AcDbSymbolTableRecord
100
AcDbLayerTableRecord
  2
FLOOR_2_TRIBUTARY_COL_8
 70
0
 62
2
  6
Continuous
370
-3
390
13
347
21
  0
LAYER
  5
1FD
330
1
100
AcDbSymbolTableRecord
100
AcDbLayerTableRecord
  2
FLOOR_2_WALL_TRIBUTARY_10
 70
0
 62
1
  6
Continuous
370
-3
390
13
347
21
  0
LAYER
  5
201
330
1
100
AcDbSymbolTableRecord
100
AcDbLayerTableRecord
  2
FLOOR_2_WALL_TRIBUTARY_11
 70
0
 62
1
  6
Continuous
370
-3
390
13
347
21
  0
LAYER
  5
20E
330
1
100
AcDbSymbolTableRecord
100
AcDbLayerTableRecord
  2
FLOOR_2_FASCADE_COLUMNS
 70
0
 62
30
  6
Continuous
370
-3
390
13
347
21
  0
LAYER
  5
20F
330
1
100
AcDbSymbolTableRecord
100
AcDbLayerTableRecord
  2
FLOOR_2_FASCADE_WALLS
 70
0
 62
4
  6
Continuous
370
-3
390
13
347
21
  0
LAYER
  5
228
330
1
100
AcDbSymbolTableRecord
100
AcDbLayerTableRecord
  2
FLOOR_3_BOUNDARY
 70
0
 62
5
  6
Continuous
370
-3
390
13
347
21
  0
LAYER
  5
229
330
1
100
AcDbSymbolTableRecord
100
AcDbLayerTableRecord
  2
FLOOR_3_COLUMNS
 70
0
 62
7
  6
Continuous
370
-3
390
13
347
21
  0
LAYER
  5
22A
330
1
100
AcDbSymbolTableRecord
100
AcDbLayerTableRecord
  2
FLOOR_3_AREA_LABELS
 70
0
 62
3
  6
Continuous
370
-3
390
13
347
21
  0
LAYER
  5
22B
330
1
100
AcDbSymbolTableRecord
100
AcDbLayerTableRecord
  2
FLOOR_3_LARGE_TRIBUTARY
 70
0
 62
6
  6
Continuous
370
-3
390
13
347
21
  0
LAYER
  5
22C
330
1
100
AcDbSymbolTableRecord
100
AcDbLayerTableRecord
  2
FLOOR_3_WALL
 70
0
 62
4
  6
Continuous
370
-3
390
13
347
21
  0
LAYER
  5
22D
330
1
100
AcDbSymbolTableRecord
100
AcDbLayerTableRecord
  2
FLOOR_3_DATUM
 70
0
 62
4
  6
Continuous
370
-3
390
13
347
21
  0
LAYER
  5
23D
330
1
100
AcDbSymbolTableRecord
100
AcDbLayerTableRecord
  2
FLOOR_3_TRIBUTARY_COL_0
 70
0
 62
2
  6
Continuous
370
-3
390
13
347
21
  0
LAYER
  5
240
330
1
100
AcDbSymbolTableRecord
100
AcDbLayerTableRecord
  2
FLOOR_3_TRIBUTARY_COL_1
 70
0
 62
2
  6
Continuous
370
-3
390
13
347
21
  0
LAYER
  5
243
330
1
100
AcDbSymbolTableRecord
100
AcDbLayerTableRecord
  2
FLOOR_3_TRIBUTARY_COL_2
 70
0
 62
2
  6
Continuous
370
-3
390
13
347
21
  0
LAYER
  5
246
330
1
100
AcDbSymbolTableRecord
100
AcDbLayerTableRecord
  2
FLOOR_3_TRIBUTARY_COL_3
 70
0
 62
2
  6
Continuous
370
-3
390
13
347
21
  0
LAYER
  5
249
330
1
100
AcDbSymbolTableRecord
100
AcDbLayerTableRecord
  2
FLOOR_3_TRIBUTARY_COL_4
 70
0
 62
2
  6
Continuous
370
-3
390
13
347
21
  0
LAYER
  5
24C
330
1
100
AcDbSymbolTableRecord
100
AcDbLayerTableRecord
  2
FLOOR_3_TRIBUTARY_COL_5
 70
0
 62
2
  6
Continuous
370
-3
390
13
347
21
  0
LAYER
  5
24F
330
1
100
AcDbSymbolTableRecord
100
AcDbLayerTableRecord
  2
FLOOR_3_TRIBUTARY_COL_6
 70
0
 62
2
  6
Continuous
370
-3
390
13
347
21
  0
LAYER
  5
252
330
1
100
AcDbSymbolTableRecord
100
AcDbLayerTableRecord
  2
FLOOR_3_TRIBUTARY_COL_7
 70
0
 62
2
  6
Continuous
370
-3
390
13
347
21
  0
LAYER
  5
255
330
1
100
AcDbSymbolTableRecord
100
AcDbLayerTableRecord
  2
FLOOR_3_TRIBUTARY_COL_8
 70
0
 62
2
  6
Continuous
370
-3
390
13
347
21
  0
LAYER
  5
258
330
1
100
AcDbSymbolTableRecord
100
AcDbLayerTableRecord
  2
FLOOR_3_WALL_TRIBUTARY_8
 70
0
 62
1
  6
Continuous
370
-3
390
13
347
21
  0
LAYER
  5
25C
330
1
100
AcDbSymbolTableRecord
100
AcDbLayerTableRecord
  2
FLOOR_3_WALL_TRIBUTARY_9
 70
0
 62
1
  6
Continuous
370
-3
390
13
347
21
  0
LAYER
  5
269
330
1
100
AcDbSymbolTableRecord
100
AcDbLayerTableRecord
  2
FLOOR_3_FASCADE_COLUMNS
 70
0
 62
30
  6
Continuous
370
-3
390
13
347
21
  0
LAYER
  5
26A
330
1
100
AcDbSymbolTableRecord
100
AcDbLayerTableRecord
  2
FLOOR_3_FASCADE_WALLS
 70
0
 62
4
  6
Continuous
370
-3
390
13
347
21
  0
LAYER
  5
283
330
1
100
AcDbSymbolTableRecord
100
AcDbLayerTableRecord
  2
FLOOR_4_BOUNDARY
 70
0
 62
5
  6
Continuous
370
-3
390
13
347
21
  0
LAYER
  5
284
330
1
100
AcDbSymbolTableRecord
100
AcDbLayerTableRecord
  2
FLOOR_4_COLUMNS
 70
0
 62
7
  6
Continuous
370
-3
390
13
347
21
  0
LAYER
  5
285
330
1
100
AcDbSymbolTableRecord
100
AcDbLayerTableRecord
  2
FLOOR_4_AREA_LABELS
 70
0
 62
3
  6
Continuous
370
-3
390
13
347
21
  0
LAYER
  5
286
330
1
100
AcDbSymbolTableRecord
100
AcDbLayerTableRecord
  2
FLOOR_4_LARGE_TRIBUTARY
 70
0
 62
6
  6
Continuous
370
-3
390
13
347
21
  0
LAYER
  5
287
330
1
100
AcDbSymbolTableRecord
100
AcDbLayerTableRecord
  2
FLOOR_4_WALL
 70
0
 62
4
  6
Continuous
370
-3
390
13
347
21
  0
LAYER
  5
288
330
1
100
AcDbSymbolTableRecord
100
AcDbLayerTableRecord
  2
FLOOR_4_DATUM
 70
0
 62
4
  6
Continuous
370
-3
390
13
347
21
  0
LAYER
  5
298
330
1
100
AcDbSymbolTableRecord
100
AcDbLayerTableRecord
  2
FLOOR_4_TRIBUTARY_COL_0
 70
0
 62
2
  6
Continuous
370
-3
390
13
347
21
  0
LAYER
  5
29B
330
1
100
AcDbSymbolTableRecord
100
AcDbLayerTableRecord
  2
FLOOR_4_TRIBUTARY_COL_1
 70
0
 62
2
  6
Continuous
370
-3
390
13
347
21
  0
LAYER
  5
29E
330
1
100
AcDbSymbolTableRecord
100
AcDbLayerTableRecord
  2
FLOOR_4_TRIBUTARY_COL_2
 70
0
 62
2
  6
Continuous
370
-3
390
13
347
21
  0
LAYER
  5
2A1
330
1
100
AcDbSymbolTableRecord
100
AcDbLayerTableRecord
  2
FLOOR_4_TRIBUTARY_COL_3
 70
0
 62
2
  6
Continuous
370
-3
390
13
347
21
  0
LAYER
  5
2A4
330
1
100
AcDbSymbolTableRecord
100
AcDbLayerTableRecord
  2
FLOOR_4_TRIBUTARY_COL_4
 70
0
 62
2
  6
Continuous
370
-3
390
13
347
21
  0
LAYER
  5
2A7
330
1
100
AcDbSymbolTableRecord
100
AcDbLayerTableRecord
  2
FLOOR_4_TRIBUTARY_COL_5
 70
0
 62
2
  6
Continuous
370
-3
390
13
347
21
  0
LAYER
  5
2AA
330
1
100
AcDbSymbolTableRecord
100
AcDbLayerTableRecord
  2
FLOOR_4_TRIBUTARY_COL_6
 70
0
 62
2
  6
Continuous
370
-3
390
13
347
21
  0
LAYER
  5
2AD
330
1
100
AcDbSymbolTableRecord
100
AcDbLayerTableRecord
  2
FLOOR_4_TRIBUTARY_COL_7
 70
0
 62
2
  6
Continuous
370
-3
390
13
347
21
  0
LAYER
  5
2B0
330
1
100
AcDbSymbolTableRecord
100
AcDbLayerTableRecord
  2
FLOOR_4_TRIBUTARY_COL_8
 70
0
 62
2
  6
Continuous
370
-3
390
13
347
21
  0
LAYER
  5
2B3
330
1
100
AcDbSymbolTableRecord
100
AcDbLayerTableRecord
  2
FLOOR_4_WALL_TRIBUTARY_6
 70
0
 62
1
  6
Continuous
370
-3
390
13
347
21
  0
LAYER
  5
2B7
330
1
100
AcDbSymbolTableRecord
100
AcDbLayerTableRecord
  2
FLOOR_4_WALL_TRIBUTARY_7
 70
0
 62
1
  6
Continuous
370
-3
390
13
347
21
  0
LAYER
  5
2C4
330
1
100
AcDbSymbolTableRecord
100
AcDbLayerTableRecord
  2
FLOOR_4_FASCADE_COLUMNS
 70
0
 62
30
  6
Continuous
370
-3
390
13
347
21
  0
LAYER
  5
2C5
330
1
100
AcDbSymbolTableRecord
100
AcDbLayerTableRecord
  2
FLOOR_4_FASCADE_WALLS
 70
0
 62
4
  6
Continuous
370
-3
390
13
347
21
  0
LAYER
  5
2DE
330
1
100
AcDbSymbolTableRecord
100
AcDbLayerTableRecord
  2
FLOOR_5_BOUNDARY
 70
0
 62
5
  6
Continuous
370
-3
390
13
347
21
  0
LAYER
  5
2DF
330
1
100
AcDbSymbolTableRecord
100
AcDbLayerTableRecord
  2
FLOOR_5_COLUMNS
 70
0
 62
7
  6
Continuous
370
-3
390
13
347
21
  0
LAYER
  5
2E0
330
1
100
AcDbSymbolTableRecord
100
AcDbLayerTableRecord
  2
FLOOR_5_AREA_LABELS
 70
0
 62
3
  6
Continuous
370
-3
390
13
347
21
  0
LAYER
  5
2E1
330
1
100
AcDbSymbolTableRecord
100
AcDbLayerTableRecord
  2
FLOOR_5_LARGE_TRIBUTARY
 70
0
 62
6
  6
Continuous
370
-3
390
13
347
21
  0
LAYER
  5
2E2
330
1
100
AcDbSymbolTableRecord
100
AcDbLayerTableRecord
  2
FLOOR_5_WALL
 70
0
 62
4
  6
Continuous
370
-3
390
13
347
21
  0
LAYER
  5
2E3
330
1
100
AcDbSymbolTableRecord
100
AcDbLayerTableRecord
  2
FLOOR_5_DATUM
 70
0
 62
4
  6
Continuous
370
-3
390
13
347
21
  0
LAYER
  5
2F4
330
1
100
AcDbSymbolTableRecord
100
AcDbLayerTableRecord
  2
FLOOR_5_TRIBUTARY_COL_0
 70
0
 62
2
  6
Continuous
370
-3
390
13
347
21
  0
LAYER
  5
2F7
330
1
100
AcDbSymbolTableRecord
100
AcDbLayerTableRecord
  2
FLOOR_5_TRIBUTARY_COL_1
 70
0
 62
2
  6
Continuous
370
-3
390
13
347
21
  0
LAYER
  5
2FA
330
1
100
AcDbSymbolTableRecord
100
AcDbLayerTableRecord
  2
FLOOR_5_TRIBUTARY_COL_2
 70
0
 62
2
  6
Continuous
370
-3
390
13
347
21
  0
LAYER
  5
2FD
330
1
100
AcDbSymbolTableRecord
100
AcDbLayerTableRecord
  2
FLOOR_5_TRIBUTARY_COL_3
 70
0
 62
2
  6
Continuous
370
-3
390
13
347
21
  0
LAYER
  5
300
330
1
100
AcDbSymbolTableRecord
100
AcDbLayerTableRecord
  2
FLOOR_5_TRIBUTARY_COL_4
 70
0
 62
2
  6
Continuous
370
-3
390
13
347
21
  0
LAYER
  5
303
330
1
100
AcDbSymbolTableRecord
100
AcDbLayerTableRecord
  2
FLOOR_5_TRIBUTARY_COL_5
 70
0
 62
2
  6
Continuous
370
-3
390
13
347
21
  0
LAYER
  5
306
330
1
100
AcDbSymbolTableRecord
100
AcDbLayerTableRecord
  2
FLOOR_5_TRIBUTARY_COL_6
 70
0
 62
2
  6
Continuous
370
-3
390
13
347
21
  0
LAYER
  5
309
330
1
100
AcDbSymbolTableRecord
100
AcDbLayerTableRecord
  2
FLOOR_5_TRIBUTARY_COL_7
 70
0
 62
2
  6
Continuous
370
-3
390
13
347
21
  0
LAYER
  5
30C
330
1
100
AcDbSymbolTableRecord
100
AcDbLayerTableRecord
  2
FLOOR_5_TRIBUTARY_COL_8
 70
0
 62
2
  6
Continuous
370
-3
390
13
347
21
  0
LAYER
  5
30F
330
1
100
AcDbSymbolTableRecord
100
AcDbLayerTableRecord
  2
FLOOR_5_WALL_TRIBUTARY_4
 70
0
 62
1
  6
Continuous
370
-3
390
13
347
21
  0
LAYER
  5
313
330
1
100
AcDbSymbolTableRecord
100
AcDbLayerTableRecord
  2
FLOOR_5_WALL_TRIBUTARY_5
 70
0
 62
1
  6
Continuous
370
-3
390
13
347
21
  0
LAYER
  5
322
330
1
100
AcDbSymbolTableRecord
100
AcDbLayerTableRecord
  2
FLOOR_5_FASCADE_COLUMNS
 70
0
 62
30
  6
Continuous
370
-3
390
13
347
21
  0
LAYER
  5
323
330
1
100
AcDbSymbolTableRecord
100
AcDbLayerTableRecord
  2
FLOOR_5_FASCADE_WALLS
 70
0
 62
4
  6
Continuous
370
-3
390
13
347
21
  0
LAYER
  5
33C
330
1
100
AcDbSymbolTableRecord
100
AcDbLayerTableRecord
  2
FLOOR_6_BOUNDARY
 70
0
 62
5
  6
Continuous
370
-3
390
13
347
21
  0
LAYER
  5
33D
330
1
100
AcDbSymbolTableRecord
100
AcDbLayerTableRecord
  2
FLOOR_6_COLUMNS
 70
0
 62
7
  6
Continuous
370
-3
390
13
347
21
  0
LAYER
  5
33E
330
1
100
AcDbSymbolTableRecord
100
AcDbLayerTableRecord
  2
FLOOR_6_AREA_LABELS
 70
0
 62
3
  6
Continuous
370
-3
390
13
347
21
  0
LAYER
  5
33F
330
1
100
AcDbSymbolTableRecord
100
AcDbLayerTableRecord
  2
FLOOR_6_LARGE_TRIBUTARY
 70
0
 62
6
  6
Continuous
370
-3
390
13
347
21
  0
LAYER
  5
340
330
1
100
AcDbSymbolTableRecord
100
AcDbLayerTableRecord
  2
FLOOR_6_WALL
 70
0
 62
4
  6
Continuous
370
-3
390
13
347
21
  0
LAYER
  5
341
330
1
100
AcDbSymbolTableRecord
100
AcDbLayerTableRecord
  2
FLOOR_6_DATUM
 70
0
 62
4
  6
Continuous
370
-3
390
13
347
21
  0
LAYER
  5
352
330
1
100
AcDbSymbolTableRecord
100
AcDbLayerTableRecord
  2
FLOOR_6_TRIBUTARY_COL_0
 70
0
 62
2
  6
Continuous
370
-3
390
13
347
21
  0
LAYER
  5
355
330
1
100
AcDbSymbolTableRecord
100
AcDbLayerTableRecord
  2
FLOOR_6_TRIBUTARY_COL_1
 70
0
 62
2
  6
Continuous
370
-3
390
13
347
21
  0
LAYER
  5
358
330
1
100
AcDbSymbolTableRecord
100
AcDbLayerTableRecord
  2
FLOOR_6_TRIBUTARY_COL_2
 70
0
 62
2
  6
Continuous
370
-3
390
13
347
21
  0
LAYER
  5
35B
330
1
100
AcDbSymbolTableRecord
100
AcDbLayerTableRecord
  2
FLOOR_6_TRIBUTARY_COL_3
 70
0
 62
2
  6
Continuous
370
-3
390
13
347
21
  0
LAYER
  5
35E
330
1
100
AcDbSymbolTableRecord
100
AcDbLayerTableRecord
  2
FLOOR_6_TRIBUTARY_COL_4
 70
0
 62
2
  6
Continuous
370
-3
390
13
347
21
  0
LAYER
  5
361
330
1
100
AcDbSymbolTableRecord
100
AcDbLayerTableRecord
  2
FLOOR_6_TRIBUTARY_COL_5
 70
0
 62
2
  6
Continuous
370
-3
390
13
347
21
  0
LAYER
  5
364
330
1
100
AcDbSymbolTableRecord
100
AcDbLayerTableRecord
  2
FLOOR_6_TRIBUTARY_COL_6
 70
0
 62
2
  6
Continuous
370
-3
390
13
347
21
  0
LAYER
  5
367
330
1
100
AcDbSymbolTableRecord
100
AcDbLayerTableRecord
  2
FLOOR_6_TRIBUTARY_COL_7
 70
0
 62
2
  6
Continuous
370
-3
390
13
347
21
  0
LAYER
  5
36A
330
1
100
AcDbSymbolTableRecord
100
AcDbLayerTableRecord
  2
FLOOR_6_TRIBUTARY_COL_8
 70
0
 62
2
  6
Continuous
370
-3
390
13
347
21
  0
LAYER
  5
36D
330
1
100
AcDbSymbolTableRecord
100
AcDbLayerTableRecord
  2
FLOOR_6_WALL_TRIBUTARY_2
 70
0
 62
1
  6
Continuous
370
-3
390
13
347
21
  0
LAYER
  5
371
330
1
100
AcDbSymbolTableRecord
100
AcDbLayerTableRecord
  2
FLOOR_6_WALL_TRIBUTARY_3
 70
0
 62
1
  6
Continuous
370
-3
390
13
347
21
  0
LAYER
  5
380
330
1
100
AcDbSymbolTableRecord
100
AcDbLayerTableRecord
  2
FLOOR_6_FASCADE_COLUMNS
 70
0
 62
30
  6
Continuous
370
-3
390
13
347
21
  0
LAYER
  5
381
330
1
100
AcDbSymbolTableRecord
100
AcDbLayerTableRecord
  2
FLOOR_6_FASCADE_WALLS
 70
0
 62
4
  6
Continuous
370
-3
390
13
347
21
  0
LAYER
  5
39A
330
1
100
AcDbSymbolTableRecord
100
AcDbLayerTableRecord
  2
FLOOR_7_BOUNDARY
 70
0
 62
5
  6
Continuous
370
-3
390
13
347
21
  0
LAYER
  5
39B
330
1
100
AcDbSymbolTableRecord
100
AcDbLayerTableRecord
  2
FLOOR_7_COLUMNS
 70
0
 62
7
  6
Continuous
370
-3
390
13
347
21
  0
LAYER
  5
39C
330
1
100
AcDbSymbolTableRecord
100
AcDbLayerTableRecord
  2
FLOOR_7_AREA_LABELS
 70
0
 62
3
  6
Continuous
370
-3
390
13
347
21
  0
LAYER
  5
39D
330
1
100
AcDbSymbolTableRecord
100
AcDbLayerTableRecord
  2
FLOOR_7_LARGE_TRIBUTARY
 70
0
 62
6
  6
Continuous
370
-3
390
13
347
21
  0
LAYER
  5
39E
330
1
100
AcDbSymbolTableRecord
100
AcDbLayerTableRecord
  2
FLOOR_7_WALL
 70
0
 62
4
  6
Continuous
370
-3
390
13
347
21
  0
LAYER
  5
39F
330
1
100
AcDbSymbolTableRecord
100
AcDbLayerTableRecord
  2
FLOOR_7_DATUM
 70
0
 62
4
  6
Continuous
370
-3
390
13
347
21
  0
LAYER
  5
3AE
330
1
100
AcDbSymbolTableRecord
100
AcDbLayerTableRecord
  2
FLOOR_7_TRIBUTARY_COL_0
 70
0
 62
2
  6
Continuous
370
-3
390
13
347
21
  0
LAYER
  5
3B1
330
1
100
AcDbSymbolTableRecord
100
AcDbLayerTableRecord
  2
FLOOR_7_TRIBUTARY_COL_1
 70
0
 62
2
  6
Continuous
370
-3
390
13
347
21
  0
LAYER
  5
3B4
330
1
100
AcDbSymbolTableRecord
100
AcDbLayerTableRecord
  2
FLOOR_7_TRIBUTARY_COL_2
 70
0
 62
2
  6
Continuous
370
-3
390
13
347
21
  0
LAYER
  5
3B7
330
1
100
AcDbSymbolTableRecord
100
AcDbLayerTableRecord
  2
FLOOR_7_TRIBUTARY_COL_3
 70
0
 62
2
  6
Continuous
370
-3
390
13
347
21
  0
LAYER
  5
3BA
330
1
100
AcDbSymbolTableRecord
100
AcDbLayerTableRecord
  2
FLOOR_7_TRIBUTARY_COL_4
 70
0
 62
2
  6
Continuous
370
-3
390
13
347
21
  0
LAYER
  5
3BD
330
1
100
AcDbSymbolTableRecord
100
AcDbLayerTableRecord
  2
FLOOR_7_TRIBUTARY_COL_5
 70
0
 62
2
  6
Continuous
370
-3
390
13
347
21
  0
LAYER
  5
3C0
330
1
100
AcDbSymbolTableRecord
100
AcDbLayerTableRecord
  2
FLOOR_7_TRIBUTARY_COL_6
 70
0
 62
2
  6
Continuous
370
-3
390
13
347
21
  0
LAYER
  5
3C3
330
1
100
AcDbSymbolTableRecord
100
AcDbLayerTableRecord
  2
FLOOR_7_TRIBUTARY_COL_7
 70
0
 62
2
  6
Continuous
370
-3
390
13
347
21
  0
LAYER
  5
3C6
330
1
100
AcDbSymbolTableRecord
100
AcDbLayerTableRecord
  2
FLOOR_7_TRIBUTARY_COL_8
 70
0
 62
2
  6
Continuous
370
-3
390
13
347
21
  0
LAYER
  5
3C9
330
1
100
AcDbSymbolTableRecord
100
AcDbLayerTableRecord
  2
FLOOR_7_WALL_TRIBUTARY_0
 70
0
 62
1
  6
Continuous
370
-3
390
13
347
21
  0
LAYER
  5
3CD
330
1
100
AcDbSymbolTableRecord
100
AcDbLayerTableRecord
  2
FLOOR_7_WALL_TRIBUTARY_1
 70
0
 62
1
  6
Continuous
370
-3
390
13
347
21
  0
LAYER
  5
3DA
330
1
100
AcDbSymbolTableRecord
100
AcDbLayerTableRecord
  2
FLOOR_7_FASCADE_COLUMNS
 70
0
 62
30
  6
Continuous
370
-3
390
13
347
21
  0
LAYER
  5
3DB
330
1
100
AcDbSymbolTableRecord
100
AcDbLayerTableRecord
  2
FLOOR_7_FASCADE_WALLS
 70
0
 62
4
  6
Continuous
370
-3
390
13
347
21
  0
LAYER
  5
3F4
330
1
100
AcDbSymbolTableRecord
100
AcDbLayerTableRecord
  2
FLOOR_8_BOUNDARY
 70
0
 62
5
  6
Continuous
370
-3
390
13
347
21
  0
LAYER
  5
3F5
330
1
100
AcDbSymbolTableRecord
100
AcDbLayerTableRecord
  2
FLOOR_8_COLUMNS
 70
0
 62
7
  6
Continuous
370
-3
390
13
347
21
  0
LAYER
  5
3F6
330
1
100
AcDbSymbolTableRecord
100
AcDbLayerTableRecord
  2
FLOOR_8_AREA_LABELS
 70
0
 62
3
  6
Continuous
370
-3
390
13
347
21
  0
LAYER
  5
3F7
330
1
100
AcDbSymbolTableRecord
100
AcDbLayerTableRecord
  2
FLOOR_8_LARGE_TRIBUTARY
 70
0
 62
6
  6
Continuous
370
-3
390
13
347
21
  0
LAYER
  5
3F8
330
1
100
AcDbSymbolTableRecord
100
AcDbLayerTableRecord
  2
FLOOR_8_WALL
 70
0
 62
4
  6
Continuous
370
-3
390
13
347
21
  0
LAYER
  5
3F9
330
1
100
AcDbSymbolTableRecord
100
AcDbLayerTableRecord
  2
FLOOR_8_DATUM
 70
0
 62
4
  6
Continuous
370
-3
390
13
347
21
  0
LAYER
  5
408
330
1
100
AcDbSymbolTableRecord
100
AcDbLayerTableRecord
  2
FLOOR_8_TRIBUTARY_COL_0
 70
0
 62
2
  6
Continuous
370
-3
390
13
347
21
  0
LAYER
  5
40B
330
1
100
AcDbSymbolTableRecord
100
AcDbLayerTableRecord
  2
FLOOR_8_TRIBUTARY_COL_1
 70
0
 62
2
  6
Continuous
370
-3
390
13
347
21
  0
LAYER
  5
40E
330
1
100
AcDbSymbolTableRecord
100
AcDbLayerTableRecord
  2
FLOOR_8_TRIBUTARY_COL_2
 70
0
 62
2
  6
Continuous
370
-3
390
13
347
21
  0
LAYER
  5
411
330
1
100
AcDbSymbolTableRecord
100
AcDbLayerTableRecord
  2
FLOOR_8_TRIBUTARY_COL_3
 70
0
 62
2
  6
Continuous
370
-3
390
13
347
21
  0
LAYER
  5
414
330
1
100
AcDbSymbolTableRecord
100
AcDbLayerTableRecord
  2
FLOOR_8_TRIBUTARY_COL_4
 70
0
 62
2
  6
Continuous
370
-3
390
13
347
21
  0
LAYER
  5
417
330
1
100
AcDbSymbolTableRecord
100
AcDbLayerTableRecord
  2
FLOOR_8_TRIBUTARY_COL_5
 70
0
 62
2
  6
Continuous
370
-3
390
13
347
21
  0
LAYER
  5
41A
330
1
100
AcDbSymbolTableRecord
100
AcDbLayerTableRecord
  2
FLOOR_8_TRIBUTARY_COL_6
 70
0
 62
2
  6
Continuous
370
-3
390
13
347
21
  0
LAYER
  5
41D
330
1
100
AcDbSymbolTableRecord
100
AcDbLayerTableRecord
  2
FLOOR_8_TRIBUTARY_COL_7
 70
0
 62
2
  6
Continuous
370
-3
390
13
347
21
  0
LAYER
  5
420
330
1
100
AcDbSymbolTableRecord
100
AcDbLayerTableRecord
  2
FLOOR_8_TRIBUTARY_COL_8
 70
0
 62
2
  6
Continuous
370
-3
390
13
347
21
  0
LAYER
  5
423
330
1
100
AcDbSymbolTableRecord
100
AcDbLayerTableRecord
  2
FLOOR_8_WALL_TRIBUTARY_16
 70
0
 62
1
  6
Continuous
370
-3
390
13
347
21
  0
LAYER
  5
427
330
1
100
AcDbSymbolTableRecord
100
AcDbLayerTableRecord
  2
FLOOR_8_WALL_TRIBUTARY_17
 70
0
 62
1
  6
Continuous
370
-3
390
13
347
21
  0
LAYER
  5
434
330
1
100
AcDbSymbolTableRecord
100
AcDbLayerTableRecord
  2
FLOOR_8_FASCADE_COLUMNS
 70
0
 62
30
  6
Continuous
370
-3
390
13
347
21
  0
LAYER
  5
435
330
1
100
AcDbSymbolTableRecord
100
AcDbLayerTableRecord
  2
FLOOR_8_FASCADE_WALLS
 70
0
 62
4
  6
Continuous
370
-3
390
13
347
21
  0
LAYER
  5
44E
330
1
100
AcDbSymbolTableRecord
100
AcDbLayerTableRecord
  2
FLOOR_9_BOUNDARY
 70
0
 62
5
  6
Continuous
370
-3
390
13
347
21
  0
LAYER
  5
44F
330
1
100
AcDbSymbolTableRecord
100
AcDbLayerTableRecord
  2
FLOOR_9_COLUMNS
 70
0
 62
7
  6
Continuous
370
-3
390
13
347
21
  0
LAYER
  5
450
330
1
100
AcDbSymbolTableRecord
100
AcDbLayerTableRecord
  2
FLOOR_9_AREA_LABELS
 70
0
 62
3
  6
Continuous
370
-3
390
13
347
21
  0
LAYER
  5
451
330
1
100
AcDbSymbolTableRecord
100
AcDbLayerTableRecord
  2
FLOOR_9_LARGE_TRIBUTARY
 70
0
 62
6
  6
Continuous
370
-3
390
13
347
21
  0
LAYER
  5
452
330
1
100
AcDbSymbolTableRecord
100
AcDbLayerTableRecord
  2
FLOOR_9_WALL
 70
0
 62
4
  6
Continuous
370
-3
390
13
347
21
  0
LAYER
  5
453
330
1
100
AcDbSymbolTableRecord
100
AcDbLayerTableRecord
  2
FLOOR_9_DATUM
 70
0
 62
4
  6
Continuous
370
-3
390
13
347
21
  0
LAYER
  5
45B
330
1
100
AcDbSymbolTableRecord
100
AcDbLayerTableRecord
  2
FLOOR_9_TRIBUTARY_COL_0
 70
0
 62
2
  6
Continuous
370
-3
390
13
347
21
  0
LAYER
  5
45E
330
1
100
AcDbSymbolTableRecord
100
AcDbLayerTableRecord
  2
FLOOR_9_TRIBUTARY_COL_1
 70
0
 62
2
  6
Continuous
370
-3
390
13
347
21
  0
LAYER
  5
461
330
1
100
AcDbSymbolTableRecord
100
AcDbLayerTableRecord
  2
FLOOR_9_WALL_TRIBUTARY_18
 70
0
 62
1
  6
Continuous
370
-3
390
13
347
21
  0
LAYER
  5
467
330
1
100
AcDbSymbolTableRecord
100
AcDbLayerTableRecord
  2
FLOOR_9_FASCADE_COLUMNS
 70
0
 62
30
  6
Continuous
370
-3
390
13
347
21
  0
LAYER
  5
468
330
1
100
AcDbSymbolTableRecord
100
AcDbLayerTableRecord
  2
FLOOR_9_FASCADE_WALLS
 70
0
 62
4
  6
Continuous
370
-3
390
13
347
21
  0
ENDTAB
  0
TABLE
  2
STYLE
  5
5
330
0
100
AcDbSymbolTable
 70
1
  0
STYLE
  5
29
330
5
100
AcDbSymbolTableRecord
100
AcDbTextStyleTableRecord
  2
Standard
 70
0
 40
0.0
 41
1.0
 50
0.0
 71
0
 42
2.5
  3
txt
  4

  0
ENDTAB
  0
TABLE
  2
VIEW
  5
7
330
0
100
AcDbSymbolTable
 70
0
  0
ENDTAB
  0
TABLE
  2
UCS
  5
6
330
0
100
AcDbSymbolTable
 70
0
  0
ENDTAB
  0
TABLE
  2
APPID
  5
3
330
0
100
AcDbSymbolTable
 70
3
  0
APPID
  5
2A
330
3
100
AcDbSymbolTableRecord
100
AcDbRegAppTableRecord
  2
ACAD
 70
0
  0
APPID
  5
474
330
3
100
AcDbSymbolTableRecord
100
AcDbRegAppTableRecord
  2
HATCHBACKGROUNDCOLOR
 70
0
  0
APPID
  5
475
330
3
100
AcDbSymbolTableRecord
100
AcDbRegAppTableRecord
  2
EZDXF
 70
0
  0
ENDTAB
  0
TABLE
  2
DIMSTYLE
  5
4
330
0
100
AcDbSymbolTable
 70
1
100
AcDbDimStyleTable
  0
DIMSTYLE
105
2B
330
4
100
AcDbSymbolTableRecord
100
AcDbDimStyleTableRecord
  2
Standard
 70
0
 40
1.0
 41
2.5
 42
0.625
 43
3.75
 44
1.25
 45
0.0
 46
0.0
 47
0.0
 48
0.0
 49
2.5
140
2.5
141
2.5
142
0.0
143
0.03937007874
144
1.0
145
0.0
146
1.0
147
0.625
148
0.0
 69
0
 70
0
 71
0
 72
0
 73
0
 74
0
 75
0
 76
0
 77
1
 78
8
 79
3
170
0
171
3
172
1
173
0
174
0
175
0
176
0
177
0
178
0
179
2
271
2
272
2
273
2
274
3
275
0
276
0
277
2
278
44
279
0
280
0
281
0
282
0
283
0
284
8
285
0
286
0
288
0
289
3
290
0
371
-2
372
-2
  0
ENDTAB
  0
TABLE
  2
BLOCK_RECORD
  5
9
330
0
100
AcDbSymbolTable
 70
2
  0
BLOCK_RECORD
  5
17
330
9
100
AcDbSymbolTableRecord
100
AcDbBlockTableRecord
  2
*Model_Space
340
1A
 70
0
280
1
281
0
  0
BLOCK_RECORD
  5
1B
330
9
100
AcDbSymbolTableRecord
100
AcDbBlockTableRecord
  2
*Paper_Space
340
1E
 70
0
280
1
281
0
  0
ENDTAB
  0
ENDSEC
  0
SECTION
  2
BLOCKS
  0
BLOCK
  5
18
330
17
100
AcDbEntity
  8
0
100
AcDbBlockBegin
  2
*Model_Space
 70
0
 10
0.0
 20
0.0
 30
0.0
  3
*Model_Space
  1

  0
ENDBLK
  5
19
330
17
100
AcDbEntity
  8
0
100
AcDbBlockEnd
  0
BLOCK
  5
1C
330
1B
100
AcDbEntity
  8
0
100
AcDbBlockBegin
  2
*Paper_Space
 70
0
 10
0.0
 20
0.0
 30
0.0
  3
*Paper_Space
  1

  0
ENDBLK
  5
1D
330
1B
100
AcDbEntity
  8
0
100
AcDbBlockEnd
  0
ENDSEC
  0
SECTION
  2
ENTITIES
  0
LWPOLYLINE
  5
36
330
17
100
AcDbEntity
  8
BOUNDARY
100
AcDbPolyline
 90
10
 70
1
 10
664.7924278326464
 20
7012.83628914969
 10
1531.542427832622
 20
7012.83628914969
 10
1531.542427832622
 20
6873.586289149691
 10
1705.292427832657
 20
6873.586289149691
 10
1705.292427832645
 20
6721.836289149679
 10
1291.792427832655
 20
6721.836289149635
 10
1291.792386639459
 20
6866.836339149674
 10
939.7924274405996
 20
6866.836338197955
 10
939.7924278326426
 20
6721.836288811724
 10
664.7924278326464
 20
6721.836289149679
  0
MTEXT
  5
37
330
17
100
AcDbEntity
  8
STORY
100
AcDbMText
 10
25.26910778604631
 20
138.075239699668
 30
0.0
 40
40.49999999999999
 41
0.0
 71
1
  1
1ST
  0
MTEXT
  5
38
330
17
100
AcDbEntity
  8
STORY
100
AcDbMText
 10
3.581154360379489
 20
1098.427196608516
 30
0.0
 40
40.49999999999999
 41
0.0
 71
1
  1
2
  0
MTEXT
  5
39
330
17
100
AcDbEntity
  8
STORY
100
AcDbMText
 10
25.13270007194294
 20
2043.990689518606
 30
0.0
 40
40.49999999999999
 41
0.0
 71
1
  1
3
  0
MTEXT
  5
3A
330
17
100
AcDbEntity
  8
STORY
100
AcDbMText
 10
67.15171620538237
 20
3005.194841206371
 30
0.0
 40
40.49999999999999
 41
0.0
 71
1
  1
4
  0
MTEXT
  5
3B
330
17
100
AcDbEntity
  8
STORY
100
AcDbMText
 10
88.70326191694582
 20
3950.758334116461
 30
0.0
 40
40.49999999999999
 41
0.0
 71
1
  1
5
  0
MTEXT
  5
3C
330
17
100
AcDbEntity
  8
STORY
100
AcDbMText
 10
24.12592920320001
 20
4890.832944561988
 30
0.0
 40
40.49999999999999
 41
0.0
 71
1
  1
6
  0
MTEXT
  5
3D
330
17
100
AcDbEntity
  8
STORY
100
AcDbMText
 10
45.67747491476345
 20
5836.396437472077
 30
0.0
 40
40.49999999999999
 41
0.0
 71
1
  1
7
  0
MTEXT
  5
3E
330
17
100
AcDbEntity
  8
STORY
100
AcDbMText
 10
94.38120783045083
 20
6871.41557820264
 30
0.0
 40
40.49999999999999
 41
0.0
 71
1
  1
8
  0
MTEXT
  5
3F
330
17
100
AcDbEntity
  8
STORY
100
AcDbMText
 10
159.0742621056933
 20
7810.901578005911
 30
0.0
 40
40.49999999999999
 41
0.0
 71
1
  1
ROOF
  0
MTEXT
  5
40
330
17
100
AcDbEntity
  8
STORY
100
AcDbMText
 10
172.636923141129
 20
8840.454305853109
 30
0.0
 40
40.49999999999999
 41
0.0
 71
1
  1
BULKHEAD
  0
LWPOLYLINE
  5
41
330
17
100
AcDbEntity
  8
ADDITIONAL-LOAD
100
AcDbPolyline
 90
12
 70
1
 10
664.7924278326464
 20
7972.836289149737
 10
1533.542427832621
 20
7972.836289149725
 10
1707.292427832655
 20
7972.836289149705
 10
1707.292427832655
 20
7825.836289149726
 10
1707.292427832637
 20
7681.836289149711
 10
1293.792427832641
 20
7681.836289149718
 10
1169.950408185843
 20
7681.836289149721
 10
1169.792427832648
 20
7726.836289149729
 10
1057.792427832648
 20
7726.836289149729
 10
1057.792427832648
 20
7681.836289149721
 10
941.792427832639
 20
7681.836289149721
 10
664.7924278326464
 20
7681.836289149721
  0
LWPOLYLINE
  5
42
330
17
100
AcDbEntity
  8
ADDITIONAL-LOAD
100
AcDbPolyline
 90
4
 70
1
 10
833.7866172632057
 20
8932.83628914968
 10
1489.292427832651
 20
8932.83628914968
 10
1489.292427832651
 20
8833.08628914969
 10
833.7866172632057
 20
8833.08628914969
  0
LWPOLYLINE
  5
43
330
17
100
AcDbEntity
  8
ADDITIONAL-LOAD
100
AcDbPolyline
 90
4
 70
1
 10
1531.54242783262
 20
7012.83628914969
 10
1705.292427832655
 20
7012.83628914969
 10
1705.292427832655
 20
6873.586289149691
 10
1531.54242783262
 20
6873.586289149691
  0
LWPOLYLINE
  5
44
330
17
100
AcDbEntity
  8
ADDITIONAL-LOAD
100
AcDbPolyline
 90
8
 70
1
 10
939.7924274405977
 20
6866.836239149685
 10
1291.792427832637
 20
6866.836339149685
 10
1291.792427832654
 20
6721.836289149705
 10
1156.792427832659
 20
6721.836289149689
 10
1156.792427832659
 20
6755.836289149684
 10
1066.855618817522
 20
6755.836289149684
 10
1066.855618817515
 20
6721.836289149675
 10
939.7924278326408
 20
6721.836289149705
  0
LWPOLYLINE
  5
45
330
17
100
AcDbEntity
  8
BOUNDARY
100
AcDbPolyline
 90
10
 70
1
 10
664.7924278326464
 20
6052.836289149691
 10
1531.542427832622
 20
6052.836289149691
 10
1705.292427832637
 20
6052.836289149653
 10
1705.292427832657
 20
5913.58628914969
 10
1705.292427832645
 20
5761.836289149679
 10
1291.792427832655
 20
5761.836289149635
 10
1291.792386639459
 20
5906.836339149673
 10
939.7924274405996
 20
5906.836338197955
 10
939.7924278326426
 20
5761.836288811725
 10
664.7924278326464
 20
5761.836289149679
  0
LWPOLYLINE
  5
46
330
17
100
AcDbEntity
  8
ADDITIONAL-LOAD
100
AcDbPolyline
 90
8
 70
1
 10
939.7924274405977
 20
5906.836239149685
 10
1291.792427832637
 20
5906.836339149685
 10
1291.792427832654
 20
5761.836289149704
 10
1156.792427832659
 20
5761.83628914969
 10
1156.792427832659
 20
5795.836289149684
 10
1066.855618817522
 20
5795.836289149684
 10
1066.855618817515
 20
5761.836289149676
 10
939.7924278326408
 20
5761.836289149704
  0
LWPOLYLINE
  5
47
330
17
100
AcDbEntity
  8
ADDITIONAL-LOAD
100
AcDbPolyline
 90
4
 70
1
 10
1393.792427832644
 20
5761.836289149647
 10
1549.792427832644
 20
5761.836289149647
 10
1549.792427832644
 20
5675.836289149684
 10
1393.792427832644
 20
5675.836289149684
  0
LWPOLYLINE
  5
48
330
17
100
AcDbEntity
  8
BOUNDARY
100
AcDbPolyline
 90
10
 70
1
 10
664.7924278326464
 20
5092.83628914969
 10
1531.542427832622
 20
5092.83628914969
 10
1705.292427832657
 20
5092.836289149653
 10
1705.292427832657
 20
4953.58628914969
 10
1705.292427832645
 20
4801.836289149679
 10
1291.792427832655
 20
4801.836289149635
 10
1291.792386639459
 20
4946.836339149673
 10
939.7924274405996
 20
4946.836338197954
 10
939.7924278326426
 20
4801.836288811724
 10
664.7924278326464
 20
4801.836289149679
  0
LWPOLYLINE
  5
49
330
17
100
AcDbEntity
  8
ADDITIONAL-LOAD
100
AcDbPolyline
 90
8
 70
1
 10
939.7924274405977
 20
4946.836239149685
 10
1291.792427832637
 20
4946.836339149685
 10
1291.792427832654
 20
4801.836289149704
 10
1156.792427832659
 20
4801.83628914969
 10
1156.792427832659
 20
4835.836289149684
 10
1066.855618817522
 20
4835.836289149684
 10
1066.855618817515
 20
4801.836289149676
 10
939.7924278326408
 20
4801.836289149704
  0
LWPOLYLINE
  5
4A
330
17
100
AcDbEntity
  8
ADDITIONAL-LOAD
100
AcDbPolyline
 90
4
 70
1
 10
1237.792427832644
 20
4801.836289149647
 10
1393.792427832644
 20
4801.836289149647
 10
1393.792427832644
 20
4715.836289149684
 10
1237.792427832644
 20
4715.836289149684
  0
LWPOLYLINE
  5
4B
330
17
100
AcDbEntity
  8
BOUNDARY
100
AcDbPolyline
 90
10
 70
1
 10
664.7924278326454
 20
4132.836289149691
 10
1531.542427832621
 20
4132.836289149691
 10
1705.292427832657
 20
4132.836289149653
 10
1705.292427832657
 20
3993.586289149691
 10
1705.292427832645
 20
3841.83628914968
 10
1291.792427832654
 20
3841.836289149636
 10
1291.792386639458
 20
3986.836339149674
 10
939.7924274405996
 20
3986.836338197955
 10
939.7924278326426
 20
3841.836288811725
 10
664.7924278326454
 20
3841.83628914968
  0
LWPOLYLINE
  5
4C
330
17
100
AcDbEntity
  8
ADDITIONAL-LOAD
100
AcDbPolyline
 90
8
 70
1
 10
939.7924274405977
 20
3986.836239149685
 10
1291.792427832637
 20
3986.836339149686
 10
1291.792427832653
 20
3841.836289149705
 10
1156.792427832658
 20
3841.836289149691
 10
1156.792427832658
 20
3875.836289149685
 10
1066.855618817522
 20
3875.836289149685
 10
1066.855618817514
 20
3841.836289149676
 10
939.7924278326408
 20
3841.836289149705
  0
LWPOLYLINE
  5
4D
330
17
100
AcDbEntity
  8
ADDITIONAL-LOAD
100
AcDbPolyline
 90
4
 70
1
 10
1705.292427832635
 20
3985.836289149692
 10
1741.792427832635
 20
3985.836289149692
 10
1741.792427832635
 20
4123.836289149691
 10
1705.292427832635
 20
4123.836289149691
  0
LWPOLYLINE
  5
4E
330
17
100
AcDbEntity
  8
BOUNDARY
100
AcDbPolyline
 90
10
 70
1
 10
664.7924278326454
 20
3172.836289149691
 10
1531.542427832621
 20
3172.836289149691
 10
1705.292427832657
 20
3172.836289149654
 10
1705.292427832657
 20
3033.58628914969
 10
1705.292427832645
 20
2881.83628914968
 10
1291.792427832654
 20
2881.836289149636
 10
1291.792386639458
 20
3026.836339149674
 10
939.7924274405996
 20
3026.836338197955
 10
939.7924278326426
 20
2881.836288811725
 10
664.7924278326454
 20
2881.83628914968
  0
LWPOLYLINE
  5
4F
330
17
100
AcDbEntity
  8
ADDITIONAL-LOAD
100
AcDbPolyline
 90
8
 70
1
 10
939.7924274405977
 20
3026.836239149686
 10
1291.792427832637
 20
3026.836339149685
 10
1291.792427832653
 20
2881.836289149705
 10
1156.792427832658
 20
2881.836289149691
 10
1156.792427832658
 20
2915.836289149684
 10
1066.855618817522
 20
2915.836289149684
 10
1066.855618817514
 20
2881.836289149676
 10
939.7924278326408
 20
2881.836289149705
  0
LWPOLYLINE
  5
50
330
17
100
AcDbEntity
  8
ADDITIONAL-LOAD
100
AcDbPolyline
 90
4
 70
1
 10
1705.292427832635
 20
2890.168912346079
 10
1741.792427832635
 20
2890.168912346079
 10
1741.792427832635
 20
3028.168912346079
 10
1705.292427832635
 20
3028.168912346079
  0
LWPOLYLINE
  5
51
330
17
100
AcDbEntity
  8
BOUNDARY
100
AcDbPolyline
 90
10
 70
1
 10
664.7924278326445
 20
2212.836289149691
 10
1531.542427832621
 20
2212.836289149691
 10
1705.292427832657
 20
2212.836289149654
 10
1705.292427832657
 20
2073.586289149691
 10
1705.292427832644
 20
1921.836289149679
 10
1291.792427832654
 20
1921.836289149635
 10
1291.792386639457
 20
2066.836339149674
 10
939.7924274405987
 20
2066.836338197955
 10
939.7924278326426
 20
1921.836288811725
 10
664.7924278326445
 20
1921.836289149679
  0
LWPOLYLINE
  5
52
330
17
100
AcDbEntity
  8
ADDITIONAL-LOAD
100
AcDbPolyline
 90
8
 70
1
 10
939.7924274405977
 20
2066.836239149685
 10
1291.792427832637
 20
2066.836339149686
 10
1291.792427832652
 20
1921.836289149705
 10
1156.792427832657
 20
1921.83628914969
 10
1156.792427832657
 20
1955.836289149684
 10
1066.855618817522
 20
1955.836289149684
 10
1066.855618817513
 20
1921.836289149675
 10
939.7924278326408
 20
1921.836289149705
  0
LWPOLYLINE
  5
53
330
17
100
AcDbEntity
  8
ADDITIONAL-LOAD
100
AcDbPolyline
 90
4
 70
1
 10
1705.292427832635
 20
2065.836289149691
 10
1741.792427832635
 20
2065.836289149691
 10
1741.792427832635
 20
2203.836289149691
 10
1705.292427832635
 20
2203.836289149691
  0
LWPOLYLINE
  5
54
330
17
100
AcDbEntity
  8
ADDITIONAL-LOAD
100
AcDbPolyline
 90
4
 70
1
 10
590.7924278326373
 20
2203.836289149691
 10
664.7924278326427
 20
2203.836289149691
 10
664.7924278326427
 20
2063.836289149691
 10
590.7924278326373
 20
2063.836289149691
  0
LWPOLYLINE
  5
55
330
17
100
AcDbEntity
  8
BOUNDARY
100
AcDbPolyline
 90
10
 70
1
 10
664.7924278326445
 20
1252.836289149691
 10
1531.542427832621
 20
1252.836289149691
 10
1705.292427832657
 20
1252.836289149654
 10
1705.292427832657
 20
1113.58628914969
 10
1705.292427832644
 20
961.8362891496794
 10
1291.792427832654
 20
961.8362891496357
 10
1291.792386639457
 20
1106.836339149673
 10
939.7924274405987
 20
1106.836338197954
 10
939.7924278326426
 20
961.8362888117248
 10
664.7924278326445
 20
961.8362891496794
  0
LWPOLYLINE
  5
56
330
17
100
AcDbEntity
  8
ADDITIONAL-LOAD
100
AcDbPolyline
 90
8
 70
1
 10
939.7924274405977
 20
1106.836239149685
 10
1291.792427832637
 20
1106.836339149685
 10
1291.792427832652
 20
961.8362891497048
 10
1156.792427832657
 20
961.8362891496902
 10
1156.792427832657
 20
995.836289149684
 10
1066.855618817522
 20
995.836289149684
 10
1066.855618817513
 20
961.8362891496756
 10
939.7924278326408
 20
961.8362891497048
  0
LWPOLYLINE
  5
57
330
17
100
AcDbEntity
  8
ADDITIONAL-LOAD
100
AcDbPolyline
 90
4
 70
1
 10
1705.292427832635
 20
1105.836289149691
 10
1741.792427832635
 20
1105.836289149691
 10
1741.792427832635
 20
1243.836289149691
 10
1705.292427832635
 20
1243.836289149691
  0
LWPOLYLINE
  5
58
330
17
100
AcDbEntity
  8
ADDITIONAL-LOAD
100
AcDbPolyline
 90
4
 70
1
 10
578.7924278326317
 20
1150.836289149689
 10
664.7924278326408
 20
1150.836289149689
 10
664.79242783263
 20
970.8362891496893
 10
578.7924278326317
 20
970.8362891496893
  0
LWPOLYLINE
  5
59
330
17
100
AcDbEntity
  8
BOUNDARY
100
AcDbPolyline
 90
6
 70
1
 10
664.7924278326464
 20
292.8362891496909
 10
1531.542427832623
 20
292.8362891496909
 10
1705.292427832658
 20
292.8362891496536
 10
1705.292427832658
 20
153.58628914969
 10
1705.292427832645
 20
1.836289149679113
 10
664.7924278326464
 20
1.836289149679113
  0
LWPOLYLINE
  5
5A
330
17
100
AcDbEntity
  8
WALL
100
AcDbPolyline
 90
9
 70
1
 10
1165.786631595414
 20
280.8362891496684
 10
1165.786631595414
 20
280.8362891496684
 10
1051.786614095732
 20
280.8362737516393
 10
1051.786617263207
 20
202.8362891496675
 10
1165.786631595414
 20
202.8362891496675
 10
1165.786631595414
 20
192.8362891496675
 10
1041.786617263207
 20
192.8362891496675
 10
1041.786617263207
 20
292.8362891496661
 10
1165.786631595414
 20
292.8362891496661
  0
LWPOLYLINE
  5
5B
330
17
100
AcDbEntity
  8
WALL
100
AcDbPolyline
 90
4
 70
1
 10
664.7924278326464
 20
1.836289149679113
 10
844.7924278326464
 20
1.836289149679113
 10
844.7924278326464
 20
11.83628914967911
 10
664.7924278326464
 20
11.83628914967911
  0
LWPOLYLINE
  5
5C
330
17
100
AcDbEntity
  8
WALL
100
AcDbPolyline
 90
9
 70
1
 10
1165.786631595412
 20
1240.836289149668
 10
1165.786631595412
 20
1240.836289149668
 10
1051.78661409573
 20
1240.836273751639
 10
1051.786617263205
 20
1162.836289149667
 10
1165.786631595412
 20
1162.836289149667
 10
1165.786631595412
 20
1152.836289149667
 10
1041.786617263205
 20
1152.836289149667
 10
1041.786617263205
 20
1252.836289149666
 10
1165.786631595412
 20
1252.836289149666
  0
LWPOLYLINE
  5
5D
330
17
100
AcDbEntity
  8
WALL
100
AcDbPolyline
 90
4
 70
1
 10
664.7924278326445
 20
961.8362891496794
 10
844.7924278326444
 20
961.8362891496794
 10
844.7924278326444
 20
971.8362891496793
 10
664.7924278326445
 20
971.8362891496793
  0
LWPOLYLINE
  5
5E
330
17
100
AcDbEntity
  8
WALL
100
AcDbPolyline
 90
9
 70
1
 10
1165.786631595412
 20
2200.836289149668
 10
1165.786631595412
 20
2200.836289149668
 10
1051.78661409573
 20
2200.83627375164
 10
1051.786617263205
 20
2122.836289149668
 10
1165.786631595412
 20
2122.836289149668
 10
1165.786631595412
 20
2112.836289149668
 10
1041.786617263205
 20
2112.836289149668
 10
1041.786617263205
 20
2212.836289149667
 10
1165.786631595412
 20
2212.836289149667
  0
LWPOLYLINE
  5
5F
330
17
100
AcDbEntity
  8
WALL
100
AcDbPolyline
 90
4
 70
1
 10
664.7924278326445
 20
1921.836289149679
 10
844.7924278326444
 20
1921.836289149679
 10
844.7924278326444
 20
1931.836289149679
 10
664.7924278326445
 20
1931.836289149679
  0
LWPOLYLINE
  5
60
330
17
100
AcDbEntity
  8
WALL
100
AcDbPolyline
 90
9
 70
1
 10
1165.786631595413
 20
3160.836289149669
 10
1165.786631595413
 20
3160.836289149669
 10
1051.786614095731
 20
3160.83627375164
 10
1051.786617263206
 20
3082.836289149668
 10
1165.786631595413
 20
3082.836289149668
 10
1165.786631595413
 20
3072.836289149668
 10
1041.786617263206
 20
3072.836289149668
 10
1041.786617263206
 20
3172.836289149667
 10
1165.786631595413
 20
3172.836289149667
  0
LWPOLYLINE
  5
61
330
17
100
AcDbEntity
  8
WALL
100
AcDbPolyline
 90
4
 70
1
 10
664.7924278326454
 20
2881.83628914968
 10
844.7924278326453
 20
2881.83628914968
 10
844.7924278326453
 20
2891.83628914968
 10
664.7924278326454
 20
2891.83628914968
  0
LWPOLYLINE
  5
62
330
17
100
AcDbEntity
  8
WALL
100
AcDbPolyline
 90
9
 70
1
 10
1165.786631595413
 20
4120.836289149668
 10
1165.786631595413
 20
4120.836289149668
 10
1051.786614095731
 20
4120.836273751638
 10
1051.786617263206
 20
4042.836289149668
 10
1165.786631595413
 20
4042.836289149668
 10
1165.786631595413
 20
4032.836289149667
 10
1041.786617263206
 20
4032.836289149667
 10
1041.786617263206
 20
4132.836289149667
 10
1165.786631595413
 20
4132.836289149667
  0
LWPOLYLINE
  5
63
330
17
100
AcDbEntity
  8
WALL
100
AcDbPolyline
 90
4
 70
1
 10
664.7924278326454
 20
3841.83628914968
 10
844.7924278326453
 20
3841.83628914968
 10
844.7924278326453
 20
3851.836289149679
 10
664.7924278326454
 20
3851.836289149679
  0
LWPOLYLINE
  5
64
330
17
100
AcDbEntity
  8
WALL
100
AcDbPolyline
 90
9
 70
1
 10
1165.786631595414
 20
5080.836289149669
 10
1165.786631595414
 20
5080.836289149669
 10
1051.786614095732
 20
5080.836273751639
 10
1051.786617263207
 20
5002.836289149667
 10
1165.786631595414
 20
5002.836289149667
 10
1165.786631595414
 20
4992.836289149668
 10
1041.786617263207
 20
4992.836289149668
 10
1041.786617263207
 20
5092.836289149666
 10
1165.786631595414
 20
5092.836289149666
  0
LWPOLYLINE
  5
65
330
17
100
AcDbEntity
  8
WALL
100
AcDbPolyline
 90
4
 70
1
 10
664.7924278326464
 20
4801.836289149679
 10
844.7924278326464
 20
4801.836289149679
 10
844.7924278326464
 20
4811.836289149679
 10
664.7924278326464
 20
4811.836289149679
  0
LWPOLYLINE
  5
66
330
17
100
AcDbEntity
  8
WALL
100
AcDbPolyline
 90
9
 70
1
 10
1165.786631595414
 20
6040.836289149668
 10
1165.786631595414
 20
6040.836289149668
 10
1051.786614095732
 20
6040.836273751639
 10
1051.786617263207
 20
5962.836289149667
 10
1165.786631595414
 20
5962.836289149667
 10
1165.786631595414
 20
5952.836289149667
 10
1041.786617263207
 20
5952.836289149667
 10
1041.786617263207
 20
6052.836289149666
 10
1165.786631595414
 20
6052.836289149666
  0
LWPOLYLINE
  5
67
330
17
100
AcDbEntity
  8
WALL
100
AcDbPolyline
 90
4
 70
1
 10
664.7924278326464
 20
5761.836289149679
 10
844.7924278326464
 20
5761.836289149679
 10
844.7924278326464
 20
5771.836289149678
 10
664.7924278326464
 20
5771.836289149678
  0
LWPOLYLINE
  5
68
330
17
100
AcDbEntity
  8
WALL
100
AcDbPolyline
 90
9
 70
1
 10
1165.786631595414
 20
7000.836289149669
 10
1165.786631595414
 20
7000.836289149669
 10
1051.786614095732
 20
7000.836273751639
 10
1051.786617263207
 20
6922.836289149667
 10
1165.786631595414
 20
6922.836289149667
 10
1165.786631595414
 20
6912.836289149668
 10
1041.786617263207
 20
6912.836289149668
 10
1041.786617263207
 20
7012.836289149666
 10
1165.786631595414
 20
7012.836289149666
  0
LWPOLYLINE
  5
69
330
17
100
AcDbEntity
  8
WALL
100
AcDbPolyline
 90
4
 70
1
 10
664.7924278326464
 20
6721.836289149679
 10
844.7924278326464
 20
6721.836289149679
 10
844.7924278326464
 20
6731.836289149679
 10
664.7924278326464
 20
6731.836289149679
  0
LWPOLYLINE
  5
6A
330
17
100
AcDbEntity
  8
WALL
100
AcDbPolyline
 90
9
 70
1
 10
1165.786631595426
 20
7960.836289149715
 10
1165.786631595426
 20
7960.836289149715
 10
1051.786614095744
 20
7960.836273751685
 10
1051.786617263219
 20
7882.836289149712
 10
1165.786631595426
 20
7882.836289149712
 10
1165.786631595426
 20
7872.836289149713
 10
1041.786617263219
 20
7872.836289149713
 10
1041.786617263219
 20
7972.836289149711
 10
1165.786631595426
 20
7972.836289149711
  0
LWPOLYLINE
  5
6B
330
17
100
AcDbEntity
  8
WALL
100
AcDbPolyline
 90
4
 70
1
 10
664.7924278326581
 20
7681.836289149725
 10
844.7924278326581
 20
7681.836289149725
 10
844.7924278326581
 20
7691.836289149724
 10
664.7924278326581
 20
7691.836289149724
  0
LWPOLYLINE
  5
6C
330
17
100
AcDbEntity
  8
COL
100
AcDbPolyline
 90
4
 70
1
 10
664.7924278326454
 20
292.8362891496911
 10
676.7924278326408
 20
292.8362891496911
 10
676.7924278326408
 20
268.8362891496638
 10
664.7924278326454
 20
268.8362891496638
  0
LWPOLYLINE
  5
6D
330
17
100
AcDbEntity
  8
COL
100
AcDbPolyline
 90
4
 70
1
 10
833.7866172632038
 20
292.8362891496675
 10
845.786617263202
 20
292.8362891496675
 10
845.786617263202
 20
268.8362891496839
 10
833.7866172632038
 20
268.8362891496839
  0
LWPOLYLINE
  5
6E
330
17
100
AcDbEntity
  8
COL
100
AcDbPolyline
 90
4
 70
1
 10
1040.792427832643
 20
13.8362891496657
 10
1064.792427832642
 20
13.8362891496657
 10
1064.792427832642
 20
1.836289149689345
 10
1040.792427832643
 20
1.836289149689345
  0
LWPOLYLINE
  5
6F
330
17
100
AcDbEntity
  8
COL
100
AcDbPolyline
 90
4
 70
1
 10
1158.792427832643
 20
13.83628914966934
 10
1182.792427832644
 20
13.83628914966934
 10
1182.792427832644
 20
1.836289149693892
 10
1158.792427832643
 20
1.836289149693892
  0
LWPOLYLINE
  5
70
330
17
100
AcDbEntity
  8
COL
100
AcDbPolyline
 90
4
 70
1
 10
1269.792427832646
 20
13.83628914968934
 10
1293.792427832646
 20
13.83628914968934
 10
1293.792427832646
 20
1.836289149711173
 10
1269.792427832646
 20
1.836289149711173
  0
LWPOLYLINE
  5
71
330
17
100
AcDbEntity
  8
COL
100
AcDbPolyline
 90
4
 70
1
 10
1520.9524273604
 20
13.83628914968207
 10
1544.952427360402
 20
13.83628914968207
 10
1544.952427360402
 20
1.836289149713901
 10
1520.9524273604
 20
1.836289149713901
  0
LWPOLYLINE
  5
72
330
17
100
AcDbEntity
  8
COL
100
AcDbPolyline
 90
4
 70
1
 10
1693.292427832644
 20
25.83628914966206
 10
1705.292427832642
 20
25.83628914966206
 10
1705.292427832642
 20
1.836289149692073
 10
1693.292427832644
 20
1.836289149692073
  0
LWPOLYLINE
  5
73
330
17
100
AcDbEntity
  8
COL
100
AcDbPolyline
 90
4
 70
1
 10
1459.292427832651
 20
292.8362891496675
 10
1489.292427832651
 20
292.8362891496675
 10
1489.292427832651
 20
282.8362891496912
 10
1459.292427832651
 20
282.8362891496912
  0
LWPOLYLINE
  5
74
330
17
100
AcDbEntity
  8
COL
100
AcDbPolyline
 90
4
 70
1
 10
1675.292427832651
 20
292.8362891496911
 10
1705.29242783265
 20
292.8362891496911
 10
1705.29242783265
 20
282.8362891496611
 10
1675.292427832651
 20
282.8362891496611
  0
LWPOLYLINE
  5
75
330
17
100
AcDbEntity
  8
COL
100
AcDbPolyline
 90
4
 70
1
 10
664.7924278326454
 20
1252.836289149707
 10
676.7924278326408
 20
1252.836289149707
 10
676.7924278326408
 20
1228.836289149681
 10
664.7924278326454
 20
1228.836289149681
  0
LWPOLYLINE
  5
76
330
17
100
AcDbEntity
  8
COL
100
AcDbPolyline
 90
4
 70
1
 10
833.7866172632038
 20
1252.836289149685
 10
845.786617263202
 20
1252.836289149685
 10
845.786617263202
 20
1228.8362891497
 10
833.7866172632038
 20
1228.8362891497
  0
LWPOLYLINE
  5
77
330
17
100
AcDbEntity
  8
COL
100
AcDbPolyline
 90
4
 70
1
 10
1040.792427832643
 20
973.8362891496821
 10
1064.792427832642
 20
973.8362891496821
 10
1064.792427832642
 20
961.8362891497067
 10
1040.792427832643
 20
961.8362891497067
  0
LWPOLYLINE
  5
78
330
17
100
AcDbEntity
  8
COL
100
AcDbPolyline
 90
4
 70
1
 10
1158.792427832643
 20
973.8362891496866
 10
1182.792427832644
 20
973.8362891496866
 10
1182.792427832644
 20
961.8362891497111
 10
1158.792427832643
 20
961.8362891497111
  0
LWPOLYLINE
  5
79
330
17
100
AcDbEntity
  8
COL
100
AcDbPolyline
 90
4
 70
1
 10
1269.792427832646
 20
973.8362891497065
 10
1293.792427832646
 20
973.8362891497065
 10
1293.792427832646
 20
961.8362891497284
 10
1269.792427832646
 20
961.8362891497284
  0
LWPOLYLINE
  5
7A
330
17
100
AcDbEntity
  8
COL
100
AcDbPolyline
 90
4
 70
1
 10
1520.9524273604
 20
973.8362891496993
 10
1544.952427360402
 20
973.8362891496993
 10
1544.952427360402
 20
961.8362891497312
 10
1520.9524273604
 20
961.8362891497312
  0
LWPOLYLINE
  5
7B
330
17
100
AcDbEntity
  8
COL
100
AcDbPolyline
 90
4
 70
1
 10
1693.292427832644
 20
985.8362891496785
 10
1705.292427832642
 20
985.8362891496785
 10
1705.292427832642
 20
961.8362891497094
 10
1693.292427832644
 20
961.8362891497094
  0
LWPOLYLINE
  5
7C
330
17
100
AcDbEntity
  8
COL
100
AcDbPolyline
 90
4
 70
1
 10
1465.292427832655
 20
1252.836289149676
 10
1489.292427832651
 20
1252.836289149685
 10
1489.292427832651
 20
1240.836289149688
 10
1465.292427832655
 20
1240.836289149679
  0
LWPOLYLINE
  5
7D
330
17
100
AcDbEntity
  8
COL
100
AcDbPolyline
 90
4
 70
1
 10
1693.292427832646
 20
1252.836289149707
 10
1705.29242783265
 20
1252.836289149707
 10
1705.29242783265
 20
1228.836289149676
 10
1693.292427832646
 20
1228.836289149676
  0
LWPOLYLINE
  5
7E
330
17
100
AcDbEntity
  8
COL
100
AcDbPolyline
 90
4
 70
1
 10
664.7924278326454
 20
2212.836289149707
 10
676.7924278326408
 20
2212.836289149707
 10
676.7924278326408
 20
2188.836289149682
 10
664.7924278326454
 20
2188.836289149682
  0
LWPOLYLINE
  5
7F
330
17
100
AcDbEntity
  8
COL
100
AcDbPolyline
 90
4
 70
1
 10
833.7866172632038
 20
2212.836289149685
 10
845.786617263202
 20
2212.836289149685
 10
845.786617263202
 20
2188.8362891497
 10
833.7866172632038
 20
2188.8362891497
  0
LWPOLYLINE
  5
80
330
17
100
AcDbEntity
  8
COL
100
AcDbPolyline
 90
4
 70
1
 10
1040.792427832643
 20
1933.836289149682
 10
1064.792427832642
 20
1933.836289149682
 10
1064.792427832642
 20
1921.836289149706
 10
1040.792427832643
 20
1921.836289149706
  0
LWPOLYLINE
  5
81
330
17
100
AcDbEntity
  8
COL
100
AcDbPolyline
 90
4
 70
1
 10
1158.792427832643
 20
1933.836289149686
 10
1182.792427832644
 20
1933.836289149686
 10
1182.792427832644
 20
1921.836289149711
 10
1158.792427832643
 20
1921.836289149711
  0
LWPOLYLINE
  5
82
330
17
100
AcDbEntity
  8
COL
100
AcDbPolyline
 90
4
 70
1
 10
1269.792427832646
 20
1933.836289149706
 10
1293.792427832646
 20
1933.836289149706
 10
1293.792427832646
 20
1921.836289149728
 10
1269.792427832646
 20
1921.836289149728
  0
LWPOLYLINE
  5
83
330
17
100
AcDbEntity
  8
COL
100
AcDbPolyline
 90
4
 70
1
 10
1520.9524273604
 20
1933.836289149699
 10
1544.952427360402
 20
1933.836289149699
 10
1544.952427360402
 20
1921.836289149731
 10
1520.9524273604
 20
1921.836289149731
  0
LWPOLYLINE
  5
84
330
17
100
AcDbEntity
  8
COL
100
AcDbPolyline
 90
4
 70
1
 10
1693.292427832644
 20
1945.836289149678
 10
1705.292427832642
 20
1945.836289149678
 10
1705.292427832642
 20
1921.836289149709
 10
1693.292427832644
 20
1921.836289149709
  0
LWPOLYLINE
  5
85
330
17
100
AcDbEntity
  8
COL
100
AcDbPolyline
 90
4
 70
1
 10
1465.292427832655
 20
2212.836289149676
 10
1489.292427832651
 20
2212.836289149685
 10
1489.292427832651
 20
2200.836289149689
 10
1465.292427832655
 20
2200.836289149679
  0
LWPOLYLINE
  5
86
330
17
100
AcDbEntity
  8
COL
100
AcDbPolyline
 90
4
 70
1
 10
1693.292427832646
 20
2212.836289149707
 10
1705.29242783265
 20
2212.836289149707
 10
1705.29242783265
 20
2188.836289149677
 10
1693.292427832646
 20
2188.836289149677
  0
LWPOLYLINE
  5
87
330
17
100
AcDbEntity
  8
COL
100
AcDbPolyline
 90
4
 70
1
 10
664.7924278326454
 20
3172.836289149708
 10
676.7924278326408
 20
3172.836289149708
 10
676.7924278326408
 20
3148.836289149681
 10
664.7924278326454
 20
3148.836289149681
  0
LWPOLYLINE
  5
88
330
17
100
AcDbEntity
  8
COL
100
AcDbPolyline
 90
4
 70
1
 10
833.7866172632038
 20
3172.836289149685
 10
845.786617263202
 20
3172.836289149685
 10
845.786617263202
 20
3148.836289149701
 10
833.7866172632038
 20
3148.836289149701
  0
LWPOLYLINE
  5
89
330
17
100
AcDbEntity
  8
COL
100
AcDbPolyline
 90
4
 70
1
 10
1040.792427832643
 20
2893.836289149682
 10
1064.792427832642
 20
2893.836289149682
 10
1064.792427832642
 20
2881.836289149707
 10
1040.792427832643
 20
2881.836289149707
  0
LWPOLYLINE
  5
8A
330
17
100
AcDbEntity
  8
COL
100
AcDbPolyline
 90
4
 70
1
 10
1158.792427832643
 20
2893.836289149687
 10
1182.792427832644
 20
2893.836289149687
 10
1182.792427832644
 20
2881.836289149712
 10
1158.792427832643
 20
2881.836289149712
  0
LWPOLYLINE
  5
8B
330
17
100
AcDbEntity
  8
COL
100
AcDbPolyline
 90
4
 70
1
 10
1269.792427832646
 20
2893.836289149707
 10
1293.792427832646
 20
2893.836289149707
 10
1293.792427832646
 20
2881.836289149729
 10
1269.792427832646
 20
2881.836289149729
  0
LWPOLYLINE
  5
8C
330
17
100
AcDbEntity
  8
COL
100
AcDbPolyline
 90
4
 70
1
 10
1520.9524273604
 20
2893.8362891497
 10
1544.952427360402
 20
2893.8362891497
 10
1544.952427360402
 20
2881.836289149731
 10
1520.9524273604
 20
2881.836289149731
  0
LWPOLYLINE
  5
8D
330
17
100
AcDbEntity
  8
COL
100
AcDbPolyline
 90
4
 70
1
 10
1693.292427832644
 20
2905.836289149679
 10
1705.292427832642
 20
2905.836289149679
 10
1705.292427832642
 20
2881.83628914971
 10
1693.292427832644
 20
2881.83628914971
  0
LWPOLYLINE
  5
8E
330
17
100
AcDbEntity
  8
COL
100
AcDbPolyline
 90
4
 70
1
 10
1465.292427832655
 20
3172.836289149676
 10
1489.292427832651
 20
3172.836289149685
 10
1489.292427832651
 20
3160.836289149689
 10
1465.292427832655
 20
3160.83628914968
  0
LWPOLYLINE
  5
8F
330
17
100
AcDbEntity
  8
COL
100
AcDbPolyline
 90
4
 70
1
 10
1693.292427832646
 20
3172.836289149708
 10
1705.29242783265
 20
3172.836289149708
 10
1705.29242783265
 20
3148.836289149677
 10
1693.292427832646
 20
3148.836289149677
  0
LWPOLYLINE
  5
90
330
17
100
AcDbEntity
  8
COL
100
AcDbPolyline
 90
4
 70
1
 10
664.7924278326464
 20
4132.836289149707
 10
676.7924278326418
 20
4132.836289149707
 10
676.7924278326418
 20
4108.836289149681
 10
664.7924278326464
 20
4108.836289149681
  0
LWPOLYLINE
  5
91
330
17
100
AcDbEntity
  8
COL
100
AcDbPolyline
 90
4
 70
1
 10
833.7866172632038
 20
4132.836289149684
 10
845.786617263202
 20
4132.836289149684
 10
845.786617263202
 20
4108.836289149699
 10
833.7866172632038
 20
4108.836289149699
  0
LWPOLYLINE
  5
92
330
17
100
AcDbEntity
  8
COL
100
AcDbPolyline
 90
4
 70
1
 10
1040.792427832643
 20
3853.836289149683
 10
1064.792427832642
 20
3853.836289149683
 10
1064.792427832642
 20
3841.836289149707
 10
1040.792427832643
 20
3841.836289149707
  0
LWPOLYLINE
  5
93
330
17
100
AcDbEntity
  8
COL
100
AcDbPolyline
 90
4
 70
1
 10
1158.792427832643
 20
3853.836289149687
 10
1182.792427832644
 20
3853.836289149687
 10
1182.792427832644
 20
3841.836289149711
 10
1158.792427832643
 20
3841.836289149711
  0
LWPOLYLINE
  5
94
330
17
100
AcDbEntity
  8
COL
100
AcDbPolyline
 90
4
 70
1
 10
1269.792427832646
 20
3853.836289149707
 10
1293.792427832646
 20
3853.836289149707
 10
1293.792427832646
 20
3841.836289149729
 10
1269.792427832646
 20
3841.836289149729
  0
LWPOLYLINE
  5
95
330
17
100
AcDbEntity
  8
COL
100
AcDbPolyline
 90
4
 70
1
 10
1520.9524273604
 20
3853.8362891497
 10
1544.952427360402
 20
3853.8362891497
 10
1544.952427360402
 20
3841.836289149732
 10
1520.9524273604
 20
3841.836289149732
  0
LWPOLYLINE
  5
96
330
17
100
AcDbEntity
  8
COL
100
AcDbPolyline
 90
4
 70
1
 10
1693.292427832644
 20
3865.836289149679
 10
1705.292427832642
 20
3865.836289149679
 10
1705.292427832642
 20
3841.83628914971
 10
1693.292427832644
 20
3841.83628914971
  0
LWPOLYLINE
  5
97
330
17
100
AcDbEntity
  8
COL
100
AcDbPolyline
 90
4
 70
1
 10
1465.292427832655
 20
4132.836289149675
 10
1489.292427832651
 20
4132.836289149684
 10
1489.292427832651
 20
4120.836289149688
 10
1465.292427832655
 20
4120.836289149679
  0
LWPOLYLINE
  5
98
330
17
100
AcDbEntity
  8
COL
100
AcDbPolyline
 90
4
 70
1
 10
1693.292427832646
 20
4132.836289149707
 10
1705.29242783265
 20
4132.836289149707
 10
1705.29242783265
 20
4108.836289149676
 10
1693.292427832646
 20
4108.836289149676
  0
LWPOLYLINE
  5
99
330
17
100
AcDbEntity
  8
COL
100
AcDbPolyline
 90
4
 70
1
 10
664.7924278326464
 20
5092.836289149707
 10
676.7924278326418
 20
5092.836289149707
 10
676.7924278326418
 20
5068.836289149681
 10
664.7924278326464
 20
5068.836289149681
  0
LWPOLYLINE
  5
9A
330
17
100
AcDbEntity
  8
COL
100
AcDbPolyline
 90
4
 70
1
 10
833.7866172632038
 20
5092.836289149684
 10
845.786617263202
 20
5092.836289149684
 10
845.786617263202
 20
5068.8362891497
 10
833.7866172632038
 20
5068.8362891497
  0
LWPOLYLINE
  5
9B
330
17
100
AcDbEntity
  8
COL
100
AcDbPolyline
 90
4
 70
1
 10
1040.792427832643
 20
4813.836289149682
 10
1064.792427832642
 20
4813.836289149682
 10
1064.792427832642
 20
4801.836289149706
 10
1040.792427832643
 20
4801.836289149706
  0
LWPOLYLINE
  5
9C
330
17
100
AcDbEntity
  8
COL
100
AcDbPolyline
 90
4
 70
1
 10
1158.792427832643
 20
4813.836289149686
 10
1182.792427832644
 20
4813.836289149686
 10
1182.792427832644
 20
4801.836289149711
 10
1158.792427832643
 20
4801.836289149711
  0
LWPOLYLINE
  5
9D
330
17
100
AcDbEntity
  8
COL
100
AcDbPolyline
 90
4
 70
1
 10
1269.792427832646
 20
4813.836289149707
 10
1293.792427832646
 20
4813.836289149707
 10
1293.792427832646
 20
4801.836289149728
 10
1269.792427832646
 20
4801.836289149728
  0
LWPOLYLINE
  5
9E
330
17
100
AcDbEntity
  8
COL
100
AcDbPolyline
 90
4
 70
1
 10
1520.9524273604
 20
4813.836289149699
 10
1544.952427360402
 20
4813.836289149699
 10
1544.952427360402
 20
4801.836289149731
 10
1520.9524273604
 20
4801.836289149731
  0
LWPOLYLINE
  5
9F
330
17
100
AcDbEntity
  8
COL
100
AcDbPolyline
 90
4
 70
1
 10
1693.292427832644
 20
4825.836289149678
 10
1705.292427832642
 20
4825.836289149678
 10
1705.292427832642
 20
4801.836289149709
 10
1693.292427832644
 20
4801.836289149709
  0
LWPOLYLINE
  5
A0
330
17
100
AcDbEntity
  8
COL
100
AcDbPolyline
 90
4
 70
1
 10
1465.292427832655
 20
5092.836289149675
 10
1489.292427832651
 20
5092.836289149684
 10
1489.292427832651
 20
5080.836289149688
 10
1465.292427832655
 20
5080.836289149679
  0
LWPOLYLINE
  5
A1
330
17
100
AcDbEntity
  8
COL
100
AcDbPolyline
 90
4
 70
1
 10
1693.292427832646
 20
5092.836289149707
 10
1705.29242783265
 20
5092.836289149707
 10
1705.29242783265
 20
5068.836289149676
 10
1693.292427832646
 20
5068.836289149676
  0
LWPOLYLINE
  5
A2
330
17
100
AcDbEntity
  8
COL
100
AcDbPolyline
 90
4
 70
1
 10
664.7924278326464
 20
6052.836289149707
 10
676.7924278326418
 20
6052.836289149707
 10
676.7924278326418
 20
6028.836289149681
 10
664.7924278326464
 20
6028.836289149681
  0
LWPOLYLINE
  5
A3
330
17
100
AcDbEntity
  8
COL
100
AcDbPolyline
 90
4
 70
1
 10
833.7866172632038
 20
6052.836289149684
 10
845.786617263202
 20
6052.836289149684
 10
845.786617263202
 20
6028.8362891497
 10
833.7866172632038
 20
6028.8362891497
  0
LWPOLYLINE
  5
A4
330
17
100
AcDbEntity
  8
COL
100
AcDbPolyline
 90
4
 70
1
 10
1040.792427832643
 20
5773.836289149682
 10
1064.792427832642
 20
5773.836289149682
 10
1064.792427832642
 20
5761.836289149706
 10
1040.792427832643
 20
5761.836289149706
  0
LWPOLYLINE
  5
A5
330
17
100
AcDbEntity
  8
COL
100
AcDbPolyline
 90
4
 70
1
 10
1158.792427832643
 20
5773.836289149686
 10
1182.792427832644
 20
5773.836289149686
 10
1182.792427832644
 20
5761.836289149711
 10
1158.792427832643
 20
5761.836289149711
  0
LWPOLYLINE
  5
A6
330
17
100
AcDbEntity
  8
COL
100
AcDbPolyline
 90
4
 70
1
 10
1269.792427832646
 20
5773.836289149706
 10
1293.792427832646
 20
5773.836289149706
 10
1293.792427832646
 20
5761.836289149728
 10
1269.792427832646
 20
5761.836289149728
  0
LWPOLYLINE
  5
A7
330
17
100
AcDbEntity
  8
COL
100
AcDbPolyline
 90
4
 70
1
 10
1520.9524273604
 20
5773.836289149699
 10
1544.952427360402
 20
5773.836289149699
 10
1544.952427360402
 20
5761.836289149731
 10
1520.9524273604
 20
5761.836289149731
  0
LWPOLYLINE
  5
A8
330
17
100
AcDbEntity
  8
COL
100
AcDbPolyline
 90
4
 70
1
 10
1693.292427832644
 20
5785.836289149678
 10
1705.292427832642
 20
5785.836289149678
 10
1705.292427832642
 20
5761.836289149709
 10
1693.292427832644
 20
5761.836289149709
  0
LWPOLYLINE
  5
A9
330
17
100
AcDbEntity
  8
COL
100
AcDbPolyline
 90
4
 70
1
 10
1465.292427832655
 20
6052.836289149675
 10
1489.292427832651
 20
6052.836289149684
 10
1489.292427832651
 20
6040.836289149688
 10
1465.292427832655
 20
6040.836289149679
  0
LWPOLYLINE
  5
AA
330
17
100
AcDbEntity
  8
COL
100
AcDbPolyline
 90
4
 70
1
 10
1693.292427832646
 20
6052.836289149707
 10
1705.29242783265
 20
6052.836289149707
 10
1705.29242783265
 20
6028.836289149676
 10
1693.292427832646
 20
6028.836289149676
  0
LWPOLYLINE
  5
AB
330
17
100
AcDbEntity
  8
COL
100
AcDbPolyline
 90
4
 70
1
 10
664.7924278326464
 20
7012.836289149707
 10
676.7924278326418
 20
7012.836289149707
 10
676.7924278326418
 20
6988.836289149681
 10
664.7924278326464
 20
6988.836289149681
  0
LWPOLYLINE
  5
AC
330
17
100
AcDbEntity
  8
COL
100
AcDbPolyline
 90
4
 70
1
 10
833.7866172632038
 20
7012.836289149685
 10
845.786617263202
 20
7012.836289149685
 10
845.786617263202
 20
6988.836289149699
 10
833.7866172632038
 20
6988.836289149699
  0
LWPOLYLINE
  5
AD
330
17
100
AcDbEntity
  8
COL
100
AcDbPolyline
 90
4
 70
1
 10
1040.792427832643
 20
6733.836289149682
 10
1064.792427832642
 20
6733.836289149682
 10
1064.792427832642
 20
6721.836289149706
 10
1040.792427832643
 20
6721.836289149706
  0
LWPOLYLINE
  5
AE
330
17
100
AcDbEntity
  8
COL
100
AcDbPolyline
 90
4
 70
1
 10
1158.792427832643
 20
6733.836289149687
 10
1182.792427832644
 20
6733.836289149687
 10
1182.792427832644
 20
6721.83628914971
 10
1158.792427832643
 20
6721.83628914971
  0
LWPOLYLINE
  5
AF
330
17
100
AcDbEntity
  8
COL
100
AcDbPolyline
 90
4
 70
1
 10
1269.792427832646
 20
6733.836289149706
 10
1293.792427832646
 20
6733.836289149706
 10
1293.792427832646
 20
6721.836289149727
 10
1269.792427832646
 20
6721.836289149727
  0
LWPOLYLINE
  5
B0
330
17
100
AcDbEntity
  8
COL
100
AcDbPolyline
 90
4
 70
1
 10
1520.9524273604
 20
6733.836289149699
 10
1544.952427360402
 20
6733.836289149699
 10
1544.952427360402
 20
6721.836289149731
 10
1520.9524273604
 20
6721.836289149731
  0
LWPOLYLINE
  5
B1
330
17
100
AcDbEntity
  8
COL
100
AcDbPolyline
 90
4
 70
1
 10
1693.292427832644
 20
6745.836289149678
 10
1705.292427832642
 20
6745.836289149678
 10
1705.292427832642
 20
6721.83628914971
 10
1693.292427832644
 20
6721.83628914971
  0
LWPOLYLINE
  5
B2
330
17
100
AcDbEntity
  8
COL
100
AcDbPolyline
 90
4
 70
1
 10
1465.292427832655
 20
7012.836289149674
 10
1489.292427832651
 20
7012.836289149685
 10
1489.292427832651
 20
7000.836289149688
 10
1465.292427832655
 20
7000.836289149678
  0
LWPOLYLINE
  5
B3
330
17
100
AcDbEntity
  8
COL
100
AcDbPolyline
 90
4
 70
1
 10
1693.292427832646
 20
7012.836289149707
 10
1705.29242783265
 20
7012.836289149707
 10
1705.29242783265
 20
6988.836289149677
 10
1693.292427832646
 20
6988.836289149677
  0
LWPOLYLINE
  5
B4
330
17
100
AcDbEntity
  8
COL
100
AcDbPolyline
 90
4
 70
1
 10
664.7924278326627
 20
7972.836289149705
 10
676.7924278326582
 20
7972.836289149705
 10
676.7924278326582
 20
7948.836289149681
 10
664.7924278326627
 20
7948.836289149681
  0
LWPOLYLINE
  5
B5
330
17
100
AcDbEntity
  8
COL
100
AcDbPolyline
 90
4
 70
1
 10
833.7866172632201
 20
7972.836289149684
 10
845.7866172632185
 20
7972.836289149684
 10
845.7866172632185
 20
7948.836289149697
 10
833.7866172632201
 20
7948.836289149697
  0
LWPOLYLINE
  5
B6
330
17
100
AcDbEntity
  8
COL
100
AcDbPolyline
 90
4
 70
1
 10
1040.792427832659
 20
7693.836289149679
 10
1064.792427832659
 20
7693.836289149679
 10
1064.792427832659
 20
7681.836289149706
 10
1040.792427832659
 20
7681.836289149706
  0
LWPOLYLINE
  5
B7
330
17
100
AcDbEntity
  8
COL
100
AcDbPolyline
 90
4
 70
1
 10
1158.792427832659
 20
7693.836289149683
 10
1182.792427832661
 20
7693.836289149683
 10
1182.792427832661
 20
7681.836289149709
 10
1158.792427832659
 20
7681.836289149709
  0
LWPOLYLINE
  5
B8
330
17
100
AcDbEntity
  8
COL
100
AcDbPolyline
 90
4
 70
1
 10
1269.792427832663
 20
7693.836289149705
 10
1293.792427832663
 20
7693.836289149705
 10
1293.792427832663
 20
7681.836289149727
 10
1269.792427832663
 20
7681.836289149727
  0
LWPOLYLINE
  5
B9
330
17
100
AcDbEntity
  8
COL
100
AcDbPolyline
 90
4
 70
1
 10
1520.952427360416
 20
7693.836289149697
 10
1544.952427360418
 20
7693.836289149697
 10
1544.952427360418
 20
7681.836289149728
 10
1520.952427360416
 20
7681.836289149728
  0
LWPOLYLINE
  5
BA
330
17
100
AcDbEntity
  8
COL
100
AcDbPolyline
 90
4
 70
1
 10
1693.292427832661
 20
7705.836289149677
 10
1705.292427832659
 20
7705.836289149677
 10
1705.292427832659
 20
7681.836289149707
 10
1693.292427832661
 20
7681.836289149707
  0
LWPOLYLINE
  5
BB
330
17
100
AcDbEntity
  8
COL
100
AcDbPolyline
 90
4
 70
1
 10
1465.292427832672
 20
7972.836289149673
 10
1489.292427832668
 20
7972.836289149684
 10
1489.292427832668
 20
7960.836289149686
 10
1465.292427832672
 20
7960.836289149677
  0
LWPOLYLINE
  5
BC
330
17
100
AcDbEntity
  8
COL
100
AcDbPolyline
 90
4
 70
1
 10
1693.292427832663
 20
7972.836289149705
 10
1705.292427832666
 20
7972.836289149705
 10
1705.292427832666
 20
7948.836289149674
 10
1693.292427832663
 20
7948.836289149674
  0
MTEXT
  5
BD
330
17
100
AcDbEntity
  8
COL-LABEL
100
AcDbMText
 10
676.7924278326399
 20
313.7907570896639
 30
0.0
 40
20.25
 41
0.0
 71
1
  1
C1
  0
MTEXT
  5
BE
330
17
100
AcDbEntity
  8
COL-LABEL
100
AcDbMText
 10
845.7866172632012
 20
313.7907570896639
 30
0.0
 40
20.25
 41
0.0
 71
1
  1
C2
  0
MTEXT
  5
BF
330
17
100
AcDbEntity
  8
COL-LABEL
100
AcDbMText
 10
1489.29242783265
 20
313.7907570896639
 30
0.0
 40
20.25
 41
0.0
 71
1
  1
C3
  0
MTEXT
  5
C0
330
17
100
AcDbEntity
  8
COL-LABEL
100
AcDbMText
 10
1705.292427832657
 20
313.7907570896264
 30
0.0
 40
20.25
 41
0.0
 71
1
  1
C4
  0
MTEXT
  5
C1
330
17
100
AcDbEntity
  8
COL-LABEL
100
AcDbMText
 10
1064.792427832641
 20
34.7907570896385
 30
0.0
 40
20.25
 41
0.0
 71
1
  1
C9
  0
MTEXT
  5
C2
330
17
100
AcDbEntity
  8
COL-LABEL
100
AcDbMText
 10
1182.792427832644
 20
34.79075708964213
 30
0.0
 40
20.25
 41
0.0
 71
1
  1
C8
  0
MTEXT
  5
C3
330
17
100
AcDbEntity
  8
COL-LABEL
100
AcDbMText
 10
1293.792427832645
 20
34.79075708966214
 30
0.0
 40
20.25
 41
0.0
 71
1
  1
C7
  0
MTEXT
  5
C4
330
17
100
AcDbEntity
  8
COL-LABEL
100
AcDbMText
 10
1544.952427360401
 20
34.79075708966214
 30
0.0
 40
20.25
 41
0.0
 71
1
  1
C6
  0
MTEXT
  5
C5
330
17
100
AcDbEntity
  8
COL-LABEL
100
AcDbMText
 10
1705.292427832645
 20
46.79075708963486
 30
0.0
 40
20.25
 41
0.0
 71
1
  1
C5
  0
MTEXT
  5
C6
330
17
100
AcDbEntity
  8
COL-LABEL
100
AcDbMText
 10
676.7924278326382
 20
1273.790757089664
 30
0.0
 40
20.25
 41
0.0
 71
1
  1
C1
  0
MTEXT
  5
C7
330
17
100
AcDbEntity
  8
COL-LABEL
100
AcDbMText
 10
845.7866172631993
 20
1273.790757089664
 30
0.0
 40
20.25
 41
0.0
 71
1
  1
C2
  0
MTEXT
  5
C8
330
17
100
AcDbEntity
  8
COL-LABEL
100
AcDbMText
 10
1489.292427832648
 20
1273.790757089664
 30
0.0
 40
20.25
 41
0.0
 71
1
  1
C3
  0
MTEXT
  5
C9
330
17
100
AcDbEntity
  8
COL-LABEL
100
AcDbMText
 10
1705.292427832655
 20
1273.790757089626
 30
0.0
 40
20.25
 41
0.0
 71
1
  1
C4
  0
MTEXT
  5
CA
330
17
100
AcDbEntity
  8
COL-LABEL
100
AcDbMText
 10
1064.79242783264
 20
994.7907570896388
 30
0.0
 40
20.25
 41
0.0
 71
1
  1
C9
  0
MTEXT
  5
CB
330
17
100
AcDbEntity
  8
COL-LABEL
100
AcDbMText
 10
1182.792427832642
 20
994.7907570896424
 30
0.0
 40
20.25
 41
0.0
 71
1
  1
C8
  0
MTEXT
  5
CC
330
17
100
AcDbEntity
  8
COL-LABEL
100
AcDbMText
 10
1293.792427832644
 20
994.7907570896624
 30
0.0
 40
20.25
 41
0.0
 71
1
  1
C7
  0
MTEXT
  5
CD
330
17
100
AcDbEntity
  8
COL-LABEL
100
AcDbMText
 10
1544.952427360399
 20
994.7907570896624
 30
0.0
 40
20.25
 41
0.0
 71
1
  1
C6
  0
MTEXT
  5
CE
330
17
100
AcDbEntity
  8
COL-LABEL
100
AcDbMText
 10
1705.292427832644
 20
1006.790757089635
 30
0.0
 40
20.25
 41
0.0
 71
1
  1
C5
  0
MTEXT
  5
CF
330
17
100
AcDbEntity
  8
COL-LABEL
100
AcDbMText
 10
676.7924290124065
 20
2233.790757089665
 30
0.0
 40
20.25
 41
0.0
 71
1
  1
C1
  0
MTEXT
  5
D0
330
17
100
AcDbEntity
  8
COL-LABEL
100
AcDbMText
 10
845.7866184429676
 20
2233.790757089665
 30
0.0
 40
20.25
 41
0.0
 71
1
  1
C2
  0
MTEXT
  5
D1
330
17
100
AcDbEntity
  8
COL-LABEL
100
AcDbMText
 10
1489.292429012416
 20
2233.790757089665
 30
0.0
 40
20.25
 41
0.0
 71
1
  1
C3
  0
MTEXT
  5
D2
330
17
100
AcDbEntity
  8
COL-LABEL
100
AcDbMText
 10
1705.292429012424
 20
2233.790757089627
 30
0.0
 40
20.25
 41
0.0
 71
1
  1
C4
  0
MTEXT
  5
D3
330
17
100
AcDbEntity
  8
COL-LABEL
100
AcDbMText
 10
1064.792429012408
 20
1954.790757089639
 30
0.0
 40
20.25
 41
0.0
 71
1
  1
C9
  0
MTEXT
  5
D4
330
17
100
AcDbEntity
  8
COL-LABEL
100
AcDbMText
 10
1182.79242901241
 20
1954.790757089642
 30
0.0
 40
20.25
 41
0.0
 71
1
  1
C8
  0
MTEXT
  5
D5
330
17
100
AcDbEntity
  8
COL-LABEL
100
AcDbMText
 10
1293.792429012412
 20
1954.790757089662
 30
0.0
 40
20.25
 41
0.0
 71
1
  1
C7
  0
MTEXT
  5
D6
330
17
100
AcDbEntity
  8
COL-LABEL
100
AcDbMText
 10
1544.952428540167
 20
1954.790757089662
 30
0.0
 40
20.25
 41
0.0
 71
1
  1
C6
  0
MTEXT
  5
D7
330
17
100
AcDbEntity
  8
COL-LABEL
100
AcDbMText
 10
1705.292429012412
 20
1966.790757089635
 30
0.0
 40
20.25
 41
0.0
 71
1
  1
C5
  0
MTEXT
  5
D8
330
17
100
AcDbEntity
  8
COL-LABEL
100
AcDbMText
 10
676.7924278326391
 20
3193.790757089665
 30
0.0
 40
20.25
 41
0.0
 71
1
  1
C1
  0
MTEXT
  5
D9
330
17
100
AcDbEntity
  8
COL-LABEL
100
AcDbMText
 10
845.7866172632002
 20
3193.790757089665
 30
0.0
 40
20.25
 41
0.0
 71
1
  1
C2
  0
MTEXT
  5
DA
330
17
100
AcDbEntity
  8
COL-LABEL
100
AcDbMText
 10
1489.292427832649
 20
3193.790757089665
 30
0.0
 40
20.25
 41
0.0
 71
1
  1
C3
  0
MTEXT
  5
DB
330
17
100
AcDbEntity
  8
COL-LABEL
100
AcDbMText
 10
1705.292427832656
 20
3193.790757089626
 30
0.0
 40
20.25
 41
0.0
 71
1
  1
C4
  0
MTEXT
  5
DC
330
17
100
AcDbEntity
  8
COL-LABEL
100
AcDbMText
 10
1064.792427832641
 20
2914.790757089639
 30
0.0
 40
20.25
 41
0.0
 71
1
  1
C9
  0
MTEXT
  5
DD
330
17
100
AcDbEntity
  8
COL-LABEL
100
AcDbMText
 10
1182.792427832643
 20
2914.790757089643
 30
0.0
 40
20.25
 41
0.0
 71
1
  1
C8
  0
MTEXT
  5
DE
330
17
100
AcDbEntity
  8
COL-LABEL
100
AcDbMText
 10
1293.792427832644
 20
2914.790757089663
 30
0.0
 40
20.25
 41
0.0
 71
1
  1
C7
  0
MTEXT
  5
DF
330
17
100
AcDbEntity
  8
COL-LABEL
100
AcDbMText
 10
1544.9524273604
 20
2914.790757089663
 30
0.0
 40
20.25
 41
0.0
 71
1
  1
C6
  0
MTEXT
  5
E0
330
17
100
AcDbEntity
  8
COL-LABEL
100
AcDbMText
 10
1705.292427832645
 20
2926.790757089636
 30
0.0
 40
20.25
 41
0.0
 71
1
  1
C5
  0
MTEXT
  5
E1
330
17
100
AcDbEntity
  8
COL-LABEL
100
AcDbMText
 10
676.7924278326391
 20
4153.790757089664
 30
0.0
 40
20.25
 41
0.0
 71
1
  1
C1
  0
MTEXT
  5
E2
330
17
100
AcDbEntity
  8
COL-LABEL
100
AcDbMText
 10
845.7866172632002
 20
4153.790757089664
 30
0.0
 40
20.25
 41
0.0
 71
1
  1
C2
  0
MTEXT
  5
E3
330
17
100
AcDbEntity
  8
COL-LABEL
100
AcDbMText
 10
1489.292427832649
 20
4153.790757089664
 30
0.0
 40
20.25
 41
0.0
 71
1
  1
C3
  0
MTEXT
  5
E4
330
17
100
AcDbEntity
  8
COL-LABEL
100
AcDbMText
 10
1705.292427832656
 20
4153.790757089626
 30
0.0
 40
20.25
 41
0.0
 71
1
  1
C4
  0
MTEXT
  5
E5
330
17
100
AcDbEntity
  8
COL-LABEL
100
AcDbMText
 10
1064.792427832641
 20
3874.79075708964
 30
0.0
 40
20.25
 41
0.0
 71
1
  1
C9
  0
MTEXT
  5
E6
330
17
100
AcDbEntity
  8
COL-LABEL
100
AcDbMText
 10
1182.792427832643
 20
3874.790757089643
 30
0.0
 40
20.25
 41
0.0
 71
1
  1
C8
  0
MTEXT
  5
E7
330
17
100
AcDbEntity
  8
COL-LABEL
100
AcDbMText
 10
1293.792427832644
 20
3874.790757089663
 30
0.0
 40
20.25
 41
0.0
 71
1
  1
C7
  0
MTEXT
  5
E8
330
17
100
AcDbEntity
  8
COL-LABEL
100
AcDbMText
 10
1544.9524273604
 20
3874.790757089663
 30
0.0
 40
20.25
 41
0.0
 71
1
  1
C6
  0
MTEXT
  5
E9
330
17
100
AcDbEntity
  8
COL-LABEL
100
AcDbMText
 10
1705.292427832645
 20
3886.790757089636
 30
0.0
 40
20.25
 41
0.0
 71
1
  1
C5
  0
MTEXT
  5
EA
330
17
100
AcDbEntity
  8
COL-LABEL
100
AcDbMText
 10
676.7924290124073
 20
5113.790757089664
 30
0.0
 40
20.25
 41
0.0
 71
1
  1
C1
  0
MTEXT
  5
EB
330
17
100
AcDbEntity
  8
COL-LABEL
100
AcDbMText
 10
845.7866184429686
 20
5113.790757089664
 30
0.0
 40
20.25
 41
0.0
 71
1
  1
C2
  0
MTEXT
  5
EC
330
17
100
AcDbEntity
  8
COL-LABEL
100
AcDbMText
 10
1489.292429012417
 20
5113.790757089664
 30
0.0
 40
20.25
 41
0.0
 71
1
  1
C3
  0
MTEXT
  5
ED
330
17
100
AcDbEntity
  8
COL-LABEL
100
AcDbMText
 10
1705.292429012424
 20
5113.790757089626
 30
0.0
 40
20.25
 41
0.0
 71
1
  1
C4
  0
MTEXT
  5
EE
330
17
100
AcDbEntity
  8
COL-LABEL
100
AcDbMText
 10
1064.792429012409
 20
4834.790757089638
 30
0.0
 40
20.25
 41
0.0
 71
1
  1
C9
  0
MTEXT
  5
EF
330
17
100
AcDbEntity
  8
COL-LABEL
100
AcDbMText
 10
1182.792429012411
 20
4834.790757089642
 30
0.0
 40
20.25
 41
0.0
 71
1
  1
C8
  0
MTEXT
  5
F0
330
17
100
AcDbEntity
  8
COL-LABEL
100
AcDbMText
 10
1293.792429012413
 20
4834.790757089662
 30
0.0
 40
20.25
 41
0.0
 71
1
  1
C7
  0
MTEXT
  5
F1
330
17
100
AcDbEntity
  8
COL-LABEL
100
AcDbMText
 10
1544.952428540168
 20
4834.790757089662
 30
0.0
 40
20.25
 41
0.0
 71
1
  1
C6
  0
MTEXT
  5
F2
330
17
100
AcDbEntity
  8
COL-LABEL
100
AcDbMText
 10
1705.292429012413
 20
4846.790757089635
 30
0.0
 40
20.25
 41
0.0
 71
1
  1
C5
  0
MTEXT
  5
F3
330
17
100
AcDbEntity
  8
COL-LABEL
100
AcDbMText
 10
676.7924301921757
 20
6073.790757089664
 30
0.0
 40
20.25
 41
0.0
 71
1
  1
C1
  0
MTEXT
  5
F4
330
17
100
AcDbEntity
  8
COL-LABEL
100
AcDbMText
 10
845.7866196227369
 20
6073.790757089664
 30
0.0
 40
20.25
 41
0.0
 71
1
  1
C2
  0
MTEXT
  5
F5
330
17
100
AcDbEntity
  8
COL-LABEL
100
AcDbMText
 10
1489.292430192185
 20
6073.790757089664
 30
0.0
 40
20.25
 41
0.0
 71
1
  1
C3
  0
MTEXT
  5
F6
330
17
100
AcDbEntity
  8
COL-LABEL
100
AcDbMText
 10
1705.292430192193
 20
6073.790757089626
 30
0.0
 40
20.25
 41
0.0
 71
1
  1
C4
  0
MTEXT
  5
F7
330
17
100
AcDbEntity
  8
COL-LABEL
100
AcDbMText
 10
1064.792430192177
 20
5794.790757089639
 30
0.0
 40
20.25
 41
0.0
 71
1
  1
C9
  0
MTEXT
  5
F8
330
17
100
AcDbEntity
  8
COL-LABEL
100
AcDbMText
 10
1182.792430192179
 20
5794.790757089643
 30
0.0
 40
20.25
 41
0.0
 71
1
  1
C8
  0
MTEXT
  5
F9
330
17
100
AcDbEntity
  8
COL-LABEL
100
AcDbMText
 10
1293.792430192181
 20
5794.790757089662
 30
0.0
 40
20.25
 41
0.0
 71
1
  1
C7
  0
MTEXT
  5
FA
330
17
100
AcDbEntity
  8
COL-LABEL
100
AcDbMText
 10
1544.952429719937
 20
5794.790757089662
 30
0.0
 40
20.25
 41
0.0
 71
1
  1
C6
  0
MTEXT
  5
FB
330
17
100
AcDbEntity
  8
COL-LABEL
100
AcDbMText
 10
1705.292430192181
 20
5806.790757089635
 30
0.0
 40
20.25
 41
0.0
 71
1
  1
C5
  0
MTEXT
  5
FC
330
17
100
AcDbEntity
  8
COL-LABEL
100
AcDbMText
 10
676.7924278326399
 20
7033.790757089665
 30
0.0
 40
20.25
 41
0.0
 71
1
  1
C1
  0
MTEXT
  5
FD
330
17
100
AcDbEntity
  8
COL-LABEL
100
AcDbMText
 10
845.7866172632012
 20
7033.790757089665
 30
0.0
 40
20.25
 41
0.0
 71
1
  1
C2
  0
MTEXT
  5
FE
330
17
100
AcDbEntity
  8
COL-LABEL
100
AcDbMText
 10
1489.29242783265
 20
7033.790757089665
 30
0.0
 40
20.25
 41
0.0
 71
1
  1
C3
  0
MTEXT
  5
FF
330
17
100
AcDbEntity
  8
COL-LABEL
100
AcDbMText
 10
1705.292427832657
 20
7033.790757089626
 30
0.0
 40
20.25
 41
0.0
 71
1
  1
C4
  0
MTEXT
  5
100
330
17
100
AcDbEntity
  8
COL-LABEL
100
AcDbMText
 10
1064.792427832641
 20
6754.790757089638
 30
0.0
 40
20.25
 41
0.0
 71
1
  1
C9
  0
MTEXT
  5
101
330
17
100
AcDbEntity
  8
COL-LABEL
100
AcDbMText
 10
1182.792427832644
 20
6754.790757089643
 30
0.0
 40
20.25
 41
0.0
 71
1
  1
C8
  0
MTEXT
  5
102
330
17
100
AcDbEntity
  8
COL-LABEL
100
AcDbMText
 10
1293.792427832645
 20
6754.790757089662
 30
0.0
 40
20.25
 41
0.0
 71
1
  1
C7
  0
MTEXT
  5
103
330
17
100
AcDbEntity
  8
COL-LABEL
100
AcDbMText
 10
1544.952427360401
 20
6754.790757089662
 30
0.0
 40
20.25
 41
0.0
 71
1
  1
C6
  0
MTEXT
  5
104
330
17
100
AcDbEntity
  8
COL-LABEL
100
AcDbMText
 10
1705.292427832645
 20
6766.790757089634
 30
0.0
 40
20.25
 41
0.0
 71
1
  1
C5
  0
MTEXT
  5
105
330
17
100
AcDbEntity
  8
COL-LABEL
100
AcDbMText
 10
676.7924278326518
 20
7993.790757089708
 30
0.0
 40
20.25
 41
0.0
 71
1
  1
C1
  0
MTEXT
  5
106
330
17
100
AcDbEntity
  8
COL-LABEL
100
AcDbMText
 10
845.786617263213
 20
7993.790757089708
 30
0.0
 40
20.25
 41
0.0
 71
1
  1
C2
  0
MTEXT
  5
107
330
17
100
AcDbEntity
  8
COL-LABEL
100
AcDbMText
 10
1489.292427832662
 20
7993.790757089708
 30
0.0
 40
20.25
 41
0.0
 71
1
  1
C3
  0
MTEXT
  5
108
330
17
100
AcDbEntity
  8
COL-LABEL
100
AcDbMText
 10
1705.292427832669
 20
7993.790757089671
 30
0.0
 40
20.25
 41
0.0
 71
1
  1
C4
  0
MTEXT
  5
109
330
17
100
AcDbEntity
  8
COL-LABEL
100
AcDbMText
 10
1064.792427832653
 20
7714.790757089682
 30
0.0
 40
20.25
 41
0.0
 71
1
  1
C9
  0
MTEXT
  5
10A
330
17
100
AcDbEntity
  8
COL-LABEL
100
AcDbMText
 10
1182.792427832655
 20
7714.790757089686
 30
0.0
 40
20.25
 41
0.0
 71
1
  1
C8
  0
MTEXT
  5
10B
330
17
100
AcDbEntity
  8
COL-LABEL
100
AcDbMText
 10
1293.792427832657
 20
7714.790757089706
 30
0.0
 40
20.25
 41
0.0
 71
1
  1
C7
  0
MTEXT
  5
10C
330
17
100
AcDbEntity
  8
COL-LABEL
100
AcDbMText
 10
1544.952427360413
 20
7714.790757089706
 30
0.0
 40
20.25
 41
0.0
 71
1
  1
C6
  0
MTEXT
  5
10D
330
17
100
AcDbEntity
  8
COL-LABEL
100
AcDbMText
 10
1705.292427832657
 20
7726.790757089678
 30
0.0
 40
20.25
 41
0.0
 71
1
  1
C5
  0
LWPOLYLINE
  5
10E
330
17
100
AcDbEntity
  8
WALL
100
AcDbPolyline
 90
9
 70
1
 10
1165.786631595411
 20
8920.836289149713
 10
1165.786631595411
 20
8920.836289149713
 10
1051.786614095729
 20
8920.836273751684
 10
1051.786617263205
 20
8842.836289149707
 10
1165.786631595411
 20
8842.836289149707
 10
1165.786631595411
 20
8832.836289149707
 10
1041.786617263205
 20
8832.836289149707
 10
1041.786617263205
 20
8932.83628914971
 10
1165.786631595411
 20
8932.83628914971
  0
LWPOLYLINE
  5
10F
330
17
100
AcDbEntity
  8
COL
100
AcDbPolyline
 90
4
 70
1
 10
833.7866172632057
 20
8932.83628914968
 10
845.7866172632039
 20
8932.83628914968
 10
845.7866172632039
 20
8908.836289149694
 10
833.7866172632057
 20
8908.836289149694
  0
LWPOLYLINE
  5
110
330
17
100
AcDbEntity
  8
COL
100
AcDbPolyline
 90
4
 70
1
 10
1465.292427832657
 20
8932.836289149669
 10
1489.292427832653
 20
8932.83628914968
 10
1489.292427832653
 20
8920.836289149684
 10
1465.292427832657
 20
8920.836289149674
  0
MTEXT
  5
111
330
17
100
AcDbEntity
  8
COL-LABEL
100
AcDbMText
 10
845.7866172631984
 20
8953.790757089704
 30
0.0
 40
20.25
 41
0.0
 71
1
  1
C2
  0
MTEXT
  5
112
330
17
100
AcDbEntity
  8
COL-LABEL
100
AcDbMText
 10
1489.292427832647
 20
8953.790757089704
 30
0.0
 40
20.25
 41
0.0
 71
1
  1
C3
  0
CIRCLE
  5
119
330
17
100
AcDbEntity
  8
FLOOR_0_DATUM
100
AcDbCircle
 10
1041.786617263207
 20
7012.836289149665
 30
0.0
 40
24.0
  0
LINE
  5
11A
330
17
100
AcDbEntity
  8
FLOOR_0_DATUM
100
AcDbLine
 10
1005.7866172632071
 20
7012.836289149665
 30
0.0
 11
1077.786617263207
 21
7012.836289149665
 31
0.0
  0
LINE
  5
11B
330
17
100
AcDbEntity
  8
FLOOR_0_DATUM
100
AcDbLine
 10
1041.786617263207
 20
6976.836289149665
 30
0.0
 11
1041.786617263207
 21
7048.836289149665
 31
0.0
  0
TEXT
  5
11C
330
17
100
AcDbEntity
  8
FLOOR_0_DATUM
100
AcDbText
 10
1083.786617263207
 20
7006.836289149665
 30
0.0
 40
12.0
  1
DATUM·USER
100
AcDbText
  0
LWPOLYLINE
  5
11D
330
17
100
AcDbEntity
  8
FLOOR_0_BOUNDARY
100
AcDbPolyline
 90
18
 70
1
 10
1291.792427832654
 20
6721.836289149705
 10
1156.792427832659
 20
6721.836289149689
 10
1156.792427832659
 20
6755.836289149684
 10
1066.855618817522
 20
6755.836289149684
 10
1066.855618817515
 20
6721.8362891496745
 10
939.7924278326426
 20
6721.836289149705
 10
939.7924278326426
 20
6721.8362888117235
 10
664.7924278326464
 20
6721.836289149679
 10
664.7924278326464
 20
7012.83628914969
 10
1531.54242783262
 20
7012.83628914969
 10
1531.542427832622
 20
7012.83628914969
 10
1705.2924278326548
 20
7012.83628914969
 10
1705.2924278326548
 20
6873.586289149691
 10
1705.2924278326568
 20
6873.586289149691
 10
1705.292427832645
 20
6721.836289149679
 10
1291.792427832655
 20
6721.836289149635
 10
1291.792427832654
 20
6721.836292751235
 10
1291.792427832654
 20
6721.836289149705
  0
LWPOLYLINE
  5
11E
330
17
100
AcDbEntity
  8
FLOOR_0_BOUNDARY
100
AcDbPolyline
 90
5
 70
1
 10
1291.7923866394588
 20
6866.836339149671
 10
1291.7923866394588
 20
6866.836339149673
 10
939.7924274405996
 20
6866.836338197954
 10
939.7924274405998
 20
6866.836239149685
 10
1291.7923866394588
 20
6866.836339149671
  0
POINT
  5
11F
330
17
100
AcDbEntity
  8
FLOOR_0_COLUMNS
100
AcDbPoint
 10
670.7924278326441
 20
7000.8362891496945
 30
0.0
  0
POINT
  5
120
330
17
100
AcDbEntity
  8
FLOOR_0_COLUMNS
100
AcDbPoint
 10
839.7866172632027
 20
7000.836289149691
 30
0.0
  0
POINT
  5
121
330
17
100
AcDbEntity
  8
FLOOR_0_COLUMNS
100
AcDbPoint
 10
1052.7924278326427
 20
6727.8362891496945
 30
0.0
  0
POINT
  5
122
330
17
100
AcDbEntity
  8
FLOOR_0_COLUMNS
100
AcDbPoint
 10
1170.7924278326432
 20
6727.836289149698
 30
0.0
  0
POINT
  5
123
330
17
100
AcDbEntity
  8
FLOOR_0_COLUMNS
100
AcDbPoint
 10
1281.792427832646
 20
6727.836289149717
 30
0.0
  0
POINT
  5
124
330
17
100
AcDbEntity
  8
FLOOR_0_COLUMNS
100
AcDbPoint
 10
1532.9524273604006
 20
6727.836289149713
 30
0.0
  0
POINT
  5
125
330
17
100
AcDbEntity
  8
FLOOR_0_COLUMNS
100
AcDbPoint
 10
1699.2924278326432
 20
6733.836289149693
 30
0.0
  0
POINT
  5
126
330
17
100
AcDbEntity
  8
FLOOR_0_COLUMNS
100
AcDbPoint
 10
1477.2924278326532
 20
7006.836289149682
 30
0.0
  0
POINT
  5
127
330
17
100
AcDbEntity
  8
FLOOR_0_COLUMNS
100
AcDbPoint
 10
1699.292427832648
 20
7000.836289149691
 30
0.0
  0
LWPOLYLINE
  5
129
330
17
100
AcDbEntity
  8
FLOOR_0_TRIBUTARY_COL_0
100
AcDbPolyline
 90
13
 70
1
 10
755.2895225479215
 20
6879.58440935394
 10
752.7924278326454
 20
6878.767515915486
 10
740.7924278326454
 20
6875.377181342995
 10
728.7924278326454
 20
6872.522162755635
 10
716.7924278326454
 20
6870.202460153404
 10
704.7924278326454
 20
6868.418073536304
 10
692.7924278326454
 20
6867.169002904333
 10
680.7924278326454
 20
6866.455248257493
 10
669.7924278326459
 20
6866.291679484259
 10
664.7924278326464
 20
6866.403203647828
 10
664.7924278326464
 20
7012.83628914969
 10
755.2895225479235
 20
7012.83628914969
 10
755.2895225479215
 20
6879.58440935394
  0
LWPOLYLINE
  5
12A
330
17
100
AcDbEntity
  8
FLOOR_0_LARGE_TRIBUTARY
100
AcDbPolyline
 90
13
 70
1
 10
755.2895225479215
 20
6879.58440935394
 10
752.7924278326454
 20
6878.767515915486
 10
740.7924278326454
 20
6875.377181342995
 10
728.7924278326454
 20
6872.522162755635
 10
716.7924278326454
 20
6870.202460153404
 10
704.7924278326454
 20
6868.418073536304
 10
692.7924278326454
 20
6867.169002904333
 10
680.7924278326454
 20
6866.455248257493
 10
669.7924278326459
 20
6866.291679484259
 10
664.7924278326464
 20
6866.403203647828
 10
664.7924278326464
 20
7012.83628914969
 10
755.2895225479235
 20
7012.83628914969
 10
755.2895225479215
 20
6879.58440935394
  0
LWPOLYLINE
  5
12C
330
17
100
AcDbEntity
  8
FLOOR_0_TRIBUTARY_COL_1
100
AcDbPolyline
 90
20
 70
1
 10
940.7866181770469
 20
7006.836258383599
 10
940.7866163493582
 20
6994.836258383599
 10
940.0737432345409
 20
6982.836258383599
 10
938.6479988325948
 20
6970.836258383599
 10
936.50938314352
 20
6958.836258383599
 10
933.6578961673167
 20
6946.836258383599
 10
930.0935379039845
 20
6934.836258383599
 10
925.8163083535237
 20
6922.836258383599
 10
902.6061783975163
 20
6867.02144250372
 10
836.7924278326454
 20
6866.286038536945
 10
824.7924278326454
 20
6866.687266318235
 10
812.7924278326454
 20
6867.623810084653
 10
800.7924278326454
 20
6869.095669836201
 10
788.7924278326454
 20
6871.102845572881
 10
776.7924278326454
 20
6873.64533729469
 10
764.7924278326454
 20
6876.723145001629
 10
755.2895225479215
 20
6879.58440935394
 10
755.2895225479235
 20
7012.83628914969
 10
940.430181619643
 20
7012.83628914969
 10
940.7866181770469
 20
7006.836258383599
  0
LWPOLYLINE
  5
12D
330
17
100
AcDbEntity
  8
FLOOR_0_LARGE_TRIBUTARY
100
AcDbPolyline
 90
20
 70
1
 10
940.7866181770469
 20
7006.836258383599
 10
940.7866163493582
 20
6994.836258383599
 10
940.0737432345409
 20
6982.836258383599
 10
938.6479988325948
 20
6970.836258383599
 10
936.50938314352
 20
6958.836258383599
 10
933.6578961673167
 20
6946.836258383599
 10
930.0935379039845
 20
6934.836258383599
 10
925.8163083535237
 20
6922.836258383599
 10
902.6061783975163
 20
6867.02144250372
 10
836.7924278326454
 20
6866.286038536945
 10
824.7924278326454
 20
6866.687266318235
 10
812.7924278326454
 20
6867.623810084653
 10
800.7924278326454
 20
6869.095669836201
 10
788.7924278326454
 20
6871.102845572881
 10
776.7924278326454
 20
6873.64533729469
 10
764.7924278326454
 20
6876.723145001629
 10
755.2895225479215
 20
6879.58440935394
 10
755.2895225479235
 20
7012.83628914969
 10
940.430181619643
 20
7012.83628914969
 10
940.7866181770469
 20
7006.836258383599
  0
LWPOLYLINE
  5
12F
330
17
100
AcDbEntity
  8
FLOOR_0_TRIBUTARY_COL_2
100
AcDbPolyline
 90
14
 70
1
 10
948.1327720009028
 20
6747.704357983341
 10
949.4458062665512
 20
6816.638656930161
 10
998.1051347677083
 20
6819.472177771939
 10
1055.786648029275
 20
6820.409355758908
 10
1067.786648029275
 20
6819.8259468812885
 10
1079.786648029275
 20
6818.4641596252895
 10
1091.786648029275
 20
6816.3239939909145
 10
1103.786648029275
 20
6813.405449978159
 10
1111.7924278326402
 20
6810.93905442703
 10
1111.792427832642
 20
6755.836289149684
 10
1066.855618817522
 20
6755.836289149684
 10
1066.855618817515
 20
6721.8362891496745
 10
948.8789662941826
 20
6721.836289149702
 10
948.1327720009028
 20
6747.704357983341
  0
LWPOLYLINE
  5
130
330
17
100
AcDbEntity
  8
FLOOR_0_LARGE_TRIBUTARY
100
AcDbPolyline
 90
14
 70
1
 10
948.1327720009028
 20
6747.704357983341
 10
949.4458062665512
 20
6816.638656930161
 10
998.1051347677083
 20
6819.472177771939
 10
1055.786648029275
 20
6820.409355758908
 10
1067.786648029275
 20
6819.8259468812885
 10
1079.786648029275
 20
6818.4641596252895
 10
1091.786648029275
 20
6816.3239939909145
 10
1103.786648029275
 20
6813.405449978159
 10
1111.7924278326402
 20
6810.93905442703
 10
1111.792427832642
 20
6755.836289149684
 10
1066.855618817522
 20
6755.836289149684
 10
1066.855618817515
 20
6721.8362891496745
 10
948.8789662941826
 20
6721.836289149702
 10
948.1327720009028
 20
6747.704357983341
  0
LWPOLYLINE
  5
132
330
17
100
AcDbEntity
  8
FLOOR_0_TRIBUTARY_COL_3
100
AcDbPolyline
 90
12
 70
1
 10
1111.7924278326402
 20
6810.93905442703
 10
1115.786648029275
 20
6812.2561923610965
 10
1127.786648029275
 20
6815.43494564564
 10
1139.786648029275
 20
6817.835320551803
 10
1151.786648029275
 20
6819.457317079591
 10
1207.5174325585142
 20
6823.375275522058
 10
1226.2924278326282
 20
6823.872544265576
 10
1226.2924278326457
 20
6721.836289149696
 10
1156.792427832659
 20
6721.836289149689
 10
1156.792427832659
 20
6755.836289149684
 10
1111.792427832642
 20
6755.836289149684
 10
1111.7924278326402
 20
6810.93905442703
  0
LWPOLYLINE
  5
133
330
17
100
AcDbEntity
  8
FLOOR_0_LARGE_TRIBUTARY
100
AcDbPolyline
 90
12
 70
1
 10
1111.7924278326402
 20
6810.93905442703
 10
1115.786648029275
 20
6812.2561923610965
 10
1127.786648029275
 20
6815.43494564564
 10
1139.786648029275
 20
6817.835320551803
 10
1151.786648029275
 20
6819.457317079591
 10
1207.5174325585142
 20
6823.375275522058
 10
1226.2924278326282
 20
6823.872544265576
 10
1226.2924278326457
 20
6721.836289149696
 10
1156.792427832659
 20
6721.836289149689
 10
1156.792427832659
 20
6755.836289149684
 10
1111.792427832642
 20
6755.836289149684
 10
1111.7924278326402
 20
6810.93905442703
  0
LWPOLYLINE
  5
135
330
17
100
AcDbEntity
  8
FLOOR_0_TRIBUTARY_COL_4
100
AcDbPolyline
 90
9
 70
1
 10
1226.2924278326282
 20
6823.872544265576
 10
1341.0494715551956
 20
6894.3089520609665
 10
1407.3724275965253
 20
6847.835339494364
 10
1407.3724275965233
 20
6721.836289149647
 10
1291.792427832655
 20
6721.836289149635
 10
1291.792427832654
 20
6721.836292751235
 10
1291.792427832654
 20
6721.836289149705
 10
1226.2924278326457
 20
6721.836289149696
 10
1226.2924278326282
 20
6823.872544265576
  0
LWPOLYLINE
  5
136
330
17
100
AcDbEntity
  8
FLOOR_0_LARGE_TRIBUTARY
100
AcDbPolyline
 90
9
 70
1
 10
1226.2924278326282
 20
6823.872544265576
 10
1341.0494715551956
 20
6894.3089520609665
 10
1407.3724275965253
 20
6847.835339494364
 10
1407.3724275965233
 20
6721.836289149647
 10
1291.792427832655
 20
6721.836289149635
 10
1291.792427832654
 20
6721.836292751235
 10
1291.792427832654
 20
6721.836289149705
 10
1226.2924278326457
 20
6721.836289149696
 10
1226.2924278326282
 20
6823.872544265576
  0
LWPOLYLINE
  5
138
330
17
100
AcDbEntity
  8
FLOOR_0_TRIBUTARY_COL_5
100
AcDbPolyline
 90
6
 70
1
 10
1407.3724275965253
 20
6847.835339494364
 10
1585.03410992124
 20
6883.278526427317
 10
1611.1987772558223
 20
6867.3362891496945
 10
1616.447063882723
 20
6721.836289149669
 10
1407.3724275965233
 20
6721.836289149647
 10
1407.3724275965253
 20
6847.835339494364
  0
LWPOLYLINE
  5
139
330
17
100
AcDbEntity
  8
FLOOR_0_LARGE_TRIBUTARY
100
AcDbPolyline
 90
6
 70
1
 10
1407.3724275965253
 20
6847.835339494364
 10
1585.03410992124
 20
6883.278526427317
 10
1611.1987772558223
 20
6867.3362891496945
 10
1616.447063882723
 20
6721.836289149669
 10
1407.3724275965233
 20
6721.836289149647
 10
1407.3724275965253
 20
6847.835339494364
  0
LWPOLYLINE
  5
13B
330
17
100
AcDbEntity
  8
FLOOR_0_TRIBUTARY_COL_6
100
AcDbPolyline
 90
5
 70
1
 10
1611.1987772558223
 20
6867.3362891496945
 10
1705.2924278326564
 20
6867.336289149693
 10
1705.292427832645
 20
6721.836289149679
 10
1616.447063882723
 20
6721.836289149669
 10
1611.1987772558223
 20
6867.3362891496945
  0
LWPOLYLINE
  5
13C
330
17
100
AcDbEntity
  8
FLOOR_0_LARGE_TRIBUTARY
100
AcDbPolyline
 90
5
 70
1
 10
1611.1987772558223
 20
6867.3362891496945
 10
1705.2924278326564
 20
6867.336289149693
 10
1705.292427832645
 20
6721.836289149679
 10
1616.447063882723
 20
6721.836289149669
 10
1611.1987772558223
 20
6867.3362891496945
  0
LWPOLYLINE
  5
13E
330
17
100
AcDbEntity
  8
FLOOR_0_TRIBUTARY_COL_7
100
AcDbPolyline
 90
10
 70
1
 10
1585.03410992124
 20
6883.278526427317
 10
1407.3724275965253
 20
6847.835339494364
 10
1341.0494715551956
 20
6894.3089520609665
 10
1322.4062871033357
 20
6958.836297366599
 10
1321.481745877529
 20
7006.836289149667
 10
1321.5973135505383
 20
7012.83628914969
 10
1531.54242783262
 20
7012.83628914969
 10
1531.542427832622
 20
7012.83628914969
 10
1588.5356710758933
 20
7012.83628914969
 10
1585.03410992124
 20
6883.278526427317
  0
LWPOLYLINE
  5
13F
330
17
100
AcDbEntity
  8
FLOOR_0_LARGE_TRIBUTARY
100
AcDbPolyline
 90
10
 70
1
 10
1585.03410992124
 20
6883.278526427317
 10
1407.3724275965253
 20
6847.835339494364
 10
1341.0494715551956
 20
6894.3089520609665
 10
1322.4062871033357
 20
6958.836297366599
 10
1321.481745877529
 20
7006.836289149667
 10
1321.5973135505383
 20
7012.83628914969
 10
1531.54242783262
 20
7012.83628914969
 10
1531.542427832622
 20
7012.83628914969
 10
1588.5356710758933
 20
7012.83628914969
 10
1585.03410992124
 20
6883.278526427317
  0
LWPOLYLINE
  5
141
330
17
100
AcDbEntity
  8
FLOOR_0_TRIBUTARY_COL_8
100
AcDbPolyline
 90
8
 70
1
 10
1611.1987772558223
 20
6867.3362891496945
 10
1585.03410992124
 20
6883.278526427317
 10
1588.5356710758933
 20
7012.83628914969
 10
1705.2924278326548
 20
7012.83628914969
 10
1705.2924278326548
 20
6873.586289149691
 10
1705.2924278326568
 20
6873.586289149691
 10
1705.2924278326564
 20
6867.336289149693
 10
1611.1987772558223
 20
6867.3362891496945
  0
LWPOLYLINE
  5
142
330
17
100
AcDbEntity
  8
FLOOR_0_LARGE_TRIBUTARY
100
AcDbPolyline
 90
8
 70
1
 10
1611.1987772558223
 20
6867.3362891496945
 10
1585.03410992124
 20
6883.278526427317
 10
1588.5356710758933
 20
7012.83628914969
 10
1705.2924278326548
 20
7012.83628914969
 10
1705.2924278326548
 20
6873.586289149691
 10
1705.2924278326568
 20
6873.586289149691
 10
1705.2924278326564
 20
6867.336289149693
 10
1611.1987772558223
 20
6867.3362891496945
  0
LWPOLYLINE
  5
144
330
17
100
AcDbEntity
  8
FLOOR_0_WALL_TRIBUTARY_14
100
AcDbPolyline
 90
40
 70
1
 10
998.1051347677083
 20
6819.472177771939
 10
949.4458062665512
 20
6816.638656930161
 10
902.6061783975163
 20
6867.02144250372
 10
925.8163083535237
 20
6922.836258383599
 10
930.0935379039845
 20
6934.836258383599
 10
933.6578961673167
 20
6946.836258383599
 10
936.50938314352
 20
6958.836258383599
 10
938.6479988325948
 20
6970.836258383599
 10
940.0737432345409
 20
6982.836258383599
 10
940.7866163493582
 20
6994.836258383599
 10
940.7866181770469
 20
7006.836258383599
 10
940.430181619643
 20
7012.83628914969
 10
1047.7866018801346
 20
7012.83628914969
 10
1059.7865864971411
 20
7012.83628914969
 10
1071.7865864971411
 20
7012.83628914969
 10
1083.7865864971411
 20
7012.83628914969
 10
1095.7865864971411
 20
7012.83628914969
 10
1107.7865864971411
 20
7012.83628914969
 10
1119.7865864971411
 20
7012.83628914969
 10
1131.7865864971411
 20
7012.83628914969
 10
1143.7865864971411
 20
7012.83628914969
 10
1155.7865864971411
 20
7012.83628914969
 10
1163.7866090462776
 20
7012.83628914969
 10
1321.5973135505383
 20
7012.83628914969
 10
1321.481745877529
 20
7006.836289149667
 10
1322.4062871033357
 20
6958.836297366599
 10
1341.0494715551956
 20
6894.3089520609665
 10
1226.2924278326282
 20
6823.872544265576
 10
1207.5174325585142
 20
6823.375275522058
 10
1151.786648029275
 20
6819.457317079591
 10
1139.786648029275
 20
6817.835320551803
 10
1127.786648029275
 20
6815.43494564564
 10
1115.786648029275
 20
6812.2561923610965
 10
1111.7924278326402
 20
6810.93905442703
 10
1103.786648029275
 20
6813.405449978159
 10
1091.786648029275
 20
6816.3239939909145
 10
1079.786648029275
 20
6818.4641596252895
 10
1067.786648029275
 20
6819.8259468812885
 10
1055.786648029275
 20
6820.409355758908
 10
998.1051347677083
 20
6819.472177771939
  0
LWPOLYLINE
  5
145
330
17
100
AcDbEntity
  8
FLOOR_0_LARGE_TRIBUTARY
100
AcDbPolyline
 90
40
 70
1
 10
998.1051347677083
 20
6819.472177771939
 10
949.4458062665512
 20
6816.638656930161
 10
902.6061783975163
 20
6867.02144250372
 10
925.8163083535237
 20
6922.836258383599
 10
930.0935379039845
 20
6934.836258383599
 10
933.6578961673167
 20
6946.836258383599
 10
936.50938314352
 20
6958.836258383599
 10
938.6479988325948
 20
6970.836258383599
 10
940.0737432345409
 20
6982.836258383599
 10
940.7866163493582
 20
6994.836258383599
 10
940.7866181770469
 20
7006.836258383599
 10
940.430181619643
 20
7012.83628914969
 10
1047.7866018801346
 20
7012.83628914969
 10
1059.7865864971411
 20
7012.83628914969
 10
1071.7865864971411
 20
7012.83628914969
 10
1083.7865864971411
 20
7012.83628914969
 10
1095.7865864971411
 20
7012.83628914969
 10
1107.7865864971411
 20
7012.83628914969
 10
1119.7865864971411
 20
7012.83628914969
 10
1131.7865864971411
 20
7012.83628914969
 10
1143.7865864971411
 20
7012.83628914969
 10
1155.7865864971411
 20
7012.83628914969
 10
1163.7866090462776
 20
7012.83628914969
 10
1321.5973135505383
 20
7012.83628914969
 10
1321.481745877529
 20
7006.836289149667
 10
1322.4062871033357
 20
6958.836297366599
 10
1341.0494715551956
 20
6894.3089520609665
 10
1226.2924278326282
 20
6823.872544265576
 10
1207.5174325585142
 20
6823.375275522058
 10
1151.786648029275
 20
6819.457317079591
 10
1139.786648029275
 20
6817.835320551803
 10
1127.786648029275
 20
6815.43494564564
 10
1115.786648029275
 20
6812.2561923610965
 10
1111.7924278326402
 20
6810.93905442703
 10
1103.786648029275
 20
6813.405449978159
 10
1091.786648029275
 20
6816.3239939909145
 10
1079.786648029275
 20
6818.4641596252895
 10
1067.786648029275
 20
6819.8259468812885
 10
1055.786648029275
 20
6820.409355758908
 10
998.1051347677083
 20
6819.472177771939
  0
TEXT
  5
146
330
17
100
AcDbEntity
  8
FLOOR_0_AREA_LABELS
100
AcDbText
 10
1118.8943038525158
 20
6918.204365464018
 30
0.0
 40
24.0
  1
514 SF
 72
1
 11
1118.8943038525158
 21
6918.204365464018
 31
0.0
100
AcDbText
 73
2
  0
LWPOLYLINE
  5
148
330
17
100
AcDbEntity
  8
FLOOR_0_WALL_TRIBUTARY_15
100
AcDbPolyline
 90
41
 70
1
 10
664.7924278326464
 20
6866.403203647828
 10
669.7924278326459
 20
6866.291679484259
 10
680.7924278326454
 20
6866.455248257493
 10
692.7924278326454
 20
6867.169002904333
 10
704.7924278326454
 20
6868.418073536304
 10
716.7924278326454
 20
6870.202460153404
 10
728.7924278326454
 20
6872.522162755635
 10
740.7924278326454
 20
6875.377181342995
 10
752.7924278326454
 20
6878.767515915486
 10
755.2895225479215
 20
6879.58440935394
 10
764.7924278326454
 20
6876.723145001629
 10
776.7924278326454
 20
6873.64533729469
 10
788.7924278326454
 20
6871.102845572881
 10
800.7924278326454
 20
6869.095669836201
 10
812.7924278326454
 20
6867.623810084653
 10
824.7924278326454
 20
6866.687266318235
 10
836.7924278326454
 20
6866.286038536945
 10
902.6061783975163
 20
6867.02144250372
 10
949.4458062665512
 20
6816.638656930161
 10
948.1327720009028
 20
6747.704357983341
 10
948.8789662941826
 20
6721.836289149702
 10
939.7924278326426
 20
6721.836289149705
 10
939.7924278326426
 20
6721.8362888117235
 10
838.7924278326464
 20
6721.836288935845
 10
826.7924278326464
 20
6721.8362889505925
 10
814.7924278326464
 20
6721.83628896534
 10
802.7924278326464
 20
6721.836288980087
 10
790.7924278326464
 20
6721.836288994833
 10
778.7924278326464
 20
6721.836289009581
 10
766.7924278326464
 20
6721.836289024328
 10
754.7924278326464
 20
6721.836289039076
 10
742.7924278326464
 20
6721.836289053822
 10
730.7924278326464
 20
6721.836289068569
 10
718.7924278326464
 20
6721.836289083317
 10
706.7924278326464
 20
6721.836289098064
 10
694.7924278326464
 20
6721.836289112812
 10
682.7924278326464
 20
6721.836289127557
 10
670.7924278326464
 20
6721.836289142306
 10
664.7924278326464
 20
6721.836289149679
 10
664.7924278326464
 20
6726.836289149678
 10
664.7924278326464
 20
6866.403203647828
  0
LWPOLYLINE
  5
149
330
17
100
AcDbEntity
  8
FLOOR_0_LARGE_TRIBUTARY
100
AcDbPolyline
 90
41
 70
1
 10
664.7924278326464
 20
6866.403203647828
 10
669.7924278326459
 20
6866.291679484259
 10
680.7924278326454
 20
6866.455248257493
 10
692.7924278326454
 20
6867.169002904333
 10
704.7924278326454
 20
6868.418073536304
 10
716.7924278326454
 20
6870.202460153404
 10
728.7924278326454
 20
6872.522162755635
 10
740.7924278326454
 20
6875.377181342995
 10
752.7924278326454
 20
6878.767515915486
 10
755.2895225479215
 20
6879.58440935394
 10
764.7924278326454
 20
6876.723145001629
 10
776.7924278326454
 20
6873.64533729469
 10
788.7924278326454
 20
6871.102845572881
 10
800.7924278326454
 20
6869.095669836201
 10
812.7924278326454
 20
6867.623810084653
 10
824.7924278326454
 20
6866.687266318235
 10
836.7924278326454
 20
6866.286038536945
 10
902.6061783975163
 20
6867.02144250372
 10
949.4458062665512
 20
6816.638656930161
 10
948.1327720009028
 20
6747.704357983341
 10
948.8789662941826
 20
6721.836289149702
 10
939.7924278326426
 20
6721.836289149705
 10
939.7924278326426
 20
6721.8362888117235
 10
838.7924278326464
 20
6721.836288935845
 10
826.7924278326464
 20
6721.8362889505925
 10
814.7924278326464
 20
6721.83628896534
 10
802.7924278326464
 20
6721.836288980087
 10
790.7924278326464
 20
6721.836288994833
 10
778.7924278326464
 20
6721.836289009581
 10
766.7924278326464
 20
6721.836289024328
 10
754.7924278326464
 20
6721.836289039076
 10
742.7924278326464
 20
6721.836289053822
 10
730.7924278326464
 20
6721.836289068569
 10
718.7924278326464
 20
6721.836289083317
 10
706.7924278326464
 20
6721.836289098064
 10
694.7924278326464
 20
6721.836289112812
 10
682.7924278326464
 20
6721.836289127557
 10
670.7924278326464
 20
6721.836289142306
 10
664.7924278326464
 20
6721.836289149679
 10
664.7924278326464
 20
6726.836289149678
 10
664.7924278326464
 20
6866.403203647828
  0
TEXT
  5
14A
330
17
100
AcDbEntity
  8
FLOOR_0_AREA_LABELS
100
AcDbText
 10
802.3856518479945
 20
6794.006834654924
 30
0.0
 40
24.0
  1
283 SF
 72
1
 11
802.3856518479945
 21
6794.006834654924
 31
0.0
100
AcDbText
 73
2
  0
TEXT
  5
14B
330
17
100
AcDbEntity
  8
FLOOR_0_AREA_LABELS
100
AcDbText
 10
709.3420528649721
 20
6941.58566377931
 30
0.0
 40
24.0
  1
90 SF
 72
1
 11
709.3420528649721
 21
6941.58566377931
 31
0.0
100
AcDbText
 73
2
  0
TEXT
  5
14C
330
17
100
AcDbEntity
  8
FLOOR_0_AREA_LABELS
100
AcDbText
 10
842.933467647455
 20
6943.61984589579
 30
0.0
 40
24.0
  1
173 SF
 72
1
 11
842.933467647455
 21
6943.61984589579
 31
0.0
100
AcDbText
 73
2
  0
TEXT
  5
14D
330
17
100
AcDbEntity
  8
FLOOR_0_AREA_LABELS
100
AcDbText
 10
1023.5595338793212
 20
6773.440390540187
 30
0.0
 40
24.0
  1
99 SF
 72
1
 11
1023.5595338793212
 21
6773.440390540187
 31
0.0
100
AcDbText
 73
2
  0
TEXT
  5
14E
330
17
100
AcDbEntity
  8
FLOOR_0_AREA_LABELS
100
AcDbText
 10
1175.8025775961835
 20
6775.965183459631
 30
0.0
 40
24.0
  1
68 SF
 72
1
 11
1175.8025775961835
 21
6775.965183459631
 31
0.0
100
AcDbText
 73
2
  0
TEXT
  5
14F
330
17
100
AcDbEntity
  8
FLOOR_0_AREA_LABELS
100
AcDbText
 10
1320.9596999830953
 20
6793.93292282501
 30
0.0
 40
24.0
  1
179 SF
 72
1
 11
1320.9596999830953
 21
6793.93292282501
 31
0.0
100
AcDbText
 73
2
  0
TEXT
  5
150
330
17
100
AcDbEntity
  8
FLOOR_0_AREA_LABELS
100
AcDbText
 10
1514.449448353369
 20
6794.372622123792
 30
0.0
 40
24.0
  1
208 SF
 72
1
 11
1514.449448353369
 21
6794.372622123792
 31
0.0
100
AcDbText
 73
2
  0
TEXT
  5
151
330
17
100
AcDbEntity
  8
FLOOR_0_AREA_LABELS
100
AcDbText
 10
1659.5451269810633
 20
6795.2819906709365
 30
0.0
 40
24.0
  1
93 SF
 72
1
 11
1659.5451269810633
 21
6795.2819906709365
 31
0.0
100
AcDbText
 73
2
  0
TEXT
  5
152
330
17
100
AcDbEntity
  8
FLOOR_0_AREA_LABELS
100
AcDbText
 10
1456.925477737025
 20
6940.930745951389
 30
0.0
 40
24.0
  1
260 SF
 72
1
 11
1456.925477737025
 21
6940.930745951389
 31
0.0
100
AcDbText
 73
2
  0
TEXT
  5
153
330
17
100
AcDbEntity
  8
FLOOR_0_AREA_LABELS
100
AcDbText
 10
1646.5755041347288
 20
6940.517570693826
 30
0.0
 40
24.0
  1
119 SF
 72
1
 11
1646.5755041347288
 21
6940.517570693826
 31
0.0
100
AcDbText
 73
2
  0
LWPOLYLINE
  5
156
330
17
100
AcDbEntity
  8
FLOOR_0_FASCADE_COLUMNS
100
AcDbPolyline
 90
12
 70
0
 10
1291.792427832654
 20
6721.836289149705
 10
1285.792427832654
 20
6721.836289149704
 10
1279.792427832654
 20
6721.836289149704
 10
1273.792427832654
 20
6721.836289149702
 10
1267.792427832654
 20
6721.836289149702
 10
1261.792427832654
 20
6721.836289149701
 10
1255.792427832654
 20
6721.836289149701
 10
1249.792427832654
 20
6721.8362891497
 10
1243.792427832654
 20
6721.8362891497
 10
1237.792427832654
 20
6721.836289149698
 10
1231.792427832654
 20
6721.836289149698
 10
1225.792427832654
 20
6721.836289149696
  0
TEXT
  5
157
330
17
100
AcDbEntity
  8
FLOOR_0_FASCADE_COLUMNS
100
AcDbText
 10
1258.7924278326545
 20
6715.836289149701
 30
0.0
 40
12.0
  1
6 FT
 50
-179.9999999999929
 72
1
 11
1258.7924278326545
 21
6715.836289149701
 31
0.0
100
AcDbText
 73
2
  0
LWPOLYLINE
  5
158
330
17
100
AcDbEntity
  8
FLOOR_0_FASCADE_COLUMNS
100
AcDbPolyline
 90
26
 70
0
 10
1225.792427832654
 20
6721.836289149696
 10
1219.792427832654
 20
6721.836289149696
 10
1213.792427832654
 20
6721.836289149695
 10
1207.792427832654
 20
6721.836289149695
 10
1201.792427832654
 20
6721.8362891496945
 10
1195.792427832654
 20
6721.836289149693
 10
1189.792427832654
 20
6721.836289149693
 10
1183.792427832654
 20
6721.836289149691
 10
1177.792427832654
 20
6721.836289149691
 10
1171.792427832654
 20
6721.83628914969
 10
1165.792427832654
 20
6721.83628914969
 10
1159.792427832654
 20
6721.836289149689
 10
1156.792427832659
 20
6724.8362891496945
 10
1156.792427832659
 20
6730.8362891496945
 10
1156.792427832659
 20
6736.8362891496945
 10
1156.792427832659
 20
6742.8362891496945
 10
1156.792427832659
 20
6748.8362891496945
 10
1156.792427832659
 20
6754.8362891496945
 10
1151.792427832649
 20
6755.836289149684
 10
1145.792427832649
 20
6755.836289149684
 10
1139.792427832649
 20
6755.836289149684
 10
1133.792427832649
 20
6755.836289149684
 10
1127.792427832649
 20
6755.836289149684
 10
1121.792427832649
 20
6755.836289149684
 10
1115.792427832649
 20
6755.836289149684
 10
1109.792427832649
 20
6755.836289149684
  0
TEXT
  5
159
330
17
100
AcDbEntity
  8
FLOOR_0_FASCADE_COLUMNS
100
AcDbText
 10
1155.1048052209997
 20
6722.506707299624
 30
0.0
 40
12.0
  1
13 FT
 50
163.6639571102882
 72
1
 11
1155.1048052209997
 21
6722.506707299624
 31
0.0
100
AcDbText
 73
2
  0
LWPOLYLINE
  5
15A
330
17
100
AcDbEntity
  8
FLOOR_0_FASCADE_COLUMNS
100
AcDbPolyline
 90
33
 70
0
 10
1109.792427832649
 20
6755.836289149684
 10
1103.792427832649
 20
6755.836289149684
 10
1097.792427832649
 20
6755.836289149684
 10
1091.792427832649
 20
6755.836289149684
 10
1085.792427832649
 20
6755.836289149684
 10
1079.792427832649
 20
6755.836289149684
 10
1073.792427832649
 20
6755.836289149684
 10
1067.792427832649
 20
6755.836289149684
 10
1066.855618817521
 20
6750.773098164811
 10
1066.8556188175198
 20
6744.773098164811
 10
1066.8556188175185
 20
6738.773098164811
 10
1066.8556188175173
 20
6732.773098164811
 10
1066.8556188175162
 20
6726.773098164811
 10
1065.7924278326507
 20
6721.8362891496745
 10
1059.7924278326507
 20
6721.836289149676
 10
1053.7924278326507
 20
6721.836289149678
 10
1047.7924278326507
 20
6721.836289149679
 10
1041.7924278326507
 20
6721.83628914968
 10
1035.7924278326507
 20
6721.836289149682
 10
1029.7924278326507
 20
6721.836289149684
 10
1023.7924278326507
 20
6721.8362891496845
 10
1017.7924278326507
 20
6721.836289149685
 10
1011.7924278326507
 20
6721.836289149689
 10
1005.7924278326507
 20
6721.83628914969
 10
999.7924278326507
 20
6721.836289149691
 10
993.7924278326507
 20
6721.836289149693
 10
987.7924278326507
 20
6721.8362891496945
 10
981.7924278326507
 20
6721.836289149695
 10
975.7924278326507
 20
6721.836289149696
 10
969.7924278326507
 20
6721.836289149698
 10
963.7924278326507
 20
6721.8362891497
 10
957.7924278326507
 20
6721.836289149701
 10
951.7924278326507
 20
6721.836289149702
  0
TEXT
  5
15B
330
17
100
AcDbEntity
  8
FLOOR_0_FASCADE_COLUMNS
100
AcDbText
 10
1048.1542342962653
 20
6715.970563437399
 30
0.0
 40
12.0
  1
16 FT
 50
-167.85572195043935
 72
1
 11
1048.1542342962653
 21
6715.970563437399
 31
0.0
100
AcDbText
 73
2
  0
LWPOLYLINE
  5
15C
330
17
100
AcDbEntity
  8
FLOOR_0_FASCADE_WALLS
100
AcDbPolyline
 90
73
 70
0
 10
951.7924278326507
 20
6721.836289149702
 10
945.7924278326507
 20
6721.836289149704
 10
939.7924278326507
 20
6721.836289149705
 10
933.7924281706321
 20
6721.836288819097
 10
927.7924281706321
 20
6721.836288826471
 10
921.7924281706321
 20
6721.836288833845
 10
915.7924281706321
 20
6721.836288841218
 10
909.7924281706321
 20
6721.836288848591
 10
903.7924281706321
 20
6721.836288855964
 10
897.7924281706321
 20
6721.836288863338
 10
891.7924281706321
 20
6721.836288870712
 10
885.7924281706321
 20
6721.836288878086
 10
879.7924281706321
 20
6721.836288885459
 10
873.7924281706321
 20
6721.836288892833
 10
867.7924281706321
 20
6721.836288900207
 10
861.7924281706321
 20
6721.836288907581
 10
855.7924281706321
 20
6721.836288914953
 10
849.7924281706321
 20
6721.836288922326
 10
843.7924281706321
 20
6721.8362889297005
 10
837.7924281706321
 20
6721.836288937075
 10
831.7924281706321
 20
6721.836288944448
 10
825.7924281706321
 20
6721.836288951821
 10
819.7924281706321
 20
6721.836288959195
 10
813.7924281706321
 20
6721.83628896657
 10
807.7924281706321
 20
6721.836288973943
 10
801.7924281706321
 20
6721.836288981315
 10
795.7924281706321
 20
6721.8362889886885
 10
789.7924281706321
 20
6721.836288996063
 10
783.7924281706321
 20
6721.836289003437
 10
777.7924281706321
 20
6721.83628901081
 10
771.7924281706321
 20
6721.836289018183
 10
765.7924281706321
 20
6721.836289025558
 10
759.7924281706321
 20
6721.836289032932
 10
753.7924281706321
 20
6721.836289040305
 10
747.7924281706321
 20
6721.836289047677
 10
741.7924281706321
 20
6721.836289055051
 10
735.7924281706321
 20
6721.836289062425
 10
729.7924281706321
 20
6721.836289069799
 10
723.7924281706321
 20
6721.836289077172
 10
717.7924281706321
 20
6721.836289084546
 10
711.7924281706321
 20
6721.83628909192
 10
705.7924281706321
 20
6721.836289099294
 10
699.7924281706321
 20
6721.836289106666
 10
693.7924281706321
 20
6721.83628911404
 10
687.7924281706321
 20
6721.836289121413
 10
681.7924281706321
 20
6721.836289128787
 10
675.7924281706321
 20
6721.836289136161
 10
669.7924281706321
 20
6721.8362891435345
 10
664.7924278326464
 20
6722.836288811693
 10
664.7924278326464
 20
6728.836288811693
 10
664.7924278326464
 20
6734.836288811693
 10
664.7924278326464
 20
6740.836288811693
 10
664.7924278326464
 20
6746.836288811693
 10
664.7924278326464
 20
6752.836288811693
 10
664.7924278326464
 20
6758.836288811693
 10
664.7924278326464
 20
6764.836288811693
 10
664.7924278326464
 20
6770.836288811693
 10
664.7924278326464
 20
6776.836288811693
 10
664.7924278326464
 20
6782.836288811693
 10
664.7924278326464
 20
6788.836288811693
 10
664.7924278326464
 20
6794.836288811693
 10
664.7924278326464
 20
6800.836288811693
 10
664.7924278326464
 20
6806.8362888116935
 10
664.7924278326464
 20
6812.836288811693
 10
664.7924278326464
 20
6818.836288811693
 10
664.7924278326464
 20
6824.836288811693
 10
664.7924278326464
 20
6830.836288811693
 10
664.7924278326464
 20
6836.836288811693
 10
664.7924278326464
 20
6842.836288811693
 10
664.7924278326464
 20
6848.836288811693
 10
664.7924278326464
 20
6854.836288811693
 10
664.7924278326464
 20
6860.836288811693
 10
664.7924278326464
 20
6866.836288811693
  0
TEXT
  5
15D
330
17
100
AcDbEntity
  8
FLOOR_0_FASCADE_WALLS
100
AcDbText
 10
733.5372683160472
 20
6716.480968419423
 30
0.0
 40
12.0
  1
36 FT
 50
153.19588581539688
 72
1
 11
733.5372683160472
 21
6716.480968419423
 31
0.0
100
AcDbText
 73
2
  0
LWPOLYLINE
  5
15E
330
17
100
AcDbEntity
  8
FLOOR_0_FASCADE_COLUMNS
100
AcDbPolyline
 90
40
 70
0
 10
664.7924278326464
 20
6866.836288811693
 10
664.7924278326464
 20
6872.836288811693
 10
664.7924278326464
 20
6878.836288811693
 10
664.7924278326464
 20
6884.836288811693
 10
664.7924278326464
 20
6890.8362888116935
 10
664.7924278326464
 20
6896.836288811693
 10
664.7924278326464
 20
6902.836288811693
 10
664.7924278326464
 20
6908.8362888116935
 10
664.7924278326464
 20
6914.836288811693
 10
664.7924278326464
 20
6920.836288811693
 10
664.7924278326464
 20
6926.836288811693
 10
664.7924278326464
 20
6932.836288811693
 10
664.7924278326464
 20
6938.836288811693
 10
664.7924278326464
 20
6944.836288811693
 10
664.7924278326464
 20
6950.836288811693
 10
664.7924278326464
 20
6956.836288811693
 10
664.7924278326464
 20
6962.836288811693
 10
664.7924278326464
 20
6968.836288811693
 10
664.7924278326464
 20
6974.836288811693
 10
664.7924278326464
 20
6980.836288811693
 10
664.7924278326464
 20
6986.836288811693
 10
664.7924278326464
 20
6992.836288811693
 10
664.7924278326464
 20
6998.836288811693
 10
664.7924278326464
 20
7004.836288811693
 10
664.7924278326464
 20
7010.836288811693
 10
668.7924274946497
 20
7012.83628914969
 10
674.7924274946497
 20
7012.83628914969
 10
680.7924274946497
 20
7012.83628914969
 10
686.7924274946497
 20
7012.83628914969
 10
692.7924274946497
 20
7012.83628914969
 10
698.7924274946497
 20
7012.83628914969
 10
704.7924274946497
 20
7012.83628914969
 10
710.7924274946497
 20
7012.83628914969
 10
716.7924274946497
 20
7012.83628914969
 10
722.7924274946497
 20
7012.83628914969
 10
728.7924274946497
 20
7012.83628914969
 10
734.7924274946497
 20
7012.83628914969
 10
740.7924274946497
 20
7012.83628914969
 10
746.7924274946497
 20
7012.83628914969
 10
752.7924274946497
 20
7012.83628914969
  0
TEXT
  5
15F
330
17
100
AcDbEntity
  8
FLOOR_0_FASCADE_COLUMNS
100
AcDbText
 10
659.6536918882144
 20
6986.169676989821
 30
0.0
 40
12.0
  1
20 FT
 50
58.920960520860056
 72
1
 11
659.6536918882144
 21
6986.169676989821
 31
0.0
100
AcDbText
 73
2
  0
LWPOLYLINE
  5
160
330
17
100
AcDbEntity
  8
FLOOR_0_FASCADE_COLUMNS
100
AcDbPolyline
 90
32
 70
0
 10
752.7924274946497
 20
7012.83628914969
 10
758.7924274946497
 20
7012.83628914969
 10
764.7924274946497
 20
7012.83628914969
 10
770.7924274946497
 20
7012.83628914969
 10
776.7924274946497
 20
7012.83628914969
 10
782.7924274946497
 20
7012.83628914969
 10
788.7924274946497
 20
7012.83628914969
 10
794.7924274946497
 20
7012.83628914969
 10
800.7924274946497
 20
7012.83628914969
 10
806.7924274946497
 20
7012.83628914969
 10
812.7924274946497
 20
7012.83628914969
 10
818.7924274946497
 20
7012.83628914969
 10
824.7924274946497
 20
7012.83628914969
 10
830.7924274946497
 20
7012.83628914969
 10
836.7924274946497
 20
7012.83628914969
 10
842.7924274946497
 20
7012.83628914969
 10
848.7924274946497
 20
7012.83628914969
 10
854.7924274946497
 20
7012.83628914969
 10
860.7924274946497
 20
7012.83628914969
 10
866.7924274946497
 20
7012.83628914969
 10
872.7924274946497
 20
7012.83628914969
 10
878.7924274946497
 20
7012.83628914969
 10
884.7924274946497
 20
7012.83628914969
 10
890.7924274946497
 20
7012.83628914969
 10
896.7924274946497
 20
7012.83628914969
 10
902.7924274946497
 20
7012.83628914969
 10
908.7924274946497
 20
7012.83628914969
 10
914.7924274946497
 20
7012.83628914969
 10
920.7924274946497
 20
7012.83628914969
 10
926.7924274946497
 20
7012.83628914969
 10
932.7924274946497
 20
7012.83628914969
 10
938.7924274946497
 20
7012.83628914969
  0
TEXT
  5
161
330
17
100
AcDbEntity
  8
FLOOR_0_FASCADE_COLUMNS
100
AcDbText
 10
845.7924274946497
 20
7018.83628914969
 30
0.0
 40
12.0
  1
16 FT
 72
1
 11
845.7924274946497
 21
7018.83628914969
 31
0.0
100
AcDbText
 73
2
  0
LWPOLYLINE
  5
162
330
17
100
AcDbEntity
  8
FLOOR_0_FASCADE_WALLS
100
AcDbPolyline
 90
65
 70
0
 10
938.7924274946497
 20
7012.83628914969
 10
944.7924274946497
 20
7012.83628914969
 10
950.7924274946497
 20
7012.83628914969
 10
956.7924274946497
 20
7012.83628914969
 10
962.7924274946497
 20
7012.83628914969
 10
968.7924274946497
 20
7012.83628914969
 10
974.7924274946497
 20
7012.83628914969
 10
980.7924274946497
 20
7012.83628914969
 10
986.7924274946497
 20
7012.83628914969
 10
992.7924274946497
 20
7012.83628914969
 10
998.7924274946497
 20
7012.83628914969
 10
1004.7924274946497
 20
7012.83628914969
 10
1010.7924274946497
 20
7012.83628914969
 10
1016.7924274946497
 20
7012.83628914969
 10
1022.7924274946497
 20
7012.83628914969
 10
1028.7924274946497
 20
7012.83628914969
 10
1034.7924274946497
 20
7012.83628914969
 10
1040.7924274946497
 20
7012.83628914969
 10
1046.7924274946497
 20
7012.83628914969
 10
1052.7924274946497
 20
7012.83628914969
 10
1058.7924274946497
 20
7012.83628914969
 10
1064.7924274946497
 20
7012.83628914969
 10
1070.7924274946497
 20
7012.83628914969
 10
1076.7924274946497
 20
7012.83628914969
 10
1082.7924274946497
 20
7012.83628914969
 10
1088.7924274946497
 20
7012.83628914969
 10
1094.7924274946497
 20
7012.83628914969
 10
1100.7924274946497
 20
7012.83628914969
 10
1106.7924274946497
 20
7012.83628914969
 10
1112.7924274946497
 20
7012.83628914969
 10
1118.7924274946497
 20
7012.83628914969
 10
1124.7924274946495
 20
7012.83628914969
 10
1130.7924274946497
 20
7012.83628914969
 10
1136.7924274946497
 20
7012.83628914969
 10
1142.7924274946497
 20
7012.83628914969
 10
1148.7924274946497
 20
7012.83628914969
 10
1154.7924274946497
 20
7012.83628914969
 10
1160.7924274946497
 20
7012.83628914969
 10
1166.7924274946497
 20
7012.83628914969
 10
1172.7924274946497
 20
7012.83628914969
 10
1178.7924274946497
 20
7012.83628914969
 10
1184.7924274946497
 20
7012.83628914969
 10
1190.79242749465
 20
7012.83628914969
 10
1196.7924274946497
 20
7012.83628914969
 10
1202.7924274946497
 20
7012.83628914969
 10
1208.7924274946497
 20
7012.83628914969
 10
1214.7924274946497
 20
7012.83628914969
 10
1220.7924274946497
 20
7012.83628914969
 10
1226.7924274946497
 20
7012.83628914969
 10
1232.7924274946495
 20
7012.83628914969
 10
1238.7924274946497
 20
7012.83628914969
 10
1244.7924274946497
 20
7012.83628914969
 10
1250.7924274946497
 20
7012.83628914969
 10
1256.7924274946497
 20
7012.83628914969
 10
1262.7924274946497
 20
7012.83628914969
 10
1268.7924274946497
 20
7012.83628914969
 10
1274.7924274946497
 20
7012.83628914969
 10
1280.7924274946497
 20
7012.83628914969
 10
1286.7924274946497
 20
7012.83628914969
 10
1292.7924274946497
 20
7012.83628914969
 10
1298.79242749465
 20
7012.83628914969
 10
1304.7924274946497
 20
7012.83628914969
 10
1310.7924274946497
 20
7012.83628914969
 10
1316.7924274946497
 20
7012.83628914969
 10
1322.7924274946497
 20
7012.83628914969
  0
TEXT
  5
163
330
17
100
AcDbEntity
  8
FLOOR_0_FASCADE_WALLS
100
AcDbText
 10
1130.7924274946497
 20
7018.83628914969
 30
0.0
 40
12.0
  1
32 FT
 72
1
 11
1130.7924274946497
 21
7018.83628914969
 31
0.0
100
AcDbText
 73
2
  0
LWPOLYLINE
  5
164
330
17
100
AcDbEntity
  8
FLOOR_0_FASCADE_COLUMNS
100
AcDbPolyline
 90
45
 70
0
 10
1322.7924274946497
 20
7012.83628914969
 10
1328.7924274946497
 20
7012.83628914969
 10
1334.7924274946497
 20
7012.83628914969
 10
1340.7924274946495
 20
7012.83628914969
 10
1346.7924274946497
 20
7012.83628914969
 10
1352.7924274946497
 20
7012.83628914969
 10
1358.7924274946497
 20
7012.83628914969
 10
1364.7924274946497
 20
7012.83628914969
 10
1370.7924274946497
 20
7012.83628914969
 10
1376.7924274946497
 20
7012.83628914969
 10
1382.7924274946497
 20
7012.83628914969
 10
1388.7924274946497
 20
7012.83628914969
 10
1394.7924274946497
 20
7012.83628914969
 10
1400.7924274946497
 20
7012.83628914969
 10
1406.79242749465
 20
7012.83628914969
 10
1412.7924274946497
 20
7012.83628914969
 10
1418.7924274946497
 20
7012.83628914969
 10
1424.7924274946497
 20
7012.83628914969
 10
1430.7924274946497
 20
7012.83628914969
 10
1436.7924274946497
 20
7012.83628914969
 10
1442.7924274946497
 20
7012.83628914969
 10
1448.7924274946497
 20
7012.83628914969
 10
1454.7924274946497
 20
7012.83628914969
 10
1460.7924274946497
 20
7012.83628914969
 10
1466.7924274946497
 20
7012.83628914969
 10
1472.7924274946497
 20
7012.83628914969
 10
1478.7924274946497
 20
7012.83628914969
 10
1484.7924274946497
 20
7012.83628914969
 10
1490.7924274946497
 20
7012.83628914969
 10
1496.7924274946497
 20
7012.83628914969
 10
1502.7924274946497
 20
7012.83628914969
 10
1508.7924274946497
 20
7012.83628914969
 10
1514.7924274946497
 20
7012.83628914969
 10
1520.7924274946497
 20
7012.83628914969
 10
1526.7924274946497
 20
7012.83628914969
 10
1532.7924274946497
 20
7012.83628914969
 10
1538.7924274946495
 20
7012.83628914969
 10
1544.7924274946495
 20
7012.83628914969
 10
1550.7924274946495
 20
7012.83628914969
 10
1556.7924274946495
 20
7012.83628914969
 10
1562.7924274946495
 20
7012.83628914969
 10
1568.7924274946495
 20
7012.83628914969
 10
1574.7924274946495
 20
7012.83628914969
 10
1580.7924274946495
 20
7012.83628914969
 10
1586.7924274946495
 20
7012.83628914969
  0
TEXT
  5
165
330
17
100
AcDbEntity
  8
FLOOR_0_FASCADE_COLUMNS
100
AcDbText
 10
1454.7924274946495
 20
7018.83628914969
 30
0.0
 40
12.0
  1
22 FT
 72
1
 11
1454.7924274946495
 21
7018.83628914969
 31
0.0
100
AcDbText
 73
2
  0
LWPOLYLINE
  5
166
330
17
100
AcDbEntity
  8
FLOOR_0_FASCADE_COLUMNS
100
AcDbPolyline
 90
45
 70
0
 10
1586.7924274946495
 20
7012.83628914969
 10
1592.7924274946495
 20
7012.83628914969
 10
1598.7924274946495
 20
7012.83628914969
 10
1604.7924274946495
 20
7012.83628914969
 10
1610.7924274946495
 20
7012.83628914969
 10
1616.7924274946495
 20
7012.83628914969
 10
1622.79242749465
 20
7012.83628914969
 10
1628.7924274946495
 20
7012.83628914969
 10
1634.7924274946495
 20
7012.83628914969
 10
1640.7924274946495
 20
7012.83628914969
 10
1646.7924274946495
 20
7012.83628914969
 10
1652.7924274946495
 20
7012.83628914969
 10
1658.7924274946495
 20
7012.83628914969
 10
1664.7924274946495
 20
7012.83628914969
 10
1670.7924274946495
 20
7012.83628914969
 10
1676.7924274946495
 20
7012.83628914969
 10
1682.7924274946495
 20
7012.83628914969
 10
1688.7924274946495
 20
7012.83628914969
 10
1694.7924274946495
 20
7012.83628914969
 10
1700.7924274946495
 20
7012.83628914969
 10
1705.2924278326548
 20
7011.336289487695
 10
1705.2924278326548
 20
7005.336289487695
 10
1705.2924278326548
 20
6999.336289487695
 10
1705.2924278326548
 20
6993.336289487695
 10
1705.2924278326548
 20
6987.336289487695
 10
1705.2924278326548
 20
6981.336289487695
 10
1705.2924278326548
 20
6975.336289487695
 10
1705.2924278326548
 20
6969.336289487695
 10
1705.2924278326548
 20
6963.336289487695
 10
1705.2924278326548
 20
6957.336289487695
 10
1705.2924278326548
 20
6951.336289487695
 10
1705.2924278326548
 20
6945.336289487695
 10
1705.2924278326548
 20
6939.336289487695
 10
1705.2924278326548
 20
6933.336289487695
 10
1705.2924278326548
 20
6927.3362894876955
 10
1705.2924278326548
 20
6921.336289487695
 10
1705.2924278326548
 20
6915.336289487695
 10
1705.2924278326548
 20
6909.336289487695
 10
1705.2924278326548
 20
6903.336289487695
 10
1705.2924278326548
 20
6897.336289487695
 10
1705.2924278326548
 20
6891.336289487695
 10
1705.2924278326548
 20
6885.336289487695
 10
1705.2924278326548
 20
6879.336289487695
 10
1705.2924278326568
 20
6873.336289487697
 10
1705.2924278326564
 20
6867.336289487697
  0
TEXT
  5
167
330
17
100
AcDbEntity
  8
FLOOR_0_FASCADE_COLUMNS
100
AcDbText
 10
1709.9447074868617
 20
7002.496967886971
 30
0.0
 40
12.0
  1
22 FT
 50
-50.83949216632114
 72
1
 11
1709.9447074868617
 21
7002.496967886971
 31
0.0
100
AcDbText
 73
2
  0
LWPOLYLINE
  5
168
330
17
100
AcDbEntity
  8
FLOOR_0_FASCADE_COLUMNS
100
AcDbPolyline
 90
40
 70
0
 10
1705.2924278326564
 20
6867.336289487697
 10
1705.292427832656
 20
6861.336289487697
 10
1705.2924278326554
 20
6855.336289487697
 10
1705.2924278326548
 20
6849.336289487697
 10
1705.2924278326545
 20
6843.336289487697
 10
1705.292427832654
 20
6837.336289487697
 10
1705.2924278326534
 20
6831.336289487697
 10
1705.2924278326532
 20
6825.336289487697
 10
1705.2924278326523
 20
6819.336289487697
 10
1705.292427832652
 20
6813.336289487697
 10
1705.2924278326518
 20
6807.336289487697
 10
1705.292427832651
 20
6801.336289487697
 10
1705.2924278326507
 20
6795.336289487697
 10
1705.2924278326504
 20
6789.336289487697
 10
1705.2924278326495
 20
6783.336289487697
 10
1705.2924278326493
 20
6777.336289487697
 10
1705.2924278326486
 20
6771.336289487697
 10
1705.2924278326482
 20
6765.336289487697
 10
1705.292427832648
 20
6759.336289487697
 10
1705.2924278326473
 20
6753.336289487697
 10
1705.2924278326468
 20
6747.336289487697
 10
1705.2924278326464
 20
6741.336289487697
 10
1705.292427832646
 20
6735.336289487697
 10
1705.2924278326454
 20
6729.336289487697
 10
1705.292427832645
 20
6723.336289487697
 10
1700.7924281706632
 20
6721.836289149679
 10
1694.7924281706632
 20
6721.836289149678
 10
1688.7924281706632
 20
6721.836289149678
 10
1682.7924281706632
 20
6721.836289149676
 10
1676.7924281706632
 20
6721.836289149676
 10
1670.7924281706632
 20
6721.8362891496745
 10
1664.7924281706632
 20
6721.8362891496745
 10
1658.7924281706632
 20
6721.836289149674
 10
1652.7924281706632
 20
6721.836289149674
 10
1646.7924281706632
 20
6721.836289149673
 10
1640.7924281706632
 20
6721.836289149673
 10
1634.7924281706632
 20
6721.836289149673
 10
1628.7924281706632
 20
6721.836289149671
 10
1622.7924281706632
 20
6721.836289149671
 10
1616.7924281706632
 20
6721.836289149669
  0
TEXT
  5
169
330
17
100
AcDbEntity
  8
FLOOR_0_FASCADE_COLUMNS
100
AcDbText
 10
1710.4186394048807
 20
6747.846576391688
 30
0.0
 40
12.0
  1
20 FT
 50
-121.3099502262778
 72
1
 11
1710.4186394048807
 21
6747.846576391688
 31
0.0
100
AcDbText
 73
2
  0
LWPOLYLINE
  5
16A
330
17
100
AcDbEntity
  8
FLOOR_0_FASCADE_COLUMNS
100
AcDbPolyline
 90
36
 70
0
 10
1616.7924281706632
 20
6721.836289149669
 10
1610.7924281706632
 20
6721.836289149669
 10
1604.7924281706632
 20
6721.836289149668
 10
1598.7924281706632
 20
6721.836289149668
 10
1592.7924281706632
 20
6721.836289149667
 10
1586.7924281706632
 20
6721.836289149667
 10
1580.7924281706632
 20
6721.836289149665
 10
1574.7924281706632
 20
6721.836289149665
 10
1568.7924281706632
 20
6721.836289149664
 10
1562.7924281706632
 20
6721.836289149664
 10
1556.7924281706632
 20
6721.836289149664
 10
1550.7924281706632
 20
6721.836289149663
 10
1544.7924281706632
 20
6721.836289149663
 10
1538.7924281706632
 20
6721.836289149662
 10
1532.7924281706632
 20
6721.836289149662
 10
1526.7924281706632
 20
6721.83628914966
 10
1520.7924281706632
 20
6721.83628914966
 10
1514.7924281706632
 20
6721.836289149658
 10
1508.7924281706632
 20
6721.836289149658
 10
1502.7924281706632
 20
6721.836289149657
 10
1496.7924281706632
 20
6721.836289149657
 10
1490.7924281706632
 20
6721.836289149656
 10
1484.7924281706632
 20
6721.836289149656
 10
1478.7924281706632
 20
6721.8362891496545
 10
1472.7924281706632
 20
6721.8362891496545
 10
1466.7924281706632
 20
6721.8362891496545
 10
1460.7924281706632
 20
6721.836289149653
 10
1454.7924281706632
 20
6721.836289149653
 10
1448.7924281706632
 20
6721.836289149652
 10
1442.7924281706632
 20
6721.836289149652
 10
1436.7924281706632
 20
6721.836289149651
 10
1430.7924281706632
 20
6721.836289149651
 10
1424.7924281706632
 20
6721.836289149649
 10
1418.7924281706632
 20
6721.836289149649
 10
1412.7924281706632
 20
6721.836289149647
 10
1406.7924281706632
 20
6721.836289149647
  0
TEXT
  5
16B
330
17
100
AcDbEntity
  8
FLOOR_0_FASCADE_COLUMNS
100
AcDbText
 10
1511.7924281706637
 20
6715.836289149658
 30
0.0
 40
12.0
  1
18 FT
 50
-179.99999999999403
 72
1
 11
1511.7924281706637
 21
6715.836289149658
 31
0.0
100
AcDbText
 73
2
  0
LWPOLYLINE
  5
16C
330
17
100
AcDbEntity
  8
FLOOR_0_FASCADE_COLUMNS
100
AcDbPolyline
 90
21
 70
0
 10
1406.7924281706632
 20
6721.836289149647
 10
1400.7924281706632
 20
6721.836289149646
 10
1394.7924281706632
 20
6721.836289149646
 10
1388.7924281706632
 20
6721.836289149646
 10
1382.7924281706632
 20
6721.836289149645
 10
1376.7924281706632
 20
6721.836289149645
 10
1370.7924281706632
 20
6721.836289149644
 10
1364.7924281706632
 20
6721.836289149644
 10
1358.7924281706632
 20
6721.836289149642
 10
1352.7924281706632
 20
6721.836289149642
 10
1346.7924281706632
 20
6721.836289149641
 10
1340.7924281706632
 20
6721.836289149641
 10
1334.7924281706632
 20
6721.83628914964
 10
1328.7924281706632
 20
6721.83628914964
 10
1322.7924281706632
 20
6721.836289149638
 10
1316.7924281706632
 20
6721.836289149638
 10
1310.7924281706632
 20
6721.836289149636
 10
1304.7924281706632
 20
6721.836289149636
 10
1298.7924281706632
 20
6721.836289149636
 10
1292.7924281706632
 20
6721.836289149635
 10
1291.792427832654
 20
6721.836289149705
  0
TEXT
  5
16D
330
17
100
AcDbEntity
  8
FLOOR_0_FASCADE_COLUMNS
100
AcDbText
 10
1349.2924280016555
 20
6715.836289149641
 30
0.0
 40
12.0
  1
10 FT
 50
179.99999999997146
 72
1
 11
1349.2924280016555
 21
6715.836289149641
 31
0.0
100
AcDbText
 73
2
  0
CIRCLE
  5
174
330
17
100
AcDbEntity
  8
FLOOR_1_DATUM
100
AcDbCircle
 10
1041.786617263207
 20
6052.836289149691
 30
0.0
 40
24.0
  0
LINE
  5
175
330
17
100
AcDbEntity
  8
FLOOR_1_DATUM
100
AcDbLine
 10
1005.7866172632071
 20
6052.836289149691
 30
0.0
 11
1077.786617263207
 21
6052.836289149691
 31
0.0
  0
LINE
  5
176
330
17
100
AcDbEntity
  8
FLOOR_1_DATUM
100
AcDbLine
 10
1041.786617263207
 20
6016.836289149691
 30
0.0
 11
1041.786617263207
 21
6088.836289149691
 31
0.0
  0
TEXT
  5
177
330
17
100
AcDbEntity
  8
FLOOR_1_DATUM
100
AcDbText
 10
1083.786617263207
 20
6046.836289149691
 30
0.0
 40
12.0
  1
DATUM·USER
100
AcDbText
  0
LWPOLYLINE
  5
178
330
17
100
AcDbEntity
  8
FLOOR_1_BOUNDARY
100
AcDbPolyline
 90
21
 70
1
 10
1549.792427832644
 20
5761.836289149647
 10
1549.792427832644
 20
5675.836289149684
 10
1393.792427832644
 20
5675.836289149684
 10
1393.792427832644
 20
5761.836289149646
 10
1291.792427832655
 20
5761.836289149635
 10
1291.792427832654
 20
5761.836292751235
 10
1291.792427832654
 20
5761.836289149704
 10
1156.792427832659
 20
5761.83628914969
 10
1156.792427832659
 20
5795.836289149684
 10
1066.855618817522
 20
5795.836289149684
 10
1066.855618817515
 20
5761.836289149677
 10
939.7924278326426
 20
5761.836289149704
 10
939.7924278326426
 20
5761.836288811724
 10
664.7924278326464
 20
5761.836289149679
 10
664.7924278326464
 20
6052.836289149691
 10
1531.542427832622
 20
6052.836289149691
 10
1705.292427832637
 20
6052.836289149653
 10
1705.2924278326568
 20
5913.58628914969
 10
1705.292427832645
 20
5761.836289149679
 10
1401.6283653326523
 20
5761.836289149647
 10
1549.792427832644
 20
5761.836289149647
  0
LWPOLYLINE
  5
179
330
17
100
AcDbEntity
  8
FLOOR_1_BOUNDARY
100
AcDbPolyline
 90
4
 70
1
 10
939.7924274405996
 20
5906.836338197954
 10
939.7924274405998
 20
5906.836239149685
 10
1291.792384593982
 20
5906.836339149673
 10
939.7924274405996
 20
5906.836338197954
  0
POINT
  5
17A
330
17
100
AcDbEntity
  8
FLOOR_1_COLUMNS
100
AcDbPoint
 10
670.7924278326441
 20
6040.8362891496945
 30
0.0
  0
POINT
  5
17B
330
17
100
AcDbEntity
  8
FLOOR_1_COLUMNS
100
AcDbPoint
 10
839.7866172632027
 20
6040.836289149691
 30
0.0
  0
POINT
  5
17C
330
17
100
AcDbEntity
  8
FLOOR_1_COLUMNS
100
AcDbPoint
 10
1052.7924278326427
 20
5767.836289149694
 30
0.0
  0
POINT
  5
17D
330
17
100
AcDbEntity
  8
FLOOR_1_COLUMNS
100
AcDbPoint
 10
1170.7924278326436
 20
5767.836289149697
 30
0.0
  0
POINT
  5
17E
330
17
100
AcDbEntity
  8
FLOOR_1_COLUMNS
100
AcDbPoint
 10
1281.792427832646
 20
5767.836289149717
 30
0.0
  0
POINT
  5
17F
330
17
100
AcDbEntity
  8
FLOOR_1_COLUMNS
100
AcDbPoint
 10
1532.9524273604006
 20
5767.836289149714
 30
0.0
  0
POINT
  5
180
330
17
100
AcDbEntity
  8
FLOOR_1_COLUMNS
100
AcDbPoint
 10
1699.2924278326432
 20
5773.836289149694
 30
0.0
  0
POINT
  5
181
330
17
100
AcDbEntity
  8
FLOOR_1_COLUMNS
100
AcDbPoint
 10
1477.292427832653
 20
6046.836289149682
 30
0.0
  0
POINT
  5
182
330
17
100
AcDbEntity
  8
FLOOR_1_COLUMNS
100
AcDbPoint
 10
1699.2924278326477
 20
6040.836289149691
 30
0.0
  0
LWPOLYLINE
  5
184
330
17
100
AcDbEntity
  8
FLOOR_1_TRIBUTARY_COL_0
100
AcDbPolyline
 90
13
 70
1
 10
755.2895225479215
 20
5919.58440935394
 10
752.7924278326454
 20
5918.767515915485
 10
740.7924278326454
 20
5915.377181342994
 10
728.7924278326454
 20
5912.522162755634
 10
716.7924278326454
 20
5910.202460153403
 10
704.7924278326454
 20
5908.418073536303
 10
692.7924278326454
 20
5907.169002904333
 10
680.7924278326454
 20
5906.455248257493
 10
669.7924278326459
 20
5906.291679484259
 10
664.7924278326464
 20
5906.4032036478275
 10
664.7924278326464
 20
6052.836289149691
 10
755.2895225479235
 20
6052.836289149691
 10
755.2895225479215
 20
5919.58440935394
  0
LWPOLYLINE
  5
185
330
17
100
AcDbEntity
  8
FLOOR_1_LARGE_TRIBUTARY
100
AcDbPolyline
 90
13
 70
1
 10
755.2895225479215
 20
5919.58440935394
 10
752.7924278326454
 20
5918.767515915485
 10
740.7924278326454
 20
5915.377181342994
 10
728.7924278326454
 20
5912.522162755634
 10
716.7924278326454
 20
5910.202460153403
 10
704.7924278326454
 20
5908.418073536303
 10
692.7924278326454
 20
5907.169002904333
 10
680.7924278326454
 20
5906.455248257493
 10
669.7924278326459
 20
5906.291679484259
 10
664.7924278326464
 20
5906.4032036478275
 10
664.7924278326464
 20
6052.836289149691
 10
755.2895225479235
 20
6052.836289149691
 10
755.2895225479215
 20
5919.58440935394
  0
LWPOLYLINE
  5
187
330
17
100
AcDbEntity
  8
FLOOR_1_TRIBUTARY_COL_1
100
AcDbPolyline
 90
20
 70
1
 10
940.7866181770469
 20
6046.836258383599
 10
940.7866163493582
 20
6034.836258383599
 10
940.0737432345409
 20
6022.836258383599
 10
938.6479988325948
 20
6010.836258383599
 10
936.5093831435199
 20
5998.836258383599
 10
933.6578961673164
 20
5986.836258383599
 10
930.0935379039843
 20
5974.836258383599
 10
925.8163083535234
 20
5962.836258383599
 10
902.606178397516
 20
5907.02144250372
 10
836.7924278326454
 20
5906.286038536945
 10
824.7924278326454
 20
5906.687266318234
 10
812.7924278326454
 20
5907.623810084653
 10
800.7924278326454
 20
5909.0956698362015
 10
788.7924278326454
 20
5911.10284557288
 10
776.7924278326454
 20
5913.64533729469
 10
764.7924278326454
 20
5916.723145001629
 10
755.2895225479215
 20
5919.58440935394
 10
755.2895225479235
 20
6052.836289149691
 10
940.4301816196428
 20
6052.836289149691
 10
940.7866181770469
 20
6046.836258383599
  0
LWPOLYLINE
  5
188
330
17
100
AcDbEntity
  8
FLOOR_1_LARGE_TRIBUTARY
100
AcDbPolyline
 90
20
 70
1
 10
940.7866181770469
 20
6046.836258383599
 10
940.7866163493582
 20
6034.836258383599
 10
940.0737432345409
 20
6022.836258383599
 10
938.6479988325948
 20
6010.836258383599
 10
936.5093831435199
 20
5998.836258383599
 10
933.6578961673164
 20
5986.836258383599
 10
930.0935379039843
 20
5974.836258383599
 10
925.8163083535234
 20
5962.836258383599
 10
902.606178397516
 20
5907.02144250372
 10
836.7924278326454
 20
5906.286038536945
 10
824.7924278326454
 20
5906.687266318234
 10
812.7924278326454
 20
5907.623810084653
 10
800.7924278326454
 20
5909.0956698362015
 10
788.7924278326454
 20
5911.10284557288
 10
776.7924278326454
 20
5913.64533729469
 10
764.7924278326454
 20
5916.723145001629
 10
755.2895225479215
 20
5919.58440935394
 10
755.2895225479235
 20
6052.836289149691
 10
940.4301816196428
 20
6052.836289149691
 10
940.7866181770469
 20
6046.836258383599
  0
LWPOLYLINE
  5
18A
330
17
100
AcDbEntity
  8
FLOOR_1_TRIBUTARY_COL_2
100
AcDbPolyline
 90
14
 70
1
 10
948.1327720009028
 20
5787.704357983341
 10
949.4458062665515
 20
5856.63865693016
 10
998.1051347677127
 20
5859.472177771939
 10
1055.7866480292757
 20
5860.409355758908
 10
1067.7866480292757
 20
5859.8259468812885
 10
1079.7866480292757
 20
5858.4641596252895
 10
1091.7866480292757
 20
5856.323993990914
 10
1103.7866480292757
 20
5853.405449978159
 10
1111.7924278326404
 20
5850.93905442703
 10
1111.7924278326423
 20
5795.836289149684
 10
1066.855618817522
 20
5795.836289149684
 10
1066.855618817515
 20
5761.836289149677
 10
948.8789662941826
 20
5761.836289149702
 10
948.1327720009028
 20
5787.704357983341
  0
LWPOLYLINE
  5
18B
330
17
100
AcDbEntity
  8
FLOOR_1_LARGE_TRIBUTARY
100
AcDbPolyline
 90
14
 70
1
 10
948.1327720009028
 20
5787.704357983341
 10
949.4458062665515
 20
5856.63865693016
 10
998.1051347677127
 20
5859.472177771939
 10
1055.7866480292757
 20
5860.409355758908
 10
1067.7866480292757
 20
5859.8259468812885
 10
1079.7866480292757
 20
5858.4641596252895
 10
1091.7866480292757
 20
5856.323993990914
 10
1103.7866480292757
 20
5853.405449978159
 10
1111.7924278326404
 20
5850.93905442703
 10
1111.7924278326423
 20
5795.836289149684
 10
1066.855618817522
 20
5795.836289149684
 10
1066.855618817515
 20
5761.836289149677
 10
948.8789662941826
 20
5761.836289149702
 10
948.1327720009028
 20
5787.704357983341
  0
LWPOLYLINE
  5
18D
330
17
100
AcDbEntity
  8
FLOOR_1_TRIBUTARY_COL_3
100
AcDbPolyline
 90
12
 70
1
 10
1111.7924278326404
 20
5850.93905442703
 10
1115.7866480292757
 20
5852.256192361096
 10
1127.7866480292757
 20
5855.434945645639
 10
1139.7866480292757
 20
5857.835320551803
 10
1151.7866480292757
 20
5859.45731707959
 10
1207.517432558526
 20
5863.375275522058
 10
1226.2924278326277
 20
5863.872544265576
 10
1226.292427832646
 20
5761.836289149696
 10
1156.792427832659
 20
5761.83628914969
 10
1156.792427832659
 20
5795.836289149684
 10
1111.7924278326423
 20
5795.836289149684
 10
1111.7924278326404
 20
5850.93905442703
  0
LWPOLYLINE
  5
18E
330
17
100
AcDbEntity
  8
FLOOR_1_LARGE_TRIBUTARY
100
AcDbPolyline
 90
12
 70
1
 10
1111.7924278326404
 20
5850.93905442703
 10
1115.7866480292757
 20
5852.256192361096
 10
1127.7866480292757
 20
5855.434945645639
 10
1139.7866480292757
 20
5857.835320551803
 10
1151.7866480292757
 20
5859.45731707959
 10
1207.517432558526
 20
5863.375275522058
 10
1226.2924278326277
 20
5863.872544265576
 10
1226.292427832646
 20
5761.836289149696
 10
1156.792427832659
 20
5761.83628914969
 10
1156.792427832659
 20
5795.836289149684
 10
1111.7924278326423
 20
5795.836289149684
 10
1111.7924278326404
 20
5850.93905442703
  0
LWPOLYLINE
  5
190
330
17
100
AcDbEntity
  8
FLOOR_1_TRIBUTARY_COL_4
100
AcDbPolyline
 90
14
 70
1
 10
1226.2924278326277
 20
5863.872544265576
 10
1341.0494715551956
 20
5934.3089520609665
 10
1407.3724275965249
 20
5887.835339494364
 10
1407.3724275965233
 20
5761.836289149647
 10
1401.6283653326523
 20
5761.836289149647
 10
1407.3724275965233
 20
5761.836289149647
 10
1407.372427596522
 20
5675.836289149684
 10
1393.792427832644
 20
5675.836289149684
 10
1393.792427832644
 20
5761.836289149646
 10
1291.792427832655
 20
5761.836289149635
 10
1291.792427832654
 20
5761.836292751235
 10
1291.792427832654
 20
5761.836289149704
 10
1226.292427832646
 20
5761.836289149696
 10
1226.2924278326277
 20
5863.872544265576
  0
LWPOLYLINE
  5
191
330
17
100
AcDbEntity
  8
FLOOR_1_LARGE_TRIBUTARY
100
AcDbPolyline
 90
14
 70
1
 10
1226.2924278326277
 20
5863.872544265576
 10
1341.0494715551956
 20
5934.3089520609665
 10
1407.3724275965249
 20
5887.835339494364
 10
1407.3724275965233
 20
5761.836289149647
 10
1401.6283653326523
 20
5761.836289149647
 10
1407.3724275965233
 20
5761.836289149647
 10
1407.372427596522
 20
5675.836289149684
 10
1393.792427832644
 20
5675.836289149684
 10
1393.792427832644
 20
5761.836289149646
 10
1291.792427832655
 20
5761.836289149635
 10
1291.792427832654
 20
5761.836292751235
 10
1291.792427832654
 20
5761.836289149704
 10
1226.292427832646
 20
5761.836289149696
 10
1226.2924278326277
 20
5863.872544265576
  0
LWPOLYLINE
  5
193
330
17
100
AcDbEntity
  8
FLOOR_1_TRIBUTARY_COL_5
100
AcDbPolyline
 90
6
 70
1
 10
1407.3724275965249
 20
5887.835339494364
 10
1585.0341099212399
 20
5923.278526427317
 10
1611.1987772558223
 20
5907.3362891496945
 10
1616.447063882723
 20
5761.836289149669
 10
1407.3724275965233
 20
5761.836289149647
 10
1407.3724275965249
 20
5887.835339494364
  0
LWPOLYLINE
  5
194
330
17
100
AcDbEntity
  8
FLOOR_1_LARGE_TRIBUTARY
100
AcDbPolyline
 90
6
 70
1
 10
1407.3724275965249
 20
5887.835339494364
 10
1585.0341099212399
 20
5923.278526427317
 10
1611.1987772558223
 20
5907.3362891496945
 10
1616.447063882723
 20
5761.836289149669
 10
1407.3724275965233
 20
5761.836289149647
 10
1407.3724275965249
 20
5887.835339494364
  0
LWPOLYLINE
  5
196
330
17
100
AcDbEntity
  8
FLOOR_1_TRIBUTARY_COL_6
100
AcDbPolyline
 90
5
 70
1
 10
1611.1987772558223
 20
5907.3362891496945
 10
1705.2924278326564
 20
5907.336289149693
 10
1705.292427832645
 20
5761.836289149679
 10
1616.447063882723
 20
5761.836289149669
 10
1611.1987772558223
 20
5907.3362891496945
  0
LWPOLYLINE
  5
197
330
17
100
AcDbEntity
  8
FLOOR_1_LARGE_TRIBUTARY
100
AcDbPolyline
 90
5
 70
1
 10
1611.1987772558223
 20
5907.3362891496945
 10
1705.2924278326564
 20
5907.336289149693
 10
1705.292427832645
 20
5761.836289149679
 10
1616.447063882723
 20
5761.836289149669
 10
1611.1987772558223
 20
5907.3362891496945
  0
LWPOLYLINE
  5
199
330
17
100
AcDbEntity
  8
FLOOR_1_TRIBUTARY_COL_7
100
AcDbPolyline
 90
9
 70
1
 10
1585.0341099212399
 20
5923.278526427317
 10
1407.3724275965249
 20
5887.835339494364
 10
1341.0494715551956
 20
5934.3089520609665
 10
1322.4062871033357
 20
5998.836297366598
 10
1321.4817458775287
 20
6046.836289149667
 10
1321.597313550538
 20
6052.836289149691
 10
1531.542427832622
 20
6052.836289149691
 10
1588.5356710758929
 20
6052.836289149679
 10
1585.0341099212399
 20
5923.278526427317
  0
LWPOLYLINE
  5
19A
330
17
100
AcDbEntity
  8
FLOOR_1_LARGE_TRIBUTARY
100
AcDbPolyline
 90
9
 70
1
 10
1585.0341099212399
 20
5923.278526427317
 10
1407.3724275965249
 20
5887.835339494364
 10
1341.0494715551956
 20
5934.3089520609665
 10
1322.4062871033357
 20
5998.836297366598
 10
1321.4817458775287
 20
6046.836289149667
 10
1321.597313550538
 20
6052.836289149691
 10
1531.542427832622
 20
6052.836289149691
 10
1588.5356710758929
 20
6052.836289149679
 10
1585.0341099212399
 20
5923.278526427317
  0
LWPOLYLINE
  5
19C
330
17
100
AcDbEntity
  8
FLOOR_1_TRIBUTARY_COL_8
100
AcDbPolyline
 90
7
 70
1
 10
1611.1987772558223
 20
5907.3362891496945
 10
1585.0341099212399
 20
5923.278526427317
 10
1588.5356710758929
 20
6052.836289149679
 10
1705.292427832637
 20
6052.836289149653
 10
1705.2924278326568
 20
5913.58628914969
 10
1705.2924278326564
 20
5907.336289149693
 10
1611.1987772558223
 20
5907.3362891496945
  0
LWPOLYLINE
  5
19D
330
17
100
AcDbEntity
  8
FLOOR_1_LARGE_TRIBUTARY
100
AcDbPolyline
 90
7
 70
1
 10
1611.1987772558223
 20
5907.3362891496945
 10
1585.0341099212399
 20
5923.278526427317
 10
1588.5356710758929
 20
6052.836289149679
 10
1705.292427832637
 20
6052.836289149653
 10
1705.2924278326568
 20
5913.58628914969
 10
1705.2924278326564
 20
5907.336289149693
 10
1611.1987772558223
 20
5907.3362891496945
  0
LWPOLYLINE
  5
19F
330
17
100
AcDbEntity
  8
FLOOR_1_WALL_TRIBUTARY_12
100
AcDbPolyline
 90
40
 70
1
 10
998.1051347677127
 20
5859.472177771939
 10
949.4458062665515
 20
5856.63865693016
 10
902.606178397516
 20
5907.02144250372
 10
925.8163083535234
 20
5962.836258383599
 10
930.0935379039843
 20
5974.836258383599
 10
933.6578961673164
 20
5986.836258383599
 10
936.5093831435199
 20
5998.836258383599
 10
938.6479988325948
 20
6010.836258383599
 10
940.0737432345409
 20
6022.836258383599
 10
940.7866163493582
 20
6034.836258383599
 10
940.7866181770469
 20
6046.836258383599
 10
940.4301816196428
 20
6052.836289149691
 10
1047.7866018801337
 20
6052.836289149691
 10
1059.786586497139
 20
6052.836289149691
 10
1071.786586497139
 20
6052.836289149691
 10
1083.786586497139
 20
6052.836289149691
 10
1095.786586497139
 20
6052.836289149691
 10
1107.786586497139
 20
6052.836289149691
 10
1119.786586497139
 20
6052.836289149691
 10
1131.786586497139
 20
6052.836289149691
 10
1143.786586497139
 20
6052.836289149691
 10
1155.786586497139
 20
6052.836289149691
 10
1163.7866090462765
 20
6052.836289149691
 10
1321.597313550538
 20
6052.836289149691
 10
1321.4817458775287
 20
6046.836289149667
 10
1322.4062871033357
 20
5998.836297366598
 10
1341.0494715551956
 20
5934.3089520609665
 10
1226.2924278326277
 20
5863.872544265576
 10
1207.517432558526
 20
5863.375275522058
 10
1151.7866480292757
 20
5859.45731707959
 10
1139.7866480292757
 20
5857.835320551803
 10
1127.7866480292757
 20
5855.434945645639
 10
1115.7866480292757
 20
5852.256192361096
 10
1111.7924278326404
 20
5850.93905442703
 10
1103.7866480292757
 20
5853.405449978159
 10
1091.7866480292757
 20
5856.323993990914
 10
1079.7866480292757
 20
5858.4641596252895
 10
1067.7866480292757
 20
5859.8259468812885
 10
1055.7866480292757
 20
5860.409355758908
 10
998.1051347677127
 20
5859.472177771939
  0
LWPOLYLINE
  5
1A0
330
17
100
AcDbEntity
  8
FLOOR_1_LARGE_TRIBUTARY
100
AcDbPolyline
 90
40
 70
1
 10
998.1051347677127
 20
5859.472177771939
 10
949.4458062665515
 20
5856.63865693016
 10
902.606178397516
 20
5907.02144250372
 10
925.8163083535234
 20
5962.836258383599
 10
930.0935379039843
 20
5974.836258383599
 10
933.6578961673164
 20
5986.836258383599
 10
936.5093831435199
 20
5998.836258383599
 10
938.6479988325948
 20
6010.836258383599
 10
940.0737432345409
 20
6022.836258383599
 10
940.7866163493582
 20
6034.836258383599
 10
940.7866181770469
 20
6046.836258383599
 10
940.4301816196428
 20
6052.836289149691
 10
1047.7866018801337
 20
6052.836289149691
 10
1059.786586497139
 20
6052.836289149691
 10
1071.786586497139
 20
6052.836289149691
 10
1083.786586497139
 20
6052.836289149691
 10
1095.786586497139
 20
6052.836289149691
 10
1107.786586497139
 20
6052.836289149691
 10
1119.786586497139
 20
6052.836289149691
 10
1131.786586497139
 20
6052.836289149691
 10
1143.786586497139
 20
6052.836289149691
 10
1155.786586497139
 20
6052.836289149691
 10
1163.7866090462765
 20
6052.836289149691
 10
1321.597313550538
 20
6052.836289149691
 10
1321.4817458775287
 20
6046.836289149667
 10
1322.4062871033357
 20
5998.836297366598
 10
1341.0494715551956
 20
5934.3089520609665
 10
1226.2924278326277
 20
5863.872544265576
 10
1207.517432558526
 20
5863.375275522058
 10
1151.7866480292757
 20
5859.45731707959
 10
1139.7866480292757
 20
5857.835320551803
 10
1127.7866480292757
 20
5855.434945645639
 10
1115.7866480292757
 20
5852.256192361096
 10
1111.7924278326404
 20
5850.93905442703
 10
1103.7866480292757
 20
5853.405449978159
 10
1091.7866480292757
 20
5856.323993990914
 10
1079.7866480292757
 20
5858.4641596252895
 10
1067.7866480292757
 20
5859.8259468812885
 10
1055.7866480292757
 20
5860.409355758908
 10
998.1051347677127
 20
5859.472177771939
  0
TEXT
  5
1A1
330
17
100
AcDbEntity
  8
FLOOR_1_AREA_LABELS
100
AcDbText
 10
1118.8943038525185
 20
5958.204365464027
 30
0.0
 40
24.0
  1
514 SF
 72
1
 11
1118.8943038525185
 21
5958.204365464027
 31
0.0
100
AcDbText
 73
2
  0
LWPOLYLINE
  5
1A3
330
17
100
AcDbEntity
  8
FLOOR_1_WALL_TRIBUTARY_13
100
AcDbPolyline
 90
41
 70
1
 10
664.7924278326464
 20
5906.4032036478275
 10
669.7924278326459
 20
5906.291679484259
 10
680.7924278326454
 20
5906.455248257493
 10
692.7924278326454
 20
5907.169002904333
 10
704.7924278326454
 20
5908.418073536303
 10
716.7924278326454
 20
5910.202460153403
 10
728.7924278326454
 20
5912.522162755634
 10
740.7924278326454
 20
5915.377181342994
 10
752.7924278326454
 20
5918.767515915485
 10
755.2895225479215
 20
5919.58440935394
 10
764.7924278326454
 20
5916.723145001629
 10
776.7924278326454
 20
5913.64533729469
 10
788.7924278326454
 20
5911.10284557288
 10
800.7924278326454
 20
5909.0956698362015
 10
812.7924278326454
 20
5907.623810084653
 10
824.7924278326454
 20
5906.687266318234
 10
836.7924278326454
 20
5906.286038536945
 10
902.606178397516
 20
5907.02144250372
 10
949.4458062665515
 20
5856.63865693016
 10
948.1327720009028
 20
5787.704357983341
 10
948.8789662941826
 20
5761.836289149702
 10
939.7924278326426
 20
5761.836289149704
 10
939.7924278326426
 20
5761.836288811724
 10
838.7924278326464
 20
5761.836288935846
 10
826.7924278326464
 20
5761.836288950593
 10
814.7924278326464
 20
5761.83628896534
 10
802.7924278326464
 20
5761.836288980087
 10
790.7924278326464
 20
5761.836288994834
 10
778.7924278326464
 20
5761.836289009581
 10
766.7924278326464
 20
5761.836289024328
 10
754.7924278326464
 20
5761.836289039076
 10
742.7924278326464
 20
5761.836289053823
 10
730.7924278326464
 20
5761.83628906857
 10
718.7924278326464
 20
5761.836289083317
 10
706.7924278326464
 20
5761.836289098064
 10
694.7924278326464
 20
5761.836289112811
 10
682.7924278326464
 20
5761.836289127558
 10
670.7924278326464
 20
5761.836289142306
 10
664.7924278326464
 20
5761.836289149679
 10
664.7924278326464
 20
5766.836289149678
 10
664.7924278326464
 20
5906.4032036478275
  0
LWPOLYLINE
  5
1A4
330
17
100
AcDbEntity
  8
FLOOR_1_LARGE_TRIBUTARY
100
AcDbPolyline
 90
41
 70
1
 10
664.7924278326464
 20
5906.4032036478275
 10
669.7924278326459
 20
5906.291679484259
 10
680.7924278326454
 20
5906.455248257493
 10
692.7924278326454
 20
5907.169002904333
 10
704.7924278326454
 20
5908.418073536303
 10
716.7924278326454
 20
5910.202460153403
 10
728.7924278326454
 20
5912.522162755634
 10
740.7924278326454
 20
5915.377181342994
 10
752.7924278326454
 20
5918.767515915485
 10
755.2895225479215
 20
5919.58440935394
 10
764.7924278326454
 20
5916.723145001629
 10
776.7924278326454
 20
5913.64533729469
 10
788.7924278326454
 20
5911.10284557288
 10
800.7924278326454
 20
5909.0956698362015
 10
812.7924278326454
 20
5907.623810084653
 10
824.7924278326454
 20
5906.687266318234
 10
836.7924278326454
 20
5906.286038536945
 10
902.606178397516
 20
5907.02144250372
 10
949.4458062665515
 20
5856.63865693016
 10
948.1327720009028
 20
5787.704357983341
 10
948.8789662941826
 20
5761.836289149702
 10
939.7924278326426
 20
5761.836289149704
 10
939.7924278326426
 20
5761.836288811724
 10
838.7924278326464
 20
5761.836288935846
 10
826.7924278326464
 20
5761.836288950593
 10
814.7924278326464
 20
5761.83628896534
 10
802.7924278326464
 20
5761.836288980087
 10
790.7924278326464
 20
5761.836288994834
 10
778.7924278326464
 20
5761.836289009581
 10
766.7924278326464
 20
5761.836289024328
 10
754.7924278326464
 20
5761.836289039076
 10
742.7924278326464
 20
5761.836289053823
 10
730.7924278326464
 20
5761.83628906857
 10
718.7924278326464
 20
5761.836289083317
 10
706.7924278326464
 20
5761.836289098064
 10
694.7924278326464
 20
5761.836289112811
 10
682.7924278326464
 20
5761.836289127558
 10
670.7924278326464
 20
5761.836289142306
 10
664.7924278326464
 20
5761.836289149679
 10
664.7924278326464
 20
5766.836289149678
 10
664.7924278326464
 20
5906.4032036478275
  0
TEXT
  5
1A5
330
17
100
AcDbEntity
  8
FLOOR_1_AREA_LABELS
100
AcDbText
 10
802.3856518479943
 20
5834.0068346549215
 30
0.0
 40
24.0
  1
283 SF
 72
1
 11
802.3856518479943
 21
5834.0068346549215
 31
0.0
100
AcDbText
 73
2
  0
TEXT
  5
1A6
330
17
100
AcDbEntity
  8
FLOOR_1_AREA_LABELS
100
AcDbText
 10
709.3420528649721
 20
5981.585663779311
 30
0.0
 40
24.0
  1
90 SF
 72
1
 11
709.3420528649721
 21
5981.585663779311
 31
0.0
100
AcDbText
 73
2
  0
TEXT
  5
1A7
330
17
100
AcDbEntity
  8
FLOOR_1_AREA_LABELS
100
AcDbText
 10
842.933467647455
 20
5983.619845895788
 30
0.0
 40
24.0
  1
173 SF
 72
1
 11
842.933467647455
 21
5983.619845895788
 31
0.0
100
AcDbText
 73
2
  0
TEXT
  5
1A8
330
17
100
AcDbEntity
  8
FLOOR_1_AREA_LABELS
100
AcDbText
 10
1023.5595338793219
 20
5813.440390540189
 30
0.0
 40
24.0
  1
99 SF
 72
1
 11
1023.5595338793219
 21
5813.440390540189
 31
0.0
100
AcDbText
 73
2
  0
TEXT
  5
1A9
330
17
100
AcDbEntity
  8
FLOOR_1_AREA_LABELS
100
AcDbText
 10
1175.8025775961835
 20
5815.96518345963
 30
0.0
 40
24.0
  1
68 SF
 72
1
 11
1175.8025775961835
 21
5815.96518345963
 31
0.0
100
AcDbText
 73
2
  0
TEXT
  5
1AA
330
17
100
AcDbEntity
  8
FLOOR_1_AREA_LABELS
100
AcDbText
 10
1324.4273256887082
 20
5828.920383604951
 30
0.0
 40
24.0
  1
187 SF
 72
1
 11
1324.4273256887082
 21
5828.920383604951
 31
0.0
100
AcDbText
 73
2
  0
TEXT
  5
1AB
330
17
100
AcDbEntity
  8
FLOOR_1_AREA_LABELS
100
AcDbText
 10
1514.4494483533692
 20
5834.372622123794
 30
0.0
 40
24.0
  1
293 SF
 72
1
 11
1514.4494483533692
 21
5834.372622123794
 31
0.0
100
AcDbText
 73
2
  0
TEXT
  5
1AC
330
17
100
AcDbEntity
  8
FLOOR_1_AREA_LABELS
100
AcDbText
 10
1659.5451269810633
 20
5835.2819906709365
 30
0.0
 40
24.0
  1
93 SF
 72
1
 11
1659.5451269810633
 21
5835.2819906709365
 31
0.0
100
AcDbText
 73
2
  0
TEXT
  5
1AD
330
17
100
AcDbEntity
  8
FLOOR_1_AREA_LABELS
100
AcDbText
 10
1456.925477737024
 20
5980.930745951391
 30
0.0
 40
24.0
  1
260 SF
 72
1
 11
1456.925477737024
 21
5980.930745951391
 31
0.0
100
AcDbText
 73
2
  0
TEXT
  5
1AE
330
17
100
AcDbEntity
  8
FLOOR_1_AREA_LABELS
100
AcDbText
 10
1646.5755041347231
 20
5980.517570693812
 30
0.0
 40
24.0
  1
119 SF
 72
1
 11
1646.5755041347231
 21
5980.517570693812
 31
0.0
100
AcDbText
 73
2
  0
LWPOLYLINE
  5
1B1
330
17
100
AcDbEntity
  8
FLOOR_1_FASCADE_COLUMNS
100
AcDbPolyline
 90
39
 70
0
 10
1549.792427832644
 20
5761.836289149647
 10
1549.792427832644
 20
5755.836289149647
 10
1549.792427832644
 20
5749.836289149647
 10
1549.792427832644
 20
5743.836289149647
 10
1549.792427832644
 20
5737.836289149647
 10
1549.792427832644
 20
5731.836289149647
 10
1549.792427832644
 20
5725.836289149647
 10
1549.792427832644
 20
5719.836289149647
 10
1549.792427832644
 20
5713.836289149647
 10
1549.792427832644
 20
5707.836289149647
 10
1549.792427832644
 20
5701.836289149647
 10
1549.792427832644
 20
5695.836289149647
 10
1549.792427832644
 20
5689.836289149647
 10
1549.792427832644
 20
5683.836289149647
 10
1549.792427832644
 20
5677.836289149647
 10
1545.7924278326075
 20
5675.836289149684
 10
1539.7924278326075
 20
5675.836289149684
 10
1533.7924278326075
 20
5675.836289149684
 10
1527.7924278326075
 20
5675.836289149684
 10
1521.7924278326075
 20
5675.836289149684
 10
1515.7924278326075
 20
5675.836289149684
 10
1509.7924278326075
 20
5675.836289149684
 10
1503.7924278326075
 20
5675.836289149684
 10
1497.7924278326075
 20
5675.836289149684
 10
1491.7924278326075
 20
5675.836289149684
 10
1485.7924278326075
 20
5675.836289149684
 10
1479.7924278326075
 20
5675.836289149684
 10
1473.7924278326075
 20
5675.836289149684
 10
1467.7924278326075
 20
5675.836289149684
 10
1461.7924278326075
 20
5675.836289149684
 10
1455.7924278326075
 20
5675.836289149684
 10
1449.7924278326075
 20
5675.836289149684
 10
1443.7924278326075
 20
5675.836289149684
 10
1437.7924278326075
 20
5675.836289149684
 10
1431.7924278326075
 20
5675.836289149684
 10
1425.7924278326075
 20
5675.836289149684
 10
1419.7924278326075
 20
5675.836289149684
 10
1413.7924278326075
 20
5675.836289149684
 10
1407.7924278326075
 20
5675.836289149684
  0
TEXT
  5
1B2
330
17
100
AcDbEntity
  8
FLOOR_1_FASCADE_COLUMNS
100
AcDbText
 10
1524.1367039611255
 20
5670.704131504989
 30
0.0
 40
12.0
  1
19 FT
 50
-148.79948539603672
 72
1
 11
1524.1367039611255
 21
5670.704131504989
 31
0.0
100
AcDbText
 73
2
  0
LWPOLYLINE
  5
1B3
330
17
100
AcDbEntity
  8
FLOOR_1_FASCADE_COLUMNS
100
AcDbPolyline
 90
46
 70
0
 10
1407.7924278326075
 20
5675.836289149684
 10
1401.7924278326075
 20
5675.836289149684
 10
1395.7924278326075
 20
5675.836289149684
 10
1393.792427832644
 20
5679.83628914972
 10
1393.792427832644
 20
5685.83628914972
 10
1393.792427832644
 20
5691.83628914972
 10
1393.792427832644
 20
5697.83628914972
 10
1393.792427832644
 20
5703.83628914972
 10
1393.792427832644
 20
5709.83628914972
 10
1393.792427832644
 20
5715.83628914972
 10
1393.792427832644
 20
5721.83628914972
 10
1393.792427832644
 20
5727.83628914972
 10
1393.792427832644
 20
5733.83628914972
 10
1393.792427832644
 20
5739.83628914972
 10
1393.792427832644
 20
5745.83628914972
 10
1393.792427832644
 20
5751.83628914972
 10
1393.792427832644
 20
5757.83628914972
 10
1391.7924278325702
 20
5761.836289149646
 10
1385.7924278325702
 20
5761.836289149645
 10
1379.7924278325702
 20
5761.836289149645
 10
1373.7924278325702
 20
5761.8362891496445
 10
1367.7924278325702
 20
5761.836289149644
 10
1361.7924278325702
 20
5761.836289149643
 10
1355.7924278325702
 20
5761.836289149642
 10
1349.7924278325702
 20
5761.836289149642
 10
1343.7924278325702
 20
5761.836289149641
 10
1337.7924278325702
 20
5761.83628914964
 10
1331.7924278325702
 20
5761.83628914964
 10
1325.7924278325702
 20
5761.836289149639
 10
1319.7924278325702
 20
5761.836289149638
 10
1313.7924278325702
 20
5761.836289149637
 10
1307.7924278325702
 20
5761.836289149637
 10
1301.7924278325702
 20
5761.836289149636
 10
1295.7924278325702
 20
5761.836289149636
 10
1289.7924350357016
 20
5761.836289149704
 10
1283.7924350357016
 20
5761.836289149703
 10
1277.7924350357016
 20
5761.836289149702
 10
1271.7924350357016
 20
5761.836289149702
 10
1265.7924350357016
 20
5761.836289149701
 10
1259.7924350357016
 20
5761.8362891497
 10
1253.7924350357016
 20
5761.8362891497
 10
1247.7924350357016
 20
5761.836289149699
 10
1241.7924350357016
 20
5761.836289149699
 10
1235.7924350357016
 20
5761.836289149698
 10
1229.7924350357016
 20
5761.836289149697
 10
1223.7924350357016
 20
5761.836289149696
  0
TEXT
  5
1B4
330
17
100
AcDbEntity
  8
FLOOR_1_FASCADE_COLUMNS
100
AcDbText
 10
1354.7240205219557
 20
5756.40070071639
 30
0.0
 40
12.0
  1
23 FT
 50
154.9490213231641
 72
1
 11
1354.7240205219557
 21
5756.40070071639
 31
0.0
100
AcDbText
 73
2
  0
LWPOLYLINE
  5
1B5
330
17
100
AcDbEntity
  8
FLOOR_1_FASCADE_COLUMNS
100
AcDbPolyline
 90
25
 70
0
 10
1223.7924350357016
 20
5761.836289149696
 10
1217.7924350357016
 20
5761.836289149696
 10
1211.7924350357016
 20
5761.836289149695
 10
1205.7924350357016
 20
5761.8362891496945
 10
1199.7924350357016
 20
5761.8362891496945
 10
1193.7924350357016
 20
5761.836289149694
 10
1187.7924350357016
 20
5761.836289149694
 10
1181.7924350357016
 20
5761.836289149693
 10
1175.7924350357016
 20
5761.836289149692
 10
1169.7924350357016
 20
5761.836289149691
 10
1163.7924350357016
 20
5761.836289149691
 10
1157.7924350357016
 20
5761.83628914969
 10
1156.792427832659
 20
5766.836281946647
 10
1156.792427832659
 20
5772.836281946647
 10
1156.792427832659
 20
5778.836281946647
 10
1156.792427832659
 20
5784.836281946647
 10
1156.792427832659
 20
5790.836281946647
 10
1155.7924350356952
 20
5795.836289149684
 10
1149.7924350356952
 20
5795.836289149684
 10
1143.7924350356952
 20
5795.836289149684
 10
1137.7924350356952
 20
5795.836289149684
 10
1131.7924350356952
 20
5795.836289149684
 10
1125.7924350356952
 20
5795.836289149684
 10
1119.7924350356952
 20
5795.836289149684
 10
1113.7924350356952
 20
5795.836289149684
  0
TEXT
  5
1B6
330
17
100
AcDbEntity
  8
FLOOR_1_FASCADE_COLUMNS
100
AcDbText
 10
1155.020590207564
 20
5761.103871751279
 30
0.0
 40
12.0
  1
12 FT
 50
162.82409638426046
 72
1
 11
1155.020590207564
 21
5761.103871751279
 31
0.0
100
AcDbText
 73
2
  0
LWPOLYLINE
  5
1B7
330
17
100
AcDbEntity
  8
FLOOR_1_FASCADE_COLUMNS
100
AcDbPolyline
 90
34
 70
0
 10
1113.7924350356952
 20
5795.836289149684
 10
1107.7924350356952
 20
5795.836289149684
 10
1101.7924350356952
 20
5795.836289149684
 10
1095.7924350356952
 20
5795.836289149684
 10
1089.7924350356952
 20
5795.836289149684
 10
1083.7924350356952
 20
5795.836289149684
 10
1077.7924350356952
 20
5795.836289149684
 10
1071.7924350356952
 20
5795.836289149684
 10
1066.8556188175219
 20
5794.773105367856
 10
1066.8556188175205
 20
5788.773105367856
 10
1066.8556188175194
 20
5782.773105367856
 10
1066.855618817518
 20
5776.773105367856
 10
1066.8556188175169
 20
5770.773105367856
 10
1066.8556188175157
 20
5764.773105367856
 10
1063.792435035695
 20
5761.836289149678
 10
1057.792435035695
 20
5761.836289149679
 10
1051.792435035695
 20
5761.83628914968
 10
1045.792435035695
 20
5761.836289149681
 10
1039.792435035695
 20
5761.836289149683
 10
1033.792435035695
 20
5761.836289149684
 10
1027.792435035695
 20
5761.836289149685
 10
1021.792435035695
 20
5761.836289149686
 10
1015.792435035695
 20
5761.836289149688
 10
1009.792435035695
 20
5761.836289149689
 10
1003.792435035695
 20
5761.83628914969
 10
997.792435035695
 20
5761.836289149691
 10
991.792435035695
 20
5761.836289149693
 10
985.792435035695
 20
5761.8362891496945
 10
979.792435035695
 20
5761.836289149695
 10
973.792435035695
 20
5761.836289149696
 10
967.792435035695
 20
5761.836289149697
 10
961.792435035695
 20
5761.836289149699
 10
955.792435035695
 20
5761.8362891497
 10
949.792435035695
 20
5761.836289149702
  0
TEXT
  5
1B8
330
17
100
AcDbEntity
  8
FLOOR_1_FASCADE_COLUMNS
100
AcDbText
 10
1048.6572292141652
 20
5755.961217285104
 30
0.0
 40
12.0
  1
17 FT
 50
-168.28752768891854
 72
1
 11
1048.6572292141652
 21
5755.961217285104
 31
0.0
100
AcDbText
 73
2
  0
LWPOLYLINE
  5
1B9
330
17
100
AcDbEntity
  8
FLOOR_1_FASCADE_WALLS
100
AcDbPolyline
 90
73
 70
0
 10
949.792435035695
 20
5761.836289149702
 10
943.792435035695
 20
5761.836289149703
 10
937.7924353736744
 20
5761.836288814182
 10
931.7924353736744
 20
5761.836288821556
 10
925.7924353736744
 20
5761.836288828929
 10
919.7924353736744
 20
5761.836288836303
 10
913.7924353736744
 20
5761.836288843676
 10
907.7924353736744
 20
5761.83628885105
 10
901.7924353736744
 20
5761.836288858423
 10
895.7924353736744
 20
5761.8362888657975
 10
889.7924353736744
 20
5761.83628887317
 10
883.7924353736744
 20
5761.836288880544
 10
877.7924353736744
 20
5761.836288887918
 10
871.7924353736744
 20
5761.836288895292
 10
865.7924353736744
 20
5761.836288902665
 10
859.7924353736744
 20
5761.836288910038
 10
853.7924353736744
 20
5761.836288917412
 10
847.7924353736744
 20
5761.836288924786
 10
841.7924353736744
 20
5761.836288932159
 10
835.7924353736744
 20
5761.836288939532
 10
829.7924353736744
 20
5761.836288946906
 10
823.7924353736744
 20
5761.8362889542805
 10
817.7924353736744
 20
5761.836288961653
 10
811.7924353736744
 20
5761.836288969027
 10
805.7924353736744
 20
5761.8362889764
 10
799.7924353736744
 20
5761.8362889837745
 10
793.7924353736744
 20
5761.836288991148
 10
787.7924353736744
 20
5761.836288998521
 10
781.7924353736744
 20
5761.836289005894
 10
775.7924353736744
 20
5761.8362890132685
 10
769.7924353736744
 20
5761.836289020642
 10
763.7924353736744
 20
5761.836289028015
 10
757.7924353736744
 20
5761.836289035389
 10
751.7924353736744
 20
5761.8362890427625
 10
745.7924353736744
 20
5761.836289050136
 10
739.7924353736744
 20
5761.83628905751
 10
733.7924353736744
 20
5761.836289064883
 10
727.7924353736744
 20
5761.8362890722565
 10
721.7924353736744
 20
5761.83628907963
 10
715.7924353736744
 20
5761.836289087004
 10
709.7924353736744
 20
5761.836289094377
 10
703.7924353736744
 20
5761.836289101751
 10
697.7924353736744
 20
5761.836289109124
 10
691.7924353736744
 20
5761.836289116498
 10
685.7924353736744
 20
5761.836289123872
 10
679.7924353736744
 20
5761.836289131245
 10
673.7924353736744
 20
5761.836289138619
 10
667.7924353736744
 20
5761.836289145992
 10
664.7924278326464
 20
5764.836281608651
 10
664.7924278326464
 20
5770.836281608651
 10
664.7924278326464
 20
5776.836281608651
 10
664.7924278326464
 20
5782.836281608651
 10
664.7924278326464
 20
5788.836281608651
 10
664.7924278326464
 20
5794.836281608651
 10
664.7924278326464
 20
5800.836281608651
 10
664.7924278326464
 20
5806.836281608651
 10
664.7924278326464
 20
5812.836281608651
 10
664.7924278326464
 20
5818.836281608651
 10
664.7924278326464
 20
5824.836281608651
 10
664.7924278326464
 20
5830.836281608651
 10
664.7924278326464
 20
5836.836281608651
 10
664.7924278326464
 20
5842.836281608651
 10
664.7924278326464
 20
5848.836281608651
 10
664.7924278326464
 20
5854.836281608651
 10
664.7924278326464
 20
5860.836281608651
 10
664.7924278326464
 20
5866.836281608651
 10
664.7924278326464
 20
5872.836281608651
 10
664.7924278326464
 20
5878.836281608651
 10
664.7924278326464
 20
5884.836281608651
 10
664.7924278326464
 20
5890.836281608651
 10
664.7924278326464
 20
5896.836281608651
 10
664.7924278326464
 20
5902.836281608651
 10
664.7924278326464
 20
5908.836281608651
  0
TEXT
  5
1BA
330
17
100
AcDbEntity
  8
FLOOR_1_FASCADE_WALLS
100
AcDbText
 10
731.9206874063752
 20
5756.503827266156
 30
0.0
 40
12.0
  1
36 FT
 50
152.71579449379726
 72
1
 11
731.9206874063752
 21
5756.503827266156
 31
0.0
100
AcDbText
 73
2
  0
LWPOLYLINE
  5
1BB
330
17
100
AcDbEntity
  8
FLOOR_1_FASCADE_COLUMNS
100
AcDbPolyline
 90
40
 70
0
 10
664.7924278326464
 20
5908.836281608651
 10
664.7924278326464
 20
5914.836281608651
 10
664.7924278326464
 20
5920.836281608651
 10
664.7924278326464
 20
5926.836281608651
 10
664.7924278326464
 20
5932.836281608651
 10
664.7924278326464
 20
5938.836281608651
 10
664.7924278326464
 20
5944.836281608651
 10
664.7924278326464
 20
5950.836281608651
 10
664.7924278326464
 20
5956.836281608651
 10
664.7924278326464
 20
5962.836281608651
 10
664.7924278326464
 20
5968.836281608651
 10
664.7924278326464
 20
5974.836281608651
 10
664.7924278326464
 20
5980.836281608651
 10
664.7924278326464
 20
5986.836281608651
 10
664.7924278326464
 20
5992.836281608651
 10
664.7924278326464
 20
5998.836281608651
 10
664.7924278326464
 20
6004.836281608651
 10
664.7924278326464
 20
6010.836281608651
 10
664.7924278326464
 20
6016.836281608651
 10
664.7924278326464
 20
6022.836281608651
 10
664.7924278326464
 20
6028.836281608651
 10
664.7924278326464
 20
6034.836281608651
 10
664.7924278326464
 20
6040.836281608651
 10
664.7924278326464
 20
6046.836281608651
 10
664.7924278326464
 20
6052.836281608651
 10
670.792420291606
 20
6052.836289149691
 10
676.792420291606
 20
6052.836289149691
 10
682.792420291606
 20
6052.836289149691
 10
688.792420291606
 20
6052.836289149691
 10
694.792420291606
 20
6052.836289149691
 10
700.792420291606
 20
6052.836289149691
 10
706.792420291606
 20
6052.836289149691
 10
712.792420291606
 20
6052.836289149691
 10
718.792420291606
 20
6052.836289149691
 10
724.792420291606
 20
6052.836289149691
 10
730.792420291606
 20
6052.836289149691
 10
736.792420291606
 20
6052.836289149691
 10
742.792420291606
 20
6052.836289149691
 10
748.792420291606
 20
6052.836289149691
 10
754.792420291606
 20
6052.836289149691
  0
TEXT
  5
1BC
330
17
100
AcDbEntity
  8
FLOOR_1_FASCADE_COLUMNS
100
AcDbText
 10
659.7044378140179
 20
6029.016271166795
 30
0.0
 40
12.0
  1
20 FT
 50
57.99462029810071
 72
1
 11
659.7044378140179
 21
6029.016271166795
 31
0.0
100
AcDbText
 73
2
  0
LWPOLYLINE
  5
1BD
330
17
100
AcDbEntity
  8
FLOOR_1_FASCADE_COLUMNS
100
AcDbPolyline
 90
32
 70
0
 10
754.792420291606
 20
6052.836289149691
 10
760.792420291606
 20
6052.836289149691
 10
766.792420291606
 20
6052.836289149691
 10
772.792420291606
 20
6052.836289149691
 10
778.792420291606
 20
6052.836289149691
 10
784.792420291606
 20
6052.836289149691
 10
790.792420291606
 20
6052.836289149691
 10
796.792420291606
 20
6052.836289149691
 10
802.792420291606
 20
6052.836289149691
 10
808.792420291606
 20
6052.836289149691
 10
814.792420291606
 20
6052.836289149691
 10
820.792420291606
 20
6052.836289149691
 10
826.792420291606
 20
6052.836289149691
 10
832.792420291606
 20
6052.836289149691
 10
838.792420291606
 20
6052.836289149691
 10
844.792420291606
 20
6052.836289149691
 10
850.792420291606
 20
6052.836289149691
 10
856.792420291606
 20
6052.836289149691
 10
862.792420291606
 20
6052.836289149691
 10
868.792420291606
 20
6052.836289149691
 10
874.792420291606
 20
6052.836289149691
 10
880.792420291606
 20
6052.836289149691
 10
886.792420291606
 20
6052.836289149691
 10
892.792420291606
 20
6052.836289149691
 10
898.792420291606
 20
6052.836289149691
 10
904.792420291606
 20
6052.836289149691
 10
910.792420291606
 20
6052.836289149691
 10
916.792420291606
 20
6052.836289149691
 10
922.792420291606
 20
6052.836289149691
 10
928.792420291606
 20
6052.836289149691
 10
934.792420291606
 20
6052.836289149691
 10
940.792420291606
 20
6052.836289149691
  0
TEXT
  5
1BE
330
17
100
AcDbEntity
  8
FLOOR_1_FASCADE_COLUMNS
100
AcDbText
 10
847.792420291606
 20
6058.836289149691
 30
0.0
 40
12.0
  1
16 FT
 72
1
 11
847.792420291606
 21
6058.836289149691
 31
0.0
100
AcDbText
 73
2
  0
LWPOLYLINE
  5
1BF
330
17
100
AcDbEntity
  8
FLOOR_1_FASCADE_WALLS
100
AcDbPolyline
 90
64
 70
0
 10
940.792420291606
 20
6052.836289149691
 10
946.792420291606
 20
6052.836289149691
 10
952.792420291606
 20
6052.836289149691
 10
958.792420291606
 20
6052.836289149691
 10
964.792420291606
 20
6052.836289149691
 10
970.792420291606
 20
6052.836289149691
 10
976.792420291606
 20
6052.836289149691
 10
982.792420291606
 20
6052.836289149691
 10
988.792420291606
 20
6052.836289149691
 10
994.792420291606
 20
6052.836289149691
 10
1000.792420291606
 20
6052.836289149691
 10
1006.792420291606
 20
6052.836289149691
 10
1012.792420291606
 20
6052.836289149691
 10
1018.792420291606
 20
6052.836289149691
 10
1024.792420291606
 20
6052.836289149691
 10
1030.792420291606
 20
6052.836289149691
 10
1036.792420291606
 20
6052.836289149691
 10
1042.792420291606
 20
6052.836289149691
 10
1048.792420291606
 20
6052.836289149691
 10
1054.792420291606
 20
6052.836289149691
 10
1060.792420291606
 20
6052.836289149691
 10
1066.792420291606
 20
6052.836289149691
 10
1072.792420291606
 20
6052.836289149691
 10
1078.792420291606
 20
6052.836289149691
 10
1084.792420291606
 20
6052.836289149691
 10
1090.792420291606
 20
6052.836289149691
 10
1096.792420291606
 20
6052.836289149691
 10
1102.792420291606
 20
6052.836289149691
 10
1108.792420291606
 20
6052.836289149691
 10
1114.792420291606
 20
6052.836289149691
 10
1120.792420291606
 20
6052.836289149691
 10
1126.792420291606
 20
6052.836289149691
 10
1132.792420291606
 20
6052.836289149691
 10
1138.792420291606
 20
6052.836289149691
 10
1144.792420291606
 20
6052.836289149691
 10
1150.7924202916058
 20
6052.836289149691
 10
1156.792420291606
 20
6052.836289149691
 10
1162.792420291606
 20
6052.836289149691
 10
1168.792420291606
 20
6052.836289149691
 10
1174.792420291606
 20
6052.836289149691
 10
1180.792420291606
 20
6052.836289149691
 10
1186.792420291606
 20
6052.836289149691
 10
1192.792420291606
 20
6052.836289149691
 10
1198.792420291606
 20
6052.836289149691
 10
1204.792420291606
 20
6052.836289149691
 10
1210.792420291606
 20
6052.836289149691
 10
1216.792420291606
 20
6052.836289149691
 10
1222.792420291606
 20
6052.836289149691
 10
1228.792420291606
 20
6052.836289149691
 10
1234.792420291606
 20
6052.836289149691
 10
1240.792420291606
 20
6052.836289149691
 10
1246.792420291606
 20
6052.836289149691
 10
1252.792420291606
 20
6052.836289149691
 10
1258.792420291606
 20
6052.836289149691
 10
1264.792420291606
 20
6052.836289149691
 10
1270.792420291606
 20
6052.836289149691
 10
1276.792420291606
 20
6052.836289149691
 10
1282.792420291606
 20
6052.836289149691
 10
1288.7924202916058
 20
6052.836289149691
 10
1294.792420291606
 20
6052.836289149691
 10
1300.792420291606
 20
6052.836289149691
 10
1306.792420291606
 20
6052.836289149691
 10
1312.792420291606
 20
6052.836289149691
 10
1318.792420291606
 20
6052.836289149691
  0
TEXT
  5
1C0
330
17
100
AcDbEntity
  8
FLOOR_1_FASCADE_WALLS
100
AcDbText
 10
1129.792420291606
 20
6058.836289149691
 30
0.0
 40
12.0
  1
32 FT
 72
1
 11
1129.792420291606
 21
6058.836289149691
 31
0.0
100
AcDbText
 73
2
  0
LWPOLYLINE
  5
1C1
330
17
100
AcDbEntity
  8
FLOOR_1_FASCADE_COLUMNS
100
AcDbPolyline
 90
46
 70
0
 10
1318.792420291606
 20
6052.836289149691
 10
1324.792420291606
 20
6052.836289149691
 10
1330.792420291606
 20
6052.836289149691
 10
1336.792420291606
 20
6052.836289149691
 10
1342.792420291606
 20
6052.836289149691
 10
1348.792420291606
 20
6052.836289149691
 10
1354.792420291606
 20
6052.836289149691
 10
1360.792420291606
 20
6052.836289149691
 10
1366.792420291606
 20
6052.836289149691
 10
1372.792420291606
 20
6052.836289149691
 10
1378.792420291606
 20
6052.836289149691
 10
1384.792420291606
 20
6052.836289149691
 10
1390.792420291606
 20
6052.836289149691
 10
1396.792420291606
 20
6052.836289149691
 10
1402.792420291606
 20
6052.836289149691
 10
1408.792420291606
 20
6052.836289149691
 10
1414.792420291606
 20
6052.836289149691
 10
1420.792420291606
 20
6052.836289149691
 10
1426.7924202916058
 20
6052.836289149691
 10
1432.792420291606
 20
6052.836289149691
 10
1438.792420291606
 20
6052.836289149691
 10
1444.792420291606
 20
6052.836289149691
 10
1450.792420291606
 20
6052.836289149691
 10
1456.792420291606
 20
6052.836289149691
 10
1462.792420291606
 20
6052.836289149691
 10
1468.792420291606
 20
6052.836289149691
 10
1474.792420291606
 20
6052.836289149691
 10
1480.792420291606
 20
6052.836289149691
 10
1486.792420291606
 20
6052.836289149691
 10
1492.792420291606
 20
6052.836289149691
 10
1498.792420291606
 20
6052.836289149691
 10
1504.792420291606
 20
6052.836289149691
 10
1510.792420291606
 20
6052.836289149691
 10
1516.792420291606
 20
6052.836289149691
 10
1522.792420291606
 20
6052.836289149691
 10
1528.792420291606
 20
6052.836289149691
 10
1534.792420291606
 20
6052.836289149691
 10
1540.7924202916058
 20
6052.836289149689
 10
1546.7924202916058
 20
6052.836289149688
 10
1552.7924202916058
 20
6052.836289149686
 10
1558.7924202916058
 20
6052.836289149685
 10
1564.7924202916058
 20
6052.836289149684
 10
1570.7924202916058
 20
6052.836289149683
 10
1576.7924202916058
 20
6052.836289149681
 10
1582.7924202916058
 20
6052.83628914968
 10
1588.7924202916058
 20
6052.836289149679
  0
TEXT
  5
1C2
330
17
100
AcDbEntity
  8
FLOOR_1_FASCADE_COLUMNS
100
AcDbText
 10
1453.792420291606
 20
6058.836289149691
 30
0.0
 40
12.0
  1
23 FT
 50
-2.6055103950549145e-12
 72
1
 11
1453.792420291606
 21
6058.836289149691
 31
0.0
100
AcDbText
 73
2
  0
LWPOLYLINE
  5
1C3
330
17
100
AcDbEntity
  8
FLOOR_1_FASCADE_COLUMNS
100
AcDbPolyline
 90
45
 70
0
 10
1588.7924202916058
 20
6052.836289149679
 10
1594.7924202916058
 20
6052.836289149678
 10
1600.7924202916058
 20
6052.836289149676
 10
1606.7924202916058
 20
6052.8362891496745
 10
1612.7924202916058
 20
6052.836289149674
 10
1618.7924202916058
 20
6052.836289149673
 10
1624.792420291606
 20
6052.836289149671
 10
1630.7924202916058
 20
6052.836289149669
 10
1636.7924202916058
 20
6052.836289149668
 10
1642.7924202916058
 20
6052.836289149667
 10
1648.7924202916058
 20
6052.836289149665
 10
1654.7924202916058
 20
6052.836289149664
 10
1660.7924202916058
 20
6052.836289149663
 10
1666.7924202916058
 20
6052.836289149662
 10
1672.7924202916058
 20
6052.83628914966
 10
1678.7924202916058
 20
6052.836289149659
 10
1684.7924202916058
 20
6052.836289149658
 10
1690.7924202916058
 20
6052.836289149656
 10
1696.7924202916058
 20
6052.836289149655
 10
1702.7924202916058
 20
6052.836289149654
 10
1705.2924278326373
 20
6049.336296690684
 10
1705.2924278326384
 20
6043.336296690684
 10
1705.292427832639
 20
6037.336296690684
 10
1705.29242783264
 20
6031.336296690684
 10
1705.292427832641
 20
6025.336296690684
 10
1705.2924278326418
 20
6019.336296690684
 10
1705.2924278326425
 20
6013.336296690684
 10
1705.2924278326436
 20
6007.336296690684
 10
1705.292427832644
 20
6001.336296690684
 10
1705.2924278326452
 20
5995.336296690684
 10
1705.292427832646
 20
5989.336296690684
 10
1705.2924278326468
 20
5983.336296690684
 10
1705.2924278326477
 20
5977.336296690684
 10
1705.2924278326486
 20
5971.336296690684
 10
1705.2924278326493
 20
5965.336296690684
 10
1705.2924278326504
 20
5959.336296690684
 10
1705.292427832651
 20
5953.336296690684
 10
1705.292427832652
 20
5947.336296690684
 10
1705.2924278326527
 20
5941.336296690684
 10
1705.2924278326536
 20
5935.336296690684
 10
1705.2924278326545
 20
5929.336296690684
 10
1705.2924278326554
 20
5923.336296690684
 10
1705.2924278326561
 20
5917.336296690684
 10
1705.2924278326564
 20
5911.336296690684
 10
1705.2924278326561
 20
5905.336296690684
  0
TEXT
  5
1C4
330
17
100
AcDbEntity
  8
FLOOR_1_FASCADE_COLUMNS
100
AcDbText
 10
1710.000906989207
 20
6040.205778048054
 30
0.0
 40
12.0
  1
22 FT
 50
-51.697241100213375
 72
1
 11
1710.000906989207
 21
6040.205778048054
 31
0.0
100
AcDbText
 73
2
  0
LWPOLYLINE
  5
1C5
330
17
100
AcDbEntity
  8
FLOOR_1_FASCADE_COLUMNS
100
AcDbPolyline
 90
40
 70
0
 10
1705.2924278326561
 20
5905.336296690684
 10
1705.292427832656
 20
5899.336296690684
 10
1705.292427832655
 20
5893.336296690684
 10
1705.2924278326548
 20
5887.336296690684
 10
1705.2924278326545
 20
5881.336296690684
 10
1705.2924278326536
 20
5875.336296690684
 10
1705.2924278326534
 20
5869.336296690684
 10
1705.2924278326527
 20
5863.336296690684
 10
1705.2924278326523
 20
5857.336296690684
 10
1705.292427832652
 20
5851.336296690684
 10
1705.2924278326514
 20
5845.336296690684
 10
1705.292427832651
 20
5839.336296690684
 10
1705.2924278326504
 20
5833.336296690684
 10
1705.29242783265
 20
5827.336296690684
 10
1705.2924278326495
 20
5821.336296690684
 10
1705.292427832649
 20
5815.336296690684
 10
1705.2924278326486
 20
5809.336296690684
 10
1705.2924278326482
 20
5803.336296690684
 10
1705.2924278326477
 20
5797.336296690684
 10
1705.2924278326473
 20
5791.336296690684
 10
1705.2924278326466
 20
5785.336296690684
 10
1705.2924278326464
 20
5779.336296690684
 10
1705.292427832646
 20
5773.336296690684
 10
1705.2924278326452
 20
5767.336296690684
 10
1704.7924353736503
 20
5761.836289149679
 10
1698.7924353736503
 20
5761.836289149678
 10
1692.7924353736503
 20
5761.836289149678
 10
1686.7924353736503
 20
5761.836289149677
 10
1680.7924353736503
 20
5761.836289149676
 10
1674.7924353736503
 20
5761.836289149675
 10
1668.7924353736503
 20
5761.8362891496745
 10
1662.7924353736503
 20
5761.8362891496745
 10
1656.7924353736503
 20
5761.836289149674
 10
1650.7924353736503
 20
5761.836289149674
 10
1644.7924353736503
 20
5761.836289149673
 10
1638.7924353736503
 20
5761.836289149673
 10
1632.7924353736503
 20
5761.836289149672
 10
1626.7924353736503
 20
5761.836289149671
 10
1620.7924353736503
 20
5761.83628914967
 10
1614.7924353736503
 20
5761.836289149669
  0
TEXT
  5
1C6
330
17
100
AcDbEntity
  8
FLOOR_1_FASCADE_COLUMNS
100
AcDbText
 10
1710.367461311977
 20
5785.374322587382
 30
0.0
 40
12.0
  1
20 FT
 50
-122.23806980431974
 72
1
 11
1710.367461311977
 21
5785.374322587382
 31
0.0
100
AcDbText
 73
2
  0
LWPOLYLINE
  5
1C7
330
17
100
AcDbEntity
  8
FLOOR_1_FASCADE_COLUMNS
100
AcDbPolyline
 90
36
 70
0
 10
1614.7924353736503
 20
5761.836289149669
 10
1608.7924353736503
 20
5761.836289149669
 10
1602.7924353736503
 20
5761.836289149668
 10
1596.7924353736503
 20
5761.836289149667
 10
1590.7924353736503
 20
5761.836289149667
 10
1584.7924353736503
 20
5761.836289149666
 10
1578.7924353736503
 20
5761.836289149665
 10
1572.7924353736503
 20
5761.8362891496645
 10
1566.7924353736503
 20
5761.8362891496645
 10
1560.7924353736503
 20
5761.836289149664
 10
1554.7924353736503
 20
5761.836289149664
 10
1548.7924353736503
 20
5761.836289149663
 10
1542.7924353736503
 20
5761.836289149662
 10
1536.7924353736503
 20
5761.836289149662
 10
1530.7924353736503
 20
5761.836289149661
 10
1524.7924353736503
 20
5761.83628914966
 10
1518.7924353736503
 20
5761.836289149659
 10
1512.7924353736503
 20
5761.836289149658
 10
1506.7924353736503
 20
5761.836289149658
 10
1500.7924353736503
 20
5761.836289149657
 10
1494.7924353736503
 20
5761.836289149656
 10
1488.7924353736503
 20
5761.836289149656
 10
1482.7924353736503
 20
5761.836289149656
 10
1476.7924353736503
 20
5761.836289149655
 10
1470.7924353736503
 20
5761.8362891496545
 10
1464.7924353736503
 20
5761.836289149654
 10
1458.7924353736503
 20
5761.836289149653
 10
1452.7924353736503
 20
5761.836289149653
 10
1446.7924353736503
 20
5761.836289149652
 10
1440.7924353736503
 20
5761.836289149651
 10
1434.7924353736503
 20
5761.836289149651
 10
1428.7924353736503
 20
5761.83628914965
 10
1422.7924353736503
 20
5761.836289149649
 10
1416.7924353736503
 20
5761.836289149648
 10
1410.7924353736503
 20
5761.836289149647
 10
1404.7924353736503
 20
5761.836289149647
  0
TEXT
  5
1C8
330
17
100
AcDbEntity
  8
FLOOR_1_FASCADE_COLUMNS
100
AcDbText
 10
1509.7924353736507
 20
5755.836289149658
 30
0.0
 40
12.0
  1
18 FT
 50
-179.99999999999386
 72
1
 11
1509.7924353736507
 21
5755.836289149658
 31
0.0
100
AcDbText
 73
2
  0
LWPOLYLINE
  5
1C9
330
17
100
AcDbEntity
  8
FLOOR_1_FASCADE_COLUMNS
100
AcDbPolyline
 90
2
 70
0
 10
1404.7924353736503
 20
5761.836289149647
 10
1404.4642952916543
 20
5761.836289149647
  0
TEXT
  5
1CA
330
17
100
AcDbEntity
  8
FLOOR_1_FASCADE_COLUMNS
100
AcDbText
 10
1404.6283653326523
 20
5755.836289149647
 30
0.0
 40
12.0
  1
1 FT
 50
180.0
 72
1
 11
1404.6283653326523
 21
5755.836289149647
 31
0.0
100
AcDbText
 73
2
  0
LWPOLYLINE
  5
1CB
330
17
100
AcDbEntity
  8
FLOOR_1_FASCADE_COLUMNS
100
AcDbPolyline
 90
26
 70
0
 10
1404.4642952916543
 20
5761.836289149647
 10
1410.4642952916543
 20
5761.836289149647
 10
1416.4642952916543
 20
5761.836289149647
 10
1422.4642952916543
 20
5761.836289149647
 10
1428.4642952916543
 20
5761.836289149647
 10
1434.4642952916543
 20
5761.836289149647
 10
1440.4642952916543
 20
5761.836289149647
 10
1446.4642952916543
 20
5761.836289149647
 10
1452.4642952916543
 20
5761.836289149647
 10
1458.4642952916543
 20
5761.836289149647
 10
1464.4642952916543
 20
5761.836289149647
 10
1470.4642952916543
 20
5761.836289149647
 10
1476.4642952916543
 20
5761.836289149647
 10
1482.4642952916543
 20
5761.836289149647
 10
1488.4642952916543
 20
5761.836289149647
 10
1494.4642952916543
 20
5761.836289149647
 10
1500.4642952916543
 20
5761.836289149647
 10
1506.4642952916543
 20
5761.836289149647
 10
1512.4642952916543
 20
5761.836289149647
 10
1518.4642952916543
 20
5761.836289149647
 10
1524.4642952916543
 20
5761.836289149647
 10
1530.4642952916543
 20
5761.836289149647
 10
1536.4642952916545
 20
5761.836289149647
 10
1542.4642952916545
 20
5761.836289149647
 10
1548.4642952916545
 20
5761.836289149647
 10
1549.792427832644
 20
5761.836289149647
  0
TEXT
  5
1CC
330
17
100
AcDbEntity
  8
FLOOR_1_FASCADE_COLUMNS
100
AcDbText
 10
1477.1283615621492
 20
5767.836289149647
 30
0.0
 40
12.0
  1
13 FT
 72
1
 11
1477.1283615621492
 21
5767.836289149647
 31
0.0
100
AcDbText
 73
2
  0
CIRCLE
  5
1D3
330
17
100
AcDbEntity
  8
FLOOR_2_DATUM
100
AcDbCircle
 10
1041.786617263207
 20
5092.836289149666
 30
0.0
 40
24.0
  0
LINE
  5
1D4
330
17
100
AcDbEntity
  8
FLOOR_2_DATUM
100
AcDbLine
 10
1005.7866172632071
 20
5092.836289149666
 30
0.0
 11
1077.786617263207
 21
5092.836289149666
 31
0.0
  0
LINE
  5
1D5
330
17
100
AcDbEntity
  8
FLOOR_2_DATUM
100
AcDbLine
 10
1041.786617263207
 20
5056.836289149666
 30
0.0
 11
1041.786617263207
 21
5128.836289149666
 31
0.0
  0
TEXT
  5
1D6
330
17
100
AcDbEntity
  8
FLOOR_2_DATUM
100
AcDbText
 10
1083.786617263207
 20
5086.836289149666
 30
0.0
 40
12.0
  1
DATUM·USER
100
AcDbText
  0
LWPOLYLINE
  5
1D7
330
17
100
AcDbEntity
  8
FLOOR_2_BOUNDARY
100
AcDbPolyline
 90
20
 70
1
 10
1291.792427832655
 20
4801.836289149647
 10
1291.792427832654
 20
4801.836292751235
 10
1291.792427832654
 20
4801.836289149704
 10
1156.792427832659
 20
4801.83628914969
 10
1156.792427832659
 20
4835.836289149684
 10
1066.855618817522
 20
4835.836289149684
 10
1066.855618817515
 20
4801.836289149677
 10
939.7924278326426
 20
4801.836289149704
 10
939.7924278326426
 20
4801.836288811724
 10
664.7924278326464
 20
4801.836289149679
 10
664.7924278326464
 20
5092.83628914969
 10
1531.542427832622
 20
5092.83628914969
 10
1705.2924278326568
 20
5092.836289149653
 10
1705.2924278326568
 20
4953.58628914969
 10
1705.292427832645
 20
4801.836289149679
 10
1393.792427832644
 20
4801.836289149646
 10
1393.792427832644
 20
4715.836289149684
 10
1237.792427832644
 20
4715.836289149684
 10
1237.792427832644
 20
4801.836289149647
 10
1291.792427832655
 20
4801.836289149647
  0
LWPOLYLINE
  5
1D8
330
17
100
AcDbEntity
  8
FLOOR_2_BOUNDARY
100
AcDbPolyline
 90
4
 70
1
 10
939.7924274405996
 20
4946.836338197954
 10
939.7924274405998
 20
4946.836239149685
 10
1291.792384593982
 20
4946.836339149673
 10
939.7924274405996
 20
4946.836338197954
  0
POINT
  5
1D9
330
17
100
AcDbEntity
  8
FLOOR_2_COLUMNS
100
AcDbPoint
 10
670.7924278326441
 20
5080.8362891496945
 30
0.0
  0
POINT
  5
1DA
330
17
100
AcDbEntity
  8
FLOOR_2_COLUMNS
100
AcDbPoint
 10
839.7866172632027
 20
5080.836289149691
 30
0.0
  0
POINT
  5
1DB
330
17
100
AcDbEntity
  8
FLOOR_2_COLUMNS
100
AcDbPoint
 10
1052.7924278326427
 20
4807.8362891496945
 30
0.0
  0
POINT
  5
1DC
330
17
100
AcDbEntity
  8
FLOOR_2_COLUMNS
100
AcDbPoint
 10
1170.7924278326436
 20
4807.836289149698
 30
0.0
  0
POINT
  5
1DD
330
17
100
AcDbEntity
  8
FLOOR_2_COLUMNS
100
AcDbPoint
 10
1281.792427832646
 20
4807.836289149717
 30
0.0
  0
POINT
  5
1DE
330
17
100
AcDbEntity
  8
FLOOR_2_COLUMNS
100
AcDbPoint
 10
1532.9524273604006
 20
4807.836289149715
 30
0.0
  0
POINT
  5
1DF
330
17
100
AcDbEntity
  8
FLOOR_2_COLUMNS
100
AcDbPoint
 10
1699.2924278326432
 20
4813.836289149694
 30
0.0
  0
POINT
  5
1E0
330
17
100
AcDbEntity
  8
FLOOR_2_COLUMNS
100
AcDbPoint
 10
1477.292427832653
 20
5086.836289149682
 30
0.0
  0
POINT
  5
1E1
330
17
100
AcDbEntity
  8
FLOOR_2_COLUMNS
100
AcDbPoint
 10
1699.2924278326477
 20
5080.836289149691
 30
0.0
  0
LWPOLYLINE
  5
1E3
330
17
100
AcDbEntity
  8
FLOOR_2_TRIBUTARY_COL_0
100
AcDbPolyline
 90
13
 70
1
 10
755.2895225479215
 20
4959.58440935394
 10
752.7924278326461
 20
4958.767515915486
 10
740.7924278326461
 20
4955.377181342995
 10
728.7924278326461
 20
4952.522162755635
 10
716.7924278326461
 20
4950.202460153404
 10
704.7924278326461
 20
4948.418073536304
 10
692.7924278326461
 20
4947.169002904333
 10
680.7924278326461
 20
4946.455248257494
 10
669.7924278326461
 20
4946.291679484259
 10
664.7924278326464
 20
4946.4032036478275
 10
664.7924278326464
 20
5092.83628914969
 10
755.2895225479235
 20
5092.83628914969
 10
755.2895225479215
 20
4959.58440935394
  0
LWPOLYLINE
  5
1E4
330
17
100
AcDbEntity
  8
FLOOR_2_LARGE_TRIBUTARY
100
AcDbPolyline
 90
13
 70
1
 10
755.2895225479215
 20
4959.58440935394
 10
752.7924278326461
 20
4958.767515915486
 10
740.7924278326461
 20
4955.377181342995
 10
728.7924278326461
 20
4952.522162755635
 10
716.7924278326461
 20
4950.202460153404
 10
704.7924278326461
 20
4948.418073536304
 10
692.7924278326461
 20
4947.169002904333
 10
680.7924278326461
 20
4946.455248257494
 10
669.7924278326461
 20
4946.291679484259
 10
664.7924278326464
 20
4946.4032036478275
 10
664.7924278326464
 20
5092.83628914969
 10
755.2895225479235
 20
5092.83628914969
 10
755.2895225479215
 20
4959.58440935394
  0
LWPOLYLINE
  5
1E6
330
17
100
AcDbEntity
  8
FLOOR_2_TRIBUTARY_COL_1
100
AcDbPolyline
 90
20
 70
1
 10
940.7866181770469
 20
5086.8362583836
 10
940.7866163493583
 20
5074.8362583836
 10
940.073743234541
 20
5062.8362583836
 10
938.647998832595
 20
5050.8362583836
 10
936.5093831435202
 20
5038.8362583836
 10
933.657896167317
 20
5026.8362583836
 10
930.0935379039847
 20
5014.8362583836
 10
925.8163083535239
 20
5002.8362583836
 10
902.6061783975167
 20
4947.021442503721
 10
836.7924278326461
 20
4946.286038536946
 10
824.7924278326461
 20
4946.687266318235
 10
812.7924278326461
 20
4947.623810084653
 10
800.7924278326461
 20
4949.0956698362015
 10
788.7924278326461
 20
4951.102845572881
 10
776.7924278326461
 20
4953.64533729469
 10
764.7924278326461
 20
4956.72314500163
 10
755.2895225479215
 20
4959.58440935394
 10
755.2895225479235
 20
5092.83628914969
 10
940.430181619643
 20
5092.83628914969
 10
940.7866181770469
 20
5086.8362583836
  0
LWPOLYLINE
  5
1E7
330
17
100
AcDbEntity
  8
FLOOR_2_LARGE_TRIBUTARY
100
AcDbPolyline
 90
20
 70
1
 10
940.7866181770469
 20
5086.8362583836
 10
940.7866163493583
 20
5074.8362583836
 10
940.073743234541
 20
5062.8362583836
 10
938.647998832595
 20
5050.8362583836
 10
936.5093831435202
 20
5038.8362583836
 10
933.657896167317
 20
5026.8362583836
 10
930.0935379039847
 20
5014.8362583836
 10
925.8163083535239
 20
5002.8362583836
 10
902.6061783975167
 20
4947.021442503721
 10
836.7924278326461
 20
4946.286038536946
 10
824.7924278326461
 20
4946.687266318235
 10
812.7924278326461
 20
4947.623810084653
 10
800.7924278326461
 20
4949.0956698362015
 10
788.7924278326461
 20
4951.102845572881
 10
776.7924278326461
 20
4953.64533729469
 10
764.7924278326461
 20
4956.72314500163
 10
755.2895225479215
 20
4959.58440935394
 10
755.2895225479235
 20
5092.83628914969
 10
940.430181619643
 20
5092.83628914969
 10
940.7866181770469
 20
5086.8362583836
  0
LWPOLYLINE
  5
1E9
330
17
100
AcDbEntity
  8
FLOOR_2_TRIBUTARY_COL_2
100
AcDbPolyline
 90
14
 70
1
 10
948.1327720009031
 20
4827.7043579833335
 10
949.4458062665519
 20
4896.638656930161
 10
998.1051347676998
 20
4899.472177771939
 10
1055.786648029275
 20
4900.409355758908
 10
1067.786648029275
 20
4899.8259468812885
 10
1079.786648029275
 20
4898.46415962529
 10
1091.786648029275
 20
4896.3239939909145
 10
1103.786648029275
 20
4893.40544997816
 10
1111.7924278326404
 20
4890.93905442703
 10
1111.7924278326423
 20
4835.836289149684
 10
1066.855618817522
 20
4835.836289149684
 10
1066.855618817515
 20
4801.836289149677
 10
948.8789662941826
 20
4801.836289149702
 10
948.1327720009031
 20
4827.7043579833335
  0
LWPOLYLINE
  5
1EA
330
17
100
AcDbEntity
  8
FLOOR_2_LARGE_TRIBUTARY
100
AcDbPolyline
 90
14
 70
1
 10
948.1327720009031
 20
4827.7043579833335
 10
949.4458062665519
 20
4896.638656930161
 10
998.1051347676998
 20
4899.472177771939
 10
1055.786648029275
 20
4900.409355758908
 10
1067.786648029275
 20
4899.8259468812885
 10
1079.786648029275
 20
4898.46415962529
 10
1091.786648029275
 20
4896.3239939909145
 10
1103.786648029275
 20
4893.40544997816
 10
1111.7924278326404
 20
4890.93905442703
 10
1111.7924278326423
 20
4835.836289149684
 10
1066.855618817522
 20
4835.836289149684
 10
1066.855618817515
 20
4801.836289149677
 10
948.8789662941826
 20
4801.836289149702
 10
948.1327720009031
 20
4827.7043579833335
  0
LWPOLYLINE
  5
1EC
330
17
100
AcDbEntity
  8
FLOOR_2_TRIBUTARY_COL_3
100
AcDbPolyline
 90
12
 70
1
 10
1111.7924278326404
 20
4890.93905442703
 10
1115.786648029275
 20
4892.256192361096
 10
1127.786648029275
 20
4895.434945645639
 10
1139.786648029275
 20
4897.835320551804
 10
1151.786648029275
 20
4899.45731707959
 10
1207.5174325585142
 20
4903.375275522058
 10
1226.2924278326282
 20
4903.872544265576
 10
1226.292427832646
 20
4801.836289149696
 10
1156.792427832659
 20
4801.83628914969
 10
1156.792427832659
 20
4835.836289149684
 10
1111.7924278326423
 20
4835.836289149684
 10
1111.7924278326404
 20
4890.93905442703
  0
LWPOLYLINE
  5
1ED
330
17
100
AcDbEntity
  8
FLOOR_2_LARGE_TRIBUTARY
100
AcDbPolyline
 90
12
 70
1
 10
1111.7924278326404
 20
4890.93905442703
 10
1115.786648029275
 20
4892.256192361096
 10
1127.786648029275
 20
4895.434945645639
 10
1139.786648029275
 20
4897.835320551804
 10
1151.786648029275
 20
4899.45731707959
 10
1207.5174325585142
 20
4903.375275522058
 10
1226.2924278326282
 20
4903.872544265576
 10
1226.292427832646
 20
4801.836289149696
 10
1156.792427832659
 20
4801.83628914969
 10
1156.792427832659
 20
4835.836289149684
 10
1111.7924278326423
 20
4835.836289149684
 10
1111.7924278326404
 20
4890.93905442703
  0
LWPOLYLINE
  5
1EF
330
17
100
AcDbEntity
  8
FLOOR_2_TRIBUTARY_COL_4
100
AcDbPolyline
 90
13
 70
1
 10
1226.2924278326282
 20
4903.872544265576
 10
1341.0494715551956
 20
4974.3089520609665
 10
1407.3724275965242
 20
4927.835339494364
 10
1407.3724275965233
 20
4801.836289149647
 10
1393.792427832644
 20
4801.836289149646
 10
1393.792427832644
 20
4715.836289149684
 10
1237.792427832644
 20
4715.836289149684
 10
1237.792427832644
 20
4801.836289149647
 10
1291.792427832655
 20
4801.836289149647
 10
1291.792427832654
 20
4801.836292751235
 10
1291.792427832654
 20
4801.836289149704
 10
1226.292427832646
 20
4801.836289149696
 10
1226.2924278326282
 20
4903.872544265576
  0
LWPOLYLINE
  5
1F0
330
17
100
AcDbEntity
  8
FLOOR_2_LARGE_TRIBUTARY
100
AcDbPolyline
 90
13
 70
1
 10
1226.2924278326282
 20
4903.872544265576
 10
1341.0494715551956
 20
4974.3089520609665
 10
1407.3724275965242
 20
4927.835339494364
 10
1407.3724275965233
 20
4801.836289149647
 10
1393.792427832644
 20
4801.836289149646
 10
1393.792427832644
 20
4715.836289149684
 10
1237.792427832644
 20
4715.836289149684
 10
1237.792427832644
 20
4801.836289149647
 10
1291.792427832655
 20
4801.836289149647
 10
1291.792427832654
 20
4801.836292751235
 10
1291.792427832654
 20
4801.836289149704
 10
1226.292427832646
 20
4801.836289149696
 10
1226.2924278326282
 20
4903.872544265576
  0
LWPOLYLINE
  5
1F2
330
17
100
AcDbEntity
  8
FLOOR_2_TRIBUTARY_COL_5
100
AcDbPolyline
 90
6
 70
1
 10
1407.3724275965242
 20
4927.835339494364
 10
1585.0341099212399
 20
4963.278526427317
 10
1611.1987772558232
 20
4947.3362891496945
 10
1616.447063882723
 20
4801.836289149669
 10
1407.3724275965233
 20
4801.836289149647
 10
1407.3724275965242
 20
4927.835339494364
  0
LWPOLYLINE
  5
1F3
330
17
100
AcDbEntity
  8
FLOOR_2_LARGE_TRIBUTARY
100
AcDbPolyline
 90
6
 70
1
 10
1407.3724275965242
 20
4927.835339494364
 10
1585.0341099212399
 20
4963.278526427317
 10
1611.1987772558232
 20
4947.3362891496945
 10
1616.447063882723
 20
4801.836289149669
 10
1407.3724275965233
 20
4801.836289149647
 10
1407.3724275965242
 20
4927.835339494364
  0
LWPOLYLINE
  5
1F5
330
17
100
AcDbEntity
  8
FLOOR_2_TRIBUTARY_COL_6
100
AcDbPolyline
 90
5
 70
1
 10
1611.1987772558232
 20
4947.3362891496945
 10
1705.2924278326564
 20
4947.336289149693
 10
1705.292427832645
 20
4801.836289149679
 10
1616.447063882723
 20
4801.836289149669
 10
1611.1987772558232
 20
4947.3362891496945
  0
LWPOLYLINE
  5
1F6
330
17
100
AcDbEntity
  8
FLOOR_2_LARGE_TRIBUTARY
100
AcDbPolyline
 90
5
 70
1
 10
1611.1987772558232
 20
4947.3362891496945
 10
1705.2924278326564
 20
4947.336289149693
 10
1705.292427832645
 20
4801.836289149679
 10
1616.447063882723
 20
4801.836289149669
 10
1611.1987772558232
 20
4947.3362891496945
  0
LWPOLYLINE
  5
1F8
330
17
100
AcDbEntity
  8
FLOOR_2_TRIBUTARY_COL_7
100
AcDbPolyline
 90
9
 70
1
 10
1585.0341099212399
 20
4963.278526427317
 10
1407.3724275965242
 20
4927.835339494364
 10
1341.0494715551956
 20
4974.3089520609665
 10
1322.4062871033354
 20
5038.836297366599
 10
1321.4817458775287
 20
5086.836289149667
 10
1321.597313550538
 20
5092.83628914969
 10
1531.542427832622
 20
5092.83628914969
 10
1588.5356710758929
 20
5092.836289149678
 10
1585.0341099212399
 20
4963.278526427317
  0
LWPOLYLINE
  5
1F9
330
17
100
AcDbEntity
  8
FLOOR_2_LARGE_TRIBUTARY
100
AcDbPolyline
 90
9
 70
1
 10
1585.0341099212399
 20
4963.278526427317
 10
1407.3724275965242
 20
4927.835339494364
 10
1341.0494715551956
 20
4974.3089520609665
 10
1322.4062871033354
 20
5038.836297366599
 10
1321.4817458775287
 20
5086.836289149667
 10
1321.597313550538
 20
5092.83628914969
 10
1531.542427832622
 20
5092.83628914969
 10
1588.5356710758929
 20
5092.836289149678
 10
1585.0341099212399
 20
4963.278526427317
  0
LWPOLYLINE
  5
1FB
330
17
100
AcDbEntity
  8
FLOOR_2_TRIBUTARY_COL_8
100
AcDbPolyline
 90
7
 70
1
 10
1611.1987772558232
 20
4947.3362891496945
 10
1585.0341099212399
 20
4963.278526427317
 10
1588.5356710758929
 20
5092.836289149678
 10
1705.2924278326568
 20
5092.836289149653
 10
1705.2924278326568
 20
4953.58628914969
 10
1705.2924278326564
 20
4947.336289149693
 10
1611.1987772558232
 20
4947.3362891496945
  0
LWPOLYLINE
  5
1FC
330
17
100
AcDbEntity
  8
FLOOR_2_LARGE_TRIBUTARY
100
AcDbPolyline
 90
7
 70
1
 10
1611.1987772558232
 20
4947.3362891496945
 10
1585.0341099212399
 20
4963.278526427317
 10
1588.5356710758929
 20
5092.836289149678
 10
1705.2924278326568
 20
5092.836289149653
 10
1705.2924278326568
 20
4953.58628914969
 10
1705.2924278326564
 20
4947.336289149693
 10
1611.1987772558232
 20
4947.3362891496945
  0
LWPOLYLINE
  5
1FE
330
17
100
AcDbEntity
  8
FLOOR_2_WALL_TRIBUTARY_10
100
AcDbPolyline
 90
40
 70
1
 10
998.1051347676998
 20
4899.472177771939
 10
949.4458062665519
 20
4896.638656930161
 10
902.6061783975167
 20
4947.021442503721
 10
925.8163083535239
 20
5002.8362583836
 10
930.0935379039847
 20
5014.8362583836
 10
933.657896167317
 20
5026.8362583836
 10
936.5093831435202
 20
5038.8362583836
 10
938.647998832595
 20
5050.8362583836
 10
940.073743234541
 20
5062.8362583836
 10
940.7866163493583
 20
5074.8362583836
 10
940.7866181770469
 20
5086.8362583836
 10
940.430181619643
 20
5092.83628914969
 10
1047.7866018801342
 20
5092.83628914969
 10
1059.7865864971404
 20
5092.83628914969
 10
1071.7865864971404
 20
5092.83628914969
 10
1083.7865864971404
 20
5092.83628914969
 10
1095.7865864971404
 20
5092.83628914969
 10
1107.7865864971404
 20
5092.83628914969
 10
1119.7865864971404
 20
5092.83628914969
 10
1131.7865864971404
 20
5092.83628914969
 10
1143.7865864971404
 20
5092.83628914969
 10
1155.7865864971404
 20
5092.83628914969
 10
1163.7866090462771
 20
5092.83628914969
 10
1321.597313550538
 20
5092.83628914969
 10
1321.4817458775287
 20
5086.836289149667
 10
1322.4062871033354
 20
5038.836297366599
 10
1341.0494715551956
 20
4974.3089520609665
 10
1226.2924278326282
 20
4903.872544265576
 10
1207.5174325585142
 20
4903.375275522058
 10
1151.786648029275
 20
4899.45731707959
 10
1139.786648029275
 20
4897.835320551804
 10
1127.786648029275
 20
4895.434945645639
 10
1115.786648029275
 20
4892.256192361096
 10
1111.7924278326404
 20
4890.93905442703
 10
1103.786648029275
 20
4893.40544997816
 10
1091.786648029275
 20
4896.3239939909145
 10
1079.786648029275
 20
4898.46415962529
 10
1067.786648029275
 20
4899.8259468812885
 10
1055.786648029275
 20
4900.409355758908
 10
998.1051347676998
 20
4899.472177771939
  0
LWPOLYLINE
  5
1FF
330
17
100
AcDbEntity
  8
FLOOR_2_LARGE_TRIBUTARY
100
AcDbPolyline
 90
40
 70
1
 10
998.1051347676998
 20
4899.472177771939
 10
949.4458062665519
 20
4896.638656930161
 10
902.6061783975167
 20
4947.021442503721
 10
925.8163083535239
 20
5002.8362583836
 10
930.0935379039847
 20
5014.8362583836
 10
933.657896167317
 20
5026.8362583836
 10
936.5093831435202
 20
5038.8362583836
 10
938.647998832595
 20
5050.8362583836
 10
940.073743234541
 20
5062.8362583836
 10
940.7866163493583
 20
5074.8362583836
 10
940.7866181770469
 20
5086.8362583836
 10
940.430181619643
 20
5092.83628914969
 10
1047.7866018801342
 20
5092.83628914969
 10
1059.7865864971404
 20
5092.83628914969
 10
1071.7865864971404
 20
5092.83628914969
 10
1083.7865864971404
 20
5092.83628914969
 10
1095.7865864971404
 20
5092.83628914969
 10
1107.7865864971404
 20
5092.83628914969
 10
1119.7865864971404
 20
5092.83628914969
 10
1131.7865864971404
 20
5092.83628914969
 10
1143.7865864971404
 20
5092.83628914969
 10
1155.7865864971404
 20
5092.83628914969
 10
1163.7866090462771
 20
5092.83628914969
 10
1321.597313550538
 20
5092.83628914969
 10
1321.4817458775287
 20
5086.836289149667
 10
1322.4062871033354
 20
5038.836297366599
 10
1341.0494715551956
 20
4974.3089520609665
 10
1226.2924278326282
 20
4903.872544265576
 10
1207.5174325585142
 20
4903.375275522058
 10
1151.786648029275
 20
4899.45731707959
 10
1139.786648029275
 20
4897.835320551804
 10
1127.786648029275
 20
4895.434945645639
 10
1115.786648029275
 20
4892.256192361096
 10
1111.7924278326404
 20
4890.93905442703
 10
1103.786648029275
 20
4893.40544997816
 10
1091.786648029275
 20
4896.3239939909145
 10
1079.786648029275
 20
4898.46415962529
 10
1067.786648029275
 20
4899.8259468812885
 10
1055.786648029275
 20
4900.409355758908
 10
998.1051347676998
 20
4899.472177771939
  0
TEXT
  5
200
330
17
100
AcDbEntity
  8
FLOOR_2_AREA_LABELS
100
AcDbText
 10
1118.8943038525176
 20
4998.204365464026
 30
0.0
 40
24.0
  1
514 SF
 72
1
 11
1118.8943038525176
 21
4998.204365464026
 31
0.0
100
AcDbText
 73
2
  0
LWPOLYLINE
  5
202
330
17
100
AcDbEntity
  8
FLOOR_2_WALL_TRIBUTARY_11
100
AcDbPolyline
 90
41
 70
1
 10
664.7924278326464
 20
4946.4032036478275
 10
669.7924278326461
 20
4946.291679484259
 10
680.7924278326461
 20
4946.455248257494
 10
692.7924278326461
 20
4947.169002904333
 10
704.7924278326461
 20
4948.418073536304
 10
716.7924278326461
 20
4950.202460153404
 10
728.7924278326461
 20
4952.522162755635
 10
740.7924278326461
 20
4955.377181342995
 10
752.7924278326461
 20
4958.767515915486
 10
755.2895225479215
 20
4959.58440935394
 10
764.7924278326461
 20
4956.72314500163
 10
776.7924278326461
 20
4953.64533729469
 10
788.7924278326461
 20
4951.102845572881
 10
800.7924278326461
 20
4949.0956698362015
 10
812.7924278326461
 20
4947.623810084653
 10
824.7924278326461
 20
4946.687266318235
 10
836.7924278326461
 20
4946.286038536946
 10
902.6061783975167
 20
4947.021442503721
 10
949.4458062665519
 20
4896.638656930161
 10
948.1327720009031
 20
4827.7043579833335
 10
948.8789662941826
 20
4801.836289149702
 10
939.7924278326426
 20
4801.836289149704
 10
939.7924278326426
 20
4801.836288811724
 10
838.7924278326464
 20
4801.836288935846
 10
826.7924278326464
 20
4801.836288950593
 10
814.7924278326464
 20
4801.83628896534
 10
802.7924278326464
 20
4801.836288980087
 10
790.7924278326464
 20
4801.836288994834
 10
778.7924278326464
 20
4801.836289009581
 10
766.7924278326464
 20
4801.836289024328
 10
754.7924278326464
 20
4801.836289039076
 10
742.7924278326464
 20
4801.836289053823
 10
730.7924278326464
 20
4801.83628906857
 10
718.7924278326464
 20
4801.836289083317
 10
706.7924278326464
 20
4801.836289098064
 10
694.7924278326464
 20
4801.836289112811
 10
682.7924278326464
 20
4801.836289127558
 10
670.7924278326464
 20
4801.836289142306
 10
664.7924278326464
 20
4801.836289149679
 10
664.7924278326464
 20
4806.836289149678
 10
664.7924278326464
 20
4946.4032036478275
  0
LWPOLYLINE
  5
203
330
17
100
AcDbEntity
  8
FLOOR_2_LARGE_TRIBUTARY
100
AcDbPolyline
 90
41
 70
1
 10
664.7924278326464
 20
4946.4032036478275
 10
669.7924278326461
 20
4946.291679484259
 10
680.7924278326461
 20
4946.455248257494
 10
692.7924278326461
 20
4947.169002904333
 10
704.7924278326461
 20
4948.418073536304
 10
716.7924278326461
 20
4950.202460153404
 10
728.7924278326461
 20
4952.522162755635
 10
740.7924278326461
 20
4955.377181342995
 10
752.7924278326461
 20
4958.767515915486
 10
755.2895225479215
 20
4959.58440935394
 10
764.7924278326461
 20
4956.72314500163
 10
776.7924278326461
 20
4953.64533729469
 10
788.7924278326461
 20
4951.102845572881
 10
800.7924278326461
 20
4949.0956698362015
 10
812.7924278326461
 20
4947.623810084653
 10
824.7924278326461
 20
4946.687266318235
 10
836.7924278326461
 20
4946.286038536946
 10
902.6061783975167
 20
4947.021442503721
 10
949.4458062665519
 20
4896.638656930161
 10
948.1327720009031
 20
4827.7043579833335
 10
948.8789662941826
 20
4801.836289149702
 10
939.7924278326426
 20
4801.836289149704
 10
939.7924278326426
 20
4801.836288811724
 10
838.7924278326464
 20
4801.836288935846
 10
826.7924278326464
 20
4801.836288950593
 10
814.7924278326464
 20
4801.83628896534
 10
802.7924278326464
 20
4801.836288980087
 10
790.7924278326464
 20
4801.836288994834
 10
778.7924278326464
 20
4801.836289009581
 10
766.7924278326464
 20
4801.836289024328
 10
754.7924278326464
 20
4801.836289039076
 10
742.7924278326464
 20
4801.836289053823
 10
730.7924278326464
 20
4801.83628906857
 10
718.7924278326464
 20
4801.836289083317
 10
706.7924278326464
 20
4801.836289098064
 10
694.7924278326464
 20
4801.836289112811
 10
682.7924278326464
 20
4801.836289127558
 10
670.7924278326464
 20
4801.836289142306
 10
664.7924278326464
 20
4801.836289149679
 10
664.7924278326464
 20
4806.836289149678
 10
664.7924278326464
 20
4946.4032036478275
  0
TEXT
  5
204
330
17
100
AcDbEntity
  8
FLOOR_2_AREA_LABELS
100
AcDbText
 10
802.3856518479946
 20
4874.006834654922
 30
0.0
 40
24.0
  1
283 SF
 72
1
 11
802.3856518479946
 21
4874.006834654922
 31
0.0
100
AcDbText
 73
2
  0
TEXT
  5
205
330
17
100
AcDbEntity
  8
FLOOR_2_AREA_LABELS
100
AcDbText
 10
709.342052864972
 20
5021.585663779311
 30
0.0
 40
24.0
  1
90 SF
 72
1
 11
709.342052864972
 21
5021.585663779311
 31
0.0
100
AcDbText
 73
2
  0
TEXT
  5
206
330
17
100
AcDbEntity
  8
FLOOR_2_AREA_LABELS
100
AcDbText
 10
842.933467647455
 20
5023.619845895789
 30
0.0
 40
24.0
  1
173 SF
 72
1
 11
842.933467647455
 21
5023.619845895789
 31
0.0
100
AcDbText
 73
2
  0
TEXT
  5
207
330
17
100
AcDbEntity
  8
FLOOR_2_AREA_LABELS
100
AcDbText
 10
1023.5595338793219
 20
4853.440390540186
 30
0.0
 40
24.0
  1
99 SF
 72
1
 11
1023.5595338793219
 21
4853.440390540186
 31
0.0
100
AcDbText
 73
2
  0
TEXT
  5
208
330
17
100
AcDbEntity
  8
FLOOR_2_AREA_LABELS
100
AcDbText
 10
1175.8025775961837
 20
4855.965183459631
 30
0.0
 40
24.0
  1
68 SF
 72
1
 11
1175.8025775961837
 21
4855.965183459631
 31
0.0
100
AcDbText
 73
2
  0
TEXT
  5
209
330
17
100
AcDbEntity
  8
FLOOR_2_AREA_LABELS
100
AcDbText
 10
1319.1851014264348
 20
4834.405235091581
 30
0.0
 40
24.0
  1
272 SF
 72
1
 11
1319.1851014264348
 21
4834.405235091581
 31
0.0
100
AcDbText
 73
2
  0
TEXT
  5
20A
330
17
100
AcDbEntity
  8
FLOOR_2_AREA_LABELS
100
AcDbText
 10
1514.449448353369
 20
4874.372622123794
 30
0.0
 40
24.0
  1
208 SF
 72
1
 11
1514.449448353369
 21
4874.372622123794
 31
0.0
100
AcDbText
 73
2
  0
TEXT
  5
20B
330
17
100
AcDbEntity
  8
FLOOR_2_AREA_LABELS
100
AcDbText
 10
1659.5451269810633
 20
4875.281990670936
 30
0.0
 40
24.0
  1
93 SF
 72
1
 11
1659.5451269810633
 21
4875.281990670936
 31
0.0
100
AcDbText
 73
2
  0
TEXT
  5
20C
330
17
100
AcDbEntity
  8
FLOOR_2_AREA_LABELS
100
AcDbText
 10
1456.9254777370238
 20
5020.930745951389
 30
0.0
 40
24.0
  1
260 SF
 72
1
 11
1456.9254777370238
 21
5020.930745951389
 31
0.0
100
AcDbText
 73
2
  0
TEXT
  5
20D
330
17
100
AcDbEntity
  8
FLOOR_2_AREA_LABELS
100
AcDbText
 10
1646.5755041347275
 20
5020.5175706938135
 30
0.0
 40
24.0
  1
119 SF
 72
1
 11
1646.5755041347275
 21
5020.5175706938135
 31
0.0
100
AcDbText
 73
2
  0
LWPOLYLINE
  5
210
330
17
100
AcDbEntity
  8
FLOOR_2_FASCADE_COLUMNS
100
AcDbPolyline
 90
12
 70
0
 10
1291.792427832655
 20
4801.836289149647
 10
1285.7924350357748
 20
4801.836289149703
 10
1279.7924350357748
 20
4801.836289149702
 10
1273.7924350357748
 20
4801.836289149702
 10
1267.7924350357748
 20
4801.836289149701
 10
1261.7924350357748
 20
4801.836289149701
 10
1255.7924350357748
 20
4801.8362891497
 10
1249.7924350357748
 20
4801.8362891497
 10
1243.7924350357748
 20
4801.836289149699
 10
1237.7924350357748
 20
4801.836289149698
 10
1231.7924350357748
 20
4801.836289149697
 10
1225.7924350357748
 20
4801.836289149696
  0
TEXT
  5
211
330
17
100
AcDbEntity
  8
FLOOR_2_FASCADE_COLUMNS
100
AcDbText
 10
1258.7924314342104
 20
4795.8362891497
 30
0.0
 40
12.0
  1
6 FT
 50
179.99999999995677
 72
1
 11
1258.7924314342104
 21
4795.8362891497
 31
0.0
100
AcDbText
 73
2
  0
LWPOLYLINE
  5
212
330
17
100
AcDbEntity
  8
FLOOR_2_FASCADE_COLUMNS
100
AcDbPolyline
 90
26
 70
0
 10
1225.7924350357748
 20
4801.836289149696
 10
1219.7924350357748
 20
4801.836289149696
 10
1213.7924350357748
 20
4801.836289149695
 10
1207.7924350357748
 20
4801.836289149695
 10
1201.7924350357748
 20
4801.8362891496945
 10
1195.7924350357748
 20
4801.8362891496945
 10
1189.7924350357748
 20
4801.836289149694
 10
1183.7924350357748
 20
4801.836289149693
 10
1177.7924350357748
 20
4801.836289149692
 10
1171.7924350357748
 20
4801.836289149691
 10
1165.7924350357748
 20
4801.836289149691
 10
1159.7924350357748
 20
4801.83628914969
 10
1156.792427832659
 20
4804.836281946574
 10
1156.792427832659
 20
4810.836281946574
 10
1156.792427832659
 20
4816.836281946574
 10
1156.792427832659
 20
4822.836281946574
 10
1156.792427832659
 20
4828.836281946574
 10
1156.792427832659
 20
4834.836281946574
 10
1151.7924350357684
 20
4835.836289149684
 10
1145.7924350357684
 20
4835.836289149684
 10
1139.7924350357684
 20
4835.836289149684
 10
1133.7924350357684
 20
4835.836289149684
 10
1127.7924350357684
 20
4835.836289149684
 10
1121.7924350357684
 20
4835.836289149684
 10
1115.7924350357684
 20
4835.836289149684
 10
1109.7924350357684
 20
4835.836289149684
  0
TEXT
  5
213
330
17
100
AcDbEntity
  8
FLOOR_2_FASCADE_COLUMNS
100
AcDbText
 10
1155.1048052209997
 20
4802.506697271204
 30
0.0
 40
12.0
  1
13 FT
 50
163.66395711028838
 72
1
 11
1155.1048052209997
 21
4802.506697271204
 31
0.0
100
AcDbText
 73
2
  0
LWPOLYLINE
  5
214
330
17
100
AcDbEntity
  8
FLOOR_2_FASCADE_COLUMNS
100
AcDbPolyline
 90
33
 70
0
 10
1109.7924350357684
 20
4835.836289149684
 10
1103.7924350357684
 20
4835.836289149684
 10
1097.7924350357684
 20
4835.836289149684
 10
1091.7924350357684
 20
4835.836289149684
 10
1085.7924350357684
 20
4835.836289149684
 10
1079.7924350357684
 20
4835.836289149684
 10
1073.7924350357684
 20
4835.836289149684
 10
1067.7924350357684
 20
4835.836289149684
 10
1066.855618817521
 20
4830.77310536793
 10
1066.8556188175198
 20
4824.77310536793
 10
1066.8556188175185
 20
4818.77310536793
 10
1066.8556188175173
 20
4812.77310536793
 10
1066.8556188175162
 20
4806.77310536793
 10
1065.7924350357682
 20
4801.836289149677
 10
1059.7924350357682
 20
4801.836289149678
 10
1053.7924350357682
 20
4801.83628914968
 10
1047.7924350357682
 20
4801.836289149681
 10
1041.7924350357682
 20
4801.836289149683
 10
1035.7924350357682
 20
4801.836289149684
 10
1029.7924350357682
 20
4801.8362891496845
 10
1023.7924350357682
 20
4801.836289149685
 10
1017.7924350357682
 20
4801.836289149687
 10
1011.7924350357682
 20
4801.836289149689
 10
1005.7924350357682
 20
4801.83628914969
 10
999.7924350357682
 20
4801.836289149691
 10
993.7924350357682
 20
4801.836289149692
 10
987.7924350357682
 20
4801.836289149694
 10
981.7924350357682
 20
4801.8362891496945
 10
975.7924350357682
 20
4801.836289149696
 10
969.7924350357682
 20
4801.836289149697
 10
963.7924350357682
 20
4801.836289149699
 10
957.7924350357682
 20
4801.8362891497
 10
951.7924350357682
 20
4801.836289149701
  0
TEXT
  5
215
330
17
100
AcDbEntity
  8
FLOOR_2_FASCADE_COLUMNS
100
AcDbText
 10
1048.1542413757788
 20
4795.970563437401
 30
0.0
 40
12.0
  1
16 FT
 50
-167.855721950439
 72
1
 11
1048.1542413757788
 21
4795.970563437401
 31
0.0
100
AcDbText
 73
2
  0
LWPOLYLINE
  5
216
330
17
100
AcDbEntity
  8
FLOOR_2_FASCADE_WALLS
100
AcDbPolyline
 90
73
 70
0
 10
951.7924350357682
 20
4801.836289149701
 10
945.7924350357682
 20
4801.836289149702
 10
939.7924350357682
 20
4801.836289149704
 10
933.7924353737476
 20
4801.836288819098
 10
927.7924353737476
 20
4801.836288826471
 10
921.7924353737476
 20
4801.836288833845
 10
915.7924353737476
 20
4801.836288841218
 10
909.7924353737476
 20
4801.836288848592
 10
903.7924353737476
 20
4801.836288855966
 10
897.7924353737476
 20
4801.836288863339
 10
891.7924353737476
 20
4801.836288870712
 10
885.7924353737476
 20
4801.836288878087
 10
879.7924353737476
 20
4801.83628888546
 10
873.7924353737476
 20
4801.836288892833
 10
867.7924353737476
 20
4801.836288900207
 10
861.7924353737476
 20
4801.836288907581
 10
855.7924353737476
 20
4801.836288914954
 10
849.7924353737476
 20
4801.836288922327
 10
843.7924353737476
 20
4801.836288929701
 10
837.7924353737476
 20
4801.836288937075
 10
831.7924353737476
 20
4801.836288944449
 10
825.7924353737476
 20
4801.836288951821
 10
819.7924353737476
 20
4801.836288959195
 10
813.7924353737476
 20
4801.83628896657
 10
807.7924353737476
 20
4801.836288973943
 10
801.7924353737476
 20
4801.836288981316
 10
795.7924353737476
 20
4801.836288988689
 10
789.7924353737476
 20
4801.836288996064
 10
783.7924353737476
 20
4801.836289003437
 10
777.7924353737476
 20
4801.83628901081
 10
771.7924353737476
 20
4801.836289018183
 10
765.7924353737476
 20
4801.836289025558
 10
759.7924353737476
 20
4801.836289032932
 10
753.7924353737476
 20
4801.836289040304
 10
747.7924353737476
 20
4801.836289047678
 10
741.7924353737476
 20
4801.836289055052
 10
735.7924353737476
 20
4801.836289062426
 10
729.7924353737476
 20
4801.836289069799
 10
723.7924353737476
 20
4801.836289077172
 10
717.7924353737476
 20
4801.836289084546
 10
711.7924353737476
 20
4801.83628909192
 10
705.7924353737476
 20
4801.836289099293
 10
699.7924353737476
 20
4801.836289106666
 10
693.7924353737476
 20
4801.8362891140405
 10
687.7924353737476
 20
4801.836289121414
 10
681.7924353737476
 20
4801.836289128787
 10
675.7924353737476
 20
4801.836289136161
 10
669.7924353737476
 20
4801.8362891435345
 10
664.7924278326464
 20
4802.836281608577
 10
664.7924278326464
 20
4808.836281608577
 10
664.7924278326464
 20
4814.836281608577
 10
664.7924278326464
 20
4820.836281608577
 10
664.7924278326464
 20
4826.836281608577
 10
664.7924278326464
 20
4832.836281608577
 10
664.7924278326464
 20
4838.836281608577
 10
664.7924278326464
 20
4844.836281608577
 10
664.7924278326464
 20
4850.836281608577
 10
664.7924278326464
 20
4856.836281608577
 10
664.7924278326464
 20
4862.836281608577
 10
664.7924278326464
 20
4868.836281608577
 10
664.7924278326464
 20
4874.836281608577
 10
664.7924278326464
 20
4880.836281608577
 10
664.7924278326464
 20
4886.836281608577
 10
664.7924278326464
 20
4892.836281608577
 10
664.7924278326464
 20
4898.836281608577
 10
664.7924278326464
 20
4904.836281608577
 10
664.7924278326464
 20
4910.836281608577
 10
664.7924278326464
 20
4916.836281608577
 10
664.7924278326464
 20
4922.836281608577
 10
664.7924278326464
 20
4928.836281608577
 10
664.7924278326464
 20
4934.836281608577
 10
664.7924278326464
 20
4940.836281608577
 10
664.7924278326464
 20
4946.836281608577
  0
TEXT
  5
217
330
17
100
AcDbEntity
  8
FLOOR_2_FASCADE_WALLS
100
AcDbText
 10
733.5372728550392
 20
4796.480968337994
 30
0.0
 40
12.0
  1
36 FT
 50
153.19588753977052
 72
1
 11
733.5372728550392
 21
4796.480968337994
 31
0.0
100
AcDbText
 73
2
  0
LWPOLYLINE
  5
218
330
17
100
AcDbEntity
  8
FLOOR_2_FASCADE_COLUMNS
100
AcDbPolyline
 90
40
 70
0
 10
664.7924278326464
 20
4946.836281608577
 10
664.7924278326464
 20
4952.836281608577
 10
664.7924278326464
 20
4958.836281608577
 10
664.7924278326464
 20
4964.836281608577
 10
664.7924278326464
 20
4970.836281608577
 10
664.7924278326464
 20
4976.836281608577
 10
664.7924278326464
 20
4982.836281608577
 10
664.7924278326464
 20
4988.836281608577
 10
664.7924278326464
 20
4994.836281608577
 10
664.7924278326464
 20
5000.836281608577
 10
664.7924278326464
 20
5006.836281608577
 10
664.7924278326464
 20
5012.836281608577
 10
664.7924278326464
 20
5018.836281608577
 10
664.7924278326464
 20
5024.836281608577
 10
664.7924278326464
 20
5030.836281608577
 10
664.7924278326464
 20
5036.836281608577
 10
664.7924278326464
 20
5042.836281608577
 10
664.7924278326464
 20
5048.836281608577
 10
664.7924278326464
 20
5054.836281608577
 10
664.7924278326464
 20
5060.836281608577
 10
664.7924278326464
 20
5066.836281608577
 10
664.7924278326464
 20
5072.836281608577
 10
664.7924278326464
 20
5078.836281608577
 10
664.7924278326464
 20
5084.836281608577
 10
664.7924278326464
 20
5090.836281608577
 10
668.7924202915342
 20
5092.83628914969
 10
674.7924202915342
 20
5092.83628914969
 10
680.7924202915342
 20
5092.83628914969
 10
686.7924202915342
 20
5092.83628914969
 10
692.7924202915342
 20
5092.83628914969
 10
698.7924202915342
 20
5092.83628914969
 10
704.7924202915342
 20
5092.83628914969
 10
710.7924202915342
 20
5092.83628914969
 10
716.7924202915342
 20
5092.83628914969
 10
722.7924202915342
 20
5092.83628914969
 10
728.7924202915342
 20
5092.83628914969
 10
734.7924202915342
 20
5092.83628914969
 10
740.7924202915342
 20
5092.83628914969
 10
746.7924202915342
 20
5092.83628914969
 10
752.7924202915342
 20
5092.83628914969
  0
TEXT
  5
219
330
17
100
AcDbEntity
  8
FLOOR_2_FASCADE_COLUMNS
100
AcDbText
 10
659.6536917085647
 20
5066.169667877991
 30
0.0
 40
12.0
  1
20 FT
 50
58.92096384411176
 72
1
 11
659.6536917085647
 21
5066.169667877991
 31
0.0
100
AcDbText
 73
2
  0
LWPOLYLINE
  5
21A
330
17
100
AcDbEntity
  8
FLOOR_2_FASCADE_COLUMNS
100
AcDbPolyline
 90
32
 70
0
 10
752.7924202915342
 20
5092.83628914969
 10
758.7924202915342
 20
5092.83628914969
 10
764.7924202915342
 20
5092.83628914969
 10
770.7924202915342
 20
5092.83628914969
 10
776.7924202915342
 20
5092.83628914969
 10
782.7924202915342
 20
5092.83628914969
 10
788.7924202915342
 20
5092.83628914969
 10
794.7924202915342
 20
5092.83628914969
 10
800.7924202915342
 20
5092.83628914969
 10
806.7924202915342
 20
5092.83628914969
 10
812.7924202915342
 20
5092.83628914969
 10
818.7924202915342
 20
5092.83628914969
 10
824.7924202915342
 20
5092.83628914969
 10
830.7924202915342
 20
5092.83628914969
 10
836.7924202915342
 20
5092.83628914969
 10
842.7924202915342
 20
5092.83628914969
 10
848.7924202915342
 20
5092.83628914969
 10
854.7924202915342
 20
5092.83628914969
 10
860.7924202915342
 20
5092.83628914969
 10
866.7924202915342
 20
5092.83628914969
 10
872.7924202915342
 20
5092.83628914969
 10
878.7924202915342
 20
5092.83628914969
 10
884.7924202915342
 20
5092.83628914969
 10
890.7924202915342
 20
5092.83628914969
 10
896.7924202915342
 20
5092.83628914969
 10
902.7924202915342
 20
5092.83628914969
 10
908.7924202915342
 20
5092.83628914969
 10
914.7924202915342
 20
5092.83628914969
 10
920.7924202915342
 20
5092.83628914969
 10
926.7924202915342
 20
5092.83628914969
 10
932.7924202915342
 20
5092.83628914969
 10
938.7924202915342
 20
5092.83628914969
  0
TEXT
  5
21B
330
17
100
AcDbEntity
  8
FLOOR_2_FASCADE_COLUMNS
100
AcDbText
 10
845.7924202915342
 20
5098.83628914969
 30
0.0
 40
12.0
  1
16 FT
 72
1
 11
845.7924202915342
 21
5098.83628914969
 31
0.0
100
AcDbText
 73
2
  0
LWPOLYLINE
  5
21C
330
17
100
AcDbEntity
  8
FLOOR_2_FASCADE_WALLS
100
AcDbPolyline
 90
65
 70
0
 10
938.7924202915342
 20
5092.83628914969
 10
944.7924202915342
 20
5092.83628914969
 10
950.7924202915342
 20
5092.83628914969
 10
956.7924202915342
 20
5092.83628914969
 10
962.7924202915342
 20
5092.83628914969
 10
968.7924202915342
 20
5092.83628914969
 10
974.7924202915342
 20
5092.83628914969
 10
980.7924202915342
 20
5092.83628914969
 10
986.7924202915342
 20
5092.83628914969
 10
992.7924202915342
 20
5092.83628914969
 10
998.7924202915342
 20
5092.83628914969
 10
1004.7924202915342
 20
5092.83628914969
 10
1010.7924202915342
 20
5092.83628914969
 10
1016.7924202915342
 20
5092.83628914969
 10
1022.7924202915342
 20
5092.83628914969
 10
1028.7924202915342
 20
5092.83628914969
 10
1034.7924202915342
 20
5092.83628914969
 10
1040.7924202915342
 20
5092.83628914969
 10
1046.7924202915342
 20
5092.83628914969
 10
1052.7924202915342
 20
5092.83628914969
 10
1058.7924202915342
 20
5092.83628914969
 10
1064.7924202915342
 20
5092.83628914969
 10
1070.7924202915342
 20
5092.83628914969
 10
1076.7924202915342
 20
5092.83628914969
 10
1082.7924202915342
 20
5092.83628914969
 10
1088.7924202915342
 20
5092.83628914969
 10
1094.7924202915342
 20
5092.83628914969
 10
1100.7924202915342
 20
5092.83628914969
 10
1106.7924202915342
 20
5092.83628914969
 10
1112.7924202915342
 20
5092.83628914969
 10
1118.792420291534
 20
5092.83628914969
 10
1124.7924202915342
 20
5092.83628914969
 10
1130.7924202915342
 20
5092.83628914969
 10
1136.7924202915342
 20
5092.83628914969
 10
1142.7924202915342
 20
5092.83628914969
 10
1148.7924202915342
 20
5092.83628914969
 10
1154.7924202915342
 20
5092.83628914969
 10
1160.7924202915342
 20
5092.83628914969
 10
1166.792420291534
 20
5092.83628914969
 10
1172.7924202915342
 20
5092.83628914969
 10
1178.7924202915342
 20
5092.83628914969
 10
1184.7924202915342
 20
5092.83628914969
 10
1190.7924202915342
 20
5092.83628914969
 10
1196.7924202915342
 20
5092.83628914969
 10
1202.7924202915342
 20
5092.83628914969
 10
1208.7924202915342
 20
5092.83628914969
 10
1214.7924202915342
 20
5092.83628914969
 10
1220.7924202915342
 20
5092.83628914969
 10
1226.7924202915342
 20
5092.83628914969
 10
1232.7924202915342
 20
5092.83628914969
 10
1238.7924202915342
 20
5092.83628914969
 10
1244.7924202915342
 20
5092.83628914969
 10
1250.7924202915342
 20
5092.83628914969
 10
1256.792420291534
 20
5092.83628914969
 10
1262.7924202915342
 20
5092.83628914969
 10
1268.7924202915342
 20
5092.83628914969
 10
1274.7924202915342
 20
5092.83628914969
 10
1280.7924202915342
 20
5092.83628914969
 10
1286.7924202915342
 20
5092.83628914969
 10
1292.7924202915342
 20
5092.83628914969
 10
1298.7924202915342
 20
5092.83628914969
 10
1304.7924202915342
 20
5092.83628914969
 10
1310.7924202915342
 20
5092.83628914969
 10
1316.7924202915342
 20
5092.83628914969
 10
1322.7924202915342
 20
5092.83628914969
  0
TEXT
  5
21D
330
17
100
AcDbEntity
  8
FLOOR_2_FASCADE_WALLS
100
AcDbText
 10
1130.7924202915342
 20
5098.83628914969
 30
0.0
 40
12.0
  1
32 FT
 72
1
 11
1130.7924202915342
 21
5098.83628914969
 31
0.0
100
AcDbText
 73
2
  0
LWPOLYLINE
  5
21E
330
17
100
AcDbEntity
  8
FLOOR_2_FASCADE_COLUMNS
100
AcDbPolyline
 90
45
 70
0
 10
1322.7924202915342
 20
5092.83628914969
 10
1328.7924202915342
 20
5092.83628914969
 10
1334.7924202915342
 20
5092.83628914969
 10
1340.7924202915342
 20
5092.83628914969
 10
1346.7924202915342
 20
5092.83628914969
 10
1352.7924202915342
 20
5092.83628914969
 10
1358.7924202915342
 20
5092.83628914969
 10
1364.7924202915342
 20
5092.83628914969
 10
1370.7924202915342
 20
5092.83628914969
 10
1376.7924202915342
 20
5092.83628914969
 10
1382.7924202915342
 20
5092.83628914969
 10
1388.7924202915342
 20
5092.83628914969
 10
1394.792420291534
 20
5092.83628914969
 10
1400.7924202915342
 20
5092.83628914969
 10
1406.7924202915342
 20
5092.83628914969
 10
1412.7924202915342
 20
5092.83628914969
 10
1418.7924202915342
 20
5092.83628914969
 10
1424.7924202915342
 20
5092.83628914969
 10
1430.7924202915342
 20
5092.83628914969
 10
1436.7924202915342
 20
5092.83628914969
 10
1442.7924202915342
 20
5092.83628914969
 10
1448.7924202915342
 20
5092.83628914969
 10
1454.7924202915342
 20
5092.83628914969
 10
1460.7924202915342
 20
5092.83628914969
 10
1466.7924202915342
 20
5092.83628914969
 10
1472.7924202915342
 20
5092.83628914969
 10
1478.7924202915342
 20
5092.83628914969
 10
1484.7924202915342
 20
5092.83628914969
 10
1490.7924202915342
 20
5092.83628914969
 10
1496.7924202915342
 20
5092.83628914969
 10
1502.7924202915342
 20
5092.83628914969
 10
1508.7924202915342
 20
5092.83628914969
 10
1514.7924202915342
 20
5092.83628914969
 10
1520.7924202915342
 20
5092.83628914969
 10
1526.7924202915342
 20
5092.83628914969
 10
1532.7924202915342
 20
5092.83628914969
 10
1538.792420291534
 20
5092.836289149689
 10
1544.792420291534
 20
5092.836289149687
 10
1550.792420291534
 20
5092.836289149685
 10
1556.792420291534
 20
5092.8362891496845
 10
1562.792420291534
 20
5092.836289149684
 10
1568.792420291534
 20
5092.836289149682
 10
1574.792420291534
 20
5092.836289149681
 10
1580.792420291534
 20
5092.83628914968
 10
1586.792420291534
 20
5092.836289149678
  0
TEXT
  5
21F
330
17
100
AcDbEntity
  8
FLOOR_2_FASCADE_COLUMNS
100
AcDbText
 10
1454.7924202915342
 20
5098.83628914969
 30
0.0
 40
12.0
  1
22 FT
 50
-2.516686177041679e-12
 72
1
 11
1454.7924202915342
 21
5098.83628914969
 31
0.0
100
AcDbText
 73
2
  0
LWPOLYLINE
  5
220
330
17
100
AcDbEntity
  8
FLOOR_2_FASCADE_COLUMNS
100
AcDbPolyline
 90
45
 70
0
 10
1586.792420291534
 20
5092.836289149678
 10
1592.792420291534
 20
5092.836289149677
 10
1598.792420291534
 20
5092.836289149675
 10
1604.792420291534
 20
5092.8362891496745
 10
1610.792420291534
 20
5092.836289149673
 10
1616.792420291534
 20
5092.836289149673
 10
1622.792420291534
 20
5092.836289149671
 10
1628.792420291534
 20
5092.836289149669
 10
1634.792420291534
 20
5092.836289149668
 10
1640.792420291534
 20
5092.836289149667
 10
1646.792420291534
 20
5092.836289149665
 10
1652.792420291534
 20
5092.836289149664
 10
1658.792420291534
 20
5092.836289149663
 10
1664.792420291534
 20
5092.836289149662
 10
1670.792420291534
 20
5092.836289149661
 10
1676.792420291534
 20
5092.836289149659
 10
1682.792420291534
 20
5092.836289149658
 10
1688.792420291534
 20
5092.836289149656
 10
1694.792420291534
 20
5092.836289149655
 10
1700.792420291534
 20
5092.836289149654
 10
1705.2924278326568
 20
5091.336296690776
 10
1705.2924278326568
 20
5085.336296690776
 10
1705.2924278326568
 20
5079.336296690776
 10
1705.2924278326568
 20
5073.336296690776
 10
1705.2924278326568
 20
5067.336296690776
 10
1705.2924278326568
 20
5061.336296690776
 10
1705.2924278326568
 20
5055.336296690776
 10
1705.2924278326568
 20
5049.336296690776
 10
1705.2924278326568
 20
5043.336296690776
 10
1705.2924278326568
 20
5037.336296690776
 10
1705.2924278326568
 20
5031.336296690776
 10
1705.2924278326568
 20
5025.336296690776
 10
1705.2924278326568
 20
5019.336296690776
 10
1705.2924278326568
 20
5013.336296690776
 10
1705.2924278326568
 20
5007.336296690776
 10
1705.2924278326568
 20
5001.336296690776
 10
1705.2924278326568
 20
4995.336296690776
 10
1705.2924278326568
 20
4989.336296690776
 10
1705.2924278326568
 20
4983.336296690776
 10
1705.2924278326568
 20
4977.336296690776
 10
1705.2924278326568
 20
4971.336296690776
 10
1705.2924278326568
 20
4965.336296690776
 10
1705.2924278326568
 20
4959.336296690776
 10
1705.2924278326568
 20
4953.336296690776
 10
1705.2924278326564
 20
4947.336296690776
  0
TEXT
  5
221
330
17
100
AcDbEntity
  8
FLOOR_2_FASCADE_COLUMNS
100
AcDbText
 10
1709.9447072822436
 20
5082.496977619125
 30
0.0
 40
12.0
  1
22 FT
 50
-50.8394890721139
 72
1
 11
1709.9447072822436
 21
5082.496977619125
 31
0.0
100
AcDbText
 73
2
  0
LWPOLYLINE
  5
222
330
17
100
AcDbEntity
  8
FLOOR_2_FASCADE_COLUMNS
100
AcDbPolyline
 90
40
 70
0
 10
1705.2924278326564
 20
4947.336296690776
 10
1705.292427832656
 20
4941.336296690776
 10
1705.2924278326554
 20
4935.336296690776
 10
1705.2924278326548
 20
4929.336296690776
 10
1705.2924278326545
 20
4923.336296690776
 10
1705.292427832654
 20
4917.336296690776
 10
1705.2924278326534
 20
4911.336296690776
 10
1705.2924278326532
 20
4905.336296690776
 10
1705.2924278326523
 20
4899.336296690776
 10
1705.292427832652
 20
4893.336296690776
 10
1705.2924278326518
 20
4887.336296690776
 10
1705.292427832651
 20
4881.336296690776
 10
1705.2924278326507
 20
4875.336296690776
 10
1705.2924278326504
 20
4869.336296690776
 10
1705.2924278326495
 20
4863.336296690776
 10
1705.2924278326493
 20
4857.336296690776
 10
1705.2924278326486
 20
4851.336296690776
 10
1705.2924278326482
 20
4845.336296690776
 10
1705.292427832648
 20
4839.336296690776
 10
1705.2924278326473
 20
4833.336296690776
 10
1705.2924278326468
 20
4827.336296690776
 10
1705.2924278326464
 20
4821.336296690776
 10
1705.292427832646
 20
4815.336296690776
 10
1705.2924278326454
 20
4809.336296690776
 10
1705.292427832645
 20
4803.336296690776
 10
1700.7924353737417
 20
4801.836289149678
 10
1694.7924353737417
 20
4801.836289149678
 10
1688.7924353737417
 20
4801.836289149677
 10
1682.7924353737417
 20
4801.836289149677
 10
1676.7924353737417
 20
4801.836289149676
 10
1670.7924353737417
 20
4801.836289149675
 10
1664.7924353737417
 20
4801.8362891496745
 10
1658.7924353737417
 20
4801.8362891496745
 10
1652.7924353737417
 20
4801.836289149674
 10
1646.7924353737417
 20
4801.836289149673
 10
1640.7924353737417
 20
4801.836289149673
 10
1634.7924353737417
 20
4801.836289149672
 10
1628.7924353737417
 20
4801.836289149671
 10
1622.7924353737417
 20
4801.83628914967
 10
1616.7924353737417
 20
4801.836289149669
  0
TEXT
  5
223
330
17
100
AcDbEntity
  8
FLOOR_2_FASCADE_COLUMNS
100
AcDbText
 10
1710.418639586088
 20
4827.8465861704935
 30
0.0
 40
12.0
  1
20 FT
 50
-121.30994689645438
 72
1
 11
1710.418639586088
 21
4827.8465861704935
 31
0.0
100
AcDbText
 73
2
  0
LWPOLYLINE
  5
224
330
17
100
AcDbEntity
  8
FLOOR_2_FASCADE_COLUMNS
100
AcDbPolyline
 90
36
 70
0
 10
1616.7924353737417
 20
4801.836289149669
 10
1610.7924353737417
 20
4801.836289149669
 10
1604.7924353737417
 20
4801.836289149669
 10
1598.7924353737417
 20
4801.836289149668
 10
1592.7924353737417
 20
4801.836289149667
 10
1586.7924353737417
 20
4801.836289149667
 10
1580.7924353737417
 20
4801.836289149666
 10
1574.7924353737417
 20
4801.836289149665
 10
1568.7924353737417
 20
4801.8362891496645
 10
1562.7924353737417
 20
4801.836289149664
 10
1556.7924353737417
 20
4801.836289149664
 10
1550.7924353737417
 20
4801.836289149663
 10
1544.7924353737417
 20
4801.836289149662
 10
1538.7924353737417
 20
4801.836289149662
 10
1532.7924353737417
 20
4801.836289149661
 10
1526.7924353737417
 20
4801.83628914966
 10
1520.7924353737417
 20
4801.83628914966
 10
1514.7924353737417
 20
4801.836289149659
 10
1508.7924353737417
 20
4801.836289149658
 10
1502.7924353737417
 20
4801.836289149658
 10
1496.7924353737417
 20
4801.836289149657
 10
1490.7924353737417
 20
4801.836289149656
 10
1484.7924353737417
 20
4801.836289149656
 10
1478.7924353737417
 20
4801.836289149655
 10
1472.7924353737417
 20
4801.8362891496545
 10
1466.7924353737417
 20
4801.836289149654
 10
1460.7924353737417
 20
4801.836289149653
 10
1454.7924353737417
 20
4801.836289149653
 10
1448.7924353737417
 20
4801.836289149652
 10
1442.7924353737417
 20
4801.836289149652
 10
1436.7924353737417
 20
4801.836289149651
 10
1430.7924353737417
 20
4801.836289149651
 10
1424.7924353737417
 20
4801.83628914965
 10
1418.7924353737417
 20
4801.836289149649
 10
1412.7924353737417
 20
4801.836289149648
 10
1406.7924353737417
 20
4801.836289149647
  0
TEXT
  5
225
330
17
100
AcDbEntity
  8
FLOOR_2_FASCADE_COLUMNS
100
AcDbText
 10
1511.7924353737426
 20
4795.836289149658
 30
0.0
 40
12.0
  1
18 FT
 50
-179.99999999999403
 72
1
 11
1511.7924353737426
 21
4795.836289149658
 31
0.0
100
AcDbText
 73
2
  0
LWPOLYLINE
  5
226
330
17
100
AcDbEntity
  8
FLOOR_2_FASCADE_COLUMNS
100
AcDbPolyline
 90
67
 70
0
 10
1406.7924353737417
 20
4801.836289149647
 10
1400.7924353737417
 20
4801.836289149647
 10
1394.7924353737417
 20
4801.836289149646
 10
1393.792427832644
 20
4796.836296690744
 10
1393.792427832644
 20
4790.836296690743
 10
1393.792427832644
 20
4784.836296690744
 10
1393.792427832644
 20
4778.836296690744
 10
1393.792427832644
 20
4772.836296690744
 10
1393.792427832644
 20
4766.836296690744
 10
1393.792427832644
 20
4760.836296690744
 10
1393.792427832644
 20
4754.836296690743
 10
1393.792427832644
 20
4748.836296690744
 10
1393.792427832644
 20
4742.836296690744
 10
1393.792427832644
 20
4736.836296690744
 10
1393.792427832644
 20
4730.836296690744
 10
1393.792427832644
 20
4724.836296690744
 10
1393.792427832644
 20
4718.836296690744
 10
1390.7924353737044
 20
4715.836289149684
 10
1384.7924353737044
 20
4715.836289149684
 10
1378.7924353737044
 20
4715.836289149684
 10
1372.7924353737044
 20
4715.836289149684
 10
1366.7924353737044
 20
4715.836289149684
 10
1360.7924353737044
 20
4715.836289149684
 10
1354.7924353737044
 20
4715.836289149684
 10
1348.7924353737044
 20
4715.836289149684
 10
1342.7924353737044
 20
4715.836289149684
 10
1336.7924353737044
 20
4715.836289149684
 10
1330.7924353737044
 20
4715.836289149684
 10
1324.7924353737044
 20
4715.836289149684
 10
1318.7924353737044
 20
4715.836289149684
 10
1312.7924353737044
 20
4715.836289149684
 10
1306.7924353737044
 20
4715.836289149684
 10
1300.7924353737044
 20
4715.836289149684
 10
1294.7924353737044
 20
4715.836289149684
 10
1288.7924353737044
 20
4715.836289149684
 10
1282.7924353737044
 20
4715.836289149684
 10
1276.7924353737044
 20
4715.836289149684
 10
1270.7924353737044
 20
4715.836289149684
 10
1264.7924353737044
 20
4715.836289149684
 10
1258.7924353737044
 20
4715.836289149684
 10
1252.7924353737044
 20
4715.836289149684
 10
1246.7924353737044
 20
4715.836289149684
 10
1240.7924353737044
 20
4715.836289149684
 10
1237.792427832644
 20
4718.836281608624
 10
1237.792427832644
 20
4724.836281608623
 10
1237.792427832644
 20
4730.836281608623
 10
1237.792427832644
 20
4736.836281608623
 10
1237.792427832644
 20
4742.836281608623
 10
1237.792427832644
 20
4748.836281608623
 10
1237.792427832644
 20
4754.836281608623
 10
1237.792427832644
 20
4760.836281608623
 10
1237.792427832644
 20
4766.836281608623
 10
1237.792427832644
 20
4772.836281608623
 10
1237.792427832644
 20
4778.836281608623
 10
1237.792427832644
 20
4784.836281608623
 10
1237.792427832644
 20
4790.836281608623
 10
1237.792427832644
 20
4796.836281608623
 10
1238.7924202916201
 20
4801.836289149647
 10
1244.7924202916201
 20
4801.836289149647
 10
1250.7924202916201
 20
4801.836289149647
 10
1256.7924202916201
 20
4801.836289149647
 10
1262.7924202916201
 20
4801.836289149647
 10
1268.7924202916201
 20
4801.836289149647
 10
1274.7924202916201
 20
4801.836289149647
 10
1280.7924202916201
 20
4801.836289149647
 10
1286.7924202916201
 20
4801.836289149647
 10
1291.792427832655
 20
4801.836289149647
  0
TEXT
  5
227
330
17
100
AcDbEntity
  8
FLOOR_2_FASCADE_COLUMNS
100
AcDbText
 10
1295.2924256874924
 20
4709.836289149684
 30
0.0
 40
12.0
  1
33 FT
 50
-179.99999999999966
 72
1
 11
1295.2924256874924
 21
4709.836289149684
 31
0.0
100
AcDbText
 73
2
  0
CIRCLE
  5
22E
330
17
100
AcDbEntity
  8
FLOOR_3_DATUM
100
AcDbCircle
 10
1041.786617263206
 20
4132.836289149691
 30
0.0
 40
24.0
  0
LINE
  5
22F
330
17
100
AcDbEntity
  8
FLOOR_3_DATUM
100
AcDbLine
 10
1005.7866172632059
 20
4132.836289149691
 30
0.0
 11
1077.786617263206
 21
4132.836289149691
 31
0.0
  0
LINE
  5
230
330
17
100
AcDbEntity
  8
FLOOR_3_DATUM
100
AcDbLine
 10
1041.786617263206
 20
4096.836289149691
 30
0.0
 11
1041.786617263206
 21
4168.836289149691
 31
0.0
  0
TEXT
  5
231
330
17
100
AcDbEntity
  8
FLOOR_3_DATUM
100
AcDbText
 10
1083.786617263206
 20
4126.836289149691
 30
0.0
 40
12.0
  1
DATUM·USER
100
AcDbText
  0
LWPOLYLINE
  5
232
330
17
100
AcDbEntity
  8
FLOOR_3_BOUNDARY
100
AcDbPolyline
 90
19
 70
1
 10
1291.7924278326527
 20
3841.836289149705
 10
1156.792427832658
 20
3841.836289149691
 10
1156.792427832658
 20
3875.836289149685
 10
1066.855618817522
 20
3875.836289149685
 10
1066.855618817514
 20
3841.8362891496754
 10
939.7924278326426
 20
3841.836289149705
 10
939.7924278326426
 20
3841.836288811725
 10
664.7924278326454
 20
3841.83628914968
 10
664.7924278326454
 20
4132.836289149691
 10
1531.542427832621
 20
4132.836289149691
 10
1705.2924278326568
 20
4132.836289149653
 10
1705.2924278326568
 20
4123.836289149691
 10
1741.792427832635
 20
4123.836289149691
 10
1741.792427832635
 20
3985.8362891496918
 10
1705.2924278326561
 20
3985.8362891496918
 10
1705.292427832645
 20
3841.83628914968
 10
1291.792427832654
 20
3841.8362891496354
 10
1291.7924278326527
 20
3841.8362933515023
 10
1291.7924278326527
 20
3841.836289149705
  0
LWPOLYLINE
  5
233
330
17
100
AcDbEntity
  8
FLOOR_3_BOUNDARY
100
AcDbPolyline
 90
4
 70
1
 10
1291.792386639458
 20
3986.836339149674
 10
939.7924274405996
 20
3986.836338197955
 10
939.7924274405998
 20
3986.8362391496844
 10
1291.792386639458
 20
3986.836339149674
  0
POINT
  5
234
330
17
100
AcDbEntity
  8
FLOOR_3_COLUMNS
100
AcDbPoint
 10
670.7924278326441
 20
4120.8362891496945
 30
0.0
  0
POINT
  5
235
330
17
100
AcDbEntity
  8
FLOOR_3_COLUMNS
100
AcDbPoint
 10
839.7866172632027
 20
4120.836289149691
 30
0.0
  0
POINT
  5
236
330
17
100
AcDbEntity
  8
FLOOR_3_COLUMNS
100
AcDbPoint
 10
1052.7924278326423
 20
3847.8362891496945
 30
0.0
  0
POINT
  5
237
330
17
100
AcDbEntity
  8
FLOOR_3_COLUMNS
100
AcDbPoint
 10
1170.7924278326432
 20
3847.836289149699
 30
0.0
  0
POINT
  5
238
330
17
100
AcDbEntity
  8
FLOOR_3_COLUMNS
100
AcDbPoint
 10
1281.792427832646
 20
3847.8362891497186
 30
0.0
  0
POINT
  5
239
330
17
100
AcDbEntity
  8
FLOOR_3_COLUMNS
100
AcDbPoint
 10
1532.9524273604006
 20
3847.836289149716
 30
0.0
  0
POINT
  5
23A
330
17
100
AcDbEntity
  8
FLOOR_3_COLUMNS
100
AcDbPoint
 10
1699.2924278326427
 20
3853.836289149694
 30
0.0
  0
POINT
  5
23B
330
17
100
AcDbEntity
  8
FLOOR_3_COLUMNS
100
AcDbPoint
 10
1477.292427832653
 20
4126.836289149682
 30
0.0
  0
POINT
  5
23C
330
17
100
AcDbEntity
  8
FLOOR_3_COLUMNS
100
AcDbPoint
 10
1699.2924278326477
 20
4120.836289149691
 30
0.0
  0
LWPOLYLINE
  5
23E
330
17
100
AcDbEntity
  8
FLOOR_3_TRIBUTARY_COL_0
100
AcDbPolyline
 90
13
 70
1
 10
755.2895225479209
 20
3999.58440935394
 10
752.7924278326442
 20
3998.767515915485
 10
740.7924278326442
 20
3995.377181342994
 10
728.7924278326442
 20
3992.5221627556343
 10
716.7924278326442
 20
3990.202460153404
 10
704.7924278326442
 20
3988.4180735363034
 10
692.7924278326442
 20
3987.169002904333
 10
680.7924278326442
 20
3986.4552482574936
 10
669.7924278326448
 20
3986.291679484259
 10
664.7924278326454
 20
3986.4032036478275
 10
664.7924278326454
 20
4132.836289149691
 10
755.2895225479236
 20
4132.836289149691
 10
755.2895225479209
 20
3999.58440935394
  0
LWPOLYLINE
  5
23F
330
17
100
AcDbEntity
  8
FLOOR_3_LARGE_TRIBUTARY
100
AcDbPolyline
 90
13
 70
1
 10
755.2895225479209
 20
3999.58440935394
 10
752.7924278326442
 20
3998.767515915485
 10
740.7924278326442
 20
3995.377181342994
 10
728.7924278326442
 20
3992.5221627556343
 10
716.7924278326442
 20
3990.202460153404
 10
704.7924278326442
 20
3988.4180735363034
 10
692.7924278326442
 20
3987.169002904333
 10
680.7924278326442
 20
3986.4552482574936
 10
669.7924278326448
 20
3986.291679484259
 10
664.7924278326454
 20
3986.4032036478275
 10
664.7924278326454
 20
4132.836289149691
 10
755.2895225479236
 20
4132.836289149691
 10
755.2895225479209
 20
3999.58440935394
  0
LWPOLYLINE
  5
241
330
17
100
AcDbEntity
  8
FLOOR_3_TRIBUTARY_COL_1
100
AcDbPolyline
 90
20
 70
1
 10
940.7866181770463
 20
4126.836258383599
 10
940.7866163493577
 20
4114.836258383599
 10
940.0737432345404
 20
4102.836258383599
 10
938.6479988325945
 20
4090.836258383599
 10
936.5093831435197
 20
4078.836258383599
 10
933.6578961673163
 20
4066.836258383599
 10
930.0935379039842
 20
4054.836258383599
 10
925.8163083535234
 20
4042.836258383599
 10
902.6061783975158
 20
3987.02144250372
 10
836.7924278326442
 20
3986.286038536945
 10
824.7924278326442
 20
3986.687266318234
 10
812.7924278326442
 20
3987.6238100846526
 10
800.7924278326442
 20
3989.0956698362015
 10
788.7924278326442
 20
3991.102845572881
 10
776.7924278326442
 20
3993.64533729469
 10
764.7924278326442
 20
3996.7231450016297
 10
755.2895225479209
 20
3999.58440935394
 10
755.2895225479236
 20
4132.836289149691
 10
940.4301816196423
 20
4132.836289149691
 10
940.7866181770463
 20
4126.836258383599
  0
LWPOLYLINE
  5
242
330
17
100
AcDbEntity
  8
FLOOR_3_LARGE_TRIBUTARY
100
AcDbPolyline
 90
20
 70
1
 10
940.7866181770463
 20
4126.836258383599
 10
940.7866163493577
 20
4114.836258383599
 10
940.0737432345404
 20
4102.836258383599
 10
938.6479988325945
 20
4090.836258383599
 10
936.5093831435197
 20
4078.836258383599
 10
933.6578961673163
 20
4066.836258383599
 10
930.0935379039842
 20
4054.836258383599
 10
925.8163083535234
 20
4042.836258383599
 10
902.6061783975158
 20
3987.02144250372
 10
836.7924278326442
 20
3986.286038536945
 10
824.7924278326442
 20
3986.687266318234
 10
812.7924278326442
 20
3987.6238100846526
 10
800.7924278326442
 20
3989.0956698362015
 10
788.7924278326442
 20
3991.102845572881
 10
776.7924278326442
 20
3993.64533729469
 10
764.7924278326442
 20
3996.7231450016297
 10
755.2895225479209
 20
3999.58440935394
 10
755.2895225479236
 20
4132.836289149691
 10
940.4301816196423
 20
4132.836289149691
 10
940.7866181770463
 20
4126.836258383599
  0
LWPOLYLINE
  5
244
330
17
100
AcDbEntity
  8
FLOOR_3_TRIBUTARY_COL_2
100
AcDbPolyline
 90
14
 70
1
 10
948.1327720009019
 20
3867.704357983344
 10
949.4458062665504
 20
3936.638656930161
 10
998.105134767699
 20
3939.4721777719387
 10
1055.7866480292741
 20
3940.409355758908
 10
1067.7866480292741
 20
3939.8259468812885
 10
1079.7866480292741
 20
3938.4641596252904
 10
1091.7866480292741
 20
3936.323993990914
 10
1103.7866480292741
 20
3933.4054499781596
 10
1111.79242783264
 20
3930.9390544270304
 10
1111.7924278326418
 20
3875.836289149685
 10
1066.855618817522
 20
3875.836289149685
 10
1066.855618817514
 20
3841.8362891496754
 10
948.878966294182
 20
3841.8362891497027
 10
948.1327720009019
 20
3867.704357983344
  0
LWPOLYLINE
  5
245
330
17
100
AcDbEntity
  8
FLOOR_3_LARGE_TRIBUTARY
100
AcDbPolyline
 90
14
 70
1
 10
948.1327720009019
 20
3867.704357983344
 10
949.4458062665504
 20
3936.638656930161
 10
998.105134767699
 20
3939.4721777719387
 10
1055.7866480292741
 20
3940.409355758908
 10
1067.7866480292741
 20
3939.8259468812885
 10
1079.7866480292741
 20
3938.4641596252904
 10
1091.7866480292741
 20
3936.323993990914
 10
1103.7866480292741
 20
3933.4054499781596
 10
1111.79242783264
 20
3930.9390544270304
 10
1111.7924278326418
 20
3875.836289149685
 10
1066.855618817522
 20
3875.836289149685
 10
1066.855618817514
 20
3841.8362891496754
 10
948.878966294182
 20
3841.8362891497027
 10
948.1327720009019
 20
3867.704357983344
  0
LWPOLYLINE
  5
247
330
17
100
AcDbEntity
  8
FLOOR_3_TRIBUTARY_COL_3
100
AcDbPolyline
 90
12
 70
1
 10
1111.79242783264
 20
3930.9390544270304
 10
1115.7866480292741
 20
3932.2561923610956
 10
1127.7866480292741
 20
3935.4349456456393
 10
1139.7866480292741
 20
3937.8353205518038
 10
1151.7866480292741
 20
3939.45731707959
 10
1207.5174325585126
 20
3943.3752755220576
 10
1226.2924278326275
 20
3943.872544265577
 10
1226.2924278326457
 20
3841.836289149698
 10
1156.792427832658
 20
3841.836289149691
 10
1156.792427832658
 20
3875.836289149685
 10
1111.7924278326418
 20
3875.836289149685
 10
1111.79242783264
 20
3930.9390544270304
  0
LWPOLYLINE
  5
248
330
17
100
AcDbEntity
  8
FLOOR_3_LARGE_TRIBUTARY
100
AcDbPolyline
 90
12
 70
1
 10
1111.79242783264
 20
3930.9390544270304
 10
1115.7866480292741
 20
3932.2561923610956
 10
1127.7866480292741
 20
3935.4349456456393
 10
1139.7866480292741
 20
3937.8353205518038
 10
1151.7866480292741
 20
3939.45731707959
 10
1207.5174325585126
 20
3943.3752755220576
 10
1226.2924278326275
 20
3943.872544265577
 10
1226.2924278326457
 20
3841.836289149698
 10
1156.792427832658
 20
3841.836289149691
 10
1156.792427832658
 20
3875.836289149685
 10
1111.7924278326418
 20
3875.836289149685
 10
1111.79242783264
 20
3930.9390544270304
  0
LWPOLYLINE
  5
24A
330
17
100
AcDbEntity
  8
FLOOR_3_TRIBUTARY_COL_4
100
AcDbPolyline
 90
9
 70
1
 10
1226.2924278326275
 20
3943.872544265577
 10
1341.0494715551945
 20
4014.3089520609674
 10
1407.3724275965246
 20
3967.835339494365
 10
1407.3724275965233
 20
3841.8362891496477
 10
1291.792427832654
 20
3841.8362891496354
 10
1291.7924278326527
 20
3841.8362933515023
 10
1291.7924278326527
 20
3841.836289149705
 10
1226.2924278326457
 20
3841.836289149698
 10
1226.2924278326275
 20
3943.872544265577
  0
LWPOLYLINE
  5
24B
330
17
100
AcDbEntity
  8
FLOOR_3_LARGE_TRIBUTARY
100
AcDbPolyline
 90
9
 70
1
 10
1226.2924278326275
 20
3943.872544265577
 10
1341.0494715551945
 20
4014.3089520609674
 10
1407.3724275965246
 20
3967.835339494365
 10
1407.3724275965233
 20
3841.8362891496477
 10
1291.792427832654
 20
3841.8362891496354
 10
1291.7924278326527
 20
3841.8362933515023
 10
1291.7924278326527
 20
3841.836289149705
 10
1226.2924278326457
 20
3841.836289149698
 10
1226.2924278326275
 20
3943.872544265577
  0
LWPOLYLINE
  5
24D
330
17
100
AcDbEntity
  8
FLOOR_3_TRIBUTARY_COL_5
100
AcDbPolyline
 90
6
 70
1
 10
1407.3724275965246
 20
3967.835339494365
 10
1585.0341099212396
 20
4003.278526427317
 10
1611.1987772558232
 20
3987.336289149694
 10
1616.447063882723
 20
3841.83628914967
 10
1407.3724275965233
 20
3841.8362891496477
 10
1407.3724275965246
 20
3967.835339494365
  0
LWPOLYLINE
  5
24E
330
17
100
AcDbEntity
  8
FLOOR_3_LARGE_TRIBUTARY
100
AcDbPolyline
 90
6
 70
1
 10
1407.3724275965246
 20
3967.835339494365
 10
1585.0341099212396
 20
4003.278526427317
 10
1611.1987772558232
 20
3987.336289149694
 10
1616.447063882723
 20
3841.83628914967
 10
1407.3724275965233
 20
3841.8362891496477
 10
1407.3724275965246
 20
3967.835339494365
  0
LWPOLYLINE
  5
250
330
17
100
AcDbEntity
  8
FLOOR_3_TRIBUTARY_COL_6
100
AcDbPolyline
 90
7
 70
1
 10
1611.1987772558232
 20
3987.336289149694
 10
1741.792427832635
 20
3987.3362891496918
 10
1741.792427832635
 20
3985.8362891496918
 10
1705.2924278326561
 20
3985.8362891496918
 10
1705.292427832645
 20
3841.83628914968
 10
1616.447063882723
 20
3841.83628914967
 10
1611.1987772558232
 20
3987.336289149694
  0
LWPOLYLINE
  5
251
330
17
100
AcDbEntity
  8
FLOOR_3_LARGE_TRIBUTARY
100
AcDbPolyline
 90
7
 70
1
 10
1611.1987772558232
 20
3987.336289149694
 10
1741.792427832635
 20
3987.3362891496918
 10
1741.792427832635
 20
3985.8362891496918
 10
1705.2924278326561
 20
3985.8362891496918
 10
1705.292427832645
 20
3841.83628914968
 10
1616.447063882723
 20
3841.83628914967
 10
1611.1987772558232
 20
3987.336289149694
  0
LWPOLYLINE
  5
253
330
17
100
AcDbEntity
  8
FLOOR_3_TRIBUTARY_COL_7
100
AcDbPolyline
 90
9
 70
1
 10
1585.0341099212396
 20
4003.278526427317
 10
1407.3724275965246
 20
3967.835339494365
 10
1341.0494715551945
 20
4014.3089520609674
 10
1322.406287103335
 20
4078.8362973665976
 10
1321.4817458775283
 20
4126.836289149667
 10
1321.5973135505376
 20
4132.836289149691
 10
1531.542427832621
 20
4132.836289149691
 10
1588.5356710758929
 20
4132.836289149678
 10
1585.0341099212396
 20
4003.278526427317
  0
LWPOLYLINE
  5
254
330
17
100
AcDbEntity
  8
FLOOR_3_LARGE_TRIBUTARY
100
AcDbPolyline
 90
9
 70
1
 10
1585.0341099212396
 20
4003.278526427317
 10
1407.3724275965246
 20
3967.835339494365
 10
1341.0494715551945
 20
4014.3089520609674
 10
1322.406287103335
 20
4078.8362973665976
 10
1321.4817458775283
 20
4126.836289149667
 10
1321.5973135505376
 20
4132.836289149691
 10
1531.542427832621
 20
4132.836289149691
 10
1588.5356710758929
 20
4132.836289149678
 10
1585.0341099212396
 20
4003.278526427317
  0
LWPOLYLINE
  5
256
330
17
100
AcDbEntity
  8
FLOOR_3_TRIBUTARY_COL_8
100
AcDbPolyline
 90
8
 70
1
 10
1611.1987772558232
 20
3987.336289149694
 10
1585.0341099212396
 20
4003.278526427317
 10
1588.5356710758929
 20
4132.836289149678
 10
1705.2924278326568
 20
4132.836289149653
 10
1705.2924278326568
 20
4123.836289149691
 10
1741.792427832635
 20
4123.836289149691
 10
1741.792427832635
 20
3987.3362891496918
 10
1611.1987772558232
 20
3987.336289149694
  0
LWPOLYLINE
  5
257
330
17
100
AcDbEntity
  8
FLOOR_3_LARGE_TRIBUTARY
100
AcDbPolyline
 90
8
 70
1
 10
1611.1987772558232
 20
3987.336289149694
 10
1585.0341099212396
 20
4003.278526427317
 10
1588.5356710758929
 20
4132.836289149678
 10
1705.2924278326568
 20
4132.836289149653
 10
1705.2924278326568
 20
4123.836289149691
 10
1741.792427832635
 20
4123.836289149691
 10
1741.792427832635
 20
3987.3362891496918
 10
1611.1987772558232
 20
3987.336289149694
  0
LWPOLYLINE
  5
259
330
17
100
AcDbEntity
  8
FLOOR_3_WALL_TRIBUTARY_8
100
AcDbPolyline
 90
40
 70
1
 10
998.105134767699
 20
3939.4721777719387
 10
949.4458062665504
 20
3936.638656930161
 10
902.6061783975158
 20
3987.02144250372
 10
925.8163083535234
 20
4042.836258383599
 10
930.0935379039842
 20
4054.836258383599
 10
933.6578961673163
 20
4066.836258383599
 10
936.5093831435197
 20
4078.836258383599
 10
938.6479988325945
 20
4090.836258383599
 10
940.0737432345404
 20
4102.836258383599
 10
940.7866163493577
 20
4114.836258383599
 10
940.7866181770463
 20
4126.836258383599
 10
940.4301816196423
 20
4132.836289149691
 10
1047.7866018801326
 20
4132.836289149691
 10
1059.7865864971382
 20
4132.836289149691
 10
1071.7865864971382
 20
4132.836289149691
 10
1083.7865864971382
 20
4132.836289149691
 10
1095.7865864971382
 20
4132.836289149691
 10
1107.7865864971382
 20
4132.836289149691
 10
1119.7865864971382
 20
4132.836289149691
 10
1131.7865864971382
 20
4132.836289149691
 10
1143.7865864971382
 20
4132.836289149691
 10
1155.7865864971382
 20
4132.836289149691
 10
1163.7866090462755
 20
4132.836289149691
 10
1321.5973135505376
 20
4132.836289149691
 10
1321.4817458775283
 20
4126.836289149667
 10
1322.406287103335
 20
4078.8362973665976
 10
1341.0494715551945
 20
4014.3089520609674
 10
1226.2924278326275
 20
3943.872544265577
 10
1207.5174325585126
 20
3943.3752755220576
 10
1151.7866480292741
 20
3939.45731707959
 10
1139.7866480292741
 20
3937.8353205518038
 10
1127.7866480292741
 20
3935.4349456456393
 10
1115.7866480292741
 20
3932.2561923610956
 10
1111.79242783264
 20
3930.9390544270304
 10
1103.7866480292741
 20
3933.4054499781596
 10
1091.7866480292741
 20
3936.323993990914
 10
1079.7866480292741
 20
3938.4641596252904
 10
1067.7866480292741
 20
3939.8259468812885
 10
1055.7866480292741
 20
3940.409355758908
 10
998.105134767699
 20
3939.4721777719387
  0
LWPOLYLINE
  5
25A
330
17
100
AcDbEntity
  8
FLOOR_3_LARGE_TRIBUTARY
100
AcDbPolyline
 90
40
 70
1
 10
998.105134767699
 20
3939.4721777719387
 10
949.4458062665504
 20
3936.638656930161
 10
902.6061783975158
 20
3987.02144250372
 10
925.8163083535234
 20
4042.836258383599
 10
930.0935379039842
 20
4054.836258383599
 10
933.6578961673163
 20
4066.836258383599
 10
936.5093831435197
 20
4078.836258383599
 10
938.6479988325945
 20
4090.836258383599
 10
940.0737432345404
 20
4102.836258383599
 10
940.7866163493577
 20
4114.836258383599
 10
940.7866181770463
 20
4126.836258383599
 10
940.4301816196423
 20
4132.836289149691
 10
1047.7866018801326
 20
4132.836289149691
 10
1059.7865864971382
 20
4132.836289149691
 10
1071.7865864971382
 20
4132.836289149691
 10
1083.7865864971382
 20
4132.836289149691
 10
1095.7865864971382
 20
4132.836289149691
 10
1107.7865864971382
 20
4132.836289149691
 10
1119.7865864971382
 20
4132.836289149691
 10
1131.7865864971382
 20
4132.836289149691
 10
1143.7865864971382
 20
4132.836289149691
 10
1155.7865864971382
 20
4132.836289149691
 10
1163.7866090462755
 20
4132.836289149691
 10
1321.5973135505376
 20
4132.836289149691
 10
1321.4817458775283
 20
4126.836289149667
 10
1322.406287103335
 20
4078.8362973665976
 10
1341.0494715551945
 20
4014.3089520609674
 10
1226.2924278326275
 20
3943.872544265577
 10
1207.5174325585126
 20
3943.3752755220576
 10
1151.7866480292741
 20
3939.45731707959
 10
1139.7866480292741
 20
3937.8353205518038
 10
1127.7866480292741
 20
3935.4349456456393
 10
1115.7866480292741
 20
3932.2561923610956
 10
1111.79242783264
 20
3930.9390544270304
 10
1103.7866480292741
 20
3933.4054499781596
 10
1091.7866480292741
 20
3936.323993990914
 10
1079.7866480292741
 20
3938.4641596252904
 10
1067.7866480292741
 20
3939.8259468812885
 10
1055.7866480292741
 20
3940.409355758908
 10
998.105134767699
 20
3939.4721777719387
  0
TEXT
  5
25B
330
17
100
AcDbEntity
  8
FLOOR_3_AREA_LABELS
100
AcDbText
 10
1118.894303852517
 20
4038.2043654640256
 30
0.0
 40
24.0
  1
514 SF
 72
1
 11
1118.894303852517
 21
4038.2043654640256
 31
0.0
100
AcDbText
 73
2
  0
LWPOLYLINE
  5
25D
330
17
100
AcDbEntity
  8
FLOOR_3_WALL_TRIBUTARY_9
100
AcDbPolyline
 90
41
 70
1
 10
664.7924278326454
 20
3986.4032036478275
 10
669.7924278326448
 20
3986.291679484259
 10
680.7924278326442
 20
3986.4552482574936
 10
692.7924278326442
 20
3987.169002904333
 10
704.7924278326442
 20
3988.4180735363034
 10
716.7924278326442
 20
3990.202460153404
 10
728.7924278326442
 20
3992.5221627556343
 10
740.7924278326442
 20
3995.377181342994
 10
752.7924278326442
 20
3998.767515915485
 10
755.2895225479209
 20
3999.58440935394
 10
764.7924278326442
 20
3996.7231450016297
 10
776.7924278326442
 20
3993.64533729469
 10
788.7924278326442
 20
3991.102845572881
 10
800.7924278326442
 20
3989.0956698362015
 10
812.7924278326442
 20
3987.6238100846526
 10
824.7924278326442
 20
3986.687266318234
 10
836.7924278326442
 20
3986.286038536945
 10
902.6061783975158
 20
3987.02144250372
 10
949.4458062665504
 20
3936.638656930161
 10
948.1327720009019
 20
3867.704357983344
 10
948.878966294182
 20
3841.8362891497027
 10
939.7924278326426
 20
3841.836289149705
 10
939.7924278326426
 20
3841.836288811725
 10
838.7924278326454
 20
3841.8362889358464
 10
826.7924278326454
 20
3841.836288950594
 10
814.7924278326454
 20
3841.836288965341
 10
802.7924278326454
 20
3841.8362889800883
 10
790.7924278326454
 20
3841.836288994835
 10
778.7924278326454
 20
3841.8362890095823
 10
766.7924278326454
 20
3841.836289024329
 10
754.7924278326454
 20
3841.8362890390763
 10
742.7924278326454
 20
3841.8362890538233
 10
730.7924278326454
 20
3841.8362890685707
 10
718.7924278326454
 20
3841.8362890833178
 10
706.7924278326454
 20
3841.836289098065
 10
694.7924278326454
 20
3841.8362891128118
 10
682.7924278326454
 20
3841.836289127559
 10
670.7924278326454
 20
3841.8362891423058
 10
664.7924278326454
 20
3841.83628914968
 10
664.7924278326454
 20
3846.836289149679
 10
664.7924278326454
 20
3986.4032036478275
  0
LWPOLYLINE
  5
25E
330
17
100
AcDbEntity
  8
FLOOR_3_LARGE_TRIBUTARY
100
AcDbPolyline
 90
41
 70
1
 10
664.7924278326454
 20
3986.4032036478275
 10
669.7924278326448
 20
3986.291679484259
 10
680.7924278326442
 20
3986.4552482574936
 10
692.7924278326442
 20
3987.169002904333
 10
704.7924278326442
 20
3988.4180735363034
 10
716.7924278326442
 20
3990.202460153404
 10
728.7924278326442
 20
3992.5221627556343
 10
740.7924278326442
 20
3995.377181342994
 10
752.7924278326442
 20
3998.767515915485
 10
755.2895225479209
 20
3999.58440935394
 10
764.7924278326442
 20
3996.7231450016297
 10
776.7924278326442
 20
3993.64533729469
 10
788.7924278326442
 20
3991.102845572881
 10
800.7924278326442
 20
3989.0956698362015
 10
812.7924278326442
 20
3987.6238100846526
 10
824.7924278326442
 20
3986.687266318234
 10
836.7924278326442
 20
3986.286038536945
 10
902.6061783975158
 20
3987.02144250372
 10
949.4458062665504
 20
3936.638656930161
 10
948.1327720009019
 20
3867.704357983344
 10
948.878966294182
 20
3841.8362891497027
 10
939.7924278326426
 20
3841.836289149705
 10
939.7924278326426
 20
3841.836288811725
 10
838.7924278326454
 20
3841.8362889358464
 10
826.7924278326454
 20
3841.836288950594
 10
814.7924278326454
 20
3841.836288965341
 10
802.7924278326454
 20
3841.8362889800883
 10
790.7924278326454
 20
3841.836288994835
 10
778.7924278326454
 20
3841.8362890095823
 10
766.7924278326454
 20
3841.836289024329
 10
754.7924278326454
 20
3841.8362890390763
 10
742.7924278326454
 20
3841.8362890538233
 10
730.7924278326454
 20
3841.8362890685707
 10
718.7924278326454
 20
3841.8362890833178
 10
706.7924278326454
 20
3841.836289098065
 10
694.7924278326454
 20
3841.8362891128118
 10
682.7924278326454
 20
3841.836289127559
 10
670.7924278326454
 20
3841.8362891423058
 10
664.7924278326454
 20
3841.83628914968
 10
664.7924278326454
 20
3846.836289149679
 10
664.7924278326454
 20
3986.4032036478275
  0
TEXT
  5
25F
330
17
100
AcDbEntity
  8
FLOOR_3_AREA_LABELS
100
AcDbText
 10
802.3856518479932
 20
3914.0068346549233
 30
0.0
 40
24.0
  1
283 SF
 72
1
 11
802.3856518479932
 21
3914.0068346549233
 31
0.0
100
AcDbText
 73
2
  0
TEXT
  5
260
330
17
100
AcDbEntity
  8
FLOOR_3_AREA_LABELS
100
AcDbText
 10
709.3420528649717
 20
4061.5856637793113
 30
0.0
 40
24.0
  1
90 SF
 72
1
 11
709.3420528649717
 21
4061.5856637793113
 31
0.0
100
AcDbText
 73
2
  0
TEXT
  5
261
330
17
100
AcDbEntity
  8
FLOOR_3_AREA_LABELS
100
AcDbText
 10
842.9334676474544
 20
4063.619845895789
 30
0.0
 40
24.0
  1
173 SF
 72
1
 11
842.9334676474544
 21
4063.619845895789
 31
0.0
100
AcDbText
 73
2
  0
TEXT
  5
262
330
17
100
AcDbEntity
  8
FLOOR_3_AREA_LABELS
100
AcDbText
 10
1023.559533879321
 20
3893.4403905401878
 30
0.0
 40
24.0
  1
99 SF
 72
1
 11
1023.559533879321
 21
3893.4403905401878
 31
0.0
100
AcDbText
 73
2
  0
TEXT
  5
263
330
17
100
AcDbEntity
  8
FLOOR_3_AREA_LABELS
100
AcDbText
 10
1175.8025775961833
 20
3895.9651834596307
 30
0.0
 40
24.0
  1
68 SF
 72
1
 11
1175.8025775961833
 21
3895.9651834596307
 31
0.0
100
AcDbText
 73
2
  0
TEXT
  5
264
330
17
100
AcDbEntity
  8
FLOOR_3_AREA_LABELS
100
AcDbText
 10
1320.9596999830947
 20
3913.9329228250094
 30
0.0
 40
24.0
  1
179 SF
 72
1
 11
1320.9596999830947
 21
3913.9329228250094
 31
0.0
100
AcDbText
 73
2
  0
TEXT
  5
265
330
17
100
AcDbEntity
  8
FLOOR_3_AREA_LABELS
100
AcDbText
 10
1514.449448353369
 20
3914.372622123795
 30
0.0
 40
24.0
  1
208 SF
 72
1
 11
1514.449448353369
 21
3914.372622123795
 31
0.0
100
AcDbText
 73
2
  0
TEXT
  5
266
330
17
100
AcDbEntity
  8
FLOOR_3_AREA_LABELS
100
AcDbText
 10
1659.8073214378244
 20
3915.574121613266
 30
0.0
 40
24.0
  1
93 SF
 72
1
 11
1659.8073214378244
 21
3915.574121613266
 31
0.0
100
AcDbText
 73
2
  0
TEXT
  5
267
330
17
100
AcDbEntity
  8
FLOOR_3_AREA_LABELS
100
AcDbText
 10
1456.9254777370236
 20
4060.930745951391
 30
0.0
 40
24.0
  1
260 SF
 72
1
 11
1456.9254777370236
 21
4060.930745951391
 31
0.0
100
AcDbText
 73
2
  0
TEXT
  5
268
330
17
100
AcDbEntity
  8
FLOOR_3_AREA_LABELS
100
AcDbText
 10
1663.9707450533497
 20
4059.403055180186
 30
0.0
 40
24.0
  1
154 SF
 72
1
 11
1663.9707450533497
 21
4059.403055180186
 31
0.0
100
AcDbText
 73
2
  0
LWPOLYLINE
  5
26B
330
17
100
AcDbEntity
  8
FLOOR_3_FASCADE_COLUMNS
100
AcDbPolyline
 90
12
 70
0
 10
1291.7924278326527
 20
3841.836289149705
 10
1285.7924278326527
 20
3841.8362891497045
 10
1279.7924278326527
 20
3841.8362891497036
 10
1273.7924278326527
 20
3841.8362891497027
 10
1267.7924278326527
 20
3841.836289149702
 10
1261.7924278326527
 20
3841.8362891497018
 10
1255.7924278326527
 20
3841.836289149701
 10
1249.7924278326527
 20
3841.8362891497
 10
1243.7924278326527
 20
3841.8362891497
 10
1237.7924278326527
 20
3841.8362891496995
 10
1231.7924278326527
 20
3841.836289149699
 10
1225.7924278326527
 20
3841.836289149698
  0
TEXT
  5
26C
330
17
100
AcDbEntity
  8
FLOOR_3_FASCADE_COLUMNS
100
AcDbText
 10
1258.7924278326534
 20
3835.836289149701
 30
0.0
 40
12.0
  1
6 FT
 50
-179.9999999999941
 72
1
 11
1258.7924278326534
 21
3835.836289149701
 31
0.0
100
AcDbText
 73
2
  0
LWPOLYLINE
  5
26D
330
17
100
AcDbEntity
  8
FLOOR_3_FASCADE_COLUMNS
100
AcDbPolyline
 90
26
 70
0
 10
1225.7924278326527
 20
3841.836289149698
 10
1219.7924278326527
 20
3841.836289149697
 10
1213.7924278326527
 20
3841.8362891496968
 10
1207.7924278326527
 20
3841.8362891496963
 10
1201.7924278326527
 20
3841.8362891496954
 10
1195.7924278326527
 20
3841.8362891496945
 10
1189.7924278326527
 20
3841.836289149694
 10
1183.7924278326527
 20
3841.8362891496936
 10
1177.7924278326527
 20
3841.8362891496927
 10
1171.7924278326527
 20
3841.8362891496918
 10
1165.7924278326527
 20
3841.8362891496913
 10
1159.7924278326527
 20
3841.836289149691
 10
1156.792427832658
 20
3844.8362891496954
 10
1156.792427832658
 20
3850.8362891496954
 10
1156.792427832658
 20
3856.8362891496954
 10
1156.792427832658
 20
3862.8362891496954
 10
1156.792427832658
 20
3868.8362891496954
 10
1156.792427832658
 20
3874.8362891496954
 10
1151.792427832647
 20
3875.836289149685
 10
1145.792427832647
 20
3875.836289149685
 10
1139.792427832647
 20
3875.836289149685
 10
1133.792427832647
 20
3875.836289149685
 10
1127.792427832647
 20
3875.836289149685
 10
1121.792427832647
 20
3875.836289149685
 10
1115.792427832647
 20
3875.836289149685
 10
1109.792427832647
 20
3875.836289149685
  0
TEXT
  5
26E
330
17
100
AcDbEntity
  8
FLOOR_3_FASCADE_COLUMNS
100
AcDbText
 10
1155.1048052209985
 20
3842.5067072996244
 30
0.0
 40
12.0
  1
13 FT
 50
163.6639571102883
 72
1
 11
1155.1048052209985
 21
3842.5067072996244
 31
0.0
100
AcDbText
 73
2
  0
LWPOLYLINE
  5
26F
330
17
100
AcDbEntity
  8
FLOOR_3_FASCADE_COLUMNS
100
AcDbPolyline
 90
33
 70
0
 10
1109.792427832647
 20
3875.836289149685
 10
1103.792427832647
 20
3875.836289149685
 10
1097.792427832647
 20
3875.836289149685
 10
1091.792427832647
 20
3875.836289149685
 10
1085.792427832647
 20
3875.836289149685
 10
1079.792427832647
 20
3875.836289149685
 10
1073.792427832647
 20
3875.836289149685
 10
1067.792427832647
 20
3875.836289149685
 10
1066.8556188175207
 20
3870.7730981648097
 10
1066.8556188175194
 20
3864.7730981648097
 10
1066.855618817518
 20
3858.7730981648097
 10
1066.8556188175164
 20
3852.7730981648097
 10
1066.855618817515
 20
3846.7730981648097
 10
1065.7924278326482
 20
3841.8362891496754
 10
1059.7924278326482
 20
3841.836289149677
 10
1053.7924278326482
 20
3841.836289149678
 10
1047.7924278326482
 20
3841.83628914968
 10
1041.7924278326482
 20
3841.836289149681
 10
1035.7924278326482
 20
3841.836289149683
 10
1029.7924278326482
 20
3841.8362891496845
 10
1023.7924278326482
 20
3841.836289149686
 10
1017.7924278326482
 20
3841.836289149687
 10
1011.7924278326482
 20
3841.8362891496886
 10
1005.7924278326482
 20
3841.83628914969
 10
999.7924278326482
 20
3841.8362891496913
 10
993.7924278326482
 20
3841.8362891496927
 10
987.7924278326482
 20
3841.836289149694
 10
981.7924278326482
 20
3841.8362891496954
 10
975.7924278326482
 20
3841.8362891496968
 10
969.7924278326482
 20
3841.836289149698
 10
963.7924278326482
 20
3841.8362891496995
 10
957.7924278326482
 20
3841.836289149701
 10
951.7924278326482
 20
3841.836289149702
  0
TEXT
  5
270
330
17
100
AcDbEntity
  8
FLOOR_3_FASCADE_COLUMNS
100
AcDbText
 10
1048.154234296263
 20
3835.9705634373995
 30
0.0
 40
12.0
  1
16 FT
 50
-167.85572195043892
 72
1
 11
1048.154234296263
 21
3835.9705634373995
 31
0.0
100
AcDbText
 73
2
  0
LWPOLYLINE
  5
271
330
17
100
AcDbEntity
  8
FLOOR_3_FASCADE_WALLS
100
AcDbPolyline
 90
73
 70
0
 10
951.7924278326482
 20
3841.836289149702
 10
945.7924278326482
 20
3841.8362891497036
 10
939.7924278326482
 20
3841.836289149705
 10
933.7924281706282
 20
3841.8362888190986
 10
927.7924281706282
 20
3841.8362888264724
 10
921.7924281706282
 20
3841.836288833845
 10
915.7924281706282
 20
3841.8362888412194
 10
909.7924281706282
 20
3841.8362888485926
 10
903.7924281706282
 20
3841.836288855967
 10
897.7924281706282
 20
3841.8362888633396
 10
891.7924281706282
 20
3841.8362888707134
 10
885.7924281706282
 20
3841.836288878087
 10
879.7924281706282
 20
3841.836288885461
 10
873.7924281706282
 20
3841.836288892834
 10
867.7924281706282
 20
3841.8362889002074
 10
861.7924281706282
 20
3841.8362889075815
 10
855.7924281706282
 20
3841.836288914955
 10
849.7924281706282
 20
3841.836288922328
 10
843.7924281706282
 20
3841.836288929702
 10
837.7924281706282
 20
3841.8362889370756
 10
831.7924281706282
 20
3841.8362889444493
 10
825.7924281706282
 20
3841.836288951822
 10
819.7924281706282
 20
3841.8362889591963
 10
813.7924281706282
 20
3841.8362889665696
 10
807.7924281706282
 20
3841.8362889739437
 10
801.7924281706282
 20
3841.8362889813166
 10
795.7924281706282
 20
3841.8362889886903
 10
789.7924281706282
 20
3841.836288996064
 10
783.7924281706282
 20
3841.8362890034377
 10
777.7924281706282
 20
3841.836289010811
 10
771.7924281706282
 20
3841.8362890181843
 10
765.7924281706282
 20
3841.8362890255585
 10
759.7924281706282
 20
3841.8362890329317
 10
753.7924281706282
 20
3841.836289040305
 10
747.7924281706282
 20
3841.8362890476787
 10
741.7924281706282
 20
3841.8362890550525
 10
735.7924281706282
 20
3841.836289062426
 10
729.7924281706282
 20
3841.836289069799
 10
723.7924281706282
 20
3841.836289077173
 10
717.7924281706282
 20
3841.8362890845465
 10
711.7924281706282
 20
3841.8362890919207
 10
705.7924281706282
 20
3841.8362890992935
 10
699.7924281706282
 20
3841.836289106667
 10
693.7924281706282
 20
3841.836289114041
 10
687.7924281706282
 20
3841.8362891214147
 10
681.7924281706282
 20
3841.836289128788
 10
675.7924281706282
 20
3841.836289136161
 10
669.7924281706282
 20
3841.8362891435354
 10
664.7924278326454
 20
3842.8362888116967
 10
664.7924278326454
 20
3848.8362888116967
 10
664.7924278326454
 20
3854.8362888116967
 10
664.7924278326454
 20
3860.8362888116967
 10
664.7924278326454
 20
3866.8362888116967
 10
664.7924278326454
 20
3872.8362888116967
 10
664.7924278326454
 20
3878.8362888116967
 10
664.7924278326454
 20
3884.8362888116967
 10
664.7924278326454
 20
3890.8362888116967
 10
664.7924278326454
 20
3896.8362888116967
 10
664.7924278326454
 20
3902.8362888116967
 10
664.7924278326454
 20
3908.8362888116967
 10
664.7924278326454
 20
3914.8362888116967
 10
664.7924278326454
 20
3920.8362888116967
 10
664.7924278326454
 20
3926.8362888116967
 10
664.7924278326454
 20
3932.8362888116967
 10
664.7924278326454
 20
3938.8362888116967
 10
664.7924278326454
 20
3944.8362888116967
 10
664.7924278326454
 20
3950.8362888116967
 10
664.7924278326454
 20
3956.8362888116967
 10
664.7924278326454
 20
3962.8362888116967
 10
664.7924278326454
 20
3968.8362888116967
 10
664.7924278326454
 20
3974.8362888116967
 10
664.7924278326454
 20
3980.8362888116967
 10
664.7924278326454
 20
3986.8362888116967
  0
TEXT
  5
272
330
17
100
AcDbEntity
  8
FLOOR_3_FASCADE_WALLS
100
AcDbText
 10
733.5372683160452
 20
3836.4809684194247
 30
0.0
 40
12.0
  1
36 FT
 50
153.1958858153961
 72
1
 11
733.5372683160452
 21
3836.4809684194247
 31
0.0
100
AcDbText
 73
2
  0
LWPOLYLINE
  5
273
330
17
100
AcDbEntity
  8
FLOOR_3_FASCADE_COLUMNS
100
AcDbPolyline
 90
40
 70
0
 10
664.7924278326454
 20
3986.8362888116967
 10
664.7924278326454
 20
3992.8362888116967
 10
664.7924278326454
 20
3998.8362888116967
 10
664.7924278326454
 20
4004.8362888116967
 10
664.7924278326454
 20
4010.8362888116967
 10
664.7924278326454
 20
4016.8362888116967
 10
664.7924278326454
 20
4022.8362888116967
 10
664.7924278326454
 20
4028.8362888116967
 10
664.7924278326454
 20
4034.8362888116967
 10
664.7924278326454
 20
4040.8362888116967
 10
664.7924278326454
 20
4046.8362888116967
 10
664.7924278326454
 20
4052.8362888116967
 10
664.7924278326454
 20
4058.8362888116967
 10
664.7924278326454
 20
4064.8362888116967
 10
664.7924278326454
 20
4070.8362888116967
 10
664.7924278326454
 20
4076.8362888116967
 10
664.7924278326454
 20
4082.8362888116967
 10
664.7924278326454
 20
4088.8362888116967
 10
664.7924278326454
 20
4094.8362888116967
 10
664.7924278326454
 20
4100.836288811697
 10
664.7924278326454
 20
4106.836288811697
 10
664.7924278326454
 20
4112.836288811697
 10
664.7924278326454
 20
4118.836288811697
 10
664.7924278326454
 20
4124.836288811697
 10
664.7924278326454
 20
4130.836288811697
 10
668.7924274946517
 20
4132.836289149691
 10
674.7924274946517
 20
4132.836289149691
 10
680.7924274946517
 20
4132.836289149691
 10
686.7924274946517
 20
4132.836289149691
 10
692.7924274946517
 20
4132.836289149691
 10
698.7924274946517
 20
4132.836289149691
 10
704.7924274946517
 20
4132.836289149691
 10
710.7924274946517
 20
4132.836289149691
 10
716.7924274946517
 20
4132.836289149691
 10
722.7924274946517
 20
4132.836289149691
 10
728.7924274946517
 20
4132.836289149691
 10
734.7924274946517
 20
4132.836289149691
 10
740.7924274946517
 20
4132.836289149691
 10
746.7924274946517
 20
4132.836289149691
 10
752.7924274946517
 20
4132.836289149691
  0
TEXT
  5
274
330
17
100
AcDbEntity
  8
FLOOR_3_FASCADE_COLUMNS
100
AcDbText
 10
659.6536918882136
 20
4106.169676989826
 30
0.0
 40
12.0
  1
20 FT
 50
58.92096052085863
 72
1
 11
659.6536918882136
 21
4106.169676989826
 31
0.0
100
AcDbText
 73
2
  0
LWPOLYLINE
  5
275
330
17
100
AcDbEntity
  8
FLOOR_3_FASCADE_COLUMNS
100
AcDbPolyline
 90
32
 70
0
 10
752.7924274946517
 20
4132.836289149691
 10
758.7924274946517
 20
4132.836289149691
 10
764.7924274946517
 20
4132.836289149691
 10
770.7924274946517
 20
4132.836289149691
 10
776.7924274946517
 20
4132.836289149691
 10
782.7924274946517
 20
4132.836289149691
 10
788.7924274946517
 20
4132.836289149691
 10
794.7924274946517
 20
4132.836289149691
 10
800.7924274946517
 20
4132.836289149691
 10
806.7924274946517
 20
4132.836289149691
 10
812.7924274946517
 20
4132.836289149691
 10
818.7924274946517
 20
4132.836289149691
 10
824.7924274946517
 20
4132.836289149691
 10
830.7924274946517
 20
4132.836289149691
 10
836.7924274946517
 20
4132.836289149691
 10
842.7924274946517
 20
4132.836289149691
 10
848.7924274946517
 20
4132.836289149691
 10
854.7924274946517
 20
4132.836289149691
 10
860.7924274946517
 20
4132.836289149691
 10
866.7924274946517
 20
4132.836289149691
 10
872.7924274946517
 20
4132.836289149691
 10
878.7924274946517
 20
4132.836289149691
 10
884.7924274946517
 20
4132.836289149691
 10
890.7924274946517
 20
4132.836289149691
 10
896.7924274946517
 20
4132.836289149691
 10
902.7924274946517
 20
4132.836289149691
 10
908.7924274946517
 20
4132.836289149691
 10
914.7924274946517
 20
4132.836289149691
 10
920.7924274946517
 20
4132.836289149691
 10
926.7924274946517
 20
4132.836289149691
 10
932.7924274946517
 20
4132.836289149691
 10
938.7924274946517
 20
4132.836289149691
  0
TEXT
  5
276
330
17
100
AcDbEntity
  8
FLOOR_3_FASCADE_COLUMNS
100
AcDbText
 10
845.7924274946517
 20
4138.836289149691
 30
0.0
 40
12.0
  1
16 FT
 72
1
 11
845.7924274946517
 21
4138.836289149691
 31
0.0
100
AcDbText
 73
2
  0
LWPOLYLINE
  5
277
330
17
100
AcDbEntity
  8
FLOOR_3_FASCADE_WALLS
100
AcDbPolyline
 90
65
 70
0
 10
938.7924274946517
 20
4132.836289149691
 10
944.7924274946517
 20
4132.836289149691
 10
950.7924274946517
 20
4132.836289149691
 10
956.7924274946517
 20
4132.836289149691
 10
962.7924274946517
 20
4132.836289149691
 10
968.7924274946517
 20
4132.836289149691
 10
974.7924274946517
 20
4132.836289149691
 10
980.7924274946517
 20
4132.836289149691
 10
986.7924274946517
 20
4132.836289149691
 10
992.7924274946517
 20
4132.836289149691
 10
998.7924274946517
 20
4132.836289149691
 10
1004.7924274946517
 20
4132.836289149691
 10
1010.7924274946517
 20
4132.836289149691
 10
1016.7924274946517
 20
4132.836289149691
 10
1022.7924274946517
 20
4132.836289149691
 10
1028.7924274946517
 20
4132.836289149691
 10
1034.7924274946517
 20
4132.836289149691
 10
1040.7924274946517
 20
4132.836289149691
 10
1046.7924274946517
 20
4132.836289149691
 10
1052.7924274946517
 20
4132.836289149691
 10
1058.7924274946517
 20
4132.836289149691
 10
1064.7924274946517
 20
4132.836289149691
 10
1070.7924274946517
 20
4132.836289149691
 10
1076.7924274946517
 20
4132.836289149691
 10
1082.7924274946517
 20
4132.836289149691
 10
1088.7924274946517
 20
4132.836289149691
 10
1094.7924274946517
 20
4132.836289149691
 10
1100.7924274946517
 20
4132.836289149691
 10
1106.7924274946517
 20
4132.836289149691
 10
1112.7924274946517
 20
4132.836289149691
 10
1118.7924274946517
 20
4132.836289149691
 10
1124.7924274946517
 20
4132.836289149691
 10
1130.7924274946517
 20
4132.836289149691
 10
1136.7924274946515
 20
4132.836289149691
 10
1142.7924274946517
 20
4132.836289149691
 10
1148.7924274946517
 20
4132.836289149691
 10
1154.7924274946517
 20
4132.836289149691
 10
1160.7924274946517
 20
4132.836289149691
 10
1166.7924274946517
 20
4132.836289149691
 10
1172.7924274946517
 20
4132.836289149691
 10
1178.7924274946517
 20
4132.836289149691
 10
1184.7924274946517
 20
4132.836289149691
 10
1190.7924274946517
 20
4132.836289149691
 10
1196.7924274946517
 20
4132.836289149691
 10
1202.7924274946517
 20
4132.836289149691
 10
1208.7924274946517
 20
4132.836289149691
 10
1214.7924274946517
 20
4132.836289149691
 10
1220.7924274946517
 20
4132.836289149691
 10
1226.7924274946517
 20
4132.836289149691
 10
1232.7924274946517
 20
4132.836289149691
 10
1238.7924274946517
 20
4132.836289149691
 10
1244.7924274946517
 20
4132.836289149691
 10
1250.7924274946515
 20
4132.836289149691
 10
1256.7924274946517
 20
4132.836289149691
 10
1262.7924274946517
 20
4132.836289149691
 10
1268.7924274946517
 20
4132.836289149691
 10
1274.7924274946517
 20
4132.836289149691
 10
1280.7924274946517
 20
4132.836289149691
 10
1286.7924274946517
 20
4132.836289149691
 10
1292.7924274946517
 20
4132.836289149691
 10
1298.7924274946517
 20
4132.836289149691
 10
1304.7924274946517
 20
4132.836289149691
 10
1310.7924274946517
 20
4132.836289149691
 10
1316.7924274946517
 20
4132.836289149691
 10
1322.7924274946517
 20
4132.836289149691
  0
TEXT
  5
278
330
17
100
AcDbEntity
  8
FLOOR_3_FASCADE_WALLS
100
AcDbText
 10
1130.7924274946517
 20
4138.836289149691
 30
0.0
 40
12.0
  1
32 FT
 72
1
 11
1130.7924274946517
 21
4138.836289149691
 31
0.0
100
AcDbText
 73
2
  0
LWPOLYLINE
  5
279
330
17
100
AcDbEntity
  8
FLOOR_3_FASCADE_COLUMNS
100
AcDbPolyline
 90
45
 70
0
 10
1322.7924274946517
 20
4132.836289149691
 10
1328.7924274946515
 20
4132.836289149691
 10
1334.7924274946517
 20
4132.836289149691
 10
1340.7924274946517
 20
4132.836289149691
 10
1346.7924274946517
 20
4132.836289149691
 10
1352.7924274946517
 20
4132.836289149691
 10
1358.7924274946517
 20
4132.836289149691
 10
1364.7924274946517
 20
4132.836289149691
 10
1370.7924274946517
 20
4132.836289149691
 10
1376.7924274946517
 20
4132.836289149691
 10
1382.7924274946517
 20
4132.836289149691
 10
1388.7924274946517
 20
4132.836289149691
 10
1394.7924274946517
 20
4132.836289149691
 10
1400.7924274946517
 20
4132.836289149691
 10
1406.7924274946515
 20
4132.836289149691
 10
1412.7924274946517
 20
4132.836289149691
 10
1418.7924274946517
 20
4132.836289149691
 10
1424.7924274946517
 20
4132.836289149691
 10
1430.7924274946517
 20
4132.836289149691
 10
1436.7924274946517
 20
4132.836289149691
 10
1442.7924274946517
 20
4132.836289149691
 10
1448.7924274946517
 20
4132.836289149691
 10
1454.7924274946517
 20
4132.836289149691
 10
1460.7924274946517
 20
4132.836289149691
 10
1466.7924274946517
 20
4132.836289149691
 10
1472.7924274946517
 20
4132.836289149691
 10
1478.7924274946517
 20
4132.836289149691
 10
1484.7924274946517
 20
4132.836289149691
 10
1490.7924274946517
 20
4132.836289149691
 10
1496.7924274946517
 20
4132.836289149691
 10
1502.7924274946517
 20
4132.836289149691
 10
1508.7924274946517
 20
4132.836289149691
 10
1514.7924274946517
 20
4132.836289149691
 10
1520.7924274946517
 20
4132.836289149691
 10
1526.7924274946517
 20
4132.836289149691
 10
1532.7924274946517
 20
4132.836289149691
 10
1538.7924274946517
 20
4132.836289149689
 10
1544.7924274946517
 20
4132.836289149688
 10
1550.7924274946517
 20
4132.836289149686
 10
1556.7924274946517
 20
4132.836289149685
 10
1562.7924274946517
 20
4132.836289149684
 10
1568.7924274946517
 20
4132.836289149683
 10
1574.7924274946517
 20
4132.836289149681
 10
1580.7924274946517
 20
4132.83628914968
 10
1586.7924274946517
 20
4132.836289149679
  0
TEXT
  5
27A
330
17
100
AcDbEntity
  8
FLOOR_3_FASCADE_COLUMNS
100
AcDbText
 10
1454.7924274946522
 20
4138.836289149691
 30
0.0
 40
12.0
  1
22 FT
 50
-2.5166861770416757e-12
 72
1
 11
1454.7924274946522
 21
4138.836289149691
 31
0.0
100
AcDbText
 73
2
  0
LWPOLYLINE
  5
27B
330
17
100
AcDbEntity
  8
FLOOR_3_FASCADE_COLUMNS
100
AcDbPolyline
 90
51
 70
0
 10
1586.7924274946517
 20
4132.836289149679
 10
1592.7924274946517
 20
4132.836289149678
 10
1598.7924274946517
 20
4132.836289149676
 10
1604.7924274946517
 20
4132.8362891496745
 10
1610.7924274946517
 20
4132.836289149674
 10
1616.7924274946517
 20
4132.836289149673
 10
1622.7924274946517
 20
4132.836289149671
 10
1628.7924274946517
 20
4132.836289149669
 10
1634.7924274946517
 20
4132.836289149668
 10
1640.7924274946517
 20
4132.836289149667
 10
1646.7924274946517
 20
4132.836289149666
 10
1652.7924274946517
 20
4132.8362891496645
 10
1658.7924274946517
 20
4132.836289149664
 10
1664.7924274946517
 20
4132.836289149662
 10
1670.7924274946517
 20
4132.836289149661
 10
1676.7924274946517
 20
4132.836289149659
 10
1682.7924274946517
 20
4132.836289149658
 10
1688.7924274946517
 20
4132.836289149656
 10
1694.7924274946517
 20
4132.836289149655
 10
1700.7924274946517
 20
4132.836289149654
 10
1705.2924278326568
 20
4131.336289487658
 10
1705.2924278326568
 20
4125.336289487657
 10
1709.7924274946895
 20
4123.836289149691
 10
1715.7924274946895
 20
4123.836289149691
 10
1721.7924274946895
 20
4123.836289149691
 10
1727.7924274946895
 20
4123.836289149691
 10
1733.7924274946895
 20
4123.836289149691
 10
1739.7924274946895
 20
4123.836289149691
 10
1741.792427832635
 20
4119.836289487636
 10
1741.792427832635
 20
4113.836289487636
 10
1741.792427832635
 20
4107.836289487636
 10
1741.792427832635
 20
4101.836289487636
 10
1741.792427832635
 20
4095.8362894876363
 10
1741.792427832635
 20
4089.8362894876363
 10
1741.792427832635
 20
4083.8362894876363
 10
1741.792427832635
 20
4077.8362894876363
 10
1741.792427832635
 20
4071.8362894876363
 10
1741.792427832635
 20
4065.8362894876363
 10
1741.792427832635
 20
4059.8362894876363
 10
1741.792427832635
 20
4053.8362894876363
 10
1741.792427832635
 20
4047.8362894876363
 10
1741.792427832635
 20
4041.8362894876363
 10
1741.792427832635
 20
4035.8362894876363
 10
1741.792427832635
 20
4029.8362894876363
 10
1741.792427832635
 20
4023.8362894876363
 10
1741.792427832635
 20
4017.8362894876363
 10
1741.792427832635
 20
4011.8362894876363
 10
1741.792427832635
 20
4005.8362894876363
 10
1741.792427832635
 20
3999.8362894876363
 10
1741.792427832635
 20
3993.8362894876363
 10
1741.792427832635
 20
3987.8362894876363
  0
TEXT
  5
27C
330
17
100
AcDbEntity
  8
FLOOR_3_FASCADE_COLUMNS
100
AcDbText
 10
1732.3840216691506
 20
4128.21791764003
 30
0.0
 40
12.0
  1
25 FT
 50
-43.09084743805202
 72
1
 11
1732.3840216691506
 21
4128.21791764003
 31
0.0
100
AcDbText
 73
2
  0
LWPOLYLINE
  5
27D
330
17
100
AcDbEntity
  8
FLOOR_3_FASCADE_COLUMNS
100
AcDbPolyline
 90
46
 70
0
 10
1741.792427832635
 20
3987.8362894876363
 10
1737.7924281705791
 20
3985.8362891496918
 10
1731.7924281705791
 20
3985.8362891496918
 10
1725.7924281705791
 20
3985.8362891496918
 10
1719.7924281705791
 20
3985.8362891496918
 10
1713.7924281705791
 20
3985.8362891496918
 10
1707.7924281705791
 20
3985.8362891496918
 10
1705.292427832656
 20
3982.3362894876145
 10
1705.2924278326554
 20
3976.3362894876154
 10
1705.2924278326548
 20
3970.3362894876145
 10
1705.2924278326545
 20
3964.3362894876154
 10
1705.292427832654
 20
3958.3362894876145
 10
1705.2924278326534
 20
3952.3362894876145
 10
1705.2924278326532
 20
3946.3362894876145
 10
1705.2924278326527
 20
3940.3362894876154
 10
1705.292427832652
 20
3934.3362894876145
 10
1705.2924278326518
 20
3928.3362894876145
 10
1705.292427832651
 20
3922.3362894876145
 10
1705.2924278326507
 20
3916.3362894876145
 10
1705.2924278326504
 20
3910.3362894876154
 10
1705.2924278326495
 20
3904.3362894876145
 10
1705.2924278326493
 20
3898.3362894876145
 10
1705.292427832649
 20
3892.3362894876154
 10
1705.2924278326482
 20
3886.3362894876145
 10
1705.292427832648
 20
3880.3362894876145
 10
1705.2924278326473
 20
3874.3362894876145
 10
1705.2924278326468
 20
3868.3362894876145
 10
1705.2924278326466
 20
3862.3362894876145
 10
1705.292427832646
 20
3856.3362894876145
 10
1705.2924278326454
 20
3850.3362894876145
 10
1705.2924278326452
 20
3844.3362894876145
 10
1701.79242817058
 20
3841.836289149679
 10
1695.79242817058
 20
3841.836289149679
 10
1689.79242817058
 20
3841.836289149678
 10
1683.79242817058
 20
3841.8362891496777
 10
1677.79242817058
 20
3841.836289149677
 10
1671.79242817058
 20
3841.8362891496763
 10
1665.79242817058
 20
3841.8362891496754
 10
1659.79242817058
 20
3841.836289149675
 10
1653.79242817058
 20
3841.8362891496745
 10
1647.79242817058
 20
3841.8362891496736
 10
1641.79242817058
 20
3841.8362891496727
 10
1635.79242817058
 20
3841.836289149672
 10
1629.79242817058
 20
3841.8362891496718
 10
1623.79242817058
 20
3841.836289149671
 10
1617.79242817058
 20
3841.83628914967
  0
TEXT
  5
27E
330
17
100
AcDbEntity
  8
FLOOR_3_FASCADE_COLUMNS
100
AcDbText
 10
1709.86560908736
 20
3884.6882856585485
 30
0.0
 40
12.0
  1
23 FT
 50
-130.34174574783796
 72
1
 11
1709.86560908736
 21
3884.6882856585485
 31
0.0
100
AcDbText
 73
2
  0
LWPOLYLINE
  5
27F
330
17
100
AcDbEntity
  8
FLOOR_3_FASCADE_COLUMNS
100
AcDbPolyline
 90
36
 70
0
 10
1617.79242817058
 20
3841.83628914967
 10
1611.79242817058
 20
3841.8362891496695
 10
1605.79242817058
 20
3841.836289149669
 10
1599.79242817058
 20
3841.836289149668
 10
1593.79242817058
 20
3841.836289149667
 10
1587.79242817058
 20
3841.836289149667
 10
1581.79242817058
 20
3841.8362891496668
 10
1575.79242817058
 20
3841.8362891496663
 10
1569.79242817058
 20
3841.8362891496654
 10
1563.79242817058
 20
3841.8362891496645
 10
1557.79242817058
 20
3841.836289149664
 10
1551.79242817058
 20
3841.8362891496636
 10
1545.79242817058
 20
3841.8362891496627
 10
1539.79242817058
 20
3841.8362891496618
 10
1533.79242817058
 20
3841.8362891496613
 10
1527.79242817058
 20
3841.836289149661
 10
1521.79242817058
 20
3841.83628914966
 10
1515.79242817058
 20
3841.836289149659
 10
1509.79242817058
 20
3841.8362891496586
 10
1503.79242817058
 20
3841.836289149658
 10
1497.79242817058
 20
3841.836289149657
 10
1491.79242817058
 20
3841.8362891496563
 10
1485.79242817058
 20
3841.836289149656
 10
1479.79242817058
 20
3841.836289149656
 10
1473.79242817058
 20
3841.8362891496554
 10
1467.79242817058
 20
3841.8362891496545
 10
1461.79242817058
 20
3841.8362891496536
 10
1455.79242817058
 20
3841.836289149653
 10
1449.79242817058
 20
3841.8362891496527
 10
1443.79242817058
 20
3841.8362891496517
 10
1437.79242817058
 20
3841.836289149651
 10
1431.79242817058
 20
3841.8362891496504
 10
1425.79242817058
 20
3841.83628914965
 10
1419.79242817058
 20
3841.836289149649
 10
1413.79242817058
 20
3841.836289149648
 10
1407.79242817058
 20
3841.8362891496477
  0
TEXT
  5
280
330
17
100
AcDbEntity
  8
FLOOR_3_FASCADE_COLUMNS
100
AcDbText
 10
1512.7924281705807
 20
3835.8362891496586
 30
0.0
 40
12.0
  1
18 FT
 50
-179.99999999999386
 72
1
 11
1512.7924281705807
 21
3835.8362891496586
 31
0.0
100
AcDbText
 73
2
  0
LWPOLYLINE
  5
281
330
17
100
AcDbEntity
  8
FLOOR_3_FASCADE_COLUMNS
100
AcDbPolyline
 90
21
 70
0
 10
1407.79242817058
 20
3841.8362891496477
 10
1401.79242817058
 20
3841.836289149647
 10
1395.79242817058
 20
3841.8362891496463
 10
1389.79242817058
 20
3841.8362891496454
 10
1383.79242817058
 20
3841.836289149645
 10
1377.79242817058
 20
3841.836289149645
 10
1371.79242817058
 20
3841.8362891496445
 10
1365.79242817058
 20
3841.8362891496436
 10
1359.79242817058
 20
3841.8362891496427
 10
1353.79242817058
 20
3841.836289149642
 10
1347.79242817058
 20
3841.8362891496417
 10
1341.79242817058
 20
3841.836289149641
 10
1335.79242817058
 20
3841.83628914964
 10
1329.79242817058
 20
3841.8362891496395
 10
1323.79242817058
 20
3841.836289149639
 10
1317.79242817058
 20
3841.836289149638
 10
1311.79242817058
 20
3841.836289149637
 10
1305.79242817058
 20
3841.8362891496367
 10
1299.79242817058
 20
3841.8362891496363
 10
1293.79242817058
 20
3841.8362891496354
 10
1291.7924278326527
 20
3841.836289149705
  0
TEXT
  5
282
330
17
100
AcDbEntity
  8
FLOOR_3_FASCADE_COLUMNS
100
AcDbText
 10
1349.7924280016136
 20
3835.8362891496417
 30
0.0
 40
12.0
  1
10 FT
 50
179.9999999999717
 72
1
 11
1349.7924280016136
 21
3835.8362891496417
 31
0.0
100
AcDbText
 73
2
  0
CIRCLE
  5
289
330
17
100
AcDbEntity
  8
FLOOR_4_DATUM
100
AcDbCircle
 10
1041.786617263206
 20
3172.836289149691
 30
0.0
 40
24.0
  0
LINE
  5
28A
330
17
100
AcDbEntity
  8
FLOOR_4_DATUM
100
AcDbLine
 10
1005.7866172632059
 20
3172.836289149691
 30
0.0
 11
1077.786617263206
 21
3172.836289149691
 31
0.0
  0
LINE
  5
28B
330
17
100
AcDbEntity
  8
FLOOR_4_DATUM
100
AcDbLine
 10
1041.786617263206
 20
3136.836289149691
 30
0.0
 11
1041.786617263206
 21
3208.836289149691
 31
0.0
  0
TEXT
  5
28C
330
17
100
AcDbEntity
  8
FLOOR_4_DATUM
100
AcDbText
 10
1083.786617263206
 20
3166.836289149691
 30
0.0
 40
12.0
  1
DATUM·USER
100
AcDbText
  0
LWPOLYLINE
  5
28D
330
17
100
AcDbEntity
  8
FLOOR_4_BOUNDARY
100
AcDbPolyline
 90
20
 70
1
 10
1291.7924278326527
 20
2881.836289149705
 10
1156.792427832658
 20
2881.836289149691
 10
1156.792427832658
 20
2915.8362891496845
 10
1066.855618817522
 20
2915.8362891496845
 10
1066.855618817514
 20
2881.8362891496754
 10
939.7924278326426
 20
2881.836289149705
 10
939.7924278326426
 20
2881.8362888117244
 10
664.7924278326454
 20
2881.83628914968
 10
664.7924278326454
 20
3172.836289149691
 10
1531.542427832621
 20
3172.836289149691
 10
1705.2924278326568
 20
3172.8362891496536
 10
1705.2924278326568
 20
3033.58628914969
 10
1705.2924278326564
 20
3028.168912346079
 10
1741.792427832635
 20
3028.168912346079
 10
1741.792427832635
 20
2890.168912346079
 10
1705.2924278326454
 20
2890.168912346079
 10
1705.292427832645
 20
2881.83628914968
 10
1291.792427832654
 20
2881.8362891496354
 10
1291.7924278326527
 20
2881.8362933515027
 10
1291.7924278326527
 20
2881.836289149705
  0
LWPOLYLINE
  5
28E
330
17
100
AcDbEntity
  8
FLOOR_4_BOUNDARY
100
AcDbPolyline
 90
5
 70
1
 10
1291.792386639458
 20
3026.836339149673
 10
1291.792386639458
 20
3026.836339149674
 10
939.7924274405996
 20
3026.836338197955
 10
939.7924274405998
 20
3026.836239149686
 10
1291.792386639458
 20
3026.836339149673
  0
POINT
  5
28F
330
17
100
AcDbEntity
  8
FLOOR_4_COLUMNS
100
AcDbPoint
 10
670.792427832643
 20
3160.836289149694
 30
0.0
  0
POINT
  5
290
330
17
100
AcDbEntity
  8
FLOOR_4_COLUMNS
100
AcDbPoint
 10
839.7866172632027
 20
3160.8362891496927
 30
0.0
  0
POINT
  5
291
330
17
100
AcDbEntity
  8
FLOOR_4_COLUMNS
100
AcDbPoint
 10
1052.7924278326425
 20
2887.8362891496945
 30
0.0
  0
POINT
  5
292
330
17
100
AcDbEntity
  8
FLOOR_4_COLUMNS
100
AcDbPoint
 10
1170.7924278326436
 20
2887.836289149699
 30
0.0
  0
POINT
  5
293
330
17
100
AcDbEntity
  8
FLOOR_4_COLUMNS
100
AcDbPoint
 10
1281.792427832646
 20
2887.836289149718
 30
0.0
  0
POINT
  5
294
330
17
100
AcDbEntity
  8
FLOOR_4_COLUMNS
100
AcDbPoint
 10
1532.9524273604006
 20
2887.8362891497154
 30
0.0
  0
POINT
  5
295
330
17
100
AcDbEntity
  8
FLOOR_4_COLUMNS
100
AcDbPoint
 10
1699.2924278326427
 20
2893.8362891496945
 30
0.0
  0
POINT
  5
296
330
17
100
AcDbEntity
  8
FLOOR_4_COLUMNS
100
AcDbPoint
 10
1477.292427832653
 20
3166.8362891496818
 30
0.0
  0
POINT
  5
297
330
17
100
AcDbEntity
  8
FLOOR_4_COLUMNS
100
AcDbPoint
 10
1699.2924278326477
 20
3160.8362891496927
 30
0.0
  0
LWPOLYLINE
  5
299
330
17
100
AcDbEntity
  8
FLOOR_4_TRIBUTARY_COL_0
100
AcDbPolyline
 90
13
 70
1
 10
755.2895225479219
 20
3039.584409353941
 10
752.7924278326452
 20
3038.767515915486
 10
740.7924278326452
 20
3035.3771813429958
 10
728.7924278326452
 20
3032.522162755635
 10
716.7924278326452
 20
3030.202460153405
 10
704.7924278326452
 20
3028.4180735363043
 10
692.7924278326452
 20
3027.169002904334
 10
680.7924278326452
 20
3026.4552482574936
 10
669.7924278326453
 20
3026.2916794842595
 10
664.7924278326454
 20
3026.403203647828
 10
664.7924278326454
 20
3172.836289149691
 10
755.2895225479231
 20
3172.836289149691
 10
755.2895225479219
 20
3039.584409353941
  0
LWPOLYLINE
  5
29A
330
17
100
AcDbEntity
  8
FLOOR_4_LARGE_TRIBUTARY
100
AcDbPolyline
 90
13
 70
1
 10
755.2895225479219
 20
3039.584409353941
 10
752.7924278326452
 20
3038.767515915486
 10
740.7924278326452
 20
3035.3771813429958
 10
728.7924278326452
 20
3032.522162755635
 10
716.7924278326452
 20
3030.202460153405
 10
704.7924278326452
 20
3028.4180735363043
 10
692.7924278326452
 20
3027.169002904334
 10
680.7924278326452
 20
3026.4552482574936
 10
669.7924278326453
 20
3026.2916794842595
 10
664.7924278326454
 20
3026.403203647828
 10
664.7924278326454
 20
3172.836289149691
 10
755.2895225479231
 20
3172.836289149691
 10
755.2895225479219
 20
3039.584409353941
  0
LWPOLYLINE
  5
29C
330
17
100
AcDbEntity
  8
FLOOR_4_TRIBUTARY_COL_1
100
AcDbPolyline
 90
20
 70
1
 10
940.7866181770463
 20
3166.8362583835988
 10
940.7866163493576
 20
3154.8362583835988
 10
940.0737432345402
 20
3142.8362583835988
 10
938.6479988325939
 20
3130.8362583835988
 10
936.5093831435192
 20
3118.8362583835988
 10
933.6578961673156
 20
3106.8362583835988
 10
930.0935379039834
 20
3094.8362583835988
 10
925.8163083535223
 20
3082.8362583835988
 10
902.6061783975151
 20
3027.021442503722
 10
836.7924278326452
 20
3026.2860385369468
 10
824.7924278326452
 20
3026.6872663182353
 10
812.7924278326452
 20
3027.6238100846545
 10
800.7924278326452
 20
3029.0956698362033
 10
788.7924278326452
 20
3031.1028455728824
 10
776.7924278326452
 20
3033.6453372946917
 10
764.7924278326452
 20
3036.7231450016307
 10
755.2895225479219
 20
3039.584409353941
 10
755.2895225479231
 20
3172.836289149691
 10
940.4301816196424
 20
3172.836289149691
 10
940.7866181770463
 20
3166.8362583835988
  0
LWPOLYLINE
  5
29D
330
17
100
AcDbEntity
  8
FLOOR_4_LARGE_TRIBUTARY
100
AcDbPolyline
 90
20
 70
1
 10
940.7866181770463
 20
3166.8362583835988
 10
940.7866163493576
 20
3154.8362583835988
 10
940.0737432345402
 20
3142.8362583835988
 10
938.6479988325939
 20
3130.8362583835988
 10
936.5093831435192
 20
3118.8362583835988
 10
933.6578961673156
 20
3106.8362583835988
 10
930.0935379039834
 20
3094.8362583835988
 10
925.8163083535223
 20
3082.8362583835988
 10
902.6061783975151
 20
3027.021442503722
 10
836.7924278326452
 20
3026.2860385369468
 10
824.7924278326452
 20
3026.6872663182353
 10
812.7924278326452
 20
3027.6238100846545
 10
800.7924278326452
 20
3029.0956698362033
 10
788.7924278326452
 20
3031.1028455728824
 10
776.7924278326452
 20
3033.6453372946917
 10
764.7924278326452
 20
3036.7231450016307
 10
755.2895225479219
 20
3039.584409353941
 10
755.2895225479231
 20
3172.836289149691
 10
940.4301816196424
 20
3172.836289149691
 10
940.7866181770463
 20
3166.8362583835988
  0
LWPOLYLINE
  5
29F
330
17
100
AcDbEntity
  8
FLOOR_4_TRIBUTARY_COL_2
100
AcDbPolyline
 90
14
 70
1
 10
948.1327720009025
 20
2907.7043579833316
 10
949.4458062665515
 20
2976.6386569301603
 10
998.1051347677246
 20
2979.4721777719396
 10
1055.7866480292755
 20
2980.4093557589085
 10
1067.7866480292755
 20
2979.825946881289
 10
1079.7866480292755
 20
2978.464159625291
 10
1091.7866480292755
 20
2976.3239939909145
 10
1103.7866480292755
 20
2973.4054499781596
 10
1111.7924278326402
 20
2970.939054427031
 10
1111.792427832642
 20
2915.8362891496845
 10
1066.855618817522
 20
2915.8362891496845
 10
1066.855618817514
 20
2881.8362891496754
 10
948.8789662941822
 20
2881.8362891497027
 10
948.1327720009025
 20
2907.7043579833316
  0
LWPOLYLINE
  5
2A0
330
17
100
AcDbEntity
  8
FLOOR_4_LARGE_TRIBUTARY
100
AcDbPolyline
 90
14
 70
1
 10
948.1327720009025
 20
2907.7043579833316
 10
949.4458062665515
 20
2976.6386569301603
 10
998.1051347677246
 20
2979.4721777719396
 10
1055.7866480292755
 20
2980.4093557589085
 10
1067.7866480292755
 20
2979.825946881289
 10
1079.7866480292755
 20
2978.464159625291
 10
1091.7866480292755
 20
2976.3239939909145
 10
1103.7866480292755
 20
2973.4054499781596
 10
1111.7924278326402
 20
2970.939054427031
 10
1111.792427832642
 20
2915.8362891496845
 10
1066.855618817522
 20
2915.8362891496845
 10
1066.855618817514
 20
2881.8362891496754
 10
948.8789662941822
 20
2881.8362891497027
 10
948.1327720009025
 20
2907.7043579833316
  0
LWPOLYLINE
  5
2A2
330
17
100
AcDbEntity
  8
FLOOR_4_TRIBUTARY_COL_3
100
AcDbPolyline
 90
12
 70
1
 10
1111.7924278326402
 20
2970.939054427031
 10
1115.7866480292755
 20
2972.2561923610965
 10
1127.7866480292755
 20
2975.43494564564
 10
1139.7866480292755
 20
2977.835320551804
 10
1151.7866480292755
 20
2979.4573170795907
 10
1207.5174325585365
 20
2983.3752755220594
 10
1226.2924278326282
 20
2983.872544265578
 10
1226.292427832646
 20
2881.836289149698
 10
1156.792427832658
 20
2881.836289149691
 10
1156.792427832658
 20
2915.8362891496845
 10
1111.792427832642
 20
2915.8362891496845
 10
1111.7924278326402
 20
2970.939054427031
  0
LWPOLYLINE
  5
2A3
330
17
100
AcDbEntity
  8
FLOOR_4_LARGE_TRIBUTARY
100
AcDbPolyline
 90
12
 70
1
 10
1111.7924278326402
 20
2970.939054427031
 10
1115.7866480292755
 20
2972.2561923610965
 10
1127.7866480292755
 20
2975.43494564564
 10
1139.7866480292755
 20
2977.835320551804
 10
1151.7866480292755
 20
2979.4573170795907
 10
1207.5174325585365
 20
2983.3752755220594
 10
1226.2924278326282
 20
2983.872544265578
 10
1226.292427832646
 20
2881.836289149698
 10
1156.792427832658
 20
2881.836289149691
 10
1156.792427832658
 20
2915.8362891496845
 10
1111.792427832642
 20
2915.8362891496845
 10
1111.7924278326402
 20
2970.939054427031
  0
LWPOLYLINE
  5
2A5
330
17
100
AcDbEntity
  8
FLOOR_4_TRIBUTARY_COL_4
100
AcDbPolyline
 90
9
 70
1
 10
1226.2924278326282
 20
2983.872544265578
 10
1341.0494715551945
 20
3054.3089520609674
 10
1407.3724275965244
 20
3007.8353394943647
 10
1407.3724275965233
 20
2881.8362891496477
 10
1291.792427832654
 20
2881.8362891496354
 10
1291.7924278326527
 20
2881.8362933515027
 10
1291.7924278326527
 20
2881.836289149705
 10
1226.292427832646
 20
2881.836289149698
 10
1226.2924278326282
 20
2983.872544265578
  0
LWPOLYLINE
  5
2A6
330
17
100
AcDbEntity
  8
FLOOR_4_LARGE_TRIBUTARY
100
AcDbPolyline
 90
9
 70
1
 10
1226.2924278326282
 20
2983.872544265578
 10
1341.0494715551945
 20
3054.3089520609674
 10
1407.3724275965244
 20
3007.8353394943647
 10
1407.3724275965233
 20
2881.8362891496477
 10
1291.792427832654
 20
2881.8362891496354
 10
1291.7924278326527
 20
2881.8362933515027
 10
1291.7924278326527
 20
2881.836289149705
 10
1226.292427832646
 20
2881.836289149698
 10
1226.2924278326282
 20
2983.872544265578
  0
LWPOLYLINE
  5
2A8
330
17
100
AcDbEntity
  8
FLOOR_4_TRIBUTARY_COL_5
100
AcDbPolyline
 90
6
 70
1
 10
1407.3724275965244
 20
3007.8353394943647
 10
1585.0341099212405
 20
3043.278526427317
 10
1611.1987772558223
 20
3027.3362891496954
 10
1616.447063882723
 20
2881.83628914967
 10
1407.3724275965233
 20
2881.8362891496477
 10
1407.3724275965244
 20
3007.8353394943647
  0
LWPOLYLINE
  5
2A9
330
17
100
AcDbEntity
  8
FLOOR_4_LARGE_TRIBUTARY
100
AcDbPolyline
 90
6
 70
1
 10
1407.3724275965244
 20
3007.8353394943647
 10
1585.0341099212405
 20
3043.278526427317
 10
1611.1987772558223
 20
3027.3362891496954
 10
1616.447063882723
 20
2881.83628914967
 10
1407.3724275965233
 20
2881.8362891496477
 10
1407.3724275965244
 20
3007.8353394943647
  0
LWPOLYLINE
  5
2AB
330
17
100
AcDbEntity
  8
FLOOR_4_TRIBUTARY_COL_6
100
AcDbPolyline
 90
7
 70
1
 10
1611.1987772558223
 20
3027.3362891496954
 10
1741.792427832635
 20
3027.336289149693
 10
1741.792427832635
 20
2890.168912346079
 10
1705.2924278326454
 20
2890.168912346079
 10
1705.292427832645
 20
2881.83628914968
 10
1616.447063882723
 20
2881.83628914967
 10
1611.1987772558223
 20
3027.3362891496954
  0
LWPOLYLINE
  5
2AC
330
17
100
AcDbEntity
  8
FLOOR_4_LARGE_TRIBUTARY
100
AcDbPolyline
 90
7
 70
1
 10
1611.1987772558223
 20
3027.3362891496954
 10
1741.792427832635
 20
3027.336289149693
 10
1741.792427832635
 20
2890.168912346079
 10
1705.2924278326454
 20
2890.168912346079
 10
1705.292427832645
 20
2881.83628914968
 10
1616.447063882723
 20
2881.83628914967
 10
1611.1987772558223
 20
3027.3362891496954
  0
LWPOLYLINE
  5
2AE
330
17
100
AcDbEntity
  8
FLOOR_4_TRIBUTARY_COL_7
100
AcDbPolyline
 90
9
 70
1
 10
1585.0341099212405
 20
3043.278526427317
 10
1407.3724275965244
 20
3007.8353394943647
 10
1341.0494715551945
 20
3054.3089520609674
 10
1322.4062871033348
 20
3118.836297366599
 10
1321.4817458775283
 20
3166.836289149668
 10
1321.5973135505376
 20
3172.836289149691
 10
1531.542427832621
 20
3172.836289149691
 10
1588.5356710758929
 20
3172.836289149678
 10
1585.0341099212405
 20
3043.278526427317
  0
LWPOLYLINE
  5
2AF
330
17
100
AcDbEntity
  8
FLOOR_4_LARGE_TRIBUTARY
100
AcDbPolyline
 90
9
 70
1
 10
1585.0341099212405
 20
3043.278526427317
 10
1407.3724275965244
 20
3007.8353394943647
 10
1341.0494715551945
 20
3054.3089520609674
 10
1322.4062871033348
 20
3118.836297366599
 10
1321.4817458775283
 20
3166.836289149668
 10
1321.5973135505376
 20
3172.836289149691
 10
1531.542427832621
 20
3172.836289149691
 10
1588.5356710758929
 20
3172.836289149678
 10
1585.0341099212405
 20
3043.278526427317
  0
LWPOLYLINE
  5
2B1
330
17
100
AcDbEntity
  8
FLOOR_4_TRIBUTARY_COL_8
100
AcDbPolyline
 90
9
 70
1
 10
1611.1987772558223
 20
3027.3362891496954
 10
1585.0341099212405
 20
3043.278526427317
 10
1588.5356710758929
 20
3172.836289149678
 10
1705.2924278326568
 20
3172.8362891496536
 10
1705.2924278326568
 20
3033.58628914969
 10
1705.2924278326564
 20
3028.168912346079
 10
1741.792427832635
 20
3028.168912346079
 10
1741.792427832635
 20
3027.336289149693
 10
1611.1987772558223
 20
3027.3362891496954
  0
LWPOLYLINE
  5
2B2
330
17
100
AcDbEntity
  8
FLOOR_4_LARGE_TRIBUTARY
100
AcDbPolyline
 90
9
 70
1
 10
1611.1987772558223
 20
3027.3362891496954
 10
1585.0341099212405
 20
3043.278526427317
 10
1588.5356710758929
 20
3172.836289149678
 10
1705.2924278326568
 20
3172.8362891496536
 10
1705.2924278326568
 20
3033.58628914969
 10
1705.2924278326564
 20
3028.168912346079
 10
1741.792427832635
 20
3028.168912346079
 10
1741.792427832635
 20
3027.336289149693
 10
1611.1987772558223
 20
3027.3362891496954
  0
LWPOLYLINE
  5
2B4
330
17
100
AcDbEntity
  8
FLOOR_4_WALL_TRIBUTARY_6
100
AcDbPolyline
 90
40
 70
1
 10
998.1051347677246
 20
2979.4721777719396
 10
949.4458062665515
 20
2976.6386569301603
 10
902.6061783975151
 20
3027.021442503722
 10
925.8163083535223
 20
3082.8362583835988
 10
930.0935379039834
 20
3094.8362583835988
 10
933.6578961673156
 20
3106.8362583835988
 10
936.5093831435192
 20
3118.8362583835988
 10
938.6479988325939
 20
3130.8362583835988
 10
940.0737432345402
 20
3142.8362583835988
 10
940.7866163493576
 20
3154.8362583835988
 10
940.7866181770463
 20
3166.8362583835988
 10
940.4301816196424
 20
3172.836289149691
 10
1047.7866018801324
 20
3172.836289149691
 10
1059.7865864971373
 20
3172.836289149691
 10
1071.7865864971373
 20
3172.836289149691
 10
1083.7865864971373
 20
3172.836289149691
 10
1095.7865864971373
 20
3172.836289149691
 10
1107.7865864971373
 20
3172.836289149691
 10
1119.7865864971373
 20
3172.836289149691
 10
1131.7865864971373
 20
3172.836289149691
 10
1143.7865864971373
 20
3172.836289149691
 10
1155.7865864971373
 20
3172.836289149691
 10
1163.786609046275
 20
3172.836289149691
 10
1321.5973135505376
 20
3172.836289149691
 10
1321.4817458775283
 20
3166.836289149668
 10
1322.4062871033348
 20
3118.836297366599
 10
1341.0494715551945
 20
3054.3089520609674
 10
1226.2924278326282
 20
2983.872544265578
 10
1207.5174325585365
 20
2983.3752755220594
 10
1151.7866480292755
 20
2979.4573170795907
 10
1139.7866480292755
 20
2977.835320551804
 10
1127.7866480292755
 20
2975.43494564564
 10
1115.7866480292755
 20
2972.2561923610965
 10
1111.7924278326402
 20
2970.939054427031
 10
1103.7866480292755
 20
2973.4054499781596
 10
1091.7866480292755
 20
2976.3239939909145
 10
1079.7866480292755
 20
2978.464159625291
 10
1067.7866480292755
 20
2979.825946881289
 10
1055.7866480292755
 20
2980.4093557589085
 10
998.1051347677246
 20
2979.4721777719396
  0
LWPOLYLINE
  5
2B5
330
17
100
AcDbEntity
  8
FLOOR_4_LARGE_TRIBUTARY
100
AcDbPolyline
 90
40
 70
1
 10
998.1051347677246
 20
2979.4721777719396
 10
949.4458062665515
 20
2976.6386569301603
 10
902.6061783975151
 20
3027.021442503722
 10
925.8163083535223
 20
3082.8362583835988
 10
930.0935379039834
 20
3094.8362583835988
 10
933.6578961673156
 20
3106.8362583835988
 10
936.5093831435192
 20
3118.8362583835988
 10
938.6479988325939
 20
3130.8362583835988
 10
940.0737432345402
 20
3142.8362583835988
 10
940.7866163493576
 20
3154.8362583835988
 10
940.7866181770463
 20
3166.8362583835988
 10
940.4301816196424
 20
3172.836289149691
 10
1047.7866018801324
 20
3172.836289149691
 10
1059.7865864971373
 20
3172.836289149691
 10
1071.7865864971373
 20
3172.836289149691
 10
1083.7865864971373
 20
3172.836289149691
 10
1095.7865864971373
 20
3172.836289149691
 10
1107.7865864971373
 20
3172.836289149691
 10
1119.7865864971373
 20
3172.836289149691
 10
1131.7865864971373
 20
3172.836289149691
 10
1143.7865864971373
 20
3172.836289149691
 10
1155.7865864971373
 20
3172.836289149691
 10
1163.786609046275
 20
3172.836289149691
 10
1321.5973135505376
 20
3172.836289149691
 10
1321.4817458775283
 20
3166.836289149668
 10
1322.4062871033348
 20
3118.836297366599
 10
1341.0494715551945
 20
3054.3089520609674
 10
1226.2924278326282
 20
2983.872544265578
 10
1207.5174325585365
 20
2983.3752755220594
 10
1151.7866480292755
 20
2979.4573170795907
 10
1139.7866480292755
 20
2977.835320551804
 10
1127.7866480292755
 20
2975.43494564564
 10
1115.7866480292755
 20
2972.2561923610965
 10
1111.7924278326402
 20
2970.939054427031
 10
1103.7866480292755
 20
2973.4054499781596
 10
1091.7866480292755
 20
2976.3239939909145
 10
1079.7866480292755
 20
2978.464159625291
 10
1067.7866480292755
 20
2979.825946881289
 10
1055.7866480292755
 20
2980.4093557589085
 10
998.1051347677246
 20
2979.4721777719396
  0
TEXT
  5
2B6
330
17
100
AcDbEntity
  8
FLOOR_4_AREA_LABELS
100
AcDbText
 10
1118.8943038525156
 20
3078.2043654640224
 30
0.0
 40
24.0
  1
514 SF
 72
1
 11
1118.8943038525156
 21
3078.2043654640224
 31
0.0
100
AcDbText
 73
2
  0
LWPOLYLINE
  5
2B8
330
17
100
AcDbEntity
  8
FLOOR_4_WALL_TRIBUTARY_7
100
AcDbPolyline
 90
41
 70
1
 10
664.7924278326454
 20
3026.403203647828
 10
669.7924278326453
 20
3026.2916794842595
 10
680.7924278326452
 20
3026.4552482574936
 10
692.7924278326452
 20
3027.169002904334
 10
704.7924278326452
 20
3028.4180735363043
 10
716.7924278326452
 20
3030.202460153405
 10
728.7924278326452
 20
3032.522162755635
 10
740.7924278326452
 20
3035.3771813429958
 10
752.7924278326452
 20
3038.767515915486
 10
755.2895225479219
 20
3039.584409353941
 10
764.7924278326452
 20
3036.7231450016307
 10
776.7924278326452
 20
3033.6453372946917
 10
788.7924278326452
 20
3031.1028455728824
 10
800.7924278326452
 20
3029.0956698362033
 10
812.7924278326452
 20
3027.6238100846545
 10
824.7924278326452
 20
3026.6872663182353
 10
836.7924278326452
 20
3026.2860385369468
 10
902.6061783975151
 20
3027.021442503722
 10
949.4458062665515
 20
2976.6386569301603
 10
948.1327720009025
 20
2907.7043579833316
 10
948.8789662941822
 20
2881.8362891497027
 10
939.7924278326426
 20
2881.836289149705
 10
939.7924278326426
 20
2881.8362888117244
 10
838.7924278326454
 20
2881.8362889358464
 10
826.7924278326454
 20
2881.8362889505934
 10
814.7924278326454
 20
2881.836288965341
 10
802.7924278326454
 20
2881.836288980088
 10
790.7924278326454
 20
2881.836288994835
 10
778.7924278326454
 20
2881.836289009582
 10
766.7924278326454
 20
2881.836289024329
 10
754.7924278326454
 20
2881.8362890390763
 10
742.7924278326454
 20
2881.8362890538233
 10
730.7924278326454
 20
2881.8362890685703
 10
718.7924278326454
 20
2881.8362890833178
 10
706.7924278326454
 20
2881.8362890980648
 10
694.7924278326454
 20
2881.8362891128118
 10
682.7924278326454
 20
2881.8362891275588
 10
670.7924278326454
 20
2881.8362891423058
 10
664.7924278326454
 20
2881.83628914968
 10
664.7924278326454
 20
2886.83628914968
 10
664.7924278326454
 20
3026.403203647828
  0
LWPOLYLINE
  5
2B9
330
17
100
AcDbEntity
  8
FLOOR_4_LARGE_TRIBUTARY
100
AcDbPolyline
 90
41
 70
1
 10
664.7924278326454
 20
3026.403203647828
 10
669.7924278326453
 20
3026.2916794842595
 10
680.7924278326452
 20
3026.4552482574936
 10
692.7924278326452
 20
3027.169002904334
 10
704.7924278326452
 20
3028.4180735363043
 10
716.7924278326452
 20
3030.202460153405
 10
728.7924278326452
 20
3032.522162755635
 10
740.7924278326452
 20
3035.3771813429958
 10
752.7924278326452
 20
3038.767515915486
 10
755.2895225479219
 20
3039.584409353941
 10
764.7924278326452
 20
3036.7231450016307
 10
776.7924278326452
 20
3033.6453372946917
 10
788.7924278326452
 20
3031.1028455728824
 10
800.7924278326452
 20
3029.0956698362033
 10
812.7924278326452
 20
3027.6238100846545
 10
824.7924278326452
 20
3026.6872663182353
 10
836.7924278326452
 20
3026.2860385369468
 10
902.6061783975151
 20
3027.021442503722
 10
949.4458062665515
 20
2976.6386569301603
 10
948.1327720009025
 20
2907.7043579833316
 10
948.8789662941822
 20
2881.8362891497027
 10
939.7924278326426
 20
2881.836289149705
 10
939.7924278326426
 20
2881.8362888117244
 10
838.7924278326454
 20
2881.8362889358464
 10
826.7924278326454
 20
2881.8362889505934
 10
814.7924278326454
 20
2881.836288965341
 10
802.7924278326454
 20
2881.836288980088
 10
790.7924278326454
 20
2881.836288994835
 10
778.7924278326454
 20
2881.836289009582
 10
766.7924278326454
 20
2881.836289024329
 10
754.7924278326454
 20
2881.8362890390763
 10
742.7924278326454
 20
2881.8362890538233
 10
730.7924278326454
 20
2881.8362890685703
 10
718.7924278326454
 20
2881.8362890833178
 10
706.7924278326454
 20
2881.8362890980648
 10
694.7924278326454
 20
2881.8362891128118
 10
682.7924278326454
 20
2881.8362891275588
 10
670.7924278326454
 20
2881.8362891423058
 10
664.7924278326454
 20
2881.83628914968
 10
664.7924278326454
 20
2886.83628914968
 10
664.7924278326454
 20
3026.403203647828
  0
TEXT
  5
2BA
330
17
100
AcDbEntity
  8
FLOOR_4_AREA_LABELS
100
AcDbText
 10
802.385651847994
 20
2954.0068346549265
 30
0.0
 40
24.0
  1
283 SF
 72
1
 11
802.385651847994
 21
2954.0068346549265
 31
0.0
100
AcDbText
 73
2
  0
TEXT
  5
2BB
330
17
100
AcDbEntity
  8
FLOOR_4_AREA_LABELS
100
AcDbText
 10
709.3420528649717
 20
3101.5856637793117
 30
0.0
 40
24.0
  1
90 SF
 72
1
 11
709.3420528649717
 21
3101.5856637793117
 31
0.0
100
AcDbText
 73
2
  0
TEXT
  5
2BC
330
17
100
AcDbEntity
  8
FLOOR_4_AREA_LABELS
100
AcDbText
 10
842.9334676474546
 20
3103.6198458957897
 30
0.0
 40
24.0
  1
173 SF
 72
1
 11
842.9334676474546
 21
3103.6198458957897
 31
0.0
100
AcDbText
 73
2
  0
TEXT
  5
2BD
330
17
100
AcDbEntity
  8
FLOOR_4_AREA_LABELS
100
AcDbText
 10
1023.5595338793215
 20
2933.4403905401878
 30
0.0
 40
24.0
  1
99 SF
 72
1
 11
1023.5595338793215
 21
2933.4403905401878
 31
0.0
100
AcDbText
 73
2
  0
TEXT
  5
2BE
330
17
100
AcDbEntity
  8
FLOOR_4_AREA_LABELS
100
AcDbText
 10
1175.8025775961835
 20
2935.9651834596316
 30
0.0
 40
24.0
  1
68 SF
 72
1
 11
1175.8025775961835
 21
2935.9651834596316
 31
0.0
100
AcDbText
 73
2
  0
TEXT
  5
2BF
330
17
100
AcDbEntity
  8
FLOOR_4_AREA_LABELS
100
AcDbText
 10
1320.9596999830949
 20
2953.93292282501
 30
0.0
 40
24.0
  1
179 SF
 72
1
 11
1320.9596999830949
 21
2953.93292282501
 31
0.0
100
AcDbText
 73
2
  0
TEXT
  5
2C0
330
17
100
AcDbEntity
  8
FLOOR_4_AREA_LABELS
100
AcDbText
 10
1514.449448353369
 20
2954.372622123794
 30
0.0
 40
24.0
  1
208 SF
 72
1
 11
1514.449448353369
 21
2954.372622123794
 31
0.0
100
AcDbText
 73
2
  0
TEXT
  5
2C1
330
17
100
AcDbEntity
  8
FLOOR_4_AREA_LABELS
100
AcDbText
 10
1677.0390983911864
 20
2956.2306987047737
 30
0.0
 40
24.0
  1
128 SF
 72
1
 11
1677.0390983911864
 21
2956.2306987047737
 31
0.0
100
AcDbText
 73
2
  0
TEXT
  5
2C2
330
17
100
AcDbEntity
  8
FLOOR_4_AREA_LABELS
100
AcDbText
 10
1456.9254777370236
 20
3100.9307459513902
 30
0.0
 40
24.0
  1
260 SF
 72
1
 11
1456.9254777370236
 21
3100.9307459513902
 31
0.0
100
AcDbText
 73
2
  0
TEXT
  5
2C3
330
17
100
AcDbEntity
  8
FLOOR_4_AREA_LABELS
100
AcDbText
 10
1646.7123518958892
 20
3100.3881940375886
 30
0.0
 40
24.0
  1
119 SF
 72
1
 11
1646.7123518958892
 21
3100.3881940375886
 31
0.0
100
AcDbText
 73
2
  0
LWPOLYLINE
  5
2C6
330
17
100
AcDbEntity
  8
FLOOR_4_FASCADE_COLUMNS
100
AcDbPolyline
 90
12
 70
0
 10
1291.7924278326527
 20
2881.836289149705
 10
1285.7924278326527
 20
2881.8362891497045
 10
1279.7924278326527
 20
2881.8362891497036
 10
1273.7924278326527
 20
2881.8362891497027
 10
1267.7924278326527
 20
2881.8362891497027
 10
1261.7924278326527
 20
2881.8362891497018
 10
1255.7924278326527
 20
2881.8362891497013
 10
1249.7924278326527
 20
2881.8362891497004
 10
1243.7924278326527
 20
2881.8362891497
 10
1237.7924278326527
 20
2881.836289149699
 10
1231.7924278326527
 20
2881.8362891496986
 10
1225.7924278326527
 20
2881.8362891496977
  0
TEXT
  5
2C7
330
17
100
AcDbEntity
  8
FLOOR_4_FASCADE_COLUMNS
100
AcDbText
 10
1258.7924278326534
 20
2875.8362891497018
 30
0.0
 40
12.0
  1
6 FT
 50
-179.9999999999938
 72
1
 11
1258.7924278326534
 21
2875.8362891497018
 31
0.0
100
AcDbText
 73
2
  0
LWPOLYLINE
  5
2C8
330
17
100
AcDbEntity
  8
FLOOR_4_FASCADE_COLUMNS
100
AcDbPolyline
 90
26
 70
0
 10
1225.7924278326527
 20
2881.8362891496977
 10
1219.7924278326527
 20
2881.836289149697
 10
1213.7924278326527
 20
2881.8362891496968
 10
1207.7924278326527
 20
2881.8362891496963
 10
1201.7924278326527
 20
2881.8362891496954
 10
1195.7924278326527
 20
2881.8362891496945
 10
1189.7924278326527
 20
2881.836289149694
 10
1183.7924278326527
 20
2881.8362891496936
 10
1177.7924278326527
 20
2881.836289149693
 10
1171.7924278326527
 20
2881.836289149692
 10
1165.7924278326527
 20
2881.8362891496918
 10
1159.7924278326527
 20
2881.836289149691
 10
1156.792427832658
 20
2884.836289149696
 10
1156.792427832658
 20
2890.836289149696
 10
1156.792427832658
 20
2896.836289149696
 10
1156.792427832658
 20
2902.836289149696
 10
1156.792427832658
 20
2908.836289149696
 10
1156.792427832658
 20
2914.836289149696
 10
1151.7924278326464
 20
2915.8362891496845
 10
1145.7924278326464
 20
2915.8362891496845
 10
1139.7924278326464
 20
2915.8362891496845
 10
1133.7924278326464
 20
2915.8362891496845
 10
1127.7924278326464
 20
2915.8362891496845
 10
1121.7924278326464
 20
2915.8362891496845
 10
1115.7924278326464
 20
2915.8362891496845
 10
1109.7924278326464
 20
2915.8362891496845
  0
TEXT
  5
2C9
330
17
100
AcDbEntity
  8
FLOOR_4_FASCADE_COLUMNS
100
AcDbText
 10
1155.1048052209985
 20
2882.5067072996258
 30
0.0
 40
12.0
  1
13 FT
 50
163.66395711028855
 72
1
 11
1155.1048052209985
 21
2882.5067072996258
 31
0.0
100
AcDbText
 73
2
  0
LWPOLYLINE
  5
2CA
330
17
100
AcDbEntity
  8
FLOOR_4_FASCADE_COLUMNS
100
AcDbPolyline
 90
33
 70
0
 10
1109.7924278326464
 20
2915.8362891496845
 10
1103.7924278326464
 20
2915.8362891496845
 10
1097.7924278326464
 20
2915.8362891496845
 10
1091.7924278326464
 20
2915.8362891496845
 10
1085.7924278326464
 20
2915.8362891496845
 10
1079.7924278326464
 20
2915.8362891496845
 10
1073.7924278326464
 20
2915.8362891496845
 10
1067.7924278326464
 20
2915.8362891496845
 10
1066.8556188175207
 20
2910.7730981648087
 10
1066.8556188175194
 20
2904.7730981648087
 10
1066.855618817518
 20
2898.7730981648087
 10
1066.8556188175164
 20
2892.7730981648087
 10
1066.855618817515
 20
2886.7730981648087
 10
1065.7924278326468
 20
2881.836289149676
 10
1059.7924278326468
 20
2881.836289149677
 10
1053.7924278326468
 20
2881.8362891496786
 10
1047.7924278326468
 20
2881.83628914968
 10
1041.7924278326468
 20
2881.8362891496813
 10
1035.7924278326468
 20
2881.8362891496827
 10
1029.7924278326468
 20
2881.836289149684
 10
1023.7924278326468
 20
2881.8362891496854
 10
1017.7924278326468
 20
2881.8362891496868
 10
1011.7924278326468
 20
2881.836289149688
 10
1005.7924278326468
 20
2881.8362891496895
 10
999.7924278326468
 20
2881.836289149691
 10
993.7924278326468
 20
2881.836289149692
 10
987.7924278326468
 20
2881.836289149694
 10
981.7924278326468
 20
2881.8362891496954
 10
975.7924278326468
 20
2881.8362891496968
 10
969.7924278326468
 20
2881.836289149698
 10
963.7924278326468
 20
2881.8362891496995
 10
957.7924278326468
 20
2881.836289149701
 10
951.7924278326468
 20
2881.836289149702
  0
TEXT
  5
2CB
330
17
100
AcDbEntity
  8
FLOOR_4_FASCADE_COLUMNS
100
AcDbText
 10
1048.1542342962614
 20
2875.9705634374004
 30
0.0
 40
12.0
  1
16 FT
 50
-167.8557219504392
 72
1
 11
1048.1542342962614
 21
2875.9705634374004
 31
0.0
100
AcDbText
 73
2
  0
LWPOLYLINE
  5
2CC
330
17
100
AcDbEntity
  8
FLOOR_4_FASCADE_WALLS
100
AcDbPolyline
 90
73
 70
0
 10
951.7924278326468
 20
2881.836289149702
 10
945.7924278326468
 20
2881.8362891497036
 10
939.7924278326468
 20
2881.836289149705
 10
933.7924281706273
 20
2881.836288819098
 10
927.7924281706273
 20
2881.836288826472
 10
921.7924281706273
 20
2881.836288833845
 10
915.7924281706273
 20
2881.836288841219
 10
909.7924281706273
 20
2881.8362888485926
 10
903.7924281706273
 20
2881.836288855966
 10
897.7924281706273
 20
2881.8362888633396
 10
891.7924281706273
 20
2881.836288870713
 10
885.7924281706273
 20
2881.8362888780866
 10
879.7924281706273
 20
2881.83628888546
 10
873.7924281706273
 20
2881.836288892834
 10
867.7924281706273
 20
2881.8362889002074
 10
861.7924281706273
 20
2881.836288907581
 10
855.7924281706273
 20
2881.8362889149544
 10
849.7924281706273
 20
2881.836288922328
 10
843.7924281706273
 20
2881.8362889297014
 10
837.7924281706273
 20
2881.836288937075
 10
831.7924281706273
 20
2881.836288944449
 10
825.7924281706273
 20
2881.836288951822
 10
819.7924281706273
 20
2881.8362889591963
 10
813.7924281706273
 20
2881.8362889665696
 10
807.7924281706273
 20
2881.8362889739433
 10
801.7924281706273
 20
2881.8362889813166
 10
795.7924281706273
 20
2881.8362889886903
 10
789.7924281706273
 20
2881.8362889960636
 10
783.7924281706273
 20
2881.8362890034373
 10
777.7924281706273
 20
2881.836289010811
 10
771.7924281706273
 20
2881.8362890181843
 10
765.7924281706273
 20
2881.836289025558
 10
759.7924281706273
 20
2881.8362890329317
 10
753.7924281706273
 20
2881.836289040305
 10
747.7924281706273
 20
2881.8362890476787
 10
741.7924281706273
 20
2881.836289055052
 10
735.7924281706273
 20
2881.8362890624257
 10
729.7924281706273
 20
2881.836289069799
 10
723.7924281706273
 20
2881.836289077173
 10
717.7924281706273
 20
2881.8362890845465
 10
711.7924281706273
 20
2881.83628909192
 10
705.7924281706273
 20
2881.836289099294
 10
699.7924281706273
 20
2881.836289106667
 10
693.7924281706273
 20
2881.836289114041
 10
687.7924281706273
 20
2881.836289121414
 10
681.7924281706273
 20
2881.836289128788
 10
675.7924281706273
 20
2881.836289136161
 10
669.7924281706273
 20
2881.8362891435354
 10
664.7924278326454
 20
2882.836288811698
 10
664.7924278326454
 20
2888.836288811698
 10
664.7924278326454
 20
2894.836288811698
 10
664.7924278326454
 20
2900.836288811698
 10
664.7924278326454
 20
2906.836288811698
 10
664.7924278326454
 20
2912.836288811698
 10
664.7924278326454
 20
2918.836288811698
 10
664.7924278326454
 20
2924.8362888116976
 10
664.7924278326454
 20
2930.836288811698
 10
664.7924278326454
 20
2936.836288811698
 10
664.7924278326454
 20
2942.836288811698
 10
664.7924278326454
 20
2948.836288811698
 10
664.7924278326454
 20
2954.836288811698
 10
664.7924278326454
 20
2960.836288811698
 10
664.7924278326454
 20
2966.8362888116976
 10
664.7924278326454
 20
2972.836288811698
 10
664.7924278326454
 20
2978.836288811698
 10
664.7924278326454
 20
2984.836288811698
 10
664.7924278326454
 20
2990.836288811698
 10
664.7924278326454
 20
2996.836288811698
 10
664.7924278326454
 20
3002.836288811698
 10
664.7924278326454
 20
3008.836288811698
 10
664.7924278326454
 20
3014.836288811698
 10
664.7924278326454
 20
3020.836288811698
 10
664.7924278326454
 20
3026.836288811698
  0
TEXT
  5
2CD
330
17
100
AcDbEntity
  8
FLOOR_4_FASCADE_WALLS
100
AcDbText
 10
733.5372683160442
 20
2876.4809684194247
 30
0.0
 40
12.0
  1
36 FT
 50
153.19588581539577
 72
1
 11
733.5372683160442
 21
2876.4809684194247
 31
0.0
100
AcDbText
 73
2
  0
LWPOLYLINE
  5
2CE
330
17
100
AcDbEntity
  8
FLOOR_4_FASCADE_COLUMNS
100
AcDbPolyline
 90
40
 70
0
 10
664.7924278326454
 20
3026.836288811698
 10
664.7924278326454
 20
3032.836288811698
 10
664.7924278326454
 20
3038.836288811698
 10
664.7924278326454
 20
3044.836288811698
 10
664.7924278326454
 20
3050.836288811698
 10
664.7924278326454
 20
3056.836288811698
 10
664.7924278326454
 20
3062.8362888116976
 10
664.7924278326454
 20
3068.836288811698
 10
664.7924278326454
 20
3074.836288811698
 10
664.7924278326454
 20
3080.836288811698
 10
664.7924278326454
 20
3086.836288811698
 10
664.7924278326454
 20
3092.836288811698
 10
664.7924278326454
 20
3098.836288811698
 10
664.7924278326454
 20
3104.836288811698
 10
664.7924278326454
 20
3110.836288811698
 10
664.7924278326454
 20
3116.836288811698
 10
664.7924278326454
 20
3122.836288811698
 10
664.7924278326454
 20
3128.836288811698
 10
664.7924278326454
 20
3134.836288811698
 10
664.7924278326454
 20
3140.836288811698
 10
664.7924278326454
 20
3146.836288811698
 10
664.7924278326454
 20
3152.836288811698
 10
664.7924278326454
 20
3158.836288811698
 10
664.7924278326454
 20
3164.836288811698
 10
664.7924278326454
 20
3170.836288811698
 10
668.7924274946527
 20
3172.836289149691
 10
674.7924274946527
 20
3172.836289149691
 10
680.7924274946527
 20
3172.836289149691
 10
686.7924274946527
 20
3172.836289149691
 10
692.7924274946527
 20
3172.836289149691
 10
698.7924274946527
 20
3172.836289149691
 10
704.7924274946527
 20
3172.836289149691
 10
710.7924274946527
 20
3172.836289149691
 10
716.7924274946527
 20
3172.836289149691
 10
722.7924274946527
 20
3172.836289149691
 10
728.7924274946527
 20
3172.836289149691
 10
734.7924274946527
 20
3172.836289149691
 10
740.7924274946527
 20
3172.836289149691
 10
746.7924274946527
 20
3172.836289149691
 10
752.7924274946527
 20
3172.836289149691
  0
TEXT
  5
2CF
330
17
100
AcDbEntity
  8
FLOOR_4_FASCADE_COLUMNS
100
AcDbText
 10
659.6536918882136
 20
3146.169676989827
 30
0.0
 40
12.0
  1
20 FT
 50
58.92096052085811
 72
1
 11
659.6536918882136
 21
3146.169676989827
 31
0.0
100
AcDbText
 73
2
  0
LWPOLYLINE
  5
2D0
330
17
100
AcDbEntity
  8
FLOOR_4_FASCADE_COLUMNS
100
AcDbPolyline
 90
32
 70
0
 10
752.7924274946527
 20
3172.836289149691
 10
758.7924274946527
 20
3172.836289149691
 10
764.7924274946527
 20
3172.836289149691
 10
770.7924274946527
 20
3172.836289149691
 10
776.7924274946527
 20
3172.836289149691
 10
782.7924274946527
 20
3172.836289149691
 10
788.7924274946527
 20
3172.836289149691
 10
794.7924274946527
 20
3172.836289149691
 10
800.7924274946527
 20
3172.836289149691
 10
806.7924274946527
 20
3172.836289149691
 10
812.7924274946527
 20
3172.836289149691
 10
818.7924274946527
 20
3172.836289149691
 10
824.7924274946527
 20
3172.836289149691
 10
830.7924274946527
 20
3172.836289149691
 10
836.7924274946527
 20
3172.836289149691
 10
842.7924274946527
 20
3172.836289149691
 10
848.7924274946527
 20
3172.836289149691
 10
854.7924274946527
 20
3172.836289149691
 10
860.7924274946527
 20
3172.836289149691
 10
866.7924274946527
 20
3172.836289149691
 10
872.7924274946527
 20
3172.836289149691
 10
878.7924274946527
 20
3172.836289149691
 10
884.7924274946527
 20
3172.836289149691
 10
890.7924274946527
 20
3172.836289149691
 10
896.7924274946527
 20
3172.836289149691
 10
902.7924274946527
 20
3172.836289149691
 10
908.7924274946527
 20
3172.836289149691
 10
914.7924274946527
 20
3172.836289149691
 10
920.7924274946527
 20
3172.836289149691
 10
926.7924274946527
 20
3172.836289149691
 10
932.7924274946527
 20
3172.836289149691
 10
938.7924274946527
 20
3172.836289149691
  0
TEXT
  5
2D1
330
17
100
AcDbEntity
  8
FLOOR_4_FASCADE_COLUMNS
100
AcDbText
 10
845.7924274946527
 20
3178.836289149691
 30
0.0
 40
12.0
  1
16 FT
 72
1
 11
845.7924274946527
 21
3178.836289149691
 31
0.0
100
AcDbText
 73
2
  0
LWPOLYLINE
  5
2D2
330
17
100
AcDbEntity
  8
FLOOR_4_FASCADE_WALLS
100
AcDbPolyline
 90
65
 70
0
 10
938.7924274946527
 20
3172.836289149691
 10
944.7924274946527
 20
3172.836289149691
 10
950.7924274946527
 20
3172.836289149691
 10
956.7924274946527
 20
3172.836289149691
 10
962.7924274946527
 20
3172.836289149691
 10
968.7924274946527
 20
3172.836289149691
 10
974.7924274946527
 20
3172.836289149691
 10
980.7924274946527
 20
3172.836289149691
 10
986.7924274946527
 20
3172.836289149691
 10
992.7924274946527
 20
3172.836289149691
 10
998.7924274946527
 20
3172.836289149691
 10
1004.7924274946527
 20
3172.836289149691
 10
1010.7924274946527
 20
3172.836289149691
 10
1016.7924274946527
 20
3172.836289149691
 10
1022.7924274946527
 20
3172.836289149691
 10
1028.7924274946527
 20
3172.836289149691
 10
1034.7924274946527
 20
3172.836289149691
 10
1040.7924274946527
 20
3172.836289149691
 10
1046.7924274946527
 20
3172.836289149691
 10
1052.7924274946527
 20
3172.836289149691
 10
1058.7924274946527
 20
3172.836289149691
 10
1064.7924274946527
 20
3172.836289149691
 10
1070.7924274946527
 20
3172.836289149691
 10
1076.7924274946527
 20
3172.836289149691
 10
1082.7924274946527
 20
3172.836289149691
 10
1088.7924274946527
 20
3172.836289149691
 10
1094.7924274946527
 20
3172.836289149691
 10
1100.7924274946527
 20
3172.836289149691
 10
1106.7924274946527
 20
3172.836289149691
 10
1112.7924274946529
 20
3172.836289149691
 10
1118.7924274946527
 20
3172.836289149691
 10
1124.7924274946527
 20
3172.836289149691
 10
1130.7924274946527
 20
3172.836289149691
 10
1136.7924274946527
 20
3172.836289149691
 10
1142.7924274946527
 20
3172.836289149691
 10
1148.7924274946527
 20
3172.836289149691
 10
1154.7924274946527
 20
3172.836289149691
 10
1160.7924274946527
 20
3172.836289149691
 10
1166.7924274946527
 20
3172.836289149691
 10
1172.7924274946527
 20
3172.836289149691
 10
1178.7924274946527
 20
3172.836289149691
 10
1184.7924274946527
 20
3172.836289149691
 10
1190.7924274946529
 20
3172.836289149691
 10
1196.7924274946527
 20
3172.836289149691
 10
1202.7924274946527
 20
3172.836289149691
 10
1208.7924274946527
 20
3172.836289149691
 10
1214.7924274946527
 20
3172.836289149691
 10
1220.7924274946527
 20
3172.836289149691
 10
1226.7924274946527
 20
3172.836289149691
 10
1232.7924274946527
 20
3172.836289149691
 10
1238.7924274946527
 20
3172.836289149691
 10
1244.7924274946527
 20
3172.836289149691
 10
1250.7924274946527
 20
3172.836289149691
 10
1256.7924274946527
 20
3172.836289149691
 10
1262.7924274946527
 20
3172.836289149691
 10
1268.7924274946529
 20
3172.836289149691
 10
1274.7924274946527
 20
3172.836289149691
 10
1280.7924274946527
 20
3172.836289149691
 10
1286.7924274946527
 20
3172.836289149691
 10
1292.7924274946527
 20
3172.836289149691
 10
1298.7924274946527
 20
3172.836289149691
 10
1304.7924274946527
 20
3172.836289149691
 10
1310.7924274946527
 20
3172.836289149691
 10
1316.7924274946527
 20
3172.836289149691
 10
1322.7924274946527
 20
3172.836289149691
  0
TEXT
  5
2D3
330
17
100
AcDbEntity
  8
FLOOR_4_FASCADE_WALLS
100
AcDbText
 10
1130.7924274946527
 20
3178.836289149691
 30
0.0
 40
12.0
  1
32 FT
 72
1
 11
1130.7924274946527
 21
3178.836289149691
 31
0.0
100
AcDbText
 73
2
  0
LWPOLYLINE
  5
2D4
330
17
100
AcDbEntity
  8
FLOOR_4_FASCADE_COLUMNS
100
AcDbPolyline
 90
45
 70
0
 10
1322.7924274946527
 20
3172.836289149691
 10
1328.7924274946527
 20
3172.836289149691
 10
1334.7924274946527
 20
3172.836289149691
 10
1340.7924274946527
 20
3172.836289149691
 10
1346.7924274946527
 20
3172.836289149691
 10
1352.7924274946527
 20
3172.836289149691
 10
1358.7924274946527
 20
3172.836289149691
 10
1364.7924274946527
 20
3172.836289149691
 10
1370.7924274946527
 20
3172.836289149691
 10
1376.7924274946527
 20
3172.836289149691
 10
1382.7924274946529
 20
3172.836289149691
 10
1388.7924274946527
 20
3172.836289149691
 10
1394.7924274946527
 20
3172.836289149691
 10
1400.7924274946527
 20
3172.836289149691
 10
1406.7924274946527
 20
3172.836289149691
 10
1412.7924274946527
 20
3172.836289149691
 10
1418.7924274946527
 20
3172.836289149691
 10
1424.7924274946527
 20
3172.836289149691
 10
1430.7924274946527
 20
3172.836289149691
 10
1436.7924274946527
 20
3172.836289149691
 10
1442.7924274946527
 20
3172.836289149691
 10
1448.7924274946527
 20
3172.836289149691
 10
1454.7924274946527
 20
3172.836289149691
 10
1460.7924274946527
 20
3172.836289149691
 10
1466.7924274946527
 20
3172.836289149691
 10
1472.7924274946527
 20
3172.836289149691
 10
1478.7924274946527
 20
3172.836289149691
 10
1484.7924274946527
 20
3172.836289149691
 10
1490.7924274946527
 20
3172.836289149691
 10
1496.7924274946527
 20
3172.836289149691
 10
1502.7924274946527
 20
3172.836289149691
 10
1508.7924274946527
 20
3172.836289149691
 10
1514.7924274946527
 20
3172.836289149691
 10
1520.7924274946527
 20
3172.836289149691
 10
1526.7924274946527
 20
3172.836289149691
 10
1532.7924274946527
 20
3172.836289149691
 10
1538.7924274946527
 20
3172.836289149689
 10
1544.7924274946527
 20
3172.836289149688
 10
1550.7924274946527
 20
3172.8362891496863
 10
1556.7924274946527
 20
3172.8362891496854
 10
1562.7924274946527
 20
3172.8362891496836
 10
1568.7924274946527
 20
3172.8362891496827
 10
1574.7924274946527
 20
3172.8362891496818
 10
1580.7924274946527
 20
3172.8362891496804
 10
1586.7924274946527
 20
3172.836289149679
  0
TEXT
  5
2D5
330
17
100
AcDbEntity
  8
FLOOR_4_FASCADE_COLUMNS
100
AcDbText
 10
1454.7924274946529
 20
3178.836289149691
 30
0.0
 40
12.0
  1
22 FT
 50
-2.516686177041679e-12
 72
1
 11
1454.7924274946529
 21
3178.836289149691
 31
0.0
100
AcDbText
 73
2
  0
LWPOLYLINE
  5
2D6
330
17
100
AcDbEntity
  8
FLOOR_4_FASCADE_COLUMNS
100
AcDbPolyline
 90
51
 70
0
 10
1586.7924274946527
 20
3172.836289149679
 10
1592.7924274946527
 20
3172.8362891496777
 10
1598.7924274946527
 20
3172.8362891496763
 10
1604.7924274946527
 20
3172.836289149675
 10
1610.7924274946527
 20
3172.8362891496736
 10
1616.7924274946527
 20
3172.8362891496727
 10
1622.7924274946527
 20
3172.8362891496718
 10
1628.7924274946527
 20
3172.83628914967
 10
1634.7924274946527
 20
3172.836289149669
 10
1640.7924274946527
 20
3172.836289149667
 10
1646.7924274946527
 20
3172.8362891496663
 10
1652.7924274946527
 20
3172.8362891496645
 10
1658.7924274946527
 20
3172.8362891496636
 10
1664.7924274946527
 20
3172.8362891496627
 10
1670.7924274946527
 20
3172.8362891496613
 10
1676.7924274946527
 20
3172.83628914966
 10
1682.7924274946527
 20
3172.8362891496586
 10
1688.7924274946527
 20
3172.836289149657
 10
1694.7924274946527
 20
3172.836289149656
 10
1700.7924274946527
 20
3172.8362891496545
 10
1705.2924278326568
 20
3171.336289487658
 10
1705.2924278326568
 20
3165.3362894876577
 10
1705.2924278326568
 20
3159.3362894876577
 10
1705.2924278326568
 20
3153.3362894876577
 10
1705.2924278326568
 20
3147.3362894876577
 10
1705.2924278326568
 20
3141.3362894876577
 10
1705.2924278326568
 20
3135.3362894876577
 10
1705.2924278326568
 20
3129.3362894876577
 10
1705.2924278326568
 20
3123.3362894876577
 10
1705.2924278326568
 20
3117.3362894876577
 10
1705.2924278326568
 20
3111.3362894876577
 10
1705.2924278326568
 20
3105.3362894876577
 10
1705.2924278326568
 20
3099.336289487658
 10
1705.2924278326568
 20
3093.3362894876577
 10
1705.2924278326568
 20
3087.336289487658
 10
1705.2924278326568
 20
3081.3362894876577
 10
1705.2924278326568
 20
3075.3362894876577
 10
1705.2924278326568
 20
3069.336289487658
 10
1705.2924278326568
 20
3063.336289487658
 10
1705.2924278326568
 20
3057.336289487658
 10
1705.2924278326568
 20
3051.336289487658
 10
1705.2924278326568
 20
3045.336289487658
 10
1705.2924278326568
 20
3039.336289487658
 10
1705.2924278326568
 20
3033.336289487658
 10
1706.1250506910776
 20
3028.168912346079
 10
1712.1250506910776
 20
3028.168912346079
 10
1718.1250506910776
 20
3028.168912346079
 10
1724.1250506910776
 20
3028.168912346079
 10
1730.1250506910776
 20
3028.168912346079
 10
1736.1250506910776
 20
3028.168912346079
 10
1741.792427832635
 20
3027.8362894876363
  0
TEXT
  5
2D7
330
17
100
AcDbEntity
  8
FLOOR_4_FASCADE_COLUMNS
100
AcDbText
 10
1709.3913705954499
 20
3145.6340475639377
 30
0.0
 40
12.0
  1
25 FT
 50
-43.09084743805208
 72
1
 11
1709.3913705954499
 21
3145.6340475639377
 31
0.0
100
AcDbText
 73
2
  0
LWPOLYLINE
  5
2D8
330
17
100
AcDbEntity
  8
FLOOR_4_FASCADE_COLUMNS
100
AcDbPolyline
 90
46
 70
0
 10
1741.792427832635
 20
3027.8362894876363
 10
1741.792427832635
 20
3021.8362894876363
 10
1741.792427832635
 20
3015.8362894876363
 10
1741.792427832635
 20
3009.8362894876363
 10
1741.792427832635
 20
3003.8362894876363
 10
1741.792427832635
 20
2997.8362894876363
 10
1741.792427832635
 20
2991.8362894876363
 10
1741.792427832635
 20
2985.8362894876363
 10
1741.792427832635
 20
2979.8362894876363
 10
1741.792427832635
 20
2973.8362894876363
 10
1741.792427832635
 20
2967.8362894876363
 10
1741.792427832635
 20
2961.8362894876363
 10
1741.792427832635
 20
2955.8362894876363
 10
1741.792427832635
 20
2949.8362894876363
 10
1741.792427832635
 20
2943.8362894876363
 10
1741.792427832635
 20
2937.8362894876363
 10
1741.792427832635
 20
2931.8362894876363
 10
1741.792427832635
 20
2925.8362894876363
 10
1741.792427832635
 20
2919.8362894876363
 10
1741.792427832635
 20
2913.8362894876363
 10
1741.792427832635
 20
2907.8362894876363
 10
1741.792427832635
 20
2901.8362894876363
 10
1741.792427832635
 20
2895.8362894876363
 10
1741.4598049741921
 20
2890.168912346079
 10
1735.4598049741921
 20
2890.168912346079
 10
1729.4598049741921
 20
2890.168912346079
 10
1723.4598049741921
 20
2890.168912346079
 10
1717.4598049741921
 20
2890.168912346079
 10
1711.4598049741921
 20
2890.168912346079
 10
1705.4598049741921
 20
2890.168912346079
 10
1705.2924278326452
 20
2884.336289487626
 10
1701.792428170591
 20
2881.8362891496795
 10
1695.792428170591
 20
2881.8362891496786
 10
1689.792428170591
 20
2881.836289149678
 10
1683.792428170591
 20
2881.836289149677
 10
1677.792428170591
 20
2881.8362891496768
 10
1671.792428170591
 20
2881.836289149676
 10
1665.792428170591
 20
2881.8362891496754
 10
1659.792428170591
 20
2881.836289149675
 10
1653.792428170591
 20
2881.8362891496745
 10
1647.792428170591
 20
2881.8362891496736
 10
1641.792428170591
 20
2881.8362891496727
 10
1635.792428170591
 20
2881.836289149672
 10
1629.792428170591
 20
2881.8362891496718
 10
1623.792428170591
 20
2881.836289149671
 10
1617.792428170591
 20
2881.83628914967
  0
TEXT
  5
2D9
330
17
100
AcDbEntity
  8
FLOOR_4_FASCADE_COLUMNS
100
AcDbText
 10
1746.2538980463967
 20
2890.048835039937
 30
0.0
 40
12.0
  1
23 FT
 50
-130.3417457478354
 72
1
 11
1746.2538980463967
 21
2890.048835039937
 31
0.0
100
AcDbText
 73
2
  0
LWPOLYLINE
  5
2DA
330
17
100
AcDbEntity
  8
FLOOR_4_FASCADE_COLUMNS
100
AcDbPolyline
 90
36
 70
0
 10
1617.792428170591
 20
2881.83628914967
 10
1611.792428170591
 20
2881.83628914967
 10
1605.792428170591
 20
2881.836289149669
 10
1599.792428170591
 20
2881.8362891496686
 10
1593.792428170591
 20
2881.8362891496677
 10
1587.792428170591
 20
2881.836289149667
 10
1581.792428170591
 20
2881.8362891496663
 10
1575.792428170591
 20
2881.836289149666
 10
1569.792428170591
 20
2881.836289149665
 10
1563.792428170591
 20
2881.8362891496645
 10
1557.792428170591
 20
2881.836289149664
 10
1551.792428170591
 20
2881.8362891496636
 10
1545.792428170591
 20
2881.8362891496627
 10
1539.792428170591
 20
2881.8362891496618
 10
1533.792428170591
 20
2881.8362891496613
 10
1527.792428170591
 20
2881.836289149661
 10
1521.792428170591
 20
2881.83628914966
 10
1515.792428170591
 20
2881.836289149659
 10
1509.792428170591
 20
2881.836289149659
 10
1503.792428170591
 20
2881.836289149658
 10
1497.792428170591
 20
2881.8362891496577
 10
1491.792428170591
 20
2881.8362891496567
 10
1485.792428170591
 20
2881.8362891496563
 10
1479.792428170591
 20
2881.8362891496554
 10
1473.792428170591
 20
2881.836289149655
 10
1467.792428170591
 20
2881.836289149654
 10
1461.792428170591
 20
2881.8362891496536
 10
1455.792428170591
 20
2881.836289149653
 10
1449.792428170591
 20
2881.8362891496527
 10
1443.792428170591
 20
2881.8362891496517
 10
1437.792428170591
 20
2881.836289149651
 10
1431.792428170591
 20
2881.8362891496504
 10
1425.792428170591
 20
2881.83628914965
 10
1419.792428170591
 20
2881.836289149649
 10
1413.792428170591
 20
2881.836289149648
 10
1407.792428170591
 20
2881.8362891496477
  0
TEXT
  5
2DB
330
17
100
AcDbEntity
  8
FLOOR_4_FASCADE_COLUMNS
100
AcDbText
 10
1512.7924281705916
 20
2875.836289149659
 30
0.0
 40
12.0
  1
18 FT
 50
-179.99999999999386
 72
1
 11
1512.7924281705916
 21
2875.836289149659
 31
0.0
100
AcDbText
 73
2
  0
LWPOLYLINE
  5
2DC
330
17
100
AcDbEntity
  8
FLOOR_4_FASCADE_COLUMNS
100
AcDbPolyline
 90
21
 70
0
 10
1407.792428170591
 20
2881.8362891496477
 10
1401.792428170591
 20
2881.836289149647
 10
1395.792428170591
 20
2881.8362891496467
 10
1389.792428170591
 20
2881.836289149646
 10
1383.792428170591
 20
2881.8362891496454
 10
1377.792428170591
 20
2881.8362891496445
 10
1371.792428170591
 20
2881.836289149644
 10
1365.792428170591
 20
2881.836289149643
 10
1359.792428170591
 20
2881.8362891496427
 10
1353.792428170591
 20
2881.8362891496417
 10
1347.792428170591
 20
2881.8362891496417
 10
1341.792428170591
 20
2881.836289149641
 10
1335.792428170591
 20
2881.83628914964
 10
1329.792428170591
 20
2881.8362891496395
 10
1323.792428170591
 20
2881.836289149639
 10
1317.792428170591
 20
2881.836289149638
 10
1311.792428170591
 20
2881.836289149637
 10
1305.792428170591
 20
2881.8362891496367
 10
1299.792428170591
 20
2881.8362891496363
 10
1293.792428170591
 20
2881.836289149636
 10
1291.7924278326527
 20
2881.836289149705
  0
TEXT
  5
2DD
330
17
100
AcDbEntity
  8
FLOOR_4_FASCADE_COLUMNS
100
AcDbText
 10
1349.792428001619
 20
2875.8362891496417
 30
0.0
 40
12.0
  1
10 FT
 50
179.9999999999717
 72
1
 11
1349.792428001619
 21
2875.8362891496417
 31
0.0
100
AcDbText
 73
2
  0
CIRCLE
  5
2E4
330
17
100
AcDbEntity
  8
FLOOR_5_DATUM
100
AcDbCircle
 10
1041.7866172632048
 20
2212.836289149667
 30
0.0
 40
24.0
  0
LINE
  5
2E5
330
17
100
AcDbEntity
  8
FLOOR_5_DATUM
100
AcDbLine
 10
1005.7866172632048
 20
2212.836289149667
 30
0.0
 11
1077.7866172632048
 21
2212.836289149667
 31
0.0
  0
LINE
  5
2E6
330
17
100
AcDbEntity
  8
FLOOR_5_DATUM
100
AcDbLine
 10
1041.7866172632048
 20
2176.836289149667
 30
0.0
 11
1041.7866172632048
 21
2248.836289149667
 31
0.0
  0
TEXT
  5
2E7
330
17
100
AcDbEntity
  8
FLOOR_5_DATUM
100
AcDbText
 10
1083.7866172632048
 20
2206.836289149667
 30
0.0
 40
12.0
  1
DATUM·USER
100
AcDbText
  0
LWPOLYLINE
  5
2E8
330
17
100
AcDbEntity
  8
FLOOR_5_BOUNDARY
100
AcDbPolyline
 90
19
 70
1
 10
1156.792427832657
 20
1921.83628914969
 10
1156.792427832657
 20
1955.836289149684
 10
1066.855618817522
 20
1955.836289149684
 10
1066.855618817513
 20
1921.836289149675
 10
939.7924278326426
 20
1921.836289149705
 10
939.7924278326426
 20
1921.836288811725
 10
664.7924278326445
 20
1921.836289149679
 10
664.7924278326445
 20
2212.836289149691
 10
1531.542427832621
 20
2212.836289149691
 10
1705.2924278326568
 20
2212.8362891496536
 10
1705.2924278326568
 20
2203.836289149691
 10
1741.792427832635
 20
2203.836289149691
 10
1741.792427832635
 20
2065.836289149691
 10
1705.2924278326561
 20
2065.836289149691
 10
1705.2924278326439
 20
1921.836289149679
 10
1291.792427832654
 20
1921.8362891496347
 10
1291.7924278326518
 20
1921.8362963528352
 10
1291.7924278326518
 20
1921.836289149705
 10
1156.792427832657
 20
1921.83628914969
  0
LWPOLYLINE
  5
2E9
330
17
100
AcDbEntity
  8
FLOOR_5_BOUNDARY
100
AcDbPolyline
 90
4
 70
1
 10
939.7924274405987
 20
2066.836338197955
 10
939.792427440599
 20
2066.836239149685
 10
1291.7923858060506
 20
2066.836339149674
 10
939.7924274405987
 20
2066.836338197955
  0
LWPOLYLINE
  5
2EA
330
17
100
AcDbEntity
  8
FLOOR_5_BOUNDARY
100
AcDbPolyline
 90
5
 70
1
 10
664.7924278326427
 20
2063.836289149691
 10
590.7924278326373
 20
2063.836289149691
 10
590.7924278326373
 20
2203.836289149691
 10
664.7924278326427
 20
2203.836289149691
 10
664.7924278326427
 20
2063.836289149691
  0
POINT
  5
2EB
330
17
100
AcDbEntity
  8
FLOOR_5_COLUMNS
100
AcDbPoint
 10
670.792427832643
 20
2200.836289149695
 30
0.0
  0
POINT
  5
2EC
330
17
100
AcDbEntity
  8
FLOOR_5_COLUMNS
100
AcDbPoint
 10
839.7866172632027
 20
2200.836289149692
 30
0.0
  0
POINT
  5
2ED
330
17
100
AcDbEntity
  8
FLOOR_5_COLUMNS
100
AcDbPoint
 10
1052.7924278326425
 20
1927.836289149694
 30
0.0
  0
POINT
  5
2EE
330
17
100
AcDbEntity
  8
FLOOR_5_COLUMNS
100
AcDbPoint
 10
1170.7924278326432
 20
1927.8362891496981
 30
0.0
  0
POINT
  5
2EF
330
17
100
AcDbEntity
  8
FLOOR_5_COLUMNS
100
AcDbPoint
 10
1281.792427832646
 20
1927.8362891497168
 30
0.0
  0
POINT
  5
2F0
330
17
100
AcDbEntity
  8
FLOOR_5_COLUMNS
100
AcDbPoint
 10
1532.9524273604006
 20
1927.836289149715
 30
0.0
  0
POINT
  5
2F1
330
17
100
AcDbEntity
  8
FLOOR_5_COLUMNS
100
AcDbPoint
 10
1699.2924278326432
 20
1933.8362891496934
 30
0.0
  0
POINT
  5
2F2
330
17
100
AcDbEntity
  8
FLOOR_5_COLUMNS
100
AcDbPoint
 10
1477.292427832653
 20
2206.836289149682
 30
0.0
  0
POINT
  5
2F3
330
17
100
AcDbEntity
  8
FLOOR_5_COLUMNS
100
AcDbPoint
 10
1699.292427832648
 20
2200.8362891496918
 30
0.0
  0
LWPOLYLINE
  5
2F5
330
17
100
AcDbEntity
  8
FLOOR_5_TRIBUTARY_COL_0
100
AcDbPolyline
 90
13
 70
1
 10
755.2895225479209
 20
2079.584409353941
 10
752.7924278326441
 20
2078.767515915486
 10
740.7924278326441
 20
2075.3771813429953
 10
728.7924278326441
 20
2072.522162755635
 10
716.7924278326441
 20
2070.2024601534044
 10
704.7924278326441
 20
2068.4180735363043
 10
692.7924278326441
 20
2067.169002904334
 10
680.7924278326441
 20
2066.4552482574936
 10
669.7924278326443
 20
2066.2916794842595
 10
664.7924278326445
 20
2066.403203647828
 10
664.7924278326445
 20
2212.836289149691
 10
755.2895225479231
 20
2212.836289149691
 10
755.2895225479209
 20
2079.584409353941
  0
LWPOLYLINE
  5
2F6
330
17
100
AcDbEntity
  8
FLOOR_5_LARGE_TRIBUTARY
100
AcDbPolyline
 90
13
 70
1
 10
755.2895225479209
 20
2079.584409353941
 10
752.7924278326441
 20
2078.767515915486
 10
740.7924278326441
 20
2075.3771813429953
 10
728.7924278326441
 20
2072.522162755635
 10
716.7924278326441
 20
2070.2024601534044
 10
704.7924278326441
 20
2068.4180735363043
 10
692.7924278326441
 20
2067.169002904334
 10
680.7924278326441
 20
2066.4552482574936
 10
669.7924278326443
 20
2066.2916794842595
 10
664.7924278326445
 20
2066.403203647828
 10
664.7924278326445
 20
2212.836289149691
 10
755.2895225479231
 20
2212.836289149691
 10
755.2895225479209
 20
2079.584409353941
  0
LWPOLYLINE
  5
2F8
330
17
100
AcDbEntity
  8
FLOOR_5_TRIBUTARY_COL_1
100
AcDbPolyline
 90
20
 70
1
 10
940.7866181770457
 20
2206.836258383599
 10
940.786616349357
 20
2194.836258383599
 10
940.0737432345397
 20
2182.836258383599
 10
938.6479988325937
 20
2170.836258383599
 10
936.5093831435188
 20
2158.836258383599
 10
933.6578961673154
 20
2146.836258383599
 10
930.0935379039831
 20
2134.836258383599
 10
925.8163083535221
 20
2122.836258383599
 10
902.6061783975144
 20
2067.021442503721
 10
836.7924278326442
 20
2066.286038536946
 10
824.7924278326442
 20
2066.687266318235
 10
812.7924278326442
 20
2067.6238100846535
 10
800.7924278326442
 20
2069.095669836203
 10
788.7924278326442
 20
2071.102845572882
 10
776.7924278326442
 20
2073.6453372946908
 10
764.7924278326441
 20
2076.72314500163
 10
755.2895225479209
 20
2079.584409353941
 10
755.2895225479231
 20
2212.836289149691
 10
940.4301816196419
 20
2212.836289149691
 10
940.7866181770457
 20
2206.836258383599
  0
LWPOLYLINE
  5
2F9
330
17
100
AcDbEntity
  8
FLOOR_5_LARGE_TRIBUTARY
100
AcDbPolyline
 90
20
 70
1
 10
940.7866181770457
 20
2206.836258383599
 10
940.786616349357
 20
2194.836258383599
 10
940.0737432345397
 20
2182.836258383599
 10
938.6479988325937
 20
2170.836258383599
 10
936.5093831435188
 20
2158.836258383599
 10
933.6578961673154
 20
2146.836258383599
 10
930.0935379039831
 20
2134.836258383599
 10
925.8163083535221
 20
2122.836258383599
 10
902.6061783975144
 20
2067.021442503721
 10
836.7924278326442
 20
2066.286038536946
 10
824.7924278326442
 20
2066.687266318235
 10
812.7924278326442
 20
2067.6238100846535
 10
800.7924278326442
 20
2069.095669836203
 10
788.7924278326442
 20
2071.102845572882
 10
776.7924278326442
 20
2073.6453372946908
 10
764.7924278326441
 20
2076.72314500163
 10
755.2895225479209
 20
2079.584409353941
 10
755.2895225479231
 20
2212.836289149691
 10
940.4301816196419
 20
2212.836289149691
 10
940.7866181770457
 20
2206.836258383599
  0
LWPOLYLINE
  5
2FB
330
17
100
AcDbEntity
  8
FLOOR_5_TRIBUTARY_COL_2
100
AcDbPolyline
 90
14
 70
1
 10
948.1327720009019
 20
1947.7043579833335
 10
949.4458062665508
 20
2016.6386569301599
 10
998.1051347677146
 20
2019.4721777719387
 10
1055.7866480292737
 20
2020.4093557589085
 10
1067.7866480292737
 20
2019.825946881289
 10
1079.7866480292737
 20
2018.464159625291
 10
1091.7866480292737
 20
2016.3239939909147
 10
1103.7866480292737
 20
2013.4054499781596
 10
1111.79242783264
 20
2010.939054427031
 10
1111.7924278326418
 20
1955.836289149684
 10
1066.855618817522
 20
1955.836289149684
 10
1066.855618817513
 20
1921.836289149675
 10
948.8789662941817
 20
1921.836289149703
 10
948.1327720009019
 20
1947.7043579833335
  0
LWPOLYLINE
  5
2FC
330
17
100
AcDbEntity
  8
FLOOR_5_LARGE_TRIBUTARY
100
AcDbPolyline
 90
14
 70
1
 10
948.1327720009019
 20
1947.7043579833335
 10
949.4458062665508
 20
2016.6386569301599
 10
998.1051347677146
 20
2019.4721777719387
 10
1055.7866480292737
 20
2020.4093557589085
 10
1067.7866480292737
 20
2019.825946881289
 10
1079.7866480292737
 20
2018.464159625291
 10
1091.7866480292737
 20
2016.3239939909147
 10
1103.7866480292737
 20
2013.4054499781596
 10
1111.79242783264
 20
2010.939054427031
 10
1111.7924278326418
 20
1955.836289149684
 10
1066.855618817522
 20
1955.836289149684
 10
1066.855618817513
 20
1921.836289149675
 10
948.8789662941817
 20
1921.836289149703
 10
948.1327720009019
 20
1947.7043579833335
  0
LWPOLYLINE
  5
2FE
330
17
100
AcDbEntity
  8
FLOOR_5_TRIBUTARY_COL_3
100
AcDbPolyline
 90
12
 70
1
 10
1111.79242783264
 20
2010.939054427031
 10
1115.7866480292737
 20
2012.2561923610958
 10
1127.7866480292737
 20
2015.4349456456391
 10
1139.7866480292737
 20
2017.8353205518042
 10
1151.7866480292737
 20
2019.4573170795904
 10
1207.5174325585276
 20
2023.3752755220587
 10
1226.2924278326282
 20
2023.8725442655777
 10
1226.2924278326454
 20
1921.8362891496977
 10
1156.792427832657
 20
1921.83628914969
 10
1156.792427832657
 20
1955.836289149684
 10
1111.7924278326418
 20
1955.836289149684
 10
1111.79242783264
 20
2010.939054427031
  0
LWPOLYLINE
  5
2FF
330
17
100
AcDbEntity
  8
FLOOR_5_LARGE_TRIBUTARY
100
AcDbPolyline
 90
12
 70
1
 10
1111.79242783264
 20
2010.939054427031
 10
1115.7866480292737
 20
2012.2561923610958
 10
1127.7866480292737
 20
2015.4349456456391
 10
1139.7866480292737
 20
2017.8353205518042
 10
1151.7866480292737
 20
2019.4573170795904
 10
1207.5174325585276
 20
2023.3752755220587
 10
1226.2924278326282
 20
2023.8725442655777
 10
1226.2924278326454
 20
1921.8362891496977
 10
1156.792427832657
 20
1921.83628914969
 10
1156.792427832657
 20
1955.836289149684
 10
1111.7924278326418
 20
1955.836289149684
 10
1111.79242783264
 20
2010.939054427031
  0
LWPOLYLINE
  5
301
330
17
100
AcDbEntity
  8
FLOOR_5_TRIBUTARY_COL_4
100
AcDbPolyline
 90
9
 70
1
 10
1226.2924278326282
 20
2023.8725442655777
 10
1341.0494715551943
 20
2094.3089520609674
 10
1407.3724275965242
 20
2047.8353394943647
 10
1407.3724275965233
 20
1921.836289149647
 10
1291.792427832654
 20
1921.8362891496347
 10
1291.7924278326518
 20
1921.8362963528352
 10
1291.7924278326518
 20
1921.836289149705
 10
1226.2924278326454
 20
1921.8362891496977
 10
1226.2924278326282
 20
2023.8725442655777
  0
LWPOLYLINE
  5
302
330
17
100
AcDbEntity
  8
FLOOR_5_LARGE_TRIBUTARY
100
AcDbPolyline
 90
9
 70
1
 10
1226.2924278326282
 20
2023.8725442655777
 10
1341.0494715551943
 20
2094.3089520609674
 10
1407.3724275965242
 20
2047.8353394943647
 10
1407.3724275965233
 20
1921.836289149647
 10
1291.792427832654
 20
1921.8362891496347
 10
1291.7924278326518
 20
1921.8362963528352
 10
1291.7924278326518
 20
1921.836289149705
 10
1226.2924278326454
 20
1921.8362891496977
 10
1226.2924278326282
 20
2023.8725442655777
  0
LWPOLYLINE
  5
304
330
17
100
AcDbEntity
  8
FLOOR_5_TRIBUTARY_COL_5
100
AcDbPolyline
 90
6
 70
1
 10
1407.3724275965242
 20
2047.8353394943647
 10
1585.03410992124
 20
2083.278526427317
 10
1611.1987772558227
 20
2067.3362891496945
 10
1616.447063882723
 20
1921.8362891496695
 10
1407.3724275965233
 20
1921.836289149647
 10
1407.3724275965242
 20
2047.8353394943647
  0
LWPOLYLINE
  5
305
330
17
100
AcDbEntity
  8
FLOOR_5_LARGE_TRIBUTARY
100
AcDbPolyline
 90
6
 70
1
 10
1407.3724275965242
 20
2047.8353394943647
 10
1585.03410992124
 20
2083.278526427317
 10
1611.1987772558227
 20
2067.3362891496945
 10
1616.447063882723
 20
1921.8362891496695
 10
1407.3724275965233
 20
1921.836289149647
 10
1407.3724275965242
 20
2047.8353394943647
  0
LWPOLYLINE
  5
307
330
17
100
AcDbEntity
  8
FLOOR_5_TRIBUTARY_COL_6
100
AcDbPolyline
 90
7
 70
1
 10
1611.1987772558227
 20
2067.3362891496945
 10
1741.792427832635
 20
2067.3362891496918
 10
1741.792427832635
 20
2065.836289149691
 10
1705.2924278326561
 20
2065.836289149691
 10
1705.2924278326439
 20
1921.836289149679
 10
1616.447063882723
 20
1921.8362891496695
 10
1611.1987772558227
 20
2067.3362891496945
  0
LWPOLYLINE
  5
308
330
17
100
AcDbEntity
  8
FLOOR_5_LARGE_TRIBUTARY
100
AcDbPolyline
 90
7
 70
1
 10
1611.1987772558227
 20
2067.3362891496945
 10
1741.792427832635
 20
2067.3362891496918
 10
1741.792427832635
 20
2065.836289149691
 10
1705.2924278326561
 20
2065.836289149691
 10
1705.2924278326439
 20
1921.836289149679
 10
1616.447063882723
 20
1921.8362891496695
 10
1611.1987772558227
 20
2067.3362891496945
  0
LWPOLYLINE
  5
30A
330
17
100
AcDbEntity
  8
FLOOR_5_TRIBUTARY_COL_7
100
AcDbPolyline
 90
9
 70
1
 10
1585.03410992124
 20
2083.278526427317
 10
1407.3724275965242
 20
2047.8353394943647
 10
1341.0494715551943
 20
2094.3089520609674
 10
1322.4062871033345
 20
2158.836297366599
 10
1321.4817458775278
 20
2206.8362891496677
 10
1321.597313550537
 20
2212.836289149691
 10
1531.542427832621
 20
2212.836289149691
 10
1588.5356710758929
 20
2212.8362891496786
 10
1585.03410992124
 20
2083.278526427317
  0
LWPOLYLINE
  5
30B
330
17
100
AcDbEntity
  8
FLOOR_5_LARGE_TRIBUTARY
100
AcDbPolyline
 90
9
 70
1
 10
1585.03410992124
 20
2083.278526427317
 10
1407.3724275965242
 20
2047.8353394943647
 10
1341.0494715551943
 20
2094.3089520609674
 10
1322.4062871033345
 20
2158.836297366599
 10
1321.4817458775278
 20
2206.8362891496677
 10
1321.597313550537
 20
2212.836289149691
 10
1531.542427832621
 20
2212.836289149691
 10
1588.5356710758929
 20
2212.8362891496786
 10
1585.03410992124
 20
2083.278526427317
  0
LWPOLYLINE
  5
30D
330
17
100
AcDbEntity
  8
FLOOR_5_TRIBUTARY_COL_8
100
AcDbPolyline
 90
8
 70
1
 10
1611.1987772558227
 20
2067.3362891496945
 10
1585.03410992124
 20
2083.278526427317
 10
1588.5356710758929
 20
2212.8362891496786
 10
1705.2924278326568
 20
2212.8362891496536
 10
1705.2924278326568
 20
2203.836289149691
 10
1741.792427832635
 20
2203.836289149691
 10
1741.792427832635
 20
2067.3362891496918
 10
1611.1987772558227
 20
2067.3362891496945
  0
LWPOLYLINE
  5
30E
330
17
100
AcDbEntity
  8
FLOOR_5_LARGE_TRIBUTARY
100
AcDbPolyline
 90
8
 70
1
 10
1611.1987772558227
 20
2067.3362891496945
 10
1585.03410992124
 20
2083.278526427317
 10
1588.5356710758929
 20
2212.8362891496786
 10
1705.2924278326568
 20
2212.8362891496536
 10
1705.2924278326568
 20
2203.836289149691
 10
1741.792427832635
 20
2203.836289149691
 10
1741.792427832635
 20
2067.3362891496918
 10
1611.1987772558227
 20
2067.3362891496945
  0
LWPOLYLINE
  5
310
330
17
100
AcDbEntity
  8
FLOOR_5_WALL_TRIBUTARY_4
100
AcDbPolyline
 90
40
 70
1
 10
998.1051347677146
 20
2019.4721777719387
 10
949.4458062665508
 20
2016.6386569301599
 10
902.6061783975144
 20
2067.021442503721
 10
925.8163083535221
 20
2122.836258383599
 10
930.0935379039831
 20
2134.836258383599
 10
933.6578961673154
 20
2146.836258383599
 10
936.5093831435188
 20
2158.836258383599
 10
938.6479988325937
 20
2170.836258383599
 10
940.0737432345397
 20
2182.836258383599
 10
940.786616349357
 20
2194.836258383599
 10
940.7866181770457
 20
2206.836258383599
 10
940.4301816196419
 20
2212.836289149691
 10
1047.7866018801315
 20
2212.836289149691
 10
1059.786586497137
 20
2212.836289149691
 10
1071.786586497137
 20
2212.836289149691
 10
1083.786586497137
 20
2212.836289149691
 10
1095.786586497137
 20
2212.836289149691
 10
1107.786586497137
 20
2212.836289149691
 10
1119.786586497137
 20
2212.836289149691
 10
1131.786586497137
 20
2212.836289149691
 10
1143.786586497137
 20
2212.836289149691
 10
1155.786586497137
 20
2212.836289149691
 10
1163.7866090462744
 20
2212.836289149691
 10
1321.597313550537
 20
2212.836289149691
 10
1321.4817458775278
 20
2206.8362891496677
 10
1322.4062871033345
 20
2158.836297366599
 10
1341.0494715551943
 20
2094.3089520609674
 10
1226.2924278326282
 20
2023.8725442655777
 10
1207.5174325585276
 20
2023.3752755220587
 10
1151.7866480292737
 20
2019.4573170795904
 10
1139.7866480292737
 20
2017.8353205518042
 10
1127.7866480292737
 20
2015.4349456456391
 10
1115.7866480292737
 20
2012.2561923610958
 10
1111.79242783264
 20
2010.939054427031
 10
1103.7866480292737
 20
2013.4054499781596
 10
1091.7866480292737
 20
2016.3239939909147
 10
1079.7866480292737
 20
2018.464159625291
 10
1067.7866480292737
 20
2019.825946881289
 10
1055.7866480292737
 20
2020.4093557589085
 10
998.1051347677146
 20
2019.4721777719387
  0
LWPOLYLINE
  5
311
330
17
100
AcDbEntity
  8
FLOOR_5_LARGE_TRIBUTARY
100
AcDbPolyline
 90
40
 70
1
 10
998.1051347677146
 20
2019.4721777719387
 10
949.4458062665508
 20
2016.6386569301599
 10
902.6061783975144
 20
2067.021442503721
 10
925.8163083535221
 20
2122.836258383599
 10
930.0935379039831
 20
2134.836258383599
 10
933.6578961673154
 20
2146.836258383599
 10
936.5093831435188
 20
2158.836258383599
 10
938.6479988325937
 20
2170.836258383599
 10
940.0737432345397
 20
2182.836258383599
 10
940.786616349357
 20
2194.836258383599
 10
940.7866181770457
 20
2206.836258383599
 10
940.4301816196419
 20
2212.836289149691
 10
1047.7866018801315
 20
2212.836289149691
 10
1059.786586497137
 20
2212.836289149691
 10
1071.786586497137
 20
2212.836289149691
 10
1083.786586497137
 20
2212.836289149691
 10
1095.786586497137
 20
2212.836289149691
 10
1107.786586497137
 20
2212.836289149691
 10
1119.786586497137
 20
2212.836289149691
 10
1131.786586497137
 20
2212.836289149691
 10
1143.786586497137
 20
2212.836289149691
 10
1155.786586497137
 20
2212.836289149691
 10
1163.7866090462744
 20
2212.836289149691
 10
1321.597313550537
 20
2212.836289149691
 10
1321.4817458775278
 20
2206.8362891496677
 10
1322.4062871033345
 20
2158.836297366599
 10
1341.0494715551943
 20
2094.3089520609674
 10
1226.2924278326282
 20
2023.8725442655777
 10
1207.5174325585276
 20
2023.3752755220587
 10
1151.7866480292737
 20
2019.4573170795904
 10
1139.7866480292737
 20
2017.8353205518042
 10
1127.7866480292737
 20
2015.4349456456391
 10
1115.7866480292737
 20
2012.2561923610958
 10
1111.79242783264
 20
2010.939054427031
 10
1103.7866480292737
 20
2013.4054499781596
 10
1091.7866480292737
 20
2016.3239939909147
 10
1079.7866480292737
 20
2018.464159625291
 10
1067.7866480292737
 20
2019.825946881289
 10
1055.7866480292737
 20
2020.4093557589085
 10
998.1051347677146
 20
2019.4721777719387
  0
TEXT
  5
312
330
17
100
AcDbEntity
  8
FLOOR_5_AREA_LABELS
100
AcDbText
 10
1118.8943038525158
 20
2118.204365464023
 30
0.0
 40
24.0
  1
514 SF
 72
1
 11
1118.8943038525158
 21
2118.204365464023
 31
0.0
100
AcDbText
 73
2
  0
LWPOLYLINE
  5
314
330
17
100
AcDbEntity
  8
FLOOR_5_WALL_TRIBUTARY_5
100
AcDbPolyline
 90
41
 70
1
 10
664.7924278326445
 20
2066.403203647828
 10
669.7924278326443
 20
2066.2916794842595
 10
680.7924278326441
 20
2066.4552482574936
 10
692.7924278326441
 20
2067.169002904334
 10
704.7924278326441
 20
2068.4180735363043
 10
716.7924278326441
 20
2070.2024601534044
 10
728.7924278326441
 20
2072.522162755635
 10
740.7924278326441
 20
2075.3771813429953
 10
752.7924278326441
 20
2078.767515915486
 10
755.2895225479209
 20
2079.584409353941
 10
764.7924278326441
 20
2076.72314500163
 10
776.7924278326442
 20
2073.6453372946908
 10
788.7924278326442
 20
2071.102845572882
 10
800.7924278326442
 20
2069.095669836203
 10
812.7924278326442
 20
2067.6238100846535
 10
824.7924278326442
 20
2066.687266318235
 10
836.7924278326442
 20
2066.286038536946
 10
902.6061783975144
 20
2067.021442503721
 10
949.4458062665508
 20
2016.6386569301599
 10
948.1327720009019
 20
1947.7043579833335
 10
948.8789662941817
 20
1921.836289149703
 10
939.7924278326426
 20
1921.836289149705
 10
939.7924278326426
 20
1921.836288811725
 10
838.7924278326444
 20
1921.8362889358464
 10
826.7924278326444
 20
1921.8362889505934
 10
814.7924278326444
 20
1921.8362889653404
 10
802.7924278326444
 20
1921.8362889800874
 10
790.7924278326444
 20
1921.8362889948344
 10
778.7924278326444
 20
1921.8362890095816
 10
766.7924278326444
 20
1921.8362890243288
 10
754.7924278326445
 20
1921.8362890390758
 10
742.7924278326445
 20
1921.8362890538228
 10
730.7924278326445
 20
1921.83628906857
 10
718.7924278326445
 20
1921.8362890833173
 10
706.7924278326445
 20
1921.8362890980643
 10
694.7924278326445
 20
1921.8362891128113
 10
682.7924278326445
 20
1921.8362891275585
 10
670.7924278326445
 20
1921.8362891423058
 10
664.7924278326445
 20
1921.836289149679
 10
664.7924278326445
 20
1926.836289149679
 10
664.7924278326445
 20
2066.403203647828
  0
LWPOLYLINE
  5
315
330
17
100
AcDbEntity
  8
FLOOR_5_LARGE_TRIBUTARY
100
AcDbPolyline
 90
41
 70
1
 10
664.7924278326445
 20
2066.403203647828
 10
669.7924278326443
 20
2066.2916794842595
 10
680.7924278326441
 20
2066.4552482574936
 10
692.7924278326441
 20
2067.169002904334
 10
704.7924278326441
 20
2068.4180735363043
 10
716.7924278326441
 20
2070.2024601534044
 10
728.7924278326441
 20
2072.522162755635
 10
740.7924278326441
 20
2075.3771813429953
 10
752.7924278326441
 20
2078.767515915486
 10
755.2895225479209
 20
2079.584409353941
 10
764.7924278326441
 20
2076.72314500163
 10
776.7924278326442
 20
2073.6453372946908
 10
788.7924278326442
 20
2071.102845572882
 10
800.7924278326442
 20
2069.095669836203
 10
812.7924278326442
 20
2067.6238100846535
 10
824.7924278326442
 20
2066.687266318235
 10
836.7924278326442
 20
2066.286038536946
 10
902.6061783975144
 20
2067.021442503721
 10
949.4458062665508
 20
2016.6386569301599
 10
948.1327720009019
 20
1947.7043579833335
 10
948.8789662941817
 20
1921.836289149703
 10
939.7924278326426
 20
1921.836289149705
 10
939.7924278326426
 20
1921.836288811725
 10
838.7924278326444
 20
1921.8362889358464
 10
826.7924278326444
 20
1921.8362889505934
 10
814.7924278326444
 20
1921.8362889653404
 10
802.7924278326444
 20
1921.8362889800874
 10
790.7924278326444
 20
1921.8362889948344
 10
778.7924278326444
 20
1921.8362890095816
 10
766.7924278326444
 20
1921.8362890243288
 10
754.7924278326445
 20
1921.8362890390758
 10
742.7924278326445
 20
1921.8362890538228
 10
730.7924278326445
 20
1921.83628906857
 10
718.7924278326445
 20
1921.8362890833173
 10
706.7924278326445
 20
1921.8362890980643
 10
694.7924278326445
 20
1921.8362891128113
 10
682.7924278326445
 20
1921.8362891275585
 10
670.7924278326445
 20
1921.8362891423058
 10
664.7924278326445
 20
1921.836289149679
 10
664.7924278326445
 20
1926.836289149679
 10
664.7924278326445
 20
2066.403203647828
  0
LWPOLYLINE
  5
316
330
17
100
AcDbEntity
  8
FLOOR_5_WALL_TRIBUTARY_5
100
AcDbPolyline
 90
5
 70
1
 10
664.7924278326427
 20
2063.836289149691
 10
590.7924278326373
 20
2063.836289149691
 10
590.7924278326373
 20
2068.0537612686458
 10
664.7924278326427
 20
2066.403203647828
 10
664.7924278326427
 20
2063.836289149691
  0
LWPOLYLINE
  5
317
330
17
100
AcDbEntity
  8
FLOOR_5_LARGE_TRIBUTARY
100
AcDbPolyline
 90
5
 70
1
 10
664.7924278326427
 20
2063.836289149691
 10
590.7924278326373
 20
2063.836289149691
 10
590.7924278326373
 20
2068.0537612686458
 10
664.7924278326427
 20
2066.403203647828
 10
664.7924278326427
 20
2063.836289149691
  0
TEXT
  5
318
330
17
100
AcDbEntity
  8
FLOOR_5_AREA_LABELS
100
AcDbText
 10
801.2964968877411
 20
1994.445694952461
 30
0.0
 40
24.0
  1
285 SF
 72
1
 11
801.2964968877411
 21
1994.445694952461
 31
0.0
100
AcDbText
 73
2
  0
TEXT
  5
319
330
17
100
AcDbEntity
  8
FLOOR_5_AREA_LABELS
100
AcDbText
 10
709.3420528649709
 20
2141.5856637793113
 30
0.0
 40
24.0
  1
160 SF
 72
1
 11
709.3420528649709
 21
2141.5856637793113
 31
0.0
100
AcDbText
 73
2
  0
TEXT
  5
31A
330
17
100
AcDbEntity
  8
FLOOR_5_AREA_LABELS
100
AcDbText
 10
842.9334676474539
 20
2143.619845895789
 30
0.0
 40
24.0
  1
173 SF
 72
1
 11
842.9334676474539
 21
2143.619845895789
 31
0.0
100
AcDbText
 73
2
  0
TEXT
  5
31B
330
17
100
AcDbEntity
  8
FLOOR_5_AREA_LABELS
100
AcDbText
 10
1023.559533879321
 20
1973.4403905401864
 30
0.0
 40
24.0
  1
99 SF
 72
1
 11
1023.559533879321
 21
1973.4403905401864
 31
0.0
100
AcDbText
 73
2
  0
TEXT
  5
31C
330
17
100
AcDbEntity
  8
FLOOR_5_AREA_LABELS
100
AcDbText
 10
1175.8025775961833
 20
1975.9651834596307
 30
0.0
 40
24.0
  1
68 SF
 72
1
 11
1175.8025775961833
 21
1975.9651834596307
 31
0.0
100
AcDbText
 73
2
  0
TEXT
  5
31D
330
17
100
AcDbEntity
  8
FLOOR_5_AREA_LABELS
100
AcDbText
 10
1320.9596999830947
 20
1993.9329228250099
 30
0.0
 40
24.0
  1
179 SF
 72
1
 11
1320.9596999830947
 21
1993.9329228250099
 31
0.0
100
AcDbText
 73
2
  0
TEXT
  5
31E
330
17
100
AcDbEntity
  8
FLOOR_5_AREA_LABELS
100
AcDbText
 10
1514.449448353369
 20
1994.372622123794
 30
0.0
 40
24.0
  1
208 SF
 72
1
 11
1514.449448353369
 21
1994.372622123794
 31
0.0
100
AcDbText
 73
2
  0
TEXT
  5
31F
330
17
100
AcDbEntity
  8
FLOOR_5_AREA_LABELS
100
AcDbText
 10
1659.8073214378244
 20
1995.5741216132667
 30
0.0
 40
24.0
  1
93 SF
 72
1
 11
1659.8073214378244
 21
1995.5741216132667
 31
0.0
100
AcDbText
 73
2
  0
TEXT
  5
320
330
17
100
AcDbEntity
  8
FLOOR_5_AREA_LABELS
100
AcDbText
 10
1456.9254777370238
 20
2140.9307459513902
 30
0.0
 40
24.0
  1
260 SF
 72
1
 11
1456.9254777370238
 21
2140.9307459513902
 31
0.0
100
AcDbText
 73
2
  0
TEXT
  5
321
330
17
100
AcDbEntity
  8
FLOOR_5_AREA_LABELS
100
AcDbText
 10
1663.9707450533501
 20
2139.403055180186
 30
0.0
 40
24.0
  1
154 SF
 72
1
 11
1663.9707450533501
 21
2139.403055180186
 31
0.0
100
AcDbText
 73
2
  0
LWPOLYLINE
  5
324
330
17
100
AcDbEntity
  8
FLOOR_5_FASCADE_COLUMNS
100
AcDbPolyline
 90
14
 70
0
 10
1156.792427832657
 20
1921.83628914969
 10
1156.792427832657
 20
1927.83628914969
 10
1156.792427832657
 20
1933.83628914969
 10
1156.792427832657
 20
1939.83628914969
 10
1156.792427832657
 20
1945.83628914969
 10
1156.792427832657
 20
1951.83628914969
 10
1154.792427832651
 20
1955.836289149684
 10
1148.792427832651
 20
1955.836289149684
 10
1142.792427832651
 20
1955.836289149684
 10
1136.792427832651
 20
1955.836289149684
 10
1130.792427832651
 20
1955.836289149684
 10
1124.792427832651
 20
1955.836289149684
 10
1118.792427832651
 20
1955.836289149684
 10
1112.792427832651
 20
1955.836289149684
  0
TEXT
  5
325
330
17
100
AcDbEntity
  8
FLOOR_5_FASCADE_COLUMNS
100
AcDbText
 10
1147.3598108036956
 20
1951.0885791413302
 30
0.0
 40
12.0
  1
7 FT
 50
142.30575953331953
 72
1
 11
1147.3598108036956
 21
1951.0885791413302
 31
0.0
100
AcDbText
 73
2
  0
LWPOLYLINE
  5
326
330
17
100
AcDbEntity
  8
FLOOR_5_FASCADE_COLUMNS
100
AcDbPolyline
 90
34
 70
0
 10
1112.792427832651
 20
1955.836289149684
 10
1106.792427832651
 20
1955.836289149684
 10
1100.792427832651
 20
1955.836289149684
 10
1094.792427832651
 20
1955.836289149684
 10
1088.792427832651
 20
1955.836289149684
 10
1082.792427832651
 20
1955.836289149684
 10
1076.792427832651
 20
1955.836289149684
 10
1070.792427832651
 20
1955.836289149684
 10
1066.8556188175216
 20
1953.773098164813
 10
1066.8556188175198
 20
1947.773098164813
 10
1066.8556188175182
 20
1941.773098164813
 10
1066.8556188175166
 20
1935.773098164813
 10
1066.855618817515
 20
1929.773098164813
 10
1066.8556188175135
 20
1923.773098164813
 10
1062.792427832651
 20
1921.8362891496758
 10
1056.792427832651
 20
1921.8362891496772
 10
1050.792427832651
 20
1921.8362891496786
 10
1044.792427832651
 20
1921.83628914968
 10
1038.792427832651
 20
1921.8362891496813
 10
1032.792427832651
 20
1921.8362891496831
 10
1026.792427832651
 20
1921.8362891496845
 10
1020.7924278326509
 20
1921.8362891496859
 10
1014.7924278326509
 20
1921.8362891496872
 10
1008.7924278326509
 20
1921.8362891496886
 10
1002.7924278326509
 20
1921.83628914969
 10
996.7924278326509
 20
1921.8362891496918
 10
990.7924278326509
 20
1921.8362891496931
 10
984.7924278326509
 20
1921.8362891496945
 10
978.7924278326509
 20
1921.8362891496959
 10
972.7924278326509
 20
1921.8362891496972
 10
966.7924278326509
 20
1921.8362891496986
 10
960.7924278326509
 20
1921.8362891497
 10
954.7924278326509
 20
1921.8362891497015
 10
948.7924278326509
 20
1921.836289149703
  0
TEXT
  5
327
330
17
100
AcDbEntity
  8
FLOOR_5_FASCADE_COLUMNS
100
AcDbText
 10
1047.4833700471545
 20
1915.9612172851025
 30
0.0
 40
12.0
  1
17 FT
 50
-168.28752768891886
 72
1
 11
1047.4833700471545
 21
1915.9612172851025
 31
0.0
100
AcDbText
 73
2
  0
LWPOLYLINE
  5
328
330
17
100
AcDbEntity
  8
FLOOR_5_FASCADE_WALLS
100
AcDbPolyline
 90
72
 70
0
 10
948.7924278326509
 20
1921.836289149703
 10
942.7924278326509
 20
1921.8362891497043
 10
936.792428170631
 20
1921.8362888154118
 10
930.792428170631
 20
1921.8362888227853
 10
924.792428170631
 20
1921.836288830159
 10
918.792428170631
 20
1921.8362888375323
 10
912.792428170631
 20
1921.836288844906
 10
906.792428170631
 20
1921.8362888522793
 10
900.792428170631
 20
1921.836288859653
 10
894.792428170631
 20
1921.8362888670265
 10
888.792428170631
 20
1921.8362888744
 10
882.792428170631
 20
1921.8362888817737
 10
876.792428170631
 20
1921.836288889147
 10
870.792428170631
 20
1921.8362888965207
 10
864.792428170631
 20
1921.836288903894
 10
858.792428170631
 20
1921.8362889112677
 10
852.792428170631
 20
1921.8362889186412
 10
846.792428170631
 20
1921.836288926015
 10
840.792428170631
 20
1921.8362889333885
 10
834.792428170631
 20
1921.8362889407622
 10
828.792428170631
 20
1921.8362889481355
 10
822.792428170631
 20
1921.8362889555092
 10
816.792428170631
 20
1921.8362889628825
 10
810.792428170631
 20
1921.836288970256
 10
804.792428170631
 20
1921.8362889776297
 10
798.792428170631
 20
1921.8362889850032
 10
792.792428170631
 20
1921.836288992377
 10
786.792428170631
 20
1921.8362889997502
 10
780.792428170631
 20
1921.836289007124
 10
774.792428170631
 20
1921.8362890144972
 10
768.792428170631
 20
1921.836289021871
 10
762.792428170631
 20
1921.8362890292444
 10
756.792428170631
 20
1921.8362890366182
 10
750.792428170631
 20
1921.8362890439917
 10
744.792428170631
 20
1921.8362890513654
 10
738.792428170631
 20
1921.8362890587387
 10
732.792428170631
 20
1921.836289066112
 10
726.792428170631
 20
1921.8362890734857
 10
720.792428170631
 20
1921.8362890808592
 10
714.792428170631
 20
1921.836289088233
 10
708.792428170631
 20
1921.8362890956064
 10
702.792428170631
 20
1921.8362891029801
 10
696.792428170631
 20
1921.8362891103534
 10
690.792428170631
 20
1921.8362891177271
 10
684.792428170631
 20
1921.8362891251004
 10
678.792428170631
 20
1921.8362891324741
 10
672.792428170631
 20
1921.8362891398476
 10
666.792428170631
 20
1921.8362891472214
 10
664.7924278326445
 20
1925.8362888116926
 10
664.7924278326445
 20
1931.8362888116926
 10
664.7924278326445
 20
1937.8362888116926
 10
664.7924278326445
 20
1943.8362888116926
 10
664.7924278326445
 20
1949.8362888116926
 10
664.7924278326445
 20
1955.8362888116926
 10
664.7924278326445
 20
1961.8362888116926
 10
664.7924278326445
 20
1967.8362888116926
 10
664.7924278326445
 20
1973.8362888116926
 10
664.7924278326445
 20
1979.8362888116926
 10
664.7924278326445
 20
1985.8362888116926
 10
664.7924278326445
 20
1991.8362888116926
 10
664.7924278326445
 20
1997.8362888116926
 10
664.7924278326445
 20
2003.8362888116926
 10
664.7924278326445
 20
2009.8362888116926
 10
664.7924278326445
 20
2015.8362888116926
 10
664.7924278326445
 20
2021.8362888116926
 10
664.7924278326445
 20
2027.8362888116926
 10
664.7924278326445
 20
2033.8362888116926
 10
664.7924278326445
 20
2039.8362888116926
 10
664.7924278326445
 20
2045.8362888116926
 10
664.7924278326445
 20
2051.8362888116926
 10
664.7924278326445
 20
2057.8362888116926
 10
664.7924278326445
 20
2063.8362888116926
  0
TEXT
  5
329
330
17
100
AcDbEntity
  8
FLOOR_5_FASCADE_WALLS
100
AcDbText
 10
733.8730785307281
 20
1916.469725912932
 30
0.0
 40
12.0
  1
36 FT
 50
153.43494887747622
 72
1
 11
733.8730785307281
 21
1916.469725912932
 31
0.0
100
AcDbText
 73
2
  0
LWPOLYLINE
  5
32A
330
17
100
AcDbEntity
  8
FLOOR_5_FASCADE_COLUMNS
100
AcDbPolyline
 90
41
 70
0
 10
664.7924278326445
 20
2063.8362888116926
 10
664.7924278326445
 20
2069.8362888116926
 10
664.7924278326445
 20
2075.8362888116926
 10
664.7924278326445
 20
2081.8362888116926
 10
664.7924278326445
 20
2087.8362888116926
 10
664.7924278326445
 20
2093.8362888116926
 10
664.7924278326445
 20
2099.8362888116926
 10
664.7924278326445
 20
2105.8362888116926
 10
664.7924278326445
 20
2111.8362888116926
 10
664.7924278326445
 20
2117.8362888116926
 10
664.7924278326445
 20
2123.8362888116926
 10
664.7924278326445
 20
2129.8362888116926
 10
664.7924278326445
 20
2135.8362888116926
 10
664.7924278326445
 20
2141.8362888116926
 10
664.7924278326445
 20
2147.8362888116926
 10
664.7924278326445
 20
2153.8362888116926
 10
664.7924278326445
 20
2159.8362888116926
 10
664.7924278326445
 20
2165.8362888116926
 10
664.7924278326445
 20
2171.8362888116926
 10
664.7924278326445
 20
2177.8362888116926
 10
664.7924278326445
 20
2183.8362888116926
 10
664.7924278326445
 20
2189.8362888116926
 10
664.7924278326445
 20
2195.8362888116926
 10
664.7924278326445
 20
2201.8362888116926
 10
664.7924278326445
 20
2207.8362888116926
 10
665.7924274946465
 20
2212.836289149691
 10
671.7924274946465
 20
2212.836289149691
 10
677.7924274946465
 20
2212.836289149691
 10
683.7924274946465
 20
2212.836289149691
 10
689.7924274946465
 20
2212.836289149691
 10
695.7924274946465
 20
2212.836289149691
 10
701.7924274946465
 20
2212.836289149691
 10
707.7924274946465
 20
2212.836289149691
 10
713.7924274946465
 20
2212.836289149691
 10
719.7924274946465
 20
2212.836289149691
 10
725.7924274946465
 20
2212.836289149691
 10
731.7924274946465
 20
2212.836289149691
 10
737.7924274946465
 20
2212.836289149691
 10
743.7924274946465
 20
2212.836289149691
 10
749.7924274946465
 20
2212.836289149691
 10
755.7924274946465
 20
2212.836289149691
  0
TEXT
  5
32B
330
17
100
AcDbEntity
  8
FLOOR_5_FASCADE_COLUMNS
100
AcDbText
 10
659.6718875134508
 20
2186.513108541726
 30
0.0
 40
12.0
  1
20 FT
 50
58.58599136036599
 72
1
 11
659.6718875134508
 21
2186.513108541726
 31
0.0
100
AcDbText
 73
2
  0
LWPOLYLINE
  5
32C
330
17
100
AcDbEntity
  8
FLOOR_5_FASCADE_COLUMNS
100
AcDbPolyline
 90
32
 70
0
 10
755.7924274946465
 20
2212.836289149691
 10
761.7924274946465
 20
2212.836289149691
 10
767.7924274946465
 20
2212.836289149691
 10
773.7924274946464
 20
2212.836289149691
 10
779.7924274946464
 20
2212.836289149691
 10
785.7924274946464
 20
2212.836289149691
 10
791.7924274946464
 20
2212.836289149691
 10
797.7924274946464
 20
2212.836289149691
 10
803.7924274946464
 20
2212.836289149691
 10
809.7924274946464
 20
2212.836289149691
 10
815.7924274946464
 20
2212.836289149691
 10
821.7924274946464
 20
2212.836289149691
 10
827.7924274946464
 20
2212.836289149691
 10
833.7924274946464
 20
2212.836289149691
 10
839.7924274946464
 20
2212.836289149691
 10
845.7924274946464
 20
2212.836289149691
 10
851.7924274946464
 20
2212.836289149691
 10
857.7924274946464
 20
2212.836289149691
 10
863.7924274946464
 20
2212.836289149691
 10
869.7924274946464
 20
2212.836289149691
 10
875.7924274946464
 20
2212.836289149691
 10
881.7924274946464
 20
2212.836289149691
 10
887.7924274946464
 20
2212.836289149691
 10
893.7924274946464
 20
2212.836289149691
 10
899.7924274946464
 20
2212.836289149691
 10
905.7924274946465
 20
2212.836289149691
 10
911.7924274946464
 20
2212.836289149691
 10
917.7924274946464
 20
2212.836289149691
 10
923.7924274946464
 20
2212.836289149691
 10
929.7924274946464
 20
2212.836289149691
 10
935.7924274946464
 20
2212.836289149691
 10
941.7924274946464
 20
2212.836289149691
  0
TEXT
  5
32D
330
17
100
AcDbEntity
  8
FLOOR_5_FASCADE_COLUMNS
100
AcDbText
 10
848.7924274946464
 20
2218.836289149691
 30
0.0
 40
12.0
  1
16 FT
 72
1
 11
848.7924274946464
 21
2218.836289149691
 31
0.0
100
AcDbText
 73
2
  0
LWPOLYLINE
  5
32E
330
17
100
AcDbEntity
  8
FLOOR_5_FASCADE_WALLS
100
AcDbPolyline
 90
64
 70
0
 10
941.7924274946464
 20
2212.836289149691
 10
947.7924274946464
 20
2212.836289149691
 10
953.7924274946464
 20
2212.836289149691
 10
959.7924274946464
 20
2212.836289149691
 10
965.7924274946464
 20
2212.836289149691
 10
971.7924274946464
 20
2212.836289149691
 10
977.7924274946464
 20
2212.836289149691
 10
983.7924274946464
 20
2212.836289149691
 10
989.7924274946464
 20
2212.836289149691
 10
995.7924274946464
 20
2212.836289149691
 10
1001.7924274946464
 20
2212.836289149691
 10
1007.7924274946464
 20
2212.836289149691
 10
1013.7924274946464
 20
2212.836289149691
 10
1019.7924274946464
 20
2212.836289149691
 10
1025.7924274946463
 20
2212.836289149691
 10
1031.7924274946463
 20
2212.836289149691
 10
1037.7924274946463
 20
2212.836289149691
 10
1043.7924274946463
 20
2212.836289149691
 10
1049.7924274946463
 20
2212.836289149691
 10
1055.7924274946463
 20
2212.836289149691
 10
1061.7924274946463
 20
2212.836289149691
 10
1067.7924274946463
 20
2212.836289149691
 10
1073.7924274946463
 20
2212.836289149691
 10
1079.7924274946463
 20
2212.836289149691
 10
1085.7924274946463
 20
2212.836289149691
 10
1091.7924274946463
 20
2212.836289149691
 10
1097.7924274946463
 20
2212.836289149691
 10
1103.7924274946463
 20
2212.836289149691
 10
1109.7924274946463
 20
2212.836289149691
 10
1115.7924274946463
 20
2212.836289149691
 10
1121.7924274946463
 20
2212.836289149691
 10
1127.7924274946463
 20
2212.836289149691
 10
1133.7924274946463
 20
2212.836289149691
 10
1139.7924274946463
 20
2212.836289149691
 10
1145.7924274946465
 20
2212.836289149691
 10
1151.7924274946463
 20
2212.836289149691
 10
1157.7924274946463
 20
2212.836289149691
 10
1163.7924274946463
 20
2212.836289149691
 10
1169.7924274946463
 20
2212.836289149691
 10
1175.7924274946463
 20
2212.836289149691
 10
1181.7924274946463
 20
2212.836289149691
 10
1187.7924274946463
 20
2212.836289149691
 10
1193.7924274946463
 20
2212.836289149691
 10
1199.7924274946463
 20
2212.836289149691
 10
1205.7924274946463
 20
2212.836289149691
 10
1211.7924274946463
 20
2212.836289149691
 10
1217.7924274946465
 20
2212.836289149691
 10
1223.7924274946463
 20
2212.836289149691
 10
1229.7924274946463
 20
2212.836289149691
 10
1235.7924274946463
 20
2212.836289149691
 10
1241.7924274946463
 20
2212.836289149691
 10
1247.7924274946463
 20
2212.836289149691
 10
1253.7924274946463
 20
2212.836289149691
 10
1259.7924274946463
 20
2212.836289149691
 10
1265.7924274946463
 20
2212.836289149691
 10
1271.7924274946463
 20
2212.836289149691
 10
1277.7924274946463
 20
2212.836289149691
 10
1283.7924274946463
 20
2212.836289149691
 10
1289.7924274946463
 20
2212.836289149691
 10
1295.7924274946463
 20
2212.836289149691
 10
1301.7924274946463
 20
2212.836289149691
 10
1307.7924274946463
 20
2212.836289149691
 10
1313.7924274946463
 20
2212.836289149691
 10
1319.7924274946463
 20
2212.836289149691
  0
TEXT
  5
32F
330
17
100
AcDbEntity
  8
FLOOR_5_FASCADE_WALLS
100
AcDbText
 10
1130.7924274946463
 20
2218.836289149691
 30
0.0
 40
12.0
  1
32 FT
 72
1
 11
1130.7924274946463
 21
2218.836289149691
 31
0.0
100
AcDbText
 73
2
  0
LWPOLYLINE
  5
330
330
17
100
AcDbEntity
  8
FLOOR_5_FASCADE_COLUMNS
100
AcDbPolyline
 90
46
 70
0
 10
1319.7924274946463
 20
2212.836289149691
 10
1325.7924274946463
 20
2212.836289149691
 10
1331.7924274946463
 20
2212.836289149691
 10
1337.7924274946463
 20
2212.836289149691
 10
1343.7924274946463
 20
2212.836289149691
 10
1349.7924274946463
 20
2212.836289149691
 10
1355.7924274946463
 20
2212.836289149691
 10
1361.7924274946463
 20
2212.836289149691
 10
1367.7924274946465
 20
2212.836289149691
 10
1373.7924274946463
 20
2212.836289149691
 10
1379.7924274946463
 20
2212.836289149691
 10
1385.7924274946463
 20
2212.836289149691
 10
1391.7924274946463
 20
2212.836289149691
 10
1397.7924274946463
 20
2212.836289149691
 10
1403.7924274946463
 20
2212.836289149691
 10
1409.7924274946463
 20
2212.836289149691
 10
1415.7924274946463
 20
2212.836289149691
 10
1421.7924274946463
 20
2212.836289149691
 10
1427.7924274946463
 20
2212.836289149691
 10
1433.7924274946463
 20
2212.836289149691
 10
1439.7924274946463
 20
2212.836289149691
 10
1445.7924274946463
 20
2212.836289149691
 10
1451.7924274946463
 20
2212.836289149691
 10
1457.7924274946463
 20
2212.836289149691
 10
1463.7924274946463
 20
2212.836289149691
 10
1469.7924274946463
 20
2212.836289149691
 10
1475.7924274946463
 20
2212.836289149691
 10
1481.7924274946463
 20
2212.836289149691
 10
1487.7924274946463
 20
2212.836289149691
 10
1493.7924274946463
 20
2212.836289149691
 10
1499.7924274946463
 20
2212.836289149691
 10
1505.7924274946463
 20
2212.836289149691
 10
1511.7924274946463
 20
2212.836289149691
 10
1517.7924274946463
 20
2212.836289149691
 10
1523.7924274946463
 20
2212.836289149691
 10
1529.7924274946463
 20
2212.836289149691
 10
1535.7924274946463
 20
2212.8362891496895
 10
1541.7924274946463
 20
2212.8362891496886
 10
1547.7924274946463
 20
2212.836289149687
 10
1553.7924274946463
 20
2212.836289149686
 10
1559.7924274946463
 20
2212.8362891496845
 10
1565.7924274946463
 20
2212.8362891496836
 10
1571.7924274946463
 20
2212.836289149682
 10
1577.7924274946463
 20
2212.836289149681
 10
1583.7924274946463
 20
2212.83628914968
 10
1589.7924274946463
 20
2212.836289149678
  0
TEXT
  5
331
330
17
100
AcDbEntity
  8
FLOOR_5_FASCADE_COLUMNS
100
AcDbText
 10
1454.7924274946467
 20
2218.836289149691
 30
0.0
 40
12.0
  1
23 FT
 50
-2.6055103950549133e-12
 72
1
 11
1454.7924274946467
 21
2218.836289149691
 31
0.0
100
AcDbText
 73
2
  0
LWPOLYLINE
  5
332
330
17
100
AcDbEntity
  8
FLOOR_5_FASCADE_COLUMNS
100
AcDbPolyline
 90
51
 70
0
 10
1589.7924274946463
 20
2212.836289149678
 10
1595.7924274946463
 20
2212.836289149677
 10
1601.7924274946463
 20
2212.8362891496754
 10
1607.7924274946463
 20
2212.8362891496745
 10
1613.7924274946463
 20
2212.836289149673
 10
1619.7924274946463
 20
2212.8362891496718
 10
1625.7924274946463
 20
2212.8362891496704
 10
1631.7924274946463
 20
2212.8362891496695
 10
1637.7924274946463
 20
2212.836289149668
 10
1643.7924274946463
 20
2212.8362891496668
 10
1649.7924274946463
 20
2212.8362891496654
 10
1655.7924274946463
 20
2212.8362891496645
 10
1661.7924274946463
 20
2212.836289149663
 10
1667.7924274946463
 20
2212.8362891496618
 10
1673.7924274946463
 20
2212.836289149661
 10
1679.7924274946463
 20
2212.836289149659
 10
1685.7924274946463
 20
2212.836289149658
 10
1691.7924274946463
 20
2212.8362891496563
 10
1697.7924274946463
 20
2212.8362891496554
 10
1703.7924274946463
 20
2212.836289149654
 10
1705.2924278326568
 20
2208.336289487664
 10
1706.7924274946831
 20
2203.836289149691
 10
1712.7924274946831
 20
2203.836289149691
 10
1718.7924274946831
 20
2203.836289149691
 10
1724.7924274946831
 20
2203.836289149691
 10
1730.7924274946831
 20
2203.836289149691
 10
1736.7924274946831
 20
2203.836289149691
 10
1741.792427832635
 20
2202.8362894876423
 10
1741.792427832635
 20
2196.8362894876423
 10
1741.792427832635
 20
2190.8362894876423
 10
1741.792427832635
 20
2184.8362894876423
 10
1741.792427832635
 20
2178.8362894876423
 10
1741.792427832635
 20
2172.8362894876423
 10
1741.792427832635
 20
2166.8362894876423
 10
1741.792427832635
 20
2160.8362894876423
 10
1741.792427832635
 20
2154.8362894876423
 10
1741.792427832635
 20
2148.8362894876423
 10
1741.792427832635
 20
2142.8362894876423
 10
1741.792427832635
 20
2136.8362894876423
 10
1741.792427832635
 20
2130.8362894876423
 10
1741.792427832635
 20
2124.8362894876423
 10
1741.792427832635
 20
2118.8362894876423
 10
1741.792427832635
 20
2112.8362894876423
 10
1741.792427832635
 20
2106.8362894876423
 10
1741.792427832635
 20
2100.8362894876423
 10
1741.792427832635
 20
2094.8362894876423
 10
1741.792427832635
 20
2088.8362894876423
 10
1741.792427832635
 20
2082.8362894876423
 10
1741.792427832635
 20
2076.8362894876423
 10
1741.792427832635
 20
2070.8362894876423
 10
1740.7924281705864
 20
2065.836289149691
  0
TEXT
  5
333
330
17
100
AcDbEntity
  8
FLOOR_5_FASCADE_COLUMNS
100
AcDbText
 10
1735.333346242021
 20
2208.1354907627465
 30
0.0
 40
12.0
  1
25 FT
 50
-44.23097518922565
 72
1
 11
1735.333346242021
 21
2208.1354907627465
 31
0.0
100
AcDbText
 73
2
  0
LWPOLYLINE
  5
334
330
17
100
AcDbEntity
  8
FLOOR_5_FASCADE_COLUMNS
100
AcDbPolyline
 90
46
 70
0
 10
1740.7924281705864
 20
2065.836289149691
 10
1734.7924281705864
 20
2065.836289149691
 10
1728.7924281705864
 20
2065.836289149691
 10
1722.7924281705864
 20
2065.836289149691
 10
1716.7924281705864
 20
2065.836289149691
 10
1710.7924281705864
 20
2065.836289149691
 10
1705.2924278326561
 20
2065.336289487621
 10
1705.2924278326554
 20
2059.336289487621
 10
1705.292427832655
 20
2053.336289487621
 10
1705.2924278326545
 20
2047.336289487621
 10
1705.292427832654
 20
2041.336289487621
 10
1705.2924278326534
 20
2035.336289487621
 10
1705.2924278326532
 20
2029.336289487621
 10
1705.2924278326523
 20
2023.336289487621
 10
1705.292427832652
 20
2017.336289487621
 10
1705.2924278326514
 20
2011.336289487621
 10
1705.292427832651
 20
2005.336289487621
 10
1705.2924278326504
 20
1999.336289487621
 10
1705.29242783265
 20
1993.336289487621
 10
1705.2924278326493
 20
1987.336289487621
 10
1705.292427832649
 20
1981.336289487621
 10
1705.2924278326482
 20
1975.336289487621
 10
1705.292427832648
 20
1969.336289487621
 10
1705.2924278326473
 20
1963.336289487621
 10
1705.2924278326468
 20
1957.336289487621
 10
1705.2924278326464
 20
1951.336289487621
 10
1705.292427832646
 20
1945.336289487621
 10
1705.2924278326452
 20
1939.336289487621
 10
1705.292427832645
 20
1933.336289487621
 10
1705.292427832644
 20
1927.336289487621
 10
1704.792428170586
 20
1921.836289149679
 10
1698.792428170586
 20
1921.8362891496784
 10
1692.792428170586
 20
1921.8362891496777
 10
1686.792428170586
 20
1921.836289149677
 10
1680.792428170586
 20
1921.8362891496763
 10
1674.792428170586
 20
1921.8362891496756
 10
1668.792428170586
 20
1921.8362891496754
 10
1662.792428170586
 20
1921.8362891496745
 10
1656.792428170586
 20
1921.836289149674
 10
1650.792428170586
 20
1921.8362891496731
 10
1644.792428170586
 20
1921.8362891496727
 10
1638.792428170586
 20
1921.8362891496718
 10
1632.792428170586
 20
1921.8362891496713
 10
1626.792428170586
 20
1921.8362891496704
 10
1620.792428170586
 20
1921.83628914967
 10
1614.792428170586
 20
1921.8362891496695
  0
TEXT
  5
335
330
17
100
AcDbEntity
  8
FLOOR_5_FASCADE_COLUMNS
100
AcDbText
 10
1709.8078880008893
 20
1962.3852618404053
 30
0.0
 40
12.0
  1
23 FT
 50
-131.18592516570564
 72
1
 11
1709.8078880008893
 21
1962.3852618404053
 31
0.0
100
AcDbText
 73
2
  0
LWPOLYLINE
  5
336
330
17
100
AcDbEntity
  8
FLOOR_5_FASCADE_COLUMNS
100
AcDbPolyline
 90
36
 70
0
 10
1614.792428170586
 20
1921.8362891496695
 10
1608.792428170586
 20
1921.8362891496688
 10
1602.792428170586
 20
1921.8362891496681
 10
1596.792428170586
 20
1921.8362891496674
 10
1590.792428170586
 20
1921.8362891496668
 10
1584.792428170586
 20
1921.836289149666
 10
1578.792428170586
 20
1921.8362891496654
 10
1572.792428170586
 20
1921.8362891496647
 10
1566.792428170586
 20
1921.836289149664
 10
1560.792428170586
 20
1921.8362891496636
 10
1554.792428170586
 20
1921.8362891496631
 10
1548.792428170586
 20
1921.8362891496622
 10
1542.792428170586
 20
1921.8362891496618
 10
1536.792428170586
 20
1921.8362891496608
 10
1530.792428170586
 20
1921.8362891496604
 10
1524.792428170586
 20
1921.8362891496595
 10
1518.792428170586
 20
1921.836289149659
 10
1512.792428170586
 20
1921.8362891496581
 10
1506.792428170586
 20
1921.836289149658
 10
1500.792428170586
 20
1921.8362891496572
 10
1494.792428170586
 20
1921.8362891496565
 10
1488.792428170586
 20
1921.8362891496558
 10
1482.792428170586
 20
1921.8362891496552
 10
1476.792428170586
 20
1921.8362891496545
 10
1470.792428170586
 20
1921.8362891496538
 10
1464.792428170586
 20
1921.836289149653
 10
1458.792428170586
 20
1921.8362891496527
 10
1452.792428170586
 20
1921.8362891496522
 10
1446.792428170586
 20
1921.8362891496513
 10
1440.792428170586
 20
1921.8362891496508
 10
1434.792428170586
 20
1921.83628914965
 10
1428.792428170586
 20
1921.8362891496495
 10
1422.792428170586
 20
1921.8362891496486
 10
1416.792428170586
 20
1921.836289149648
 10
1410.792428170586
 20
1921.8362891496472
 10
1404.792428170586
 20
1921.836289149647
  0
TEXT
  5
337
330
17
100
AcDbEntity
  8
FLOOR_5_FASCADE_COLUMNS
100
AcDbText
 10
1509.7924281705864
 20
1915.836289149658
 30
0.0
 40
12.0
  1
18 FT
 50
-179.99999999999386
 72
1
 11
1509.7924281705864
 21
1915.836289149658
 31
0.0
100
AcDbText
 73
2
  0
LWPOLYLINE
  5
338
330
17
100
AcDbEntity
  8
FLOOR_5_FASCADE_COLUMNS
100
AcDbPolyline
 90
31
 70
0
 10
1404.792428170586
 20
1921.836289149647
 10
1398.792428170586
 20
1921.8362891496463
 10
1392.792428170586
 20
1921.8362891496456
 10
1386.792428170586
 20
1921.836289149645
 10
1380.792428170586
 20
1921.8362891496442
 10
1374.792428170586
 20
1921.8362891496436
 10
1368.792428170586
 20
1921.8362891496429
 10
1362.792428170586
 20
1921.8362891496422
 10
1356.792428170586
 20
1921.8362891496415
 10
1350.792428170586
 20
1921.8362891496413
 10
1344.792428170586
 20
1921.8362891496404
 10
1338.792428170586
 20
1921.83628914964
 10
1332.792428170586
 20
1921.836289149639
 10
1326.792428170586
 20
1921.8362891496386
 10
1320.792428170586
 20
1921.8362891496377
 10
1314.792428170586
 20
1921.8362891496372
 10
1308.792428170586
 20
1921.8362891496363
 10
1302.792428170586
 20
1921.8362891496358
 10
1296.792428170586
 20
1921.8362891496354
 10
1290.7924425769143
 20
1921.836289149705
 10
1284.7924425769143
 20
1921.8362891497043
 10
1278.7924425769143
 20
1921.8362891497036
 10
1272.7924425769143
 20
1921.836289149703
 10
1266.7924425769143
 20
1921.8362891497022
 10
1260.7924425769143
 20
1921.8362891497015
 10
1254.7924425769143
 20
1921.8362891497009
 10
1248.7924425769143
 20
1921.8362891497002
 10
1242.7924425769143
 20
1921.8362891496995
 10
1236.7924425769143
 20
1921.8362891496988
 10
1230.7924425769143
 20
1921.8362891496981
 10
1224.7924425769143
 20
1921.8362891496974
  0
TEXT
  5
339
330
17
100
AcDbEntity
  8
FLOOR_5_FASCADE_COLUMNS
100
AcDbText
 10
1314.7924353737485
 20
1915.8362891496372
 30
0.0
 40
12.0
  1
15 FT
 50
179.99999999998394
 72
1
 11
1314.7924353737485
 21
1915.8362891496372
 31
0.0
100
AcDbText
 73
2
  0
LWPOLYLINE
  5
33A
330
17
100
AcDbEntity
  8
FLOOR_5_FASCADE_COLUMNS
100
AcDbPolyline
 90
13
 70
0
 10
1224.7924425769143
 20
1921.8362891496974
 10
1218.7924425769143
 20
1921.8362891496968
 10
1212.7924425769143
 20
1921.836289149696
 10
1206.7924425769143
 20
1921.8362891496954
 10
1200.7924425769143
 20
1921.8362891496947
 10
1194.7924425769143
 20
1921.836289149694
 10
1188.7924425769143
 20
1921.8362891496934
 10
1182.7924425769143
 20
1921.8362891496927
 10
1176.7924425769143
 20
1921.8362891496922
 10
1170.7924425769143
 20
1921.8362891496918
 10
1164.7924425769143
 20
1921.8362891496909
 10
1158.7924425769143
 20
1921.8362891496904
 10
1156.792427832657
 20
1921.83628914969
  0
TEXT
  5
33B
330
17
100
AcDbEntity
  8
FLOOR_5_FASCADE_COLUMNS
100
AcDbText
 10
1190.7924352047864
 20
1915.8362891496936
 30
0.0
 40
12.0
  1
6 FT
 50
-179.9999999999937
 72
1
 11
1190.7924352047864
 21
1915.8362891496936
 31
0.0
100
AcDbText
 73
2
  0
CIRCLE
  5
342
330
17
100
AcDbEntity
  8
FLOOR_6_DATUM
100
AcDbCircle
 10
1041.7866172632048
 20
1252.8362891496909
 30
0.0
 40
24.0
  0
LINE
  5
343
330
17
100
AcDbEntity
  8
FLOOR_6_DATUM
100
AcDbLine
 10
1005.7866172632048
 20
1252.8362891496909
 30
0.0
 11
1077.7866172632048
 21
1252.8362891496909
 31
0.0
  0
LINE
  5
344
330
17
100
AcDbEntity
  8
FLOOR_6_DATUM
100
AcDbLine
 10
1041.7866172632048
 20
1216.8362891496909
 30
0.0
 11
1041.7866172632048
 21
1288.8362891496909
 31
0.0
  0
TEXT
  5
345
330
17
100
AcDbEntity
  8
FLOOR_6_DATUM
100
AcDbText
 10
1083.7866172632048
 20
1246.8362891496909
 30
0.0
 40
12.0
  1
DATUM·USER
100
AcDbText
  0
LWPOLYLINE
  5
346
330
17
100
AcDbEntity
  8
FLOOR_6_BOUNDARY
100
AcDbPolyline
 90
19
 70
1
 10
1291.7924278326518
 20
961.8362891497047
 10
1156.792427832657
 20
961.8362891496902
 10
1156.792427832657
 20
995.8362891496839
 10
1066.855618817522
 20
995.8362891496839
 10
1066.855618817513
 20
961.8362891496756
 10
939.7924278326426
 20
961.8362891497047
 10
939.7924278326426
 20
961.8362888117247
 10
664.7924278326445
 20
961.8362891496794
 10
664.7924278326445
 20
1252.8362891496909
 10
1531.542427832621
 20
1252.8362891496909
 10
1705.2924278326568
 20
1252.836289149654
 10
1705.2924278326568
 20
1243.8362891496909
 10
1741.792427832635
 20
1243.8362891496909
 10
1741.792427832635
 20
1105.8362891496909
 10
1705.2924278326561
 20
1105.8362891496909
 10
1705.2924278326439
 20
961.8362891496794
 10
1291.792427832654
 20
961.8362891496357
 10
1291.7924278326518
 20
961.8362963528361
 10
1291.7924278326518
 20
961.8362891497047
  0
LWPOLYLINE
  5
347
330
17
100
AcDbEntity
  8
FLOOR_6_BOUNDARY
100
AcDbPolyline
 90
4
 70
1
 10
1291.7923852000156
 20
1106.8363391496728
 10
939.7924274405987
 20
1106.8363381979539
 10
939.792427440599
 20
1106.836239149685
 10
1291.7923852000156
 20
1106.8363391496728
  0
LWPOLYLINE
  5
348
330
17
100
AcDbEntity
  8
FLOOR_6_BOUNDARY
100
AcDbPolyline
 90
5
 70
1
 10
664.79242783263
 20
970.8362891496893
 10
578.7924278326317
 20
970.8362891496893
 10
578.7924278326317
 20
1150.8362891496888
 10
664.7924278326409
 20
1150.8362891496888
 10
664.79242783263
 20
970.8362891496893
  0
POINT
  5
349
330
17
100
AcDbEntity
  8
FLOOR_6_COLUMNS
100
AcDbPoint
 10
670.7924278326432
 20
1240.836289149694
 30
0.0
  0
POINT
  5
34A
330
17
100
AcDbEntity
  8
FLOOR_6_COLUMNS
100
AcDbPoint
 10
839.7866172632027
 20
1240.8362891496927
 30
0.0
  0
POINT
  5
34B
330
17
100
AcDbEntity
  8
FLOOR_6_COLUMNS
100
AcDbPoint
 10
1052.7924278326427
 20
967.8362891496945
 30
0.0
  0
POINT
  5
34C
330
17
100
AcDbEntity
  8
FLOOR_6_COLUMNS
100
AcDbPoint
 10
1170.7924278326436
 20
967.8362891496988
 30
0.0
  0
POINT
  5
34D
330
17
100
AcDbEntity
  8
FLOOR_6_COLUMNS
100
AcDbPoint
 10
1281.792427832646
 20
967.8362891497176
 30
0.0
  0
POINT
  5
34E
330
17
100
AcDbEntity
  8
FLOOR_6_COLUMNS
100
AcDbPoint
 10
1532.9524273604006
 20
967.8362891497152
 30
0.0
  0
POINT
  5
34F
330
17
100
AcDbEntity
  8
FLOOR_6_COLUMNS
100
AcDbPoint
 10
1699.2924278326432
 20
973.8362891496938
 30
0.0
  0
POINT
  5
350
330
17
100
AcDbEntity
  8
FLOOR_6_COLUMNS
100
AcDbPoint
 10
1477.2924278326532
 20
1246.8362891496815
 30
0.0
  0
POINT
  5
351
330
17
100
AcDbEntity
  8
FLOOR_6_COLUMNS
100
AcDbPoint
 10
1699.292427832648
 20
1240.8362891496918
 30
0.0
  0
LWPOLYLINE
  5
353
330
17
100
AcDbEntity
  8
FLOOR_6_TRIBUTARY_COL_0
100
AcDbPolyline
 90
13
 70
1
 10
755.289522547922
 20
1119.5844093539406
 10
752.7924278326441
 20
1118.7675159154853
 10
740.7924278326441
 20
1115.3771813429948
 10
728.7924278326441
 20
1112.5221627556343
 10
716.7924278326441
 20
1110.202460153404
 10
704.7924278326441
 20
1108.4180735363036
 10
692.7924278326441
 20
1107.1690029043334
 10
680.7924278326441
 20
1106.4552482574934
 10
669.7924278326443
 20
1106.291679484259
 10
664.7924278326445
 20
1106.4032036478277
 10
664.7924278326445
 20
1252.8362891496909
 10
755.2895225479232
 20
1252.8362891496909
 10
755.289522547922
 20
1119.5844093539406
  0
LWPOLYLINE
  5
354
330
17
100
AcDbEntity
  8
FLOOR_6_LARGE_TRIBUTARY
100
AcDbPolyline
 90
13
 70
1
 10
755.289522547922
 20
1119.5844093539406
 10
752.7924278326441
 20
1118.7675159154853
 10
740.7924278326441
 20
1115.3771813429948
 10
728.7924278326441
 20
1112.5221627556343
 10
716.7924278326441
 20
1110.202460153404
 10
704.7924278326441
 20
1108.4180735363036
 10
692.7924278326441
 20
1107.1690029043334
 10
680.7924278326441
 20
1106.4552482574934
 10
669.7924278326443
 20
1106.291679484259
 10
664.7924278326445
 20
1106.4032036478277
 10
664.7924278326445
 20
1252.8362891496909
 10
755.2895225479232
 20
1252.8362891496909
 10
755.289522547922
 20
1119.5844093539406
  0
LWPOLYLINE
  5
356
330
17
100
AcDbEntity
  8
FLOOR_6_TRIBUTARY_COL_1
100
AcDbPolyline
 90
20
 70
1
 10
940.7866181770457
 20
1246.8362583835983
 10
940.786616349357
 20
1234.8362583835983
 10
940.0737432345396
 20
1222.8362583835983
 10
938.6479988325934
 20
1210.8362583835983
 10
936.5093831435186
 20
1198.8362583835983
 10
933.6578961673149
 20
1186.8362583835983
 10
930.0935379039827
 20
1174.8362583835983
 10
925.8163083535217
 20
1162.8362583835983
 10
902.6061783975142
 20
1107.0214425037211
 10
836.7924278326442
 20
1106.2860385369463
 10
824.7924278326442
 20
1106.687266318235
 10
812.7924278326442
 20
1107.623810084654
 10
800.7924278326442
 20
1109.095669836203
 10
788.7924278326442
 20
1111.102845572882
 10
776.7924278326442
 20
1113.6453372946912
 10
764.7924278326441
 20
1116.7231450016307
 10
755.289522547922
 20
1119.5844093539406
 10
755.2895225479232
 20
1252.8362891496909
 10
940.4301816196418
 20
1252.8362891496909
 10
940.7866181770457
 20
1246.8362583835983
  0
LWPOLYLINE
  5
357
330
17
100
AcDbEntity
  8
FLOOR_6_LARGE_TRIBUTARY
100
AcDbPolyline
 90
20
 70
1
 10
940.7866181770457
 20
1246.8362583835983
 10
940.786616349357
 20
1234.8362583835983
 10
940.0737432345396
 20
1222.8362583835983
 10
938.6479988325934
 20
1210.8362583835983
 10
936.5093831435186
 20
1198.8362583835983
 10
933.6578961673149
 20
1186.8362583835983
 10
930.0935379039827
 20
1174.8362583835983
 10
925.8163083535217
 20
1162.8362583835983
 10
902.6061783975142
 20
1107.0214425037211
 10
836.7924278326442
 20
1106.2860385369463
 10
824.7924278326442
 20
1106.687266318235
 10
812.7924278326442
 20
1107.623810084654
 10
800.7924278326442
 20
1109.095669836203
 10
788.7924278326442
 20
1111.102845572882
 10
776.7924278326442
 20
1113.6453372946912
 10
764.7924278326441
 20
1116.7231450016307
 10
755.289522547922
 20
1119.5844093539406
 10
755.2895225479232
 20
1252.8362891496909
 10
940.4301816196418
 20
1252.8362891496909
 10
940.7866181770457
 20
1246.8362583835983
  0
LWPOLYLINE
  5
359
330
17
100
AcDbEntity
  8
FLOOR_6_TRIBUTARY_COL_2
100
AcDbPolyline
 90
14
 70
1
 10
948.1327720009019
 20
987.7043579833337
 10
949.4458062665508
 20
1056.6386569301594
 10
998.1051347677148
 20
1059.4721777719385
 10
1055.7866480292737
 20
1060.409355758908
 10
1067.7866480292737
 20
1059.8259468812887
 10
1079.7866480292737
 20
1058.4641596252907
 10
1091.7866480292737
 20
1056.3239939909145
 10
1103.7866480292737
 20
1053.4054499781596
 10
1111.7924278326402
 20
1050.9390544270304
 10
1111.7924278326423
 20
995.8362891496839
 10
1066.855618817522
 20
995.8362891496839
 10
1066.855618817513
 20
961.8362891496756
 10
948.8789662941817
 20
961.8362891497027
 10
948.1327720009019
 20
987.7043579833337
  0
LWPOLYLINE
  5
35A
330
17
100
AcDbEntity
  8
FLOOR_6_LARGE_TRIBUTARY
100
AcDbPolyline
 90
14
 70
1
 10
948.1327720009019
 20
987.7043579833337
 10
949.4458062665508
 20
1056.6386569301594
 10
998.1051347677148
 20
1059.4721777719385
 10
1055.7866480292737
 20
1060.409355758908
 10
1067.7866480292737
 20
1059.8259468812887
 10
1079.7866480292737
 20
1058.4641596252907
 10
1091.7866480292737
 20
1056.3239939909145
 10
1103.7866480292737
 20
1053.4054499781596
 10
1111.7924278326402
 20
1050.9390544270304
 10
1111.7924278326423
 20
995.8362891496839
 10
1066.855618817522
 20
995.8362891496839
 10
1066.855618817513
 20
961.8362891496756
 10
948.8789662941817
 20
961.8362891497027
 10
948.1327720009019
 20
987.7043579833337
  0
LWPOLYLINE
  5
35C
330
17
100
AcDbEntity
  8
FLOOR_6_TRIBUTARY_COL_3
100
AcDbPolyline
 90
12
 70
1
 10
1111.7924278326402
 20
1050.9390544270304
 10
1115.7866480292737
 20
1052.2561923610956
 10
1127.7866480292737
 20
1055.434945645639
 10
1139.7866480292737
 20
1057.835320551804
 10
1151.7866480292737
 20
1059.4573170795904
 10
1207.5174325585274
 20
1063.3752755220587
 10
1226.2924278326284
 20
1063.872544265578
 10
1226.2924278326457
 20
961.8362891496977
 10
1156.792427832657
 20
961.8362891496902
 10
1156.792427832657
 20
995.8362891496839
 10
1111.7924278326423
 20
995.8362891496839
 10
1111.7924278326402
 20
1050.9390544270304
  0
LWPOLYLINE
  5
35D
330
17
100
AcDbEntity
  8
FLOOR_6_LARGE_TRIBUTARY
100
AcDbPolyline
 90
12
 70
1
 10
1111.7924278326402
 20
1050.9390544270304
 10
1115.7866480292737
 20
1052.2561923610956
 10
1127.7866480292737
 20
1055.434945645639
 10
1139.7866480292737
 20
1057.835320551804
 10
1151.7866480292737
 20
1059.4573170795904
 10
1207.5174325585274
 20
1063.3752755220587
 10
1226.2924278326284
 20
1063.872544265578
 10
1226.2924278326457
 20
961.8362891496977
 10
1156.792427832657
 20
961.8362891496902
 10
1156.792427832657
 20
995.8362891496839
 10
1111.7924278326423
 20
995.8362891496839
 10
1111.7924278326402
 20
1050.9390544270304
  0
LWPOLYLINE
  5
35F
330
17
100
AcDbEntity
  8
FLOOR_6_TRIBUTARY_COL_4
100
AcDbPolyline
 90
9
 70
1
 10
1226.2924278326284
 20
1063.872544265578
 10
1341.049471555194
 20
1134.3089520609676
 10
1407.3724275965244
 20
1087.8353394943647
 10
1407.3724275965233
 20
961.836289149648
 10
1291.792427832654
 20
961.8362891496357
 10
1291.7924278326518
 20
961.8362963528361
 10
1291.7924278326518
 20
961.8362891497047
 10
1226.2924278326457
 20
961.8362891496977
 10
1226.2924278326284
 20
1063.872544265578
  0
LWPOLYLINE
  5
360
330
17
100
AcDbEntity
  8
FLOOR_6_LARGE_TRIBUTARY
100
AcDbPolyline
 90
9
 70
1
 10
1226.2924278326284
 20
1063.872544265578
 10
1341.049471555194
 20
1134.3089520609676
 10
1407.3724275965244
 20
1087.8353394943647
 10
1407.3724275965233
 20
961.836289149648
 10
1291.792427832654
 20
961.8362891496357
 10
1291.7924278326518
 20
961.8362963528361
 10
1291.7924278326518
 20
961.8362891497047
 10
1226.2924278326457
 20
961.8362891496977
 10
1226.2924278326284
 20
1063.872544265578
  0
LWPOLYLINE
  5
362
330
17
100
AcDbEntity
  8
FLOOR_6_TRIBUTARY_COL_5
100
AcDbPolyline
 90
6
 70
1
 10
1407.3724275965244
 20
1087.8353394943647
 10
1585.0341099212405
 20
1123.278526427317
 10
1611.1987772558227
 20
1107.3362891496945
 10
1616.447063882723
 20
961.8362891496699
 10
1407.3724275965233
 20
961.836289149648
 10
1407.3724275965244
 20
1087.8353394943647
  0
LWPOLYLINE
  5
363
330
17
100
AcDbEntity
  8
FLOOR_6_LARGE_TRIBUTARY
100
AcDbPolyline
 90
6
 70
1
 10
1407.3724275965244
 20
1087.8353394943647
 10
1585.0341099212405
 20
1123.278526427317
 10
1611.1987772558227
 20
1107.3362891496945
 10
1616.447063882723
 20
961.8362891496699
 10
1407.3724275965233
 20
961.836289149648
 10
1407.3724275965244
 20
1087.8353394943647
  0
LWPOLYLINE
  5
365
330
17
100
AcDbEntity
  8
FLOOR_6_TRIBUTARY_COL_6
100
AcDbPolyline
 90
7
 70
1
 10
1611.1987772558227
 20
1107.3362891496945
 10
1741.792427832635
 20
1107.336289149692
 10
1741.792427832635
 20
1105.8362891496909
 10
1705.2924278326561
 20
1105.8362891496909
 10
1705.2924278326439
 20
961.8362891496794
 10
1616.447063882723
 20
961.8362891496699
 10
1611.1987772558227
 20
1107.3362891496945
  0
LWPOLYLINE
  5
366
330
17
100
AcDbEntity
  8
FLOOR_6_LARGE_TRIBUTARY
100
AcDbPolyline
 90
7
 70
1
 10
1611.1987772558227
 20
1107.3362891496945
 10
1741.792427832635
 20
1107.336289149692
 10
1741.792427832635
 20
1105.8362891496909
 10
1705.2924278326561
 20
1105.8362891496909
 10
1705.2924278326439
 20
961.8362891496794
 10
1616.447063882723
 20
961.8362891496699
 10
1611.1987772558227
 20
1107.3362891496945
  0
LWPOLYLINE
  5
368
330
17
100
AcDbEntity
  8
FLOOR_6_TRIBUTARY_COL_7
100
AcDbPolyline
 90
9
 70
1
 10
1585.0341099212405
 20
1123.278526427317
 10
1407.3724275965244
 20
1087.8353394943647
 10
1341.049471555194
 20
1134.3089520609676
 10
1322.4062871033348
 20
1198.8362973665983
 10
1321.4817458775278
 20
1246.836289149667
 10
1321.5973135505371
 20
1252.8362891496909
 10
1531.542427832621
 20
1252.8362891496909
 10
1588.535671075893
 20
1252.8362891496788
 10
1585.0341099212405
 20
1123.278526427317
  0
LWPOLYLINE
  5
369
330
17
100
AcDbEntity
  8
FLOOR_6_LARGE_TRIBUTARY
100
AcDbPolyline
 90
9
 70
1
 10
1585.0341099212405
 20
1123.278526427317
 10
1407.3724275965244
 20
1087.8353394943647
 10
1341.049471555194
 20
1134.3089520609676
 10
1322.4062871033348
 20
1198.8362973665983
 10
1321.4817458775278
 20
1246.836289149667
 10
1321.5973135505371
 20
1252.8362891496909
 10
1531.542427832621
 20
1252.8362891496909
 10
1588.535671075893
 20
1252.8362891496788
 10
1585.0341099212405
 20
1123.278526427317
  0
LWPOLYLINE
  5
36B
330
17
100
AcDbEntity
  8
FLOOR_6_TRIBUTARY_COL_8
100
AcDbPolyline
 90
8
 70
1
 10
1611.1987772558227
 20
1107.3362891496945
 10
1585.0341099212405
 20
1123.278526427317
 10
1588.535671075893
 20
1252.8362891496788
 10
1705.2924278326568
 20
1252.836289149654
 10
1705.2924278326568
 20
1243.8362891496909
 10
1741.792427832635
 20
1243.8362891496909
 10
1741.792427832635
 20
1107.336289149692
 10
1611.1987772558227
 20
1107.3362891496945
  0
LWPOLYLINE
  5
36C
330
17
100
AcDbEntity
  8
FLOOR_6_LARGE_TRIBUTARY
100
AcDbPolyline
 90
8
 70
1
 10
1611.1987772558227
 20
1107.3362891496945
 10
1585.0341099212405
 20
1123.278526427317
 10
1588.535671075893
 20
1252.8362891496788
 10
1705.2924278326568
 20
1252.836289149654
 10
1705.2924278326568
 20
1243.8362891496909
 10
1741.792427832635
 20
1243.8362891496909
 10
1741.792427832635
 20
1107.336289149692
 10
1611.1987772558227
 20
1107.3362891496945
  0
LWPOLYLINE
  5
36E
330
17
100
AcDbEntity
  8
FLOOR_6_WALL_TRIBUTARY_2
100
AcDbPolyline
 90
40
 70
1
 10
998.1051347677148
 20
1059.4721777719385
 10
949.4458062665508
 20
1056.6386569301594
 10
902.6061783975142
 20
1107.0214425037211
 10
925.8163083535217
 20
1162.8362583835983
 10
930.0935379039827
 20
1174.8362583835983
 10
933.6578961673149
 20
1186.8362583835983
 10
936.5093831435186
 20
1198.8362583835983
 10
938.6479988325934
 20
1210.8362583835983
 10
940.0737432345396
 20
1222.8362583835983
 10
940.786616349357
 20
1234.8362583835983
 10
940.7866181770457
 20
1246.8362583835983
 10
940.4301816196418
 20
1252.8362891496909
 10
1047.7866018801315
 20
1252.8362891496909
 10
1059.786586497137
 20
1252.8362891496909
 10
1071.786586497137
 20
1252.8362891496909
 10
1083.786586497137
 20
1252.8362891496909
 10
1095.786586497137
 20
1252.8362891496909
 10
1107.786586497137
 20
1252.8362891496909
 10
1119.786586497137
 20
1252.8362891496909
 10
1131.786586497137
 20
1252.8362891496909
 10
1143.786586497137
 20
1252.8362891496909
 10
1155.786586497137
 20
1252.8362891496909
 10
1163.7866090462744
 20
1252.8362891496909
 10
1321.5973135505371
 20
1252.8362891496909
 10
1321.4817458775278
 20
1246.836289149667
 10
1322.4062871033348
 20
1198.8362973665983
 10
1341.049471555194
 20
1134.3089520609676
 10
1226.2924278326284
 20
1063.872544265578
 10
1207.5174325585274
 20
1063.3752755220587
 10
1151.7866480292737
 20
1059.4573170795904
 10
1139.7866480292737
 20
1057.835320551804
 10
1127.7866480292737
 20
1055.434945645639
 10
1115.7866480292737
 20
1052.2561923610956
 10
1111.7924278326402
 20
1050.9390544270304
 10
1103.7866480292737
 20
1053.4054499781596
 10
1091.7866480292737
 20
1056.3239939909145
 10
1079.7866480292737
 20
1058.4641596252907
 10
1067.7866480292737
 20
1059.8259468812887
 10
1055.7866480292737
 20
1060.409355758908
 10
998.1051347677148
 20
1059.4721777719385
  0
LWPOLYLINE
  5
36F
330
17
100
AcDbEntity
  8
FLOOR_6_LARGE_TRIBUTARY
100
AcDbPolyline
 90
40
 70
1
 10
998.1051347677148
 20
1059.4721777719385
 10
949.4458062665508
 20
1056.6386569301594
 10
902.6061783975142
 20
1107.0214425037211
 10
925.8163083535217
 20
1162.8362583835983
 10
930.0935379039827
 20
1174.8362583835983
 10
933.6578961673149
 20
1186.8362583835983
 10
936.5093831435186
 20
1198.8362583835983
 10
938.6479988325934
 20
1210.8362583835983
 10
940.0737432345396
 20
1222.8362583835983
 10
940.786616349357
 20
1234.8362583835983
 10
940.7866181770457
 20
1246.8362583835983
 10
940.4301816196418
 20
1252.8362891496909
 10
1047.7866018801315
 20
1252.8362891496909
 10
1059.786586497137
 20
1252.8362891496909
 10
1071.786586497137
 20
1252.8362891496909
 10
1083.786586497137
 20
1252.8362891496909
 10
1095.786586497137
 20
1252.8362891496909
 10
1107.786586497137
 20
1252.8362891496909
 10
1119.786586497137
 20
1252.8362891496909
 10
1131.786586497137
 20
1252.8362891496909
 10
1143.786586497137
 20
1252.8362891496909
 10
1155.786586497137
 20
1252.8362891496909
 10
1163.7866090462744
 20
1252.8362891496909
 10
1321.5973135505371
 20
1252.8362891496909
 10
1321.4817458775278
 20
1246.836289149667
 10
1322.4062871033348
 20
1198.8362973665983
 10
1341.049471555194
 20
1134.3089520609676
 10
1226.2924278326284
 20
1063.872544265578
 10
1207.5174325585274
 20
1063.3752755220587
 10
1151.7866480292737
 20
1059.4573170795904
 10
1139.7866480292737
 20
1057.835320551804
 10
1127.7866480292737
 20
1055.434945645639
 10
1115.7866480292737
 20
1052.2561923610956
 10
1111.7924278326402
 20
1050.9390544270304
 10
1103.7866480292737
 20
1053.4054499781596
 10
1091.7866480292737
 20
1056.3239939909145
 10
1079.7866480292737
 20
1058.4641596252907
 10
1067.7866480292737
 20
1059.8259468812887
 10
1055.7866480292737
 20
1060.409355758908
 10
998.1051347677148
 20
1059.4721777719385
  0
TEXT
  5
370
330
17
100
AcDbEntity
  8
FLOOR_6_AREA_LABELS
100
AcDbText
 10
1118.8943038525147
 20
1158.2043654640233
 30
0.0
 40
24.0
  1
514 SF
 72
1
 11
1118.8943038525147
 21
1158.2043654640233
 31
0.0
100
AcDbText
 73
2
  0
LWPOLYLINE
  5
372
330
17
100
AcDbEntity
  8
FLOOR_6_WALL_TRIBUTARY_3
100
AcDbPolyline
 90
41
 70
1
 10
664.7924278326445
 20
1106.4032036478277
 10
669.7924278326443
 20
1106.291679484259
 10
680.7924278326441
 20
1106.4552482574934
 10
692.7924278326441
 20
1107.1690029043334
 10
704.7924278326441
 20
1108.4180735363036
 10
716.7924278326441
 20
1110.202460153404
 10
728.7924278326441
 20
1112.5221627556343
 10
740.7924278326441
 20
1115.3771813429948
 10
752.7924278326441
 20
1118.7675159154853
 10
755.289522547922
 20
1119.5844093539406
 10
764.7924278326441
 20
1116.7231450016307
 10
776.7924278326442
 20
1113.6453372946912
 10
788.7924278326442
 20
1111.102845572882
 10
800.7924278326442
 20
1109.095669836203
 10
812.7924278326442
 20
1107.623810084654
 10
824.7924278326442
 20
1106.687266318235
 10
836.7924278326442
 20
1106.2860385369463
 10
902.6061783975142
 20
1107.0214425037211
 10
949.4458062665508
 20
1056.6386569301594
 10
948.1327720009019
 20
987.7043579833337
 10
948.8789662941817
 20
961.8362891497027
 10
939.7924278326426
 20
961.8362891497047
 10
939.7924278326426
 20
961.8362888117247
 10
838.7924278326444
 20
961.8362889358461
 10
826.7924278326444
 20
961.8362889505934
 10
814.7924278326444
 20
961.8362889653404
 10
802.7924278326444
 20
961.8362889800876
 10
790.7924278326444
 20
961.8362889948346
 10
778.7924278326444
 20
961.8362890095818
 10
766.7924278326444
 20
961.8362890243288
 10
754.7924278326445
 20
961.8362890390761
 10
742.7924278326445
 20
961.8362890538231
 10
730.7924278326445
 20
961.8362890685703
 10
718.7924278326445
 20
961.8362890833173
 10
706.7924278326445
 20
961.8362890980645
 10
694.7924278326445
 20
961.8362891128115
 10
682.7924278326445
 20
961.8362891275588
 10
670.7924278326445
 20
961.8362891423058
 10
664.7924278326445
 20
961.8362891496794
 10
664.7924278326445
 20
966.8362891496793
 10
664.7924278326445
 20
1106.4032036478277
  0
LWPOLYLINE
  5
373
330
17
100
AcDbEntity
  8
FLOOR_6_LARGE_TRIBUTARY
100
AcDbPolyline
 90
41
 70
1
 10
664.7924278326445
 20
1106.4032036478277
 10
669.7924278326443
 20
1106.291679484259
 10
680.7924278326441
 20
1106.4552482574934
 10
692.7924278326441
 20
1107.1690029043334
 10
704.7924278326441
 20
1108.4180735363036
 10
716.7924278326441
 20
1110.202460153404
 10
728.7924278326441
 20
1112.5221627556343
 10
740.7924278326441
 20
1115.3771813429948
 10
752.7924278326441
 20
1118.7675159154853
 10
755.289522547922
 20
1119.5844093539406
 10
764.7924278326441
 20
1116.7231450016307
 10
776.7924278326442
 20
1113.6453372946912
 10
788.7924278326442
 20
1111.102845572882
 10
800.7924278326442
 20
1109.095669836203
 10
812.7924278326442
 20
1107.623810084654
 10
824.7924278326442
 20
1106.687266318235
 10
836.7924278326442
 20
1106.2860385369463
 10
902.6061783975142
 20
1107.0214425037211
 10
949.4458062665508
 20
1056.6386569301594
 10
948.1327720009019
 20
987.7043579833337
 10
948.8789662941817
 20
961.8362891497027
 10
939.7924278326426
 20
961.8362891497047
 10
939.7924278326426
 20
961.8362888117247
 10
838.7924278326444
 20
961.8362889358461
 10
826.7924278326444
 20
961.8362889505934
 10
814.7924278326444
 20
961.8362889653404
 10
802.7924278326444
 20
961.8362889800876
 10
790.7924278326444
 20
961.8362889948346
 10
778.7924278326444
 20
961.8362890095818
 10
766.7924278326444
 20
961.8362890243288
 10
754.7924278326445
 20
961.8362890390761
 10
742.7924278326445
 20
961.8362890538231
 10
730.7924278326445
 20
961.8362890685703
 10
718.7924278326445
 20
961.8362890833173
 10
706.7924278326445
 20
961.8362890980645
 10
694.7924278326445
 20
961.8362891128115
 10
682.7924278326445
 20
961.8362891275588
 10
670.7924278326445
 20
961.8362891423058
 10
664.7924278326445
 20
961.8362891496794
 10
664.7924278326445
 20
966.8362891496793
 10
664.7924278326445
 20
1106.4032036478277
  0
LWPOLYLINE
  5
374
330
17
100
AcDbEntity
  8
FLOOR_6_WALL_TRIBUTARY_3
100
AcDbPolyline
 90
5
 70
1
 10
664.79242783263
 20
970.8362891496893
 10
578.7924278326317
 20
970.8362891496893
 10
578.7924278326317
 20
1108.3214192612104
 10
664.7924278326382
 20
1106.403203647828
 10
664.79242783263
 20
970.8362891496893
  0
LWPOLYLINE
  5
375
330
17
100
AcDbEntity
  8
FLOOR_6_LARGE_TRIBUTARY
100
AcDbPolyline
 90
5
 70
1
 10
664.79242783263
 20
970.8362891496893
 10
578.7924278326317
 20
970.8362891496893
 10
578.7924278326317
 20
1108.3214192612104
 10
664.7924278326382
 20
1106.403203647828
 10
664.79242783263
 20
970.8362891496893
  0
TEXT
  5
376
330
17
100
AcDbEntity
  8
FLOOR_6_AREA_LABELS
100
AcDbText
 10
761.9139112587051
 20
1035.1476942954332
 30
0.0
 40
24.0
  1
365 SF
 72
1
 11
761.9139112587051
 21
1035.1476942954332
 31
0.0
100
AcDbText
 73
2
  0
TEXT
  5
377
330
17
100
AcDbEntity
  8
FLOOR_6_AREA_LABELS
100
AcDbText
 10
709.342052864971
 20
1181.5856637793117
 30
0.0
 40
24.0
  1
116 SF
 72
1
 11
709.342052864971
 21
1181.5856637793117
 31
0.0
100
AcDbText
 73
2
  0
TEXT
  5
378
330
17
100
AcDbEntity
  8
FLOOR_6_AREA_LABELS
100
AcDbText
 10
842.9334676474543
 20
1183.6198458957897
 30
0.0
 40
24.0
  1
173 SF
 72
1
 11
842.9334676474543
 21
1183.6198458957897
 31
0.0
100
AcDbText
 73
2
  0
TEXT
  5
379
330
17
100
AcDbEntity
  8
FLOOR_6_AREA_LABELS
100
AcDbText
 10
1023.5595338793212
 20
1013.4403905401866
 30
0.0
 40
24.0
  1
99 SF
 72
1
 11
1023.5595338793212
 21
1013.4403905401866
 31
0.0
100
AcDbText
 73
2
  0
TEXT
  5
37A
330
17
100
AcDbEntity
  8
FLOOR_6_AREA_LABELS
100
AcDbText
 10
1175.8025775961833
 20
1015.9651834596305
 30
0.0
 40
24.0
  1
68 SF
 72
1
 11
1175.8025775961833
 21
1015.9651834596305
 31
0.0
100
AcDbText
 73
2
  0
TEXT
  5
37B
330
17
100
AcDbEntity
  8
FLOOR_6_AREA_LABELS
100
AcDbText
 10
1320.9596999830949
 20
1033.9329228250106
 30
0.0
 40
24.0
  1
179 SF
 72
1
 11
1320.9596999830949
 21
1033.9329228250106
 31
0.0
100
AcDbText
 73
2
  0
TEXT
  5
37C
330
17
100
AcDbEntity
  8
FLOOR_6_AREA_LABELS
100
AcDbText
 10
1514.4494483533692
 20
1034.3726221237944
 30
0.0
 40
24.0
  1
208 SF
 72
1
 11
1514.4494483533692
 21
1034.3726221237944
 31
0.0
100
AcDbText
 73
2
  0
TEXT
  5
37D
330
17
100
AcDbEntity
  8
FLOOR_6_AREA_LABELS
100
AcDbText
 10
1659.8073214378237
 20
1035.5741216132667
 30
0.0
 40
24.0
  1
93 SF
 72
1
 11
1659.8073214378237
 21
1035.5741216132667
 31
0.0
100
AcDbText
 73
2
  0
TEXT
  5
37E
330
17
100
AcDbEntity
  8
FLOOR_6_AREA_LABELS
100
AcDbText
 10
1456.9254777370238
 20
1180.9307459513907
 30
0.0
 40
24.0
  1
260 SF
 72
1
 11
1456.9254777370238
 21
1180.9307459513907
 31
0.0
100
AcDbText
 73
2
  0
TEXT
  5
37F
330
17
100
AcDbEntity
  8
FLOOR_6_AREA_LABELS
100
AcDbText
 10
1663.9707450533501
 20
1179.4030551801861
 30
0.0
 40
24.0
  1
154 SF
 72
1
 11
1663.9707450533501
 21
1179.4030551801861
 31
0.0
100
AcDbText
 73
2
  0
LWPOLYLINE
  5
382
330
17
100
AcDbEntity
  8
FLOOR_6_FASCADE_COLUMNS
100
AcDbPolyline
 90
12
 70
0
 10
1291.7924278326518
 20
961.8362891497047
 10
1285.7924278326518
 20
961.836289149704
 10
1279.7924278326518
 20
961.8362891497034
 10
1273.7924278326518
 20
961.8362891497029
 10
1267.7924278326518
 20
961.8362891497022
 10
1261.7924278326518
 20
961.8362891497015
 10
1255.7924278326518
 20
961.8362891497009
 10
1249.7924278326518
 20
961.8362891497002
 10
1243.7924278326518
 20
961.8362891496995
 10
1237.7924278326518
 20
961.836289149699
 10
1231.7924278326518
 20
961.8362891496984
 10
1225.7924278326518
 20
961.8362891496977
  0
TEXT
  5
383
330
17
100
AcDbEntity
  8
FLOOR_6_FASCADE_COLUMNS
100
AcDbText
 10
1258.7924278326527
 20
955.8362891497012
 30
0.0
 40
12.0
  1
6 FT
 50
-179.9999999999938
 72
1
 11
1258.7924278326527
 21
955.8362891497012
 31
0.0
100
AcDbText
 73
2
  0
LWPOLYLINE
  5
384
330
17
100
AcDbEntity
  8
FLOOR_6_FASCADE_COLUMNS
100
AcDbPolyline
 90
26
 70
0
 10
1225.7924278326518
 20
961.8362891496977
 10
1219.7924278326518
 20
961.836289149697
 10
1213.7924278326518
 20
961.8362891496963
 10
1207.7924278326518
 20
961.8362891496956
 10
1201.7924278326518
 20
961.8362891496951
 10
1195.7924278326518
 20
961.8362891496944
 10
1189.7924278326518
 20
961.8362891496937
 10
1183.7924278326518
 20
961.836289149693
 10
1177.7924278326518
 20
961.8362891496923
 10
1171.7924278326518
 20
961.8362891496918
 10
1165.7924278326518
 20
961.8362891496911
 10
1159.7924278326518
 20
961.8362891496904
 10
1156.792427832657
 20
964.8362891496952
 10
1156.792427832657
 20
970.8362891496952
 10
1156.792427832657
 20
976.8362891496952
 10
1156.792427832657
 20
982.8362891496952
 10
1156.792427832657
 20
988.8362891496952
 10
1156.792427832657
 20
994.8362891496952
 10
1151.7924278326457
 20
995.8362891496839
 10
1145.7924278326457
 20
995.8362891496839
 10
1139.7924278326457
 20
995.8362891496839
 10
1133.7924278326457
 20
995.8362891496839
 10
1127.7924278326457
 20
995.8362891496839
 10
1121.7924278326457
 20
995.8362891496839
 10
1115.7924278326457
 20
995.8362891496839
 10
1109.7924278326457
 20
995.8362891496839
  0
TEXT
  5
385
330
17
100
AcDbEntity
  8
FLOOR_6_FASCADE_COLUMNS
100
AcDbText
 10
1155.1048052209976
 20
962.506707299625
 30
0.0
 40
12.0
  1
13 FT
 50
163.6639571102886
 72
1
 11
1155.1048052209976
 21
962.506707299625
 31
0.0
100
AcDbText
 73
2
  0
LWPOLYLINE
  5
386
330
17
100
AcDbEntity
  8
FLOOR_6_FASCADE_COLUMNS
100
AcDbPolyline
 90
33
 70
0
 10
1109.7924278326457
 20
995.8362891496839
 10
1103.7924278326457
 20
995.8362891496839
 10
1097.7924278326457
 20
995.8362891496839
 10
1091.7924278326457
 20
995.8362891496839
 10
1085.7924278326457
 20
995.8362891496839
 10
1079.7924278326457
 20
995.8362891496839
 10
1073.7924278326457
 20
995.8362891496839
 10
1067.7924278326457
 20
995.8362891496839
 10
1066.8556188175207
 20
990.7730981648076
 10
1066.8556188175191
 20
984.7730981648076
 10
1066.8556188175176
 20
978.7730981648076
 10
1066.855618817516
 20
972.7730981648076
 10
1066.8556188175144
 20
966.7730981648076
 10
1065.792427832645
 20
961.8362891496758
 10
1059.792427832645
 20
961.8362891496773
 10
1053.792427832645
 20
961.8362891496787
 10
1047.792427832645
 20
961.83628914968
 10
1041.792427832645
 20
961.8362891496814
 10
1035.792427832645
 20
961.8362891496828
 10
1029.792427832645
 20
961.8362891496841
 10
1023.792427832645
 20
961.8362891496855
 10
1017.792427832645
 20
961.8362891496869
 10
1011.792427832645
 20
961.8362891496882
 10
1005.792427832645
 20
961.8362891496896
 10
999.792427832645
 20
961.836289149691
 10
993.792427832645
 20
961.8362891496923
 10
987.792427832645
 20
961.8362891496937
 10
981.792427832645
 20
961.8362891496951
 10
975.792427832645
 20
961.8362891496965
 10
969.792427832645
 20
961.8362891496979
 10
963.792427832645
 20
961.8362891496993
 10
957.792427832645
 20
961.8362891497006
 10
951.792427832645
 20
961.836289149702
  0
TEXT
  5
387
330
17
100
AcDbEntity
  8
FLOOR_6_FASCADE_COLUMNS
100
AcDbText
 10
1048.1542342962596
 20
955.9705634374004
 30
0.0
 40
12.0
  1
16 FT
 50
-167.85572195043935
 72
1
 11
1048.1542342962596
 21
955.9705634374004
 31
0.0
100
AcDbText
 73
2
  0
LWPOLYLINE
  5
388
330
17
100
AcDbEntity
  8
FLOOR_6_FASCADE_WALLS
100
AcDbPolyline
 90
73
 70
0
 10
951.792427832645
 20
961.836289149702
 10
945.792427832645
 20
961.8362891497034
 10
939.792427832645
 20
961.8362891497047
 10
933.792428170625
 20
961.8362888190983
 10
927.792428170625
 20
961.8362888264719
 10
921.792428170625
 20
961.8362888338454
 10
915.792428170625
 20
961.8362888412189
 10
909.792428170625
 20
961.8362888485925
 10
903.792428170625
 20
961.8362888559661
 10
897.792428170625
 20
961.8362888633396
 10
891.792428170625
 20
961.8362888707131
 10
885.792428170625
 20
961.8362888780867
 10
879.792428170625
 20
961.8362888854604
 10
873.792428170625
 20
961.8362888928339
 10
867.792428170625
 20
961.8362889002074
 10
861.792428170625
 20
961.836288907581
 10
855.792428170625
 20
961.8362889149546
 10
849.792428170625
 20
961.8362889223281
 10
843.792428170625
 20
961.8362889297016
 10
837.792428170625
 20
961.8362889370752
 10
831.792428170625
 20
961.8362889444488
 10
825.792428170625
 20
961.8362889518223
 10
819.792428170625
 20
961.8362889591958
 10
813.792428170625
 20
961.8362889665694
 10
807.792428170625
 20
961.836288973943
 10
801.792428170625
 20
961.8362889813166
 10
795.792428170625
 20
961.8362889886901
 10
789.792428170625
 20
961.8362889960637
 10
783.792428170625
 20
961.8362890034373
 10
777.792428170625
 20
961.8362890108108
 10
771.792428170625
 20
961.8362890181843
 10
765.792428170625
 20
961.8362890255579
 10
759.792428170625
 20
961.8362890329315
 10
753.792428170625
 20
961.836289040305
 10
747.792428170625
 20
961.8362890476785
 10
741.792428170625
 20
961.8362890550521
 10
735.792428170625
 20
961.8362890624257
 10
729.792428170625
 20
961.8362890697992
 10
723.792428170625
 20
961.8362890771728
 10
717.792428170625
 20
961.8362890845464
 10
711.792428170625
 20
961.83628909192
 10
705.792428170625
 20
961.8362890992935
 10
699.792428170625
 20
961.836289106667
 10
693.792428170625
 20
961.8362891140406
 10
687.792428170625
 20
961.8362891214142
 10
681.792428170625
 20
961.8362891287877
 10
675.792428170625
 20
961.8362891361612
 10
669.792428170625
 20
961.8362891435348
 10
664.7924278326445
 20
962.8362888116988
 10
664.7924278326445
 20
968.8362888116988
 10
664.7924278326445
 20
974.8362888116988
 10
664.7924278326445
 20
980.8362888116988
 10
664.7924278326445
 20
986.8362888116988
 10
664.7924278326445
 20
992.8362888116988
 10
664.7924278326445
 20
998.8362888116988
 10
664.7924278326445
 20
1004.8362888116988
 10
664.7924278326445
 20
1010.8362888116988
 10
664.7924278326445
 20
1016.8362888116988
 10
664.7924278326445
 20
1022.8362888116988
 10
664.7924278326445
 20
1028.8362888116988
 10
664.7924278326445
 20
1034.8362888116988
 10
664.7924278326445
 20
1040.8362888116988
 10
664.7924278326445
 20
1046.8362888116988
 10
664.7924278326445
 20
1052.8362888116988
 10
664.7924278326445
 20
1058.8362888116988
 10
664.7924278326445
 20
1064.8362888116988
 10
664.7924278326445
 20
1070.8362888116988
 10
664.7924278326445
 20
1076.8362888116988
 10
664.7924278326445
 20
1082.8362888116988
 10
664.7924278326445
 20
1088.8362888116988
 10
664.7924278326445
 20
1094.8362888116988
 10
664.7924278326445
 20
1100.8362888116988
 10
664.7924278326445
 20
1106.8362888116988
  0
TEXT
  5
389
330
17
100
AcDbEntity
  8
FLOOR_6_FASCADE_WALLS
100
AcDbText
 10
733.5372683160427
 20
956.4809684194245
 30
0.0
 40
12.0
  1
36 FT
 50
153.19588581539554
 72
1
 11
733.5372683160427
 21
956.4809684194245
 31
0.0
100
AcDbText
 73
2
  0
LWPOLYLINE
  5
38A
330
17
100
AcDbEntity
  8
FLOOR_6_FASCADE_COLUMNS
100
AcDbPolyline
 90
40
 70
0
 10
664.7924278326445
 20
1106.8362888116988
 10
664.7924278326445
 20
1112.8362888116988
 10
664.7924278326445
 20
1118.8362888116988
 10
664.7924278326445
 20
1124.8362888116988
 10
664.7924278326445
 20
1130.8362888116988
 10
664.7924278326445
 20
1136.836288811699
 10
664.7924278326445
 20
1142.8362888116988
 10
664.7924278326445
 20
1148.8362888116988
 10
664.7924278326445
 20
1154.8362888116988
 10
664.7924278326445
 20
1160.8362888116988
 10
664.7924278326445
 20
1166.8362888116988
 10
664.7924278326445
 20
1172.8362888116988
 10
664.7924278326445
 20
1178.8362888116988
 10
664.7924278326445
 20
1184.8362888116988
 10
664.7924278326445
 20
1190.8362888116988
 10
664.7924278326445
 20
1196.8362888116988
 10
664.7924278326445
 20
1202.8362888116988
 10
664.7924278326445
 20
1208.8362888116988
 10
664.7924278326445
 20
1214.8362888116988
 10
664.7924278326445
 20
1220.8362888116988
 10
664.7924278326445
 20
1226.8362888116988
 10
664.7924278326445
 20
1232.8362888116988
 10
664.7924278326445
 20
1238.8362888116988
 10
664.7924278326445
 20
1244.8362888116988
 10
664.7924278326445
 20
1250.8362888116988
 10
668.7924274946523
 20
1252.8362891496909
 10
674.7924274946523
 20
1252.8362891496909
 10
680.7924274946523
 20
1252.8362891496909
 10
686.7924274946523
 20
1252.8362891496909
 10
692.7924274946523
 20
1252.8362891496909
 10
698.7924274946523
 20
1252.8362891496909
 10
704.7924274946523
 20
1252.8362891496909
 10
710.7924274946523
 20
1252.8362891496909
 10
716.7924274946523
 20
1252.8362891496909
 10
722.7924274946523
 20
1252.8362891496909
 10
728.7924274946523
 20
1252.8362891496909
 10
734.7924274946523
 20
1252.8362891496909
 10
740.7924274946523
 20
1252.8362891496909
 10
746.7924274946523
 20
1252.8362891496909
 10
752.7924274946523
 20
1252.8362891496909
  0
TEXT
  5
38B
330
17
100
AcDbEntity
  8
FLOOR_6_FASCADE_COLUMNS
100
AcDbText
 10
659.6536918882127
 20
1226.1696769898285
 30
0.0
 40
12.0
  1
20 FT
 50
58.92096052085789
 72
1
 11
659.6536918882127
 21
1226.1696769898285
 31
0.0
100
AcDbText
 73
2
  0
LWPOLYLINE
  5
38C
330
17
100
AcDbEntity
  8
FLOOR_6_FASCADE_COLUMNS
100
AcDbPolyline
 90
32
 70
0
 10
752.7924274946523
 20
1252.8362891496909
 10
758.7924274946523
 20
1252.8362891496909
 10
764.7924274946523
 20
1252.8362891496909
 10
770.7924274946522
 20
1252.8362891496909
 10
776.7924274946522
 20
1252.8362891496909
 10
782.7924274946522
 20
1252.8362891496909
 10
788.7924274946522
 20
1252.8362891496909
 10
794.7924274946522
 20
1252.8362891496909
 10
800.7924274946522
 20
1252.8362891496909
 10
806.7924274946522
 20
1252.8362891496909
 10
812.7924274946522
 20
1252.8362891496909
 10
818.7924274946522
 20
1252.8362891496909
 10
824.7924274946522
 20
1252.8362891496909
 10
830.7924274946522
 20
1252.8362891496909
 10
836.7924274946522
 20
1252.8362891496909
 10
842.7924274946522
 20
1252.8362891496909
 10
848.7924274946522
 20
1252.8362891496909
 10
854.7924274946522
 20
1252.8362891496909
 10
860.7924274946522
 20
1252.8362891496909
 10
866.7924274946522
 20
1252.8362891496909
 10
872.7924274946522
 20
1252.8362891496909
 10
878.7924274946522
 20
1252.8362891496909
 10
884.7924274946522
 20
1252.8362891496909
 10
890.7924274946522
 20
1252.8362891496909
 10
896.7924274946522
 20
1252.8362891496909
 10
902.7924274946522
 20
1252.8362891496909
 10
908.7924274946522
 20
1252.8362891496909
 10
914.7924274946522
 20
1252.8362891496909
 10
920.7924274946522
 20
1252.8362891496909
 10
926.7924274946522
 20
1252.8362891496909
 10
932.7924274946522
 20
1252.8362891496909
 10
938.7924274946522
 20
1252.8362891496909
  0
TEXT
  5
38D
330
17
100
AcDbEntity
  8
FLOOR_6_FASCADE_COLUMNS
100
AcDbText
 10
845.7924274946522
 20
1258.8362891496909
 30
0.0
 40
12.0
  1
16 FT
 72
1
 11
845.7924274946522
 21
1258.8362891496909
 31
0.0
100
AcDbText
 73
2
  0
LWPOLYLINE
  5
38E
330
17
100
AcDbEntity
  8
FLOOR_6_FASCADE_WALLS
100
AcDbPolyline
 90
65
 70
0
 10
938.7924274946522
 20
1252.8362891496909
 10
944.7924274946522
 20
1252.8362891496909
 10
950.7924274946522
 20
1252.8362891496909
 10
956.7924274946522
 20
1252.8362891496909
 10
962.7924274946522
 20
1252.8362891496909
 10
968.7924274946522
 20
1252.8362891496909
 10
974.7924274946522
 20
1252.8362891496909
 10
980.7924274946522
 20
1252.8362891496909
 10
986.7924274946522
 20
1252.8362891496909
 10
992.7924274946522
 20
1252.8362891496909
 10
998.7924274946524
 20
1252.8362891496909
 10
1004.7924274946522
 20
1252.8362891496909
 10
1010.7924274946522
 20
1252.8362891496909
 10
1016.7924274946522
 20
1252.8362891496909
 10
1022.7924274946522
 20
1252.8362891496909
 10
1028.7924274946522
 20
1252.8362891496909
 10
1034.7924274946524
 20
1252.8362891496909
 10
1040.7924274946522
 20
1252.8362891496909
 10
1046.7924274946522
 20
1252.8362891496909
 10
1052.7924274946522
 20
1252.8362891496909
 10
1058.7924274946522
 20
1252.8362891496909
 10
1064.7924274946522
 20
1252.8362891496909
 10
1070.7924274946522
 20
1252.8362891496909
 10
1076.7924274946522
 20
1252.8362891496909
 10
1082.7924274946522
 20
1252.8362891496909
 10
1088.7924274946522
 20
1252.8362891496909
 10
1094.7924274946522
 20
1252.8362891496909
 10
1100.7924274946522
 20
1252.8362891496909
 10
1106.7924274946522
 20
1252.8362891496909
 10
1112.7924274946522
 20
1252.8362891496909
 10
1118.7924274946522
 20
1252.8362891496909
 10
1124.7924274946522
 20
1252.8362891496909
 10
1130.7924274946522
 20
1252.8362891496909
 10
1136.7924274946522
 20
1252.8362891496909
 10
1142.7924274946522
 20
1252.8362891496909
 10
1148.7924274946522
 20
1252.8362891496909
 10
1154.7924274946522
 20
1252.8362891496909
 10
1160.7924274946522
 20
1252.8362891496909
 10
1166.7924274946522
 20
1252.8362891496909
 10
1172.7924274946522
 20
1252.8362891496909
 10
1178.7924274946522
 20
1252.8362891496909
 10
1184.7924274946522
 20
1252.8362891496909
 10
1190.7924274946522
 20
1252.8362891496909
 10
1196.7924274946522
 20
1252.8362891496909
 10
1202.7924274946524
 20
1252.8362891496909
 10
1208.7924274946522
 20
1252.8362891496909
 10
1214.7924274946522
 20
1252.8362891496909
 10
1220.7924274946522
 20
1252.8362891496909
 10
1226.7924274946522
 20
1252.8362891496909
 10
1232.7924274946522
 20
1252.8362891496909
 10
1238.7924274946522
 20
1252.8362891496909
 10
1244.7924274946522
 20
1252.8362891496909
 10
1250.7924274946522
 20
1252.8362891496909
 10
1256.7924274946522
 20
1252.8362891496909
 10
1262.7924274946522
 20
1252.8362891496909
 10
1268.7924274946522
 20
1252.8362891496909
 10
1274.7924274946524
 20
1252.8362891496909
 10
1280.7924274946522
 20
1252.8362891496909
 10
1286.7924274946522
 20
1252.8362891496909
 10
1292.7924274946522
 20
1252.8362891496909
 10
1298.7924274946522
 20
1252.8362891496909
 10
1304.7924274946522
 20
1252.8362891496909
 10
1310.7924274946522
 20
1252.8362891496909
 10
1316.7924274946522
 20
1252.8362891496909
 10
1322.7924274946522
 20
1252.8362891496909
  0
TEXT
  5
38F
330
17
100
AcDbEntity
  8
FLOOR_6_FASCADE_WALLS
100
AcDbText
 10
1130.7924274946522
 20
1258.8362891496909
 30
0.0
 40
12.0
  1
32 FT
 72
1
 11
1130.7924274946522
 21
1258.8362891496909
 31
0.0
100
AcDbText
 73
2
  0
LWPOLYLINE
  5
390
330
17
100
AcDbEntity
  8
FLOOR_6_FASCADE_COLUMNS
100
AcDbPolyline
 90
45
 70
0
 10
1322.7924274946522
 20
1252.8362891496909
 10
1328.7924274946522
 20
1252.8362891496909
 10
1334.7924274946522
 20
1252.8362891496909
 10
1340.7924274946522
 20
1252.8362891496909
 10
1346.7924274946524
 20
1252.8362891496909
 10
1352.7924274946522
 20
1252.8362891496909
 10
1358.7924274946522
 20
1252.8362891496909
 10
1364.7924274946522
 20
1252.8362891496909
 10
1370.7924274946522
 20
1252.8362891496909
 10
1376.7924274946522
 20
1252.8362891496909
 10
1382.7924274946522
 20
1252.8362891496909
 10
1388.7924274946522
 20
1252.8362891496909
 10
1394.7924274946522
 20
1252.8362891496909
 10
1400.7924274946522
 20
1252.8362891496909
 10
1406.7924274946522
 20
1252.8362891496909
 10
1412.7924274946522
 20
1252.8362891496909
 10
1418.7924274946524
 20
1252.8362891496909
 10
1424.7924274946522
 20
1252.8362891496909
 10
1430.7924274946522
 20
1252.8362891496909
 10
1436.7924274946522
 20
1252.8362891496909
 10
1442.7924274946522
 20
1252.8362891496909
 10
1448.7924274946522
 20
1252.8362891496909
 10
1454.7924274946522
 20
1252.8362891496909
 10
1460.7924274946522
 20
1252.8362891496909
 10
1466.7924274946522
 20
1252.8362891496909
 10
1472.7924274946522
 20
1252.8362891496909
 10
1478.7924274946522
 20
1252.8362891496909
 10
1484.7924274946522
 20
1252.8362891496909
 10
1490.7924274946522
 20
1252.8362891496909
 10
1496.7924274946522
 20
1252.8362891496909
 10
1502.7924274946522
 20
1252.8362891496909
 10
1508.7924274946522
 20
1252.8362891496909
 10
1514.7924274946522
 20
1252.8362891496909
 10
1520.7924274946522
 20
1252.8362891496909
 10
1526.7924274946522
 20
1252.8362891496909
 10
1532.7924274946522
 20
1252.8362891496906
 10
1538.7924274946522
 20
1252.8362891496895
 10
1544.7924274946522
 20
1252.8362891496881
 10
1550.7924274946522
 20
1252.8362891496868
 10
1556.7924274946522
 20
1252.8362891496854
 10
1562.7924274946522
 20
1252.8362891496843
 10
1568.7924274946522
 20
1252.836289149683
 10
1574.7924274946522
 20
1252.8362891496818
 10
1580.7924274946522
 20
1252.8362891496804
 10
1586.7924274946522
 20
1252.8362891496793
  0
TEXT
  5
391
330
17
100
AcDbEntity
  8
FLOOR_6_FASCADE_COLUMNS
100
AcDbText
 10
1454.7924274946527
 20
1258.8362891496909
 30
0.0
 40
12.0
  1
22 FT
 50
-2.5536962678805253e-12
 72
1
 11
1454.7924274946527
 21
1258.8362891496909
 31
0.0
100
AcDbText
 73
2
  0
LWPOLYLINE
  5
392
330
17
100
AcDbEntity
  8
FLOOR_6_FASCADE_COLUMNS
100
AcDbPolyline
 90
51
 70
0
 10
1586.7924274946522
 20
1252.8362891496793
 10
1592.7924274946522
 20
1252.8362891496781
 10
1598.7924274946522
 20
1252.8362891496768
 10
1604.7924274946522
 20
1252.8362891496754
 10
1610.7924274946522
 20
1252.836289149674
 10
1616.7924274946522
 20
1252.836289149673
 10
1622.7924274946522
 20
1252.8362891496715
 10
1628.7924274946522
 20
1252.8362891496704
 10
1634.7924274946522
 20
1252.836289149669
 10
1640.7924274946522
 20
1252.8362891496677
 10
1646.7924274946522
 20
1252.8362891496663
 10
1652.7924274946522
 20
1252.8362891496652
 10
1658.7924274946522
 20
1252.8362891496638
 10
1664.7924274946522
 20
1252.8362891496627
 10
1670.7924274946522
 20
1252.8362891496613
 10
1676.7924274946522
 20
1252.8362891496602
 10
1682.7924274946522
 20
1252.8362891496588
 10
1688.7924274946522
 20
1252.8362891496577
 10
1694.7924274946522
 20
1252.8362891496563
 10
1700.7924274946522
 20
1252.836289149655
 10
1705.2924278326568
 20
1251.3362894876586
 10
1705.2924278326568
 20
1245.3362894876586
 10
1709.792427494689
 20
1243.8362891496909
 10
1715.792427494689
 20
1243.8362891496909
 10
1721.792427494689
 20
1243.8362891496909
 10
1727.792427494689
 20
1243.8362891496909
 10
1733.792427494689
 20
1243.8362891496909
 10
1739.792427494689
 20
1243.8362891496909
 10
1741.792427832635
 20
1239.8362894876368
 10
1741.792427832635
 20
1233.8362894876368
 10
1741.792427832635
 20
1227.8362894876368
 10
1741.792427832635
 20
1221.8362894876368
 10
1741.792427832635
 20
1215.8362894876368
 10
1741.792427832635
 20
1209.8362894876368
 10
1741.792427832635
 20
1203.8362894876368
 10
1741.792427832635
 20
1197.8362894876368
 10
1741.792427832635
 20
1191.8362894876368
 10
1741.792427832635
 20
1185.8362894876368
 10
1741.792427832635
 20
1179.8362894876368
 10
1741.792427832635
 20
1173.8362894876368
 10
1741.792427832635
 20
1167.8362894876368
 10
1741.792427832635
 20
1161.8362894876368
 10
1741.792427832635
 20
1155.8362894876368
 10
1741.792427832635
 20
1149.8362894876368
 10
1741.792427832635
 20
1143.8362894876368
 10
1741.792427832635
 20
1137.8362894876368
 10
1741.792427832635
 20
1131.8362894876368
 10
1741.792427832635
 20
1125.8362894876368
 10
1741.792427832635
 20
1119.8362894876368
 10
1741.792427832635
 20
1113.8362894876368
 10
1741.792427832635
 20
1107.8362894876368
  0
TEXT
  5
393
330
17
100
AcDbEntity
  8
FLOOR_6_FASCADE_COLUMNS
100
AcDbText
 10
1732.3840216691506
 20
1248.2179176400296
 30
0.0
 40
12.0
  1
25 FT
 50
-43.09084743805198
 72
1
 11
1732.3840216691506
 21
1248.2179176400296
 31
0.0
100
AcDbText
 73
2
  0
LWPOLYLINE
  5
394
330
17
100
AcDbEntity
  8
FLOOR_6_FASCADE_COLUMNS
100
AcDbPolyline
 90
46
 70
0
 10
1741.792427832635
 20
1107.8362894876368
 10
1737.7924281705807
 20
1105.8362891496909
 10
1731.7924281705807
 20
1105.8362891496909
 10
1725.7924281705807
 20
1105.8362891496909
 10
1719.7924281705807
 20
1105.8362891496909
 10
1713.7924281705807
 20
1105.8362891496909
 10
1707.7924281705807
 20
1105.8362891496909
 10
1705.292427832656
 20
1102.3362894876154
 10
1705.2924278326554
 20
1096.3362894876154
 10
1705.2924278326548
 20
1090.3362894876154
 10
1705.2924278326545
 20
1084.3362894876154
 10
1705.2924278326536
 20
1078.3362894876154
 10
1705.2924278326534
 20
1072.3362894876154
 10
1705.2924278326527
 20
1066.3362894876154
 10
1705.2924278326523
 20
1060.3362894876154
 10
1705.2924278326518
 20
1054.3362894876154
 10
1705.2924278326514
 20
1048.3362894876154
 10
1705.2924278326507
 20
1042.3362894876154
 10
1705.2924278326504
 20
1036.3362894876154
 10
1705.2924278326495
 20
1030.3362894876154
 10
1705.2924278326493
 20
1024.3362894876154
 10
1705.2924278326486
 20
1018.3362894876155
 10
1705.2924278326482
 20
1012.3362894876155
 10
1705.2924278326477
 20
1006.3362894876155
 10
1705.2924278326473
 20
1000.3362894876155
 10
1705.2924278326466
 20
994.3362894876155
 10
1705.2924278326464
 20
988.3362894876155
 10
1705.2924278326454
 20
982.3362894876155
 10
1705.2924278326452
 20
976.3362894876155
 10
1705.2924278326445
 20
970.3362894876155
 10
1705.292427832644
 20
964.3362894876155
 10
1701.79242817058
 20
961.836289149679
 10
1695.79242817058
 20
961.8362891496784
 10
1689.79242817058
 20
961.8362891496777
 10
1683.79242817058
 20
961.8362891496772
 10
1677.79242817058
 20
961.8362891496765
 10
1671.79242817058
 20
961.8362891496758
 10
1665.79242817058
 20
961.8362891496753
 10
1659.79242817058
 20
961.8362891496746
 10
1653.79242817058
 20
961.8362891496739
 10
1647.79242817058
 20
961.8362891496732
 10
1641.79242817058
 20
961.8362891496727
 10
1635.79242817058
 20
961.836289149672
 10
1629.79242817058
 20
961.8362891496713
 10
1623.79242817058
 20
961.8362891496708
 10
1617.79242817058
 20
961.8362891496702
  0
TEXT
  5
395
330
17
100
AcDbEntity
  8
FLOOR_6_FASCADE_COLUMNS
100
AcDbText
 10
1709.8656090873596
 20
1004.6882856585494
 30
0.0
 40
12.0
  1
23 FT
 50
-130.34174574783782
 72
1
 11
1709.8656090873596
 21
1004.6882856585494
 31
0.0
100
AcDbText
 73
2
  0
LWPOLYLINE
  5
396
330
17
100
AcDbEntity
  8
FLOOR_6_FASCADE_COLUMNS
100
AcDbPolyline
 90
36
 70
0
 10
1617.79242817058
 20
961.8362891496702
 10
1611.79242817058
 20
961.8362891496695
 10
1605.79242817058
 20
961.8362891496688
 10
1599.79242817058
 20
961.8362891496683
 10
1593.79242817058
 20
961.8362891496677
 10
1587.79242817058
 20
961.836289149667
 10
1581.79242817058
 20
961.8362891496664
 10
1575.79242817058
 20
961.8362891496657
 10
1569.79242817058
 20
961.836289149665
 10
1563.79242817058
 20
961.8362891496644
 10
1557.79242817058
 20
961.8362891496638
 10
1551.79242817058
 20
961.8362891496631
 10
1545.79242817058
 20
961.8362891496624
 10
1539.79242817058
 20
961.836289149662
 10
1533.79242817058
 20
961.8362891496613
 10
1527.79242817058
 20
961.8362891496606
 10
1521.79242817058
 20
961.8362891496599
 10
1515.79242817058
 20
961.8362891496595
 10
1509.79242817058
 20
961.8362891496588
 10
1503.79242817058
 20
961.8362891496581
 10
1497.79242817058
 20
961.8362891496575
 10
1491.79242817058
 20
961.8362891496569
 10
1485.79242817058
 20
961.8362891496562
 10
1479.79242817058
 20
961.8362891496555
 10
1473.79242817058
 20
961.8362891496549
 10
1467.79242817058
 20
961.8362891496542
 10
1461.79242817058
 20
961.8362891496536
 10
1455.79242817058
 20
961.8362891496531
 10
1449.79242817058
 20
961.8362891496524
 10
1443.79242817058
 20
961.8362891496517
 10
1437.79242817058
 20
961.8362891496511
 10
1431.79242817058
 20
961.8362891496506
 10
1425.79242817058
 20
961.8362891496499
 10
1419.79242817058
 20
961.8362891496492
 10
1413.79242817058
 20
961.8362891496487
 10
1407.79242817058
 20
961.836289149648
  0
TEXT
  5
397
330
17
100
AcDbEntity
  8
FLOOR_6_FASCADE_COLUMNS
100
AcDbText
 10
1512.7924281705807
 20
955.836289149659
 30
0.0
 40
12.0
  1
18 FT
 50
-179.99999999999397
 72
1
 11
1512.7924281705807
 21
955.836289149659
 31
0.0
100
AcDbText
 73
2
  0
LWPOLYLINE
  5
398
330
17
100
AcDbEntity
  8
FLOOR_6_FASCADE_COLUMNS
100
AcDbPolyline
 90
21
 70
0
 10
1407.79242817058
 20
961.836289149648
 10
1401.79242817058
 20
961.8362891496473
 10
1395.79242817058
 20
961.8362891496466
 10
1389.79242817058
 20
961.8362891496461
 10
1383.79242817058
 20
961.8362891496454
 10
1377.79242817058
 20
961.8362891496447
 10
1371.79242817058
 20
961.8362891496442
 10
1365.79242817058
 20
961.8362891496436
 10
1359.79242817058
 20
961.8362891496429
 10
1353.79242817058
 20
961.8362891496422
 10
1347.79242817058
 20
961.8362891496417
 10
1341.79242817058
 20
961.8362891496411
 10
1335.79242817058
 20
961.8362891496404
 10
1329.79242817058
 20
961.8362891496398
 10
1323.79242817058
 20
961.8362891496391
 10
1317.79242817058
 20
961.8362891496384
 10
1311.79242817058
 20
961.8362891496378
 10
1305.79242817058
 20
961.8362891496372
 10
1299.79242817058
 20
961.8362891496365
 10
1293.79242817058
 20
961.8362891496358
 10
1291.7924278326518
 20
961.8362891497047
  0
TEXT
  5
399
330
17
100
AcDbEntity
  8
FLOOR_6_FASCADE_COLUMNS
100
AcDbText
 10
1349.7924280016132
 20
955.8362891496419
 30
0.0
 40
12.0
  1
10 FT
 50
179.99999999997195
 72
1
 11
1349.7924280016132
 21
955.8362891496419
 31
0.0
100
AcDbText
 73
2
  0
CIRCLE
  5
3A0
330
17
100
AcDbEntity
  8
FLOOR_7_DATUM
100
AcDbCircle
 10
1041.7866172632048
 20
292.8362891496661
 30
0.0
 40
24.0
  0
LINE
  5
3A1
330
17
100
AcDbEntity
  8
FLOOR_7_DATUM
100
AcDbLine
 10
1005.7866172632048
 20
292.8362891496661
 30
0.0
 11
1077.7866172632048
 21
292.8362891496661
 31
0.0
  0
LINE
  5
3A2
330
17
100
AcDbEntity
  8
FLOOR_7_DATUM
100
AcDbLine
 10
1041.7866172632048
 20
256.8362891496661
 30
0.0
 11
1041.7866172632048
 21
328.8362891496661
 31
0.0
  0
TEXT
  5
3A3
330
17
100
AcDbEntity
  8
FLOOR_7_DATUM
100
AcDbText
 10
1083.7866172632048
 20
286.8362891496661
 30
0.0
 40
12.0
  1
DATUM·USER
100
AcDbText
  0
LWPOLYLINE
  5
3A4
330
17
100
AcDbEntity
  8
FLOOR_7_BOUNDARY
100
AcDbPolyline
 90
7
 70
1
 10
664.7924278326464
 20
292.83628914969086
 10
1531.5424278326227
 20
292.83628914969086
 10
1705.2924278326577
 20
292.8362891496536
 10
1705.2924278326577
 20
153.58628914968997
 10
1705.292427832645
 20
1.8362891496791125
 10
664.7924278326464
 20
1.8362891496791125
 10
664.7924278326464
 20
292.83628914969086
  0
POINT
  5
3A5
330
17
100
AcDbEntity
  8
FLOOR_7_COLUMNS
100
AcDbPoint
 10
670.792427832643
 20
280.83628914967744
 30
0.0
  0
POINT
  5
3A6
330
17
100
AcDbEntity
  8
FLOOR_7_COLUMNS
100
AcDbPoint
 10
839.786617263203
 20
280.83628914967574
 30
0.0
  0
POINT
  5
3A7
330
17
100
AcDbEntity
  8
FLOOR_7_COLUMNS
100
AcDbPoint
 10
1052.7924278326425
 20
7.836289149677522
 30
0.0
  0
POINT
  5
3A8
330
17
100
AcDbEntity
  8
FLOOR_7_COLUMNS
100
AcDbPoint
 10
1170.7924278326432
 20
7.836289149681615
 30
0.0
  0
POINT
  5
3A9
330
17
100
AcDbEntity
  8
FLOOR_7_COLUMNS
100
AcDbPoint
 10
1281.792427832646
 20
7.836289149700256
 30
0.0
  0
POINT
  5
3AA
330
17
100
AcDbEntity
  8
FLOOR_7_COLUMNS
100
AcDbPoint
 10
1532.9524273604006
 20
7.836289149697985
 30
0.0
  0
POINT
  5
3AB
330
17
100
AcDbEntity
  8
FLOOR_7_COLUMNS
100
AcDbPoint
 10
1699.2924278326427
 20
13.836289149677064
 30
0.0
  0
POINT
  5
3AC
330
17
100
AcDbEntity
  8
FLOOR_7_COLUMNS
100
AcDbPoint
 10
1474.2924278326507
 20
287.8362891496794
 30
0.0
  0
POINT
  5
3AD
330
17
100
AcDbEntity
  8
FLOOR_7_COLUMNS
100
AcDbPoint
 10
1690.29242783265
 20
287.83628914967613
 30
0.0
  0
LWPOLYLINE
  5
3AF
330
17
100
AcDbEntity
  8
FLOOR_7_TRIBUTARY_COL_0
100
AcDbPolyline
 90
13
 70
1
 10
755.2895225479218
 20
159.58440935393304
 10
752.7924278326464
 20
158.7675159154786
 10
740.7924278326464
 20
155.37718134298774
 10
728.7924278326464
 20
152.52216275562694
 10
716.7924278326464
 20
150.20246015339632
 10
704.7924278326464
 20
148.41807353629576
 10
692.7924278326464
 20
147.1690029043254
 10
680.7924278326464
 20
146.4552482574851
 10
669.7924278326464
 20
146.29167948425075
 10
664.7924278326464
 20
146.40320364781945
 10
664.7924278326464
 20
292.83628914969086
 10
755.2895225479232
 20
292.83628914969086
 10
755.2895225479218
 20
159.58440935393304
  0
LWPOLYLINE
  5
3B0
330
17
100
AcDbEntity
  8
FLOOR_7_LARGE_TRIBUTARY
100
AcDbPolyline
 90
13
 70
1
 10
755.2895225479218
 20
159.58440935393304
 10
752.7924278326464
 20
158.7675159154786
 10
740.7924278326464
 20
155.37718134298774
 10
728.7924278326464
 20
152.52216275562694
 10
716.7924278326464
 20
150.20246015339632
 10
704.7924278326464
 20
148.41807353629576
 10
692.7924278326464
 20
147.1690029043254
 10
680.7924278326464
 20
146.4552482574851
 10
669.7924278326464
 20
146.29167948425075
 10
664.7924278326464
 20
146.40320364781945
 10
664.7924278326464
 20
292.83628914969086
 10
755.2895225479232
 20
292.83628914969086
 10
755.2895225479218
 20
159.58440935393304
  0
LWPOLYLINE
  5
3B2
330
17
100
AcDbEntity
  8
FLOOR_7_TRIBUTARY_COL_1
100
AcDbPolyline
 90
20
 70
1
 10
940.7866181770464
 20
286.83625838359865
 10
940.7866163493588
 20
274.83625838359865
 10
940.0737432345423
 20
262.83625838359865
 10
938.6479988325972
 20
250.83625838359862
 10
936.5093831435233
 20
238.83625838359862
 10
933.6578961673208
 20
226.83625838359862
 10
930.0935379039895
 20
214.83625838359862
 10
925.8163083535295
 20
202.83625838359862
 10
902.6061783975235
 20
147.02144250371327
 10
836.7924278326462
 20
146.28603853693772
 10
824.7924278326462
 20
146.6872663182265
 10
812.7924278326462
 20
147.6238100846454
 10
800.7924278326462
 20
149.09566983619445
 10
788.7924278326462
 20
151.10284557287358
 10
776.7924278326462
 20
153.6453372946828
 10
764.7924278326462
 20
156.72314500162216
 10
755.2895225479218
 20
159.58440935393304
 10
755.2895225479232
 20
292.83628914969086
 10
940.4301816196421
 20
292.83628914969086
 10
940.7866181770464
 20
286.83625838359865
  0
LWPOLYLINE
  5
3B3
330
17
100
AcDbEntity
  8
FLOOR_7_LARGE_TRIBUTARY
100
AcDbPolyline
 90
20
 70
1
 10
940.7866181770464
 20
286.83625838359865
 10
940.7866163493588
 20
274.83625838359865
 10
940.0737432345423
 20
262.83625838359865
 10
938.6479988325972
 20
250.83625838359862
 10
936.5093831435233
 20
238.83625838359862
 10
933.6578961673208
 20
226.83625838359862
 10
930.0935379039895
 20
214.83625838359862
 10
925.8163083535295
 20
202.83625838359862
 10
902.6061783975235
 20
147.02144250371327
 10
836.7924278326462
 20
146.28603853693772
 10
824.7924278326462
 20
146.6872663182265
 10
812.7924278326462
 20
147.6238100846454
 10
800.7924278326462
 20
149.09566983619445
 10
788.7924278326462
 20
151.10284557287358
 10
776.7924278326462
 20
153.6453372946828
 10
764.7924278326462
 20
156.72314500162216
 10
755.2895225479218
 20
159.58440935393304
 10
755.2895225479232
 20
292.83628914969086
 10
940.4301816196421
 20
292.83628914969086
 10
940.7866181770464
 20
286.83625838359865
  0
LWPOLYLINE
  5
3B5
330
17
100
AcDbEntity
  8
FLOOR_7_TRIBUTARY_COL_2
100
AcDbPolyline
 90
12
 70
1
 10
948.1327720009045
 20
27.70435798333137
 10
949.4458062665587
 20
96.63865693015322
 10
998.1051347677139
 20
99.47217777193086
 10
1055.7866480292757
 20
100.40935575889975
 10
1067.7866480292757
 20
99.82594688128026
 10
1079.7866480292757
 20
98.46415962528235
 10
1091.7866480292757
 20
96.32399399090602
 10
1103.7866480292757
 20
93.40544997815127
 10
1111.79242783264
 20
90.93905442702301
 10
1111.7924278326432
 20
1.8362891496791125
 10
948.8789662941826
 20
1.8362891496791125
 10
948.1327720009045
 20
27.70435798333137
  0
LWPOLYLINE
  5
3B6
330
17
100
AcDbEntity
  8
FLOOR_7_LARGE_TRIBUTARY
100
AcDbPolyline
 90
12
 70
1
 10
948.1327720009045
 20
27.70435798333137
 10
949.4458062665587
 20
96.63865693015322
 10
998.1051347677139
 20
99.47217777193086
 10
1055.7866480292757
 20
100.40935575889975
 10
1067.7866480292757
 20
99.82594688128026
 10
1079.7866480292757
 20
98.46415962528235
 10
1091.7866480292757
 20
96.32399399090602
 10
1103.7866480292757
 20
93.40544997815127
 10
1111.79242783264
 20
90.93905442702301
 10
1111.7924278326432
 20
1.8362891496791125
 10
948.8789662941826
 20
1.8362891496791125
 10
948.1327720009045
 20
27.70435798333137
  0
LWPOLYLINE
  5
3B8
330
17
100
AcDbEntity
  8
FLOOR_7_TRIBUTARY_COL_3
100
AcDbPolyline
 90
10
 70
1
 10
1111.79242783264
 20
90.93905442702301
 10
1115.7866480292757
 20
92.25619236108864
 10
1127.7866480292757
 20
95.43494564563164
 10
1139.7866480292757
 20
97.83532055179622
 10
1151.7866480292757
 20
99.45731707958234
 10
1207.517432558535
 20
103.37527552205003
 10
1226.2924278326284
 20
103.87254426556865
 10
1226.2924278326454
 20
1.8362891496791125
 10
1111.7924278326432
 20
1.8362891496791125
 10
1111.79242783264
 20
90.93905442702301
  0
LWPOLYLINE
  5
3B9
330
17
100
AcDbEntity
  8
FLOOR_7_LARGE_TRIBUTARY
100
AcDbPolyline
 90
10
 70
1
 10
1111.79242783264
 20
90.93905442702301
 10
1115.7866480292757
 20
92.25619236108864
 10
1127.7866480292757
 20
95.43494564563164
 10
1139.7866480292757
 20
97.83532055179622
 10
1151.7866480292757
 20
99.45731707958234
 10
1207.517432558535
 20
103.37527552205003
 10
1226.2924278326284
 20
103.87254426556865
 10
1226.2924278326454
 20
1.8362891496791125
 10
1111.7924278326432
 20
1.8362891496791125
 10
1111.79242783264
 20
90.93905442702301
  0
LWPOLYLINE
  5
3BB
330
17
100
AcDbEntity
  8
FLOOR_7_TRIBUTARY_COL_4
100
AcDbPolyline
 90
6
 70
1
 10
1226.2924278326284
 20
103.87254426556865
 10
1340.2502587081885
 20
173.81840542275833
 10
1407.3724275965242
 20
127.67191431202303
 10
1407.372427596523
 20
1.8362891496791125
 10
1226.2924278326454
 20
1.8362891496791125
 10
1226.2924278326284
 20
103.87254426556865
  0
LWPOLYLINE
  5
3BC
330
17
100
AcDbEntity
  8
FLOOR_7_LARGE_TRIBUTARY
100
AcDbPolyline
 90
6
 70
1
 10
1226.2924278326284
 20
103.87254426556865
 10
1340.2502587081885
 20
173.81840542275833
 10
1407.3724275965242
 20
127.67191431202303
 10
1407.372427596523
 20
1.8362891496791125
 10
1226.2924278326454
 20
1.8362891496791125
 10
1226.2924278326284
 20
103.87254426556865
  0
LWPOLYLINE
  5
3BE
330
17
100
AcDbEntity
  8
FLOOR_7_TRIBUTARY_COL_5
100
AcDbPolyline
 90
6
 70
1
 10
1407.3724275965242
 20
127.67191431202303
 10
1582.2924278326486
 20
164.3176540664721
 10
1611.1716040946462
 20
148.08961975682473
 10
1616.447063882722
 20
1.8362891496791125
 10
1407.372427596523
 20
1.8362891496791125
 10
1407.3724275965242
 20
127.67191431202303
  0
LWPOLYLINE
  5
3BF
330
17
100
AcDbEntity
  8
FLOOR_7_LARGE_TRIBUTARY
100
AcDbPolyline
 90
6
 70
1
 10
1407.3724275965242
 20
127.67191431202303
 10
1582.2924278326486
 20
164.3176540664721
 10
1611.1716040946462
 20
148.08961975682473
 10
1616.447063882722
 20
1.8362891496791125
 10
1407.372427596523
 20
1.8362891496791125
 10
1407.3724275965242
 20
127.67191431202303
  0
LWPOLYLINE
  5
3C1
330
17
100
AcDbEntity
  8
FLOOR_7_TRIBUTARY_COL_6
100
AcDbPolyline
 90
5
 70
1
 10
1611.1716040946462
 20
148.08961975682473
 10
1705.2924278326575
 20
151.1811796606256
 10
1705.292427832645
 20
1.8362891496791125
 10
1616.447063882722
 20
1.8362891496791125
 10
1611.1716040946462
 20
148.08961975682473
  0
LWPOLYLINE
  5
3C2
330
17
100
AcDbEntity
  8
FLOOR_7_LARGE_TRIBUTARY
100
AcDbPolyline
 90
5
 70
1
 10
1611.1716040946462
 20
148.08961975682473
 10
1705.2924278326575
 20
151.1811796606256
 10
1705.292427832645
 20
1.8362891496791125
 10
1616.447063882722
 20
1.8362891496791125
 10
1611.1716040946462
 20
148.08961975682473
  0
LWPOLYLINE
  5
3C4
330
17
100
AcDbEntity
  8
FLOOR_7_TRIBUTARY_COL_7
100
AcDbPolyline
 90
9
 70
1
 10
1582.2924278326486
 20
164.3176540664721
 10
1407.3724275965242
 20
127.67191431202303
 10
1340.2502587081885
 20
173.81840542275833
 10
1321.0719250413379
 20
238.83629736659887
 10
1319.9828046858047
 20
286.8362891496672
 10
1320.080047591338
 20
292.83628914969086
 10
1531.5424278326227
 20
292.83628914969086
 10
1582.2924278326507
 20
292.83628914968
 10
1582.2924278326486
 20
164.3176540664721
  0
LWPOLYLINE
  5
3C5
330
17
100
AcDbEntity
  8
FLOOR_7_LARGE_TRIBUTARY
100
AcDbPolyline
 90
9
 70
1
 10
1582.2924278326486
 20
164.3176540664721
 10
1407.3724275965242
 20
127.67191431202303
 10
1340.2502587081885
 20
173.81840542275833
 10
1321.0719250413379
 20
238.83629736659887
 10
1319.9828046858047
 20
286.8362891496672
 10
1320.080047591338
 20
292.83628914969086
 10
1531.5424278326227
 20
292.83628914969086
 10
1582.2924278326507
 20
292.83628914968
 10
1582.2924278326486
 20
164.3176540664721
  0
LWPOLYLINE
  5
3C7
330
17
100
AcDbEntity
  8
FLOOR_7_TRIBUTARY_COL_8
100
AcDbPolyline
 90
7
 70
1
 10
1611.1716040946462
 20
148.08961975682473
 10
1582.2924278326486
 20
164.3176540664721
 10
1582.2924278326507
 20
292.83628914968
 10
1705.2924278326577
 20
292.8362891496536
 10
1705.2924278326577
 20
153.58628914968997
 10
1705.2924278326575
 20
151.1811796606256
 10
1611.1716040946462
 20
148.08961975682473
  0
LWPOLYLINE
  5
3C8
330
17
100
AcDbEntity
  8
FLOOR_7_LARGE_TRIBUTARY
100
AcDbPolyline
 90
7
 70
1
 10
1611.1716040946462
 20
148.08961975682473
 10
1582.2924278326486
 20
164.3176540664721
 10
1582.2924278326507
 20
292.83628914968
 10
1705.2924278326577
 20
292.8362891496536
 10
1705.2924278326577
 20
153.58628914968997
 10
1705.2924278326575
 20
151.1811796606256
 10
1611.1716040946462
 20
148.08961975682473
  0
LWPOLYLINE
  5
3CA
330
17
100
AcDbEntity
  8
FLOOR_7_WALL_TRIBUTARY_0
100
AcDbPolyline
 90
40
 70
1
 10
930.0935379039895
 20
214.83625838359862
 10
933.6578961673208
 20
226.83625838359862
 10
936.5093831435233
 20
238.83625838359862
 10
938.6479988325972
 20
250.83625838359862
 10
940.0737432345423
 20
262.83625838359865
 10
940.7866163493588
 20
274.83625838359865
 10
940.7866181770464
 20
286.83625838359865
 10
940.4301816196421
 20
292.83628914969086
 10
1047.7866018801337
 20
292.83628914969086
 10
1059.7865864971395
 20
292.83628914969086
 10
1071.7865864971395
 20
292.83628914969086
 10
1083.7865864971395
 20
292.83628914969086
 10
1095.7865864971395
 20
292.83628914969086
 10
1107.7865864971395
 20
292.83628914969086
 10
1119.7865864971395
 20
292.83628914969086
 10
1131.7865864971395
 20
292.83628914969086
 10
1143.7865864971395
 20
292.83628914969086
 10
1155.7865864971395
 20
292.83628914969086
 10
1163.7866090462767
 20
292.83628914969086
 10
1320.080047591338
 20
292.83628914969086
 10
1319.9828046858047
 20
286.8362891496672
 10
1321.0719250413379
 20
238.83629736659887
 10
1340.2502587081885
 20
173.81840542275833
 10
1226.2924278326284
 20
103.87254426556865
 10
1207.517432558535
 20
103.37527552205003
 10
1151.7866480292757
 20
99.45731707958234
 10
1139.7866480292757
 20
97.83532055179622
 10
1127.7866480292757
 20
95.43494564563164
 10
1115.7866480292757
 20
92.25619236108864
 10
1111.79242783264
 20
90.93905442702301
 10
1103.7866480292757
 20
93.40544997815127
 10
1091.7866480292757
 20
96.32399399090602
 10
1079.7866480292757
 20
98.46415962528235
 10
1067.7866480292757
 20
99.82594688128026
 10
1055.7866480292757
 20
100.40935575889975
 10
998.1051347677139
 20
99.47217777193086
 10
949.4458062665587
 20
96.63865693015322
 10
902.6061783975235
 20
147.02144250371327
 10
925.8163083535295
 20
202.83625838359862
 10
930.0935379039895
 20
214.83625838359862
  0
LWPOLYLINE
  5
3CB
330
17
100
AcDbEntity
  8
FLOOR_7_LARGE_TRIBUTARY
100
AcDbPolyline
 90
40
 70
1
 10
930.0935379039895
 20
214.83625838359862
 10
933.6578961673208
 20
226.83625838359862
 10
936.5093831435233
 20
238.83625838359862
 10
938.6479988325972
 20
250.83625838359862
 10
940.0737432345423
 20
262.83625838359865
 10
940.7866163493588
 20
274.83625838359865
 10
940.7866181770464
 20
286.83625838359865
 10
940.4301816196421
 20
292.83628914969086
 10
1047.7866018801337
 20
292.83628914969086
 10
1059.7865864971395
 20
292.83628914969086
 10
1071.7865864971395
 20
292.83628914969086
 10
1083.7865864971395
 20
292.83628914969086
 10
1095.7865864971395
 20
292.83628914969086
 10
1107.7865864971395
 20
292.83628914969086
 10
1119.7865864971395
 20
292.83628914969086
 10
1131.7865864971395
 20
292.83628914969086
 10
1143.7865864971395
 20
292.83628914969086
 10
1155.7865864971395
 20
292.83628914969086
 10
1163.7866090462767
 20
292.83628914969086
 10
1320.080047591338
 20
292.83628914969086
 10
1319.9828046858047
 20
286.8362891496672
 10
1321.0719250413379
 20
238.83629736659887
 10
1340.2502587081885
 20
173.81840542275833
 10
1226.2924278326284
 20
103.87254426556865
 10
1207.517432558535
 20
103.37527552205003
 10
1151.7866480292757
 20
99.45731707958234
 10
1139.7866480292757
 20
97.83532055179622
 10
1127.7866480292757
 20
95.43494564563164
 10
1115.7866480292757
 20
92.25619236108864
 10
1111.79242783264
 20
90.93905442702301
 10
1103.7866480292757
 20
93.40544997815127
 10
1091.7866480292757
 20
96.32399399090602
 10
1079.7866480292757
 20
98.46415962528235
 10
1067.7866480292757
 20
99.82594688128026
 10
1055.7866480292757
 20
100.40935575889975
 10
998.1051347677139
 20
99.47217777193086
 10
949.4458062665587
 20
96.63865693015322
 10
902.6061783975235
 20
147.02144250371327
 10
925.8163083535295
 20
202.83625838359862
 10
930.0935379039895
 20
214.83625838359862
  0
TEXT
  5
3CC
330
17
100
AcDbEntity
  8
FLOOR_7_AREA_LABELS
100
AcDbText
 10
1118.471753220154
 20
198.12308514489072
 30
0.0
 40
24.0
  1
513 SF
 72
1
 11
1118.471753220154
 21
198.12308514489072
 31
0.0
100
AcDbText
 73
2
  0
LWPOLYLINE
  5
3CE
330
17
100
AcDbEntity
  8
FLOOR_7_WALL_TRIBUTARY_1
100
AcDbPolyline
 90
39
 70
1
 10
742.7924278326464
 20
1.8362891496791125
 10
730.7924278326464
 20
1.8362891496791125
 10
718.7924278326464
 20
1.8362891496791125
 10
706.7924278326464
 20
1.8362891496791125
 10
694.7924278326464
 20
1.8362891496791125
 10
682.7924278326464
 20
1.8362891496791125
 10
670.7924278326464
 20
1.8362891496791125
 10
664.7924278326464
 20
1.8362891496791125
 10
664.7924278326464
 20
6.8362891496791125
 10
664.7924278326464
 20
146.40320364781945
 10
669.7924278326464
 20
146.29167948425075
 10
680.7924278326464
 20
146.4552482574851
 10
692.7924278326464
 20
147.1690029043254
 10
704.7924278326464
 20
148.41807353629576
 10
716.7924278326464
 20
150.20246015339632
 10
728.7924278326464
 20
152.52216275562694
 10
740.7924278326464
 20
155.37718134298774
 10
752.7924278326464
 20
158.7675159154786
 10
755.2895225479218
 20
159.58440935393304
 10
764.7924278326462
 20
156.72314500162216
 10
776.7924278326462
 20
153.6453372946828
 10
788.7924278326462
 20
151.10284557287358
 10
800.7924278326462
 20
149.09566983619445
 10
812.7924278326462
 20
147.6238100846454
 10
824.7924278326462
 20
146.6872663182265
 10
836.7924278326462
 20
146.28603853693772
 10
902.6061783975235
 20
147.02144250371327
 10
949.4458062665587
 20
96.63865693015322
 10
948.1327720009045
 20
27.70435798333137
 10
948.8789662941826
 20
1.8362891496791125
 10
838.7924278326464
 20
1.8362891496791125
 10
826.7924278326464
 20
1.8362891496791125
 10
814.7924278326464
 20
1.8362891496791125
 10
802.7924278326464
 20
1.8362891496791125
 10
790.7924278326464
 20
1.8362891496791125
 10
778.7924278326464
 20
1.8362891496791125
 10
766.7924278326464
 20
1.8362891496791125
 10
754.7924278326464
 20
1.8362891496791125
 10
742.7924278326464
 20
1.8362891496791125
  0
LWPOLYLINE
  5
3CF
330
17
100
AcDbEntity
  8
FLOOR_7_LARGE_TRIBUTARY
100
AcDbPolyline
 90
39
 70
1
 10
742.7924278326464
 20
1.8362891496791125
 10
730.7924278326464
 20
1.8362891496791125
 10
718.7924278326464
 20
1.8362891496791125
 10
706.7924278326464
 20
1.8362891496791125
 10
694.7924278326464
 20
1.8362891496791125
 10
682.7924278326464
 20
1.8362891496791125
 10
670.7924278326464
 20
1.8362891496791125
 10
664.7924278326464
 20
1.8362891496791125
 10
664.7924278326464
 20
6.8362891496791125
 10
664.7924278326464
 20
146.40320364781945
 10
669.7924278326464
 20
146.29167948425075
 10
680.7924278326464
 20
146.4552482574851
 10
692.7924278326464
 20
147.1690029043254
 10
704.7924278326464
 20
148.41807353629576
 10
716.7924278326464
 20
150.20246015339632
 10
728.7924278326464
 20
152.52216275562694
 10
740.7924278326464
 20
155.37718134298774
 10
752.7924278326464
 20
158.7675159154786
 10
755.2895225479218
 20
159.58440935393304
 10
764.7924278326462
 20
156.72314500162216
 10
776.7924278326462
 20
153.6453372946828
 10
788.7924278326462
 20
151.10284557287358
 10
800.7924278326462
 20
149.09566983619445
 10
812.7924278326462
 20
147.6238100846454
 10
824.7924278326462
 20
146.6872663182265
 10
836.7924278326462
 20
146.28603853693772
 10
902.6061783975235
 20
147.02144250371327
 10
949.4458062665587
 20
96.63865693015322
 10
948.1327720009045
 20
27.70435798333137
 10
948.8789662941826
 20
1.8362891496791125
 10
838.7924278326464
 20
1.8362891496791125
 10
826.7924278326464
 20
1.8362891496791125
 10
814.7924278326464
 20
1.8362891496791125
 10
802.7924278326464
 20
1.8362891496791125
 10
790.7924278326464
 20
1.8362891496791125
 10
778.7924278326464
 20
1.8362891496791125
 10
766.7924278326464
 20
1.8362891496791125
 10
754.7924278326464
 20
1.8362891496791125
 10
742.7924278326464
 20
1.8362891496791125
  0
TEXT
  5
3D0
330
17
100
AcDbEntity
  8
FLOOR_7_AREA_LABELS
100
AcDbText
 10
802.3856517957482
 20
74.00683473736196
 30
0.0
 40
24.0
  1
283 SF
 72
1
 11
802.3856517957482
 21
74.00683473736196
 31
0.0
100
AcDbText
 73
2
  0
TEXT
  5
3D1
330
17
100
AcDbEntity
  8
FLOOR_7_AREA_LABELS
100
AcDbText
 10
709.3420528649721
 20
221.58566377930774
 30
0.0
 40
24.0
  1
90 SF
 72
1
 11
709.3420528649721
 21
221.58566377930774
 31
0.0
100
AcDbText
 73
2
  0
TEXT
  5
3D2
330
17
100
AcDbEntity
  8
FLOOR_7_AREA_LABELS
100
AcDbText
 10
842.9334676474565
 20
223.61984589578486
 30
0.0
 40
24.0
  1
173 SF
 72
1
 11
842.9334676474565
 21
223.61984589578486
 31
0.0
100
AcDbText
 73
2
  0
TEXT
  5
3D3
330
17
100
AcDbEntity
  8
FLOOR_7_AREA_LABELS
100
AcDbText
 10
1029.9416782976937
 20
50.082219977258156
 30
0.0
 40
24.0
  1
110 SF
 72
1
 11
1029.9416782976937
 21
50.082219977258156
 31
0.0
100
AcDbText
 73
2
  0
TEXT
  5
3D4
330
17
100
AcDbEntity
  8
FLOOR_7_AREA_LABELS
100
AcDbText
 10
1170.1434535532028
 20
50.90336075660238
 30
0.0
 40
24.0
  1
78 SF
 72
1
 11
1170.1434535532028
 21
50.90336075660238
 31
0.0
100
AcDbText
 73
2
  0
TEXT
  5
3D5
330
17
100
AcDbEntity
  8
FLOOR_7_AREA_LABELS
100
AcDbText
 10
1320.8889400932505
 20
73.80284947110263
 30
0.0
 40
24.0
  1
178 SF
 72
1
 11
1320.8889400932505
 21
73.80284947110263
 31
0.0
100
AcDbText
 73
2
  0
TEXT
  5
3D6
330
17
100
AcDbEntity
  8
FLOOR_7_AREA_LABELS
100
AcDbText
 10
1514.5309595993006
 20
74.70930138637577
 30
0.0
 40
24.0
  1
209 SF
 72
1
 11
1514.5309595993006
 21
74.70930138637577
 31
0.0
100
AcDbText
 73
2
  0
TEXT
  5
3D7
330
17
100
AcDbEntity
  8
FLOOR_7_AREA_LABELS
100
AcDbText
 10
1659.692897087541
 20
76.45592034736748
 30
0.0
 40
24.0
  1
94 SF
 72
1
 11
1659.692897087541
 21
76.45592034736748
 31
0.0
100
AcDbText
 73
2
  0
TEXT
  5
3D8
330
17
100
AcDbEntity
  8
FLOOR_7_AREA_LABELS
100
AcDbText
 10
1454.025411075366
 20
220.91533329091138
 30
0.0
 40
24.0
  1
257 SF
 72
1
 11
1454.025411075366
 21
220.91533329091138
 31
0.0
100
AcDbText
 73
2
  0
TEXT
  5
3D9
330
17
100
AcDbEntity
  8
FLOOR_7_AREA_LABELS
100
AcDbText
 10
1644.2384930213611
 20
221.9592267568046
 30
0.0
 40
24.0
  1
122 SF
 72
1
 11
1644.2384930213611
 21
221.9592267568046
 31
0.0
100
AcDbText
 73
2
  0
LWPOLYLINE
  5
3DC
330
17
100
AcDbEntity
  8
FLOOR_7_FASCADE_COLUMNS
100
AcDbPolyline
 90
16
 70
0
 10
664.7924278326464
 20
292.83628914969086
 10
670.7924278326464
 20
292.83628914969086
 10
676.7924278326464
 20
292.83628914969086
 10
682.7924278326464
 20
292.83628914969086
 10
688.7924278326464
 20
292.83628914969086
 10
694.7924278326464
 20
292.83628914969086
 10
700.7924278326464
 20
292.83628914969086
 10
706.7924278326464
 20
292.83628914969086
 10
712.7924278326464
 20
292.83628914969086
 10
718.7924278326464
 20
292.83628914969086
 10
724.7924278326464
 20
292.83628914969086
 10
730.7924278326464
 20
292.83628914969086
 10
736.7924278326464
 20
292.83628914969086
 10
742.7924278326464
 20
292.83628914969086
 10
748.7924278326464
 20
292.83628914969086
 10
754.7924278326464
 20
292.83628914969086
  0
TEXT
  5
3DD
330
17
100
AcDbEntity
  8
FLOOR_7_FASCADE_COLUMNS
100
AcDbText
 10
709.7924278326464
 20
298.83628914969086
 30
0.0
 40
12.0
  1
8 FT
 72
1
 11
709.7924278326464
 21
298.83628914969086
 31
0.0
100
AcDbText
 73
2
  0
LWPOLYLINE
  5
3DE
330
17
100
AcDbEntity
  8
FLOOR_7_FASCADE_COLUMNS
100
AcDbPolyline
 90
32
 70
0
 10
754.7924278326464
 20
292.83628914969086
 10
760.7924278326464
 20
292.83628914969086
 10
766.7924278326464
 20
292.83628914969086
 10
772.7924278326464
 20
292.83628914969086
 10
778.7924278326464
 20
292.83628914969086
 10
784.7924278326464
 20
292.83628914969086
 10
790.7924278326464
 20
292.83628914969086
 10
796.7924278326464
 20
292.83628914969086
 10
802.7924278326464
 20
292.83628914969086
 10
808.7924278326464
 20
292.83628914969086
 10
814.7924278326464
 20
292.83628914969086
 10
820.7924278326464
 20
292.83628914969086
 10
826.7924278326464
 20
292.83628914969086
 10
832.7924278326464
 20
292.83628914969086
 10
838.7924278326464
 20
292.83628914969086
 10
844.7924278326464
 20
292.83628914969086
 10
850.7924278326464
 20
292.83628914969086
 10
856.7924278326464
 20
292.83628914969086
 10
862.7924278326464
 20
292.83628914969086
 10
868.7924278326464
 20
292.83628914969086
 10
874.7924278326464
 20
292.83628914969086
 10
880.7924278326464
 20
292.83628914969086
 10
886.7924278326464
 20
292.83628914969086
 10
892.7924278326464
 20
292.83628914969086
 10
898.7924278326464
 20
292.83628914969086
 10
904.7924278326464
 20
292.83628914969086
 10
910.7924278326464
 20
292.83628914969086
 10
916.7924278326464
 20
292.83628914969086
 10
922.7924278326464
 20
292.83628914969086
 10
928.7924278326464
 20
292.83628914969086
 10
934.7924278326464
 20
292.83628914969086
 10
940.7924278326464
 20
292.83628914969086
  0
TEXT
  5
3DF
330
17
100
AcDbEntity
  8
FLOOR_7_FASCADE_COLUMNS
100
AcDbText
 10
847.7924278326464
 20
298.83628914969086
 30
0.0
 40
12.0
  1
16 FT
 72
1
 11
847.7924278326464
 21
298.83628914969086
 31
0.0
100
AcDbText
 73
2
  0
LWPOLYLINE
  5
3E0
330
17
100
AcDbEntity
  8
FLOOR_7_FASCADE_WALLS
100
AcDbPolyline
 90
64
 70
0
 10
940.7924278326464
 20
292.83628914969086
 10
946.7924278326464
 20
292.83628914969086
 10
952.7924278326464
 20
292.83628914969086
 10
958.7924278326464
 20
292.83628914969086
 10
964.7924278326464
 20
292.83628914969086
 10
970.7924278326464
 20
292.83628914969086
 10
976.7924278326464
 20
292.83628914969086
 10
982.7924278326464
 20
292.83628914969086
 10
988.7924278326464
 20
292.83628914969086
 10
994.7924278326464
 20
292.83628914969086
 10
1000.7924278326464
 20
292.83628914969086
 10
1006.7924278326464
 20
292.83628914969086
 10
1012.7924278326464
 20
292.83628914969086
 10
1018.7924278326464
 20
292.83628914969086
 10
1024.7924278326464
 20
292.83628914969086
 10
1030.7924278326464
 20
292.83628914969086
 10
1036.7924278326464
 20
292.83628914969086
 10
1042.7924278326464
 20
292.83628914969086
 10
1048.7924278326464
 20
292.83628914969086
 10
1054.7924278326464
 20
292.83628914969086
 10
1060.7924278326464
 20
292.83628914969086
 10
1066.7924278326464
 20
292.83628914969086
 10
1072.7924278326464
 20
292.83628914969086
 10
1078.7924278326464
 20
292.83628914969086
 10
1084.7924278326464
 20
292.83628914969086
 10
1090.7924278326464
 20
292.83628914969086
 10
1096.7924278326464
 20
292.83628914969086
 10
1102.7924278326464
 20
292.83628914969086
 10
1108.7924278326464
 20
292.83628914969086
 10
1114.7924278326464
 20
292.83628914969086
 10
1120.7924278326464
 20
292.83628914969086
 10
1126.7924278326464
 20
292.83628914969086
 10
1132.7924278326464
 20
292.83628914969086
 10
1138.7924278326461
 20
292.83628914969086
 10
1144.7924278326464
 20
292.83628914969086
 10
1150.7924278326464
 20
292.83628914969086
 10
1156.7924278326464
 20
292.83628914969086
 10
1162.7924278326464
 20
292.83628914969086
 10
1168.7924278326464
 20
292.83628914969086
 10
1174.7924278326464
 20
292.83628914969086
 10
1180.7924278326464
 20
292.83628914969086
 10
1186.7924278326464
 20
292.83628914969086
 10
1192.7924278326464
 20
292.83628914969086
 10
1198.7924278326464
 20
292.83628914969086
 10
1204.7924278326464
 20
292.83628914969086
 10
1210.7924278326461
 20
292.83628914969086
 10
1216.7924278326464
 20
292.83628914969086
 10
1222.7924278326464
 20
292.83628914969086
 10
1228.7924278326464
 20
292.83628914969086
 10
1234.7924278326464
 20
292.83628914969086
 10
1240.7924278326464
 20
292.83628914969086
 10
1246.7924278326464
 20
292.83628914969086
 10
1252.7924278326464
 20
292.83628914969086
 10
1258.7924278326464
 20
292.83628914969086
 10
1264.7924278326464
 20
292.83628914969086
 10
1270.7924278326464
 20
292.83628914969086
 10
1276.7924278326464
 20
292.83628914969086
 10
1282.7924278326464
 20
292.83628914969086
 10
1288.7924278326464
 20
292.83628914969086
 10
1294.7924278326464
 20
292.83628914969086
 10
1300.7924278326464
 20
292.83628914969086
 10
1306.7924278326464
 20
292.83628914969086
 10
1312.7924278326464
 20
292.83628914969086
 10
1318.7924278326464
 20
292.83628914969086
  0
TEXT
  5
3E1
330
17
100
AcDbEntity
  8
FLOOR_7_FASCADE_WALLS
100
AcDbText
 10
1129.7924278326464
 20
298.83628914969086
 30
0.0
 40
12.0
  1
32 FT
 72
1
 11
1129.7924278326464
 21
298.83628914969086
 31
0.0
100
AcDbText
 73
2
  0
LWPOLYLINE
  5
3E2
330
17
100
AcDbEntity
  8
FLOOR_7_FASCADE_COLUMNS
100
AcDbPolyline
 90
45
 70
0
 10
1318.7924278326464
 20
292.83628914969086
 10
1324.7924278326464
 20
292.83628914969086
 10
1330.7924278326464
 20
292.83628914969086
 10
1336.7924278326464
 20
292.83628914969086
 10
1342.7924278326464
 20
292.83628914969086
 10
1348.7924278326464
 20
292.83628914969086
 10
1354.7924278326464
 20
292.83628914969086
 10
1360.7924278326461
 20
292.83628914969086
 10
1366.7924278326464
 20
292.83628914969086
 10
1372.7924278326464
 20
292.83628914969086
 10
1378.7924278326464
 20
292.83628914969086
 10
1384.7924278326464
 20
292.83628914969086
 10
1390.7924278326464
 20
292.83628914969086
 10
1396.7924278326464
 20
292.83628914969086
 10
1402.7924278326464
 20
292.83628914969086
 10
1408.7924278326464
 20
292.83628914969086
 10
1414.7924278326464
 20
292.83628914969086
 10
1420.7924278326464
 20
292.83628914969086
 10
1426.7924278326464
 20
292.83628914969086
 10
1432.7924278326461
 20
292.83628914969086
 10
1438.7924278326464
 20
292.83628914969086
 10
1444.7924278326464
 20
292.83628914969086
 10
1450.7924278326464
 20
292.83628914969086
 10
1456.7924278326464
 20
292.83628914969086
 10
1462.7924278326464
 20
292.83628914969086
 10
1468.7924278326464
 20
292.83628914969086
 10
1474.7924278326464
 20
292.83628914969086
 10
1480.7924278326464
 20
292.83628914969086
 10
1486.7924278326464
 20
292.83628914969086
 10
1492.7924278326464
 20
292.83628914969086
 10
1498.7924278326464
 20
292.83628914969086
 10
1504.7924278326464
 20
292.83628914969086
 10
1510.7924278326464
 20
292.83628914969086
 10
1516.7924278326464
 20
292.83628914969086
 10
1522.7924278326464
 20
292.83628914969086
 10
1528.7924278326464
 20
292.83628914969086
 10
1534.7924278326464
 20
292.8362891496902
 10
1540.7924278326461
 20
292.83628914968887
 10
1546.7924278326461
 20
292.8362891496876
 10
1552.7924278326461
 20
292.8362891496863
 10
1558.7924278326461
 20
292.83628914968506
 10
1564.7924278326461
 20
292.83628914968375
 10
1570.7924278326461
 20
292.8362891496825
 10
1576.7924278326461
 20
292.8362891496812
 10
1582.7924278326461
 20
292.8362891496799
  0
TEXT
  5
3E3
330
17
100
AcDbEntity
  8
FLOOR_7_FASCADE_COLUMNS
100
AcDbText
 10
1450.7924278326464
 20
298.83628914969086
 30
0.0
 40
12.0
  1
22 FT
 50
-2.38715085910571e-12
 72
1
 11
1450.7924278326464
 21
298.83628914969086
 31
0.0
100
AcDbText
 73
2
  0
LWPOLYLINE
  5
3E4
330
17
100
AcDbEntity
  8
FLOOR_7_FASCADE_COLUMNS
100
AcDbPolyline
 90
45
 70
0
 10
1582.7924278326461
 20
292.8362891496799
 10
1588.7924278326461
 20
292.8362891496786
 10
1594.7924278326461
 20
292.8362891496773
 10
1600.7924278326461
 20
292.8362891496761
 10
1606.7924278326461
 20
292.8362891496747
 10
1612.7924278326461
 20
292.83628914967346
 10
1618.7924278326461
 20
292.83628914967215
 10
1624.7924278326461
 20
292.8362891496709
 10
1630.7924278326461
 20
292.8362891496696
 10
1636.7924278326461
 20
292.83628914966835
 10
1642.7924278326461
 20
292.836289149667
 10
1648.7924278326461
 20
292.83628914966573
 10
1654.7924278326461
 20
292.8362891496645
 10
1660.7924278326461
 20
292.8362891496632
 10
1666.7924278326461
 20
292.83628914966187
 10
1672.7924278326461
 20
292.83628914966056
 10
1678.7924278326461
 20
292.8362891496593
 10
1684.7924278326461
 20
292.836289149658
 10
1690.7924278326461
 20
292.83628914965675
 10
1696.7924278326461
 20
292.83628914965544
 10
1702.7924278326461
 20
292.8362891496542
 10
1705.2924278326577
 20
289.33628914966516
 10
1705.2924278326577
 20
283.33628914966516
 10
1705.2924278326577
 20
277.33628914966516
 10
1705.2924278326577
 20
271.33628914966516
 10
1705.2924278326577
 20
265.33628914966516
 10
1705.2924278326577
 20
259.33628914966516
 10
1705.2924278326577
 20
253.33628914966516
 10
1705.2924278326577
 20
247.33628914966516
 10
1705.2924278326577
 20
241.33628914966516
 10
1705.2924278326577
 20
235.33628914966516
 10
1705.2924278326577
 20
229.33628914966516
 10
1705.2924278326577
 20
223.33628914966516
 10
1705.2924278326577
 20
217.33628914966516
 10
1705.2924278326577
 20
211.33628914966516
 10
1705.2924278326577
 20
205.33628914966516
 10
1705.2924278326577
 20
199.33628914966516
 10
1705.2924278326577
 20
193.33628914966516
 10
1705.2924278326577
 20
187.33628914966516
 10
1705.2924278326577
 20
181.33628914966516
 10
1705.2924278326577
 20
175.33628914966516
 10
1705.2924278326577
 20
169.33628914966516
 10
1705.2924278326577
 20
163.33628914966516
 10
1705.2924278326577
 20
157.33628914966516
 10
1705.2924278326575
 20
151.33628914966508
  0
TEXT
  5
3E5
330
17
100
AcDbEntity
  8
FLOOR_7_FASCADE_COLUMNS
100
AcDbText
 10
1709.8286771946282
 20
286.4140121402153
 30
0.0
 40
12.0
  1
22 FT
 50
-49.116462418725014
 72
1
 11
1709.8286771946282
 21
286.4140121402153
 31
0.0
100
AcDbText
 73
2
  0
LWPOLYLINE
  5
3E6
330
17
100
AcDbEntity
  8
FLOOR_7_FASCADE_COLUMNS
100
AcDbPolyline
 90
41
 70
0
 10
1705.2924278326575
 20
151.33628914966508
 10
1705.2924278326573
 20
145.33628914966508
 10
1705.2924278326564
 20
139.33628914966508
 10
1705.2924278326561
 20
133.33628914966508
 10
1705.2924278326554
 20
127.33628914966508
 10
1705.292427832655
 20
121.33628914966508
 10
1705.2924278326545
 20
115.33628914966508
 10
1705.292427832654
 20
109.33628914966508
 10
1705.2924278326534
 20
103.33628914966508
 10
1705.2924278326532
 20
97.33628914966508
 10
1705.2924278326523
 20
91.33628914966508
 10
1705.292427832652
 20
85.33628914966508
 10
1705.2924278326514
 20
79.33628914966508
 10
1705.292427832651
 20
73.33628914966509
 10
1705.2924278326504
 20
67.33628914966508
 10
1705.29242783265
 20
61.33628914966506
 10
1705.2924278326493
 20
55.33628914966508
 10
1705.292427832649
 20
49.33628914966508
 10
1705.2924278326482
 20
43.33628914966508
 10
1705.292427832648
 20
37.33628914966508
 10
1705.2924278326473
 20
31.336289149665078
 10
1705.2924278326468
 20
25.336289149665078
 10
1705.2924278326464
 20
19.336289149665078
 10
1705.292427832646
 20
13.336289149665078
 10
1705.2924278326452
 20
7.3362891496650775
 10
1704.7924278326307
 20
1.8362891496791125
 10
1698.7924278326307
 20
1.8362891496791125
 10
1692.7924278326307
 20
1.8362891496791125
 10
1686.7924278326307
 20
1.8362891496791125
 10
1680.7924278326307
 20
1.8362891496791125
 10
1674.7924278326307
 20
1.8362891496791125
 10
1668.7924278326307
 20
1.8362891496791125
 10
1662.7924278326307
 20
1.8362891496791125
 10
1656.7924278326307
 20
1.8362891496791125
 10
1650.7924278326307
 20
1.8362891496791125
 10
1644.7924278326307
 20
1.8362891496791125
 10
1638.7924278326307
 20
1.8362891496791125
 10
1632.7924278326307
 20
1.8362891496791125
 10
1626.7924278326307
 20
1.8362891496791125
 10
1620.7924278326307
 20
1.8362891496791125
 10
1614.7924278326307
 20
1.8362891496791125
  0
TEXT
  5
3E7
330
17
100
AcDbEntity
  8
FLOOR_7_FASCADE_COLUMNS
100
AcDbText
 10
1710.425228179131
 20
28.467802197334883
 30
0.0
 40
12.0
  1
20 FT
 50
-121.18866520814822
 72
1
 11
1710.425228179131
 21
28.467802197334883
 31
0.0
100
AcDbText
 73
2
  0
LWPOLYLINE
  5
3E8
330
17
100
AcDbEntity
  8
FLOOR_7_FASCADE_COLUMNS
100
AcDbPolyline
 90
36
 70
0
 10
1614.7924278326307
 20
1.8362891496791125
 10
1608.7924278326307
 20
1.8362891496791125
 10
1602.7924278326307
 20
1.8362891496791125
 10
1596.7924278326307
 20
1.8362891496791125
 10
1590.7924278326307
 20
1.8362891496791125
 10
1584.7924278326307
 20
1.8362891496791125
 10
1578.7924278326307
 20
1.8362891496791125
 10
1572.7924278326307
 20
1.8362891496791125
 10
1566.792427832631
 20
1.8362891496791125
 10
1560.7924278326307
 20
1.8362891496791125
 10
1554.7924278326307
 20
1.8362891496791125
 10
1548.792427832631
 20
1.8362891496791125
 10
1542.7924278326307
 20
1.8362891496791125
 10
1536.7924278326307
 20
1.8362891496791125
 10
1530.792427832631
 20
1.8362891496791125
 10
1524.792427832631
 20
1.8362891496791125
 10
1518.792427832631
 20
1.8362891496791125
 10
1512.792427832631
 20
1.8362891496791125
 10
1506.792427832631
 20
1.8362891496791125
 10
1500.792427832631
 20
1.8362891496791125
 10
1494.792427832631
 20
1.8362891496791125
 10
1488.792427832631
 20
1.8362891496791125
 10
1482.792427832631
 20
1.8362891496791125
 10
1476.792427832631
 20
1.8362891496791125
 10
1470.792427832631
 20
1.8362891496791125
 10
1464.792427832631
 20
1.8362891496791125
 10
1458.792427832631
 20
1.8362891496791125
 10
1452.792427832631
 20
1.8362891496791125
 10
1446.792427832631
 20
1.8362891496791125
 10
1440.792427832631
 20
1.8362891496791125
 10
1434.792427832631
 20
1.8362891496791125
 10
1428.792427832631
 20
1.8362891496791125
 10
1422.792427832631
 20
1.8362891496791125
 10
1416.792427832631
 20
1.8362891496791125
 10
1410.792427832631
 20
1.8362891496791125
 10
1404.792427832631
 20
1.8362891496791125
  0
TEXT
  5
3E9
330
17
100
AcDbEntity
  8
FLOOR_7_FASCADE_COLUMNS
100
AcDbText
 10
1509.7924278326307
 20
-4.1637108503208875
 30
0.0
 40
12.0
  1
18 FT
 50
180.0
 72
1
 11
1509.7924278326307
 21
-4.1637108503208875
 31
0.0
100
AcDbText
 73
2
  0
LWPOLYLINE
  5
3EA
330
17
100
AcDbEntity
  8
FLOOR_7_FASCADE_COLUMNS
100
AcDbPolyline
 90
31
 70
0
 10
1404.792427832631
 20
1.8362891496791125
 10
1398.792427832631
 20
1.8362891496791125
 10
1392.792427832631
 20
1.8362891496791125
 10
1386.792427832631
 20
1.8362891496791125
 10
1380.792427832631
 20
1.8362891496791125
 10
1374.792427832631
 20
1.8362891496791125
 10
1368.792427832631
 20
1.8362891496791125
 10
1362.792427832631
 20
1.8362891496791125
 10
1356.792427832631
 20
1.8362891496791125
 10
1350.792427832631
 20
1.8362891496791125
 10
1344.792427832631
 20
1.8362891496791125
 10
1338.792427832631
 20
1.8362891496791125
 10
1332.792427832631
 20
1.8362891496791125
 10
1326.792427832631
 20
1.8362891496791125
 10
1320.792427832631
 20
1.8362891496791125
 10
1314.792427832631
 20
1.8362891496791125
 10
1308.792427832631
 20
1.8362891496791125
 10
1302.792427832631
 20
1.8362891496791125
 10
1296.792427832631
 20
1.8362891496791125
 10
1290.792427832631
 20
1.8362891496791125
 10
1284.792427832631
 20
1.8362891496791125
 10
1278.792427832631
 20
1.8362891496791125
 10
1272.792427832631
 20
1.8362891496791125
 10
1266.792427832631
 20
1.8362891496791125
 10
1260.792427832631
 20
1.8362891496791125
 10
1254.792427832631
 20
1.8362891496791125
 10
1248.792427832631
 20
1.8362891496791125
 10
1242.792427832631
 20
1.8362891496791125
 10
1236.792427832631
 20
1.8362891496791125
 10
1230.792427832631
 20
1.8362891496791125
 10
1224.792427832631
 20
1.8362891496791125
  0
TEXT
  5
3EB
330
17
100
AcDbEntity
  8
FLOOR_7_FASCADE_COLUMNS
100
AcDbText
 10
1314.792427832631
 20
-4.1637108503208875
 30
0.0
 40
12.0
  1
15 FT
 50
180.0
 72
1
 11
1314.792427832631
 21
-4.1637108503208875
 31
0.0
100
AcDbText
 73
2
  0
LWPOLYLINE
  5
3EC
330
17
100
AcDbEntity
  8
FLOOR_7_FASCADE_COLUMNS
100
AcDbPolyline
 90
20
 70
0
 10
1224.792427832631
 20
1.8362891496791125
 10
1218.792427832631
 20
1.8362891496791125
 10
1212.792427832631
 20
1.8362891496791125
 10
1206.792427832631
 20
1.8362891496791125
 10
1200.792427832631
 20
1.8362891496791125
 10
1194.792427832631
 20
1.8362891496791125
 10
1188.792427832631
 20
1.8362891496791125
 10
1182.792427832631
 20
1.8362891496791125
 10
1176.792427832631
 20
1.8362891496791125
 10
1170.792427832631
 20
1.8362891496791125
 10
1164.792427832631
 20
1.8362891496791125
 10
1158.792427832631
 20
1.8362891496791125
 10
1152.7924278326307
 20
1.8362891496791125
 10
1146.7924278326307
 20
1.8362891496791125
 10
1140.792427832631
 20
1.8362891496791125
 10
1134.792427832631
 20
1.8362891496791125
 10
1128.792427832631
 20
1.8362891496791125
 10
1122.792427832631
 20
1.8362891496791125
 10
1116.792427832631
 20
1.8362891496791125
 10
1110.792427832631
 20
1.8362891496791125
  0
TEXT
  5
3ED
330
17
100
AcDbEntity
  8
FLOOR_7_FASCADE_COLUMNS
100
AcDbText
 10
1167.792427832631
 20
-4.1637108503208875
 30
0.0
 40
12.0
  1
10 FT
 50
180.0
 72
1
 11
1167.792427832631
 21
-4.1637108503208875
 31
0.0
100
AcDbText
 73
2
  0
LWPOLYLINE
  5
3EE
330
17
100
AcDbEntity
  8
FLOOR_7_FASCADE_COLUMNS
100
AcDbPolyline
 90
28
 70
0
 10
1110.792427832631
 20
1.8362891496791125
 10
1104.792427832631
 20
1.8362891496791125
 10
1098.792427832631
 20
1.8362891496791125
 10
1092.792427832631
 20
1.8362891496791125
 10
1086.792427832631
 20
1.8362891496791125
 10
1080.7924278326307
 20
1.8362891496791125
 10
1074.7924278326307
 20
1.8362891496791125
 10
1068.792427832631
 20
1.8362891496791125
 10
1062.792427832631
 20
1.8362891496791125
 10
1056.792427832631
 20
1.8362891496791125
 10
1050.792427832631
 20
1.8362891496791125
 10
1044.792427832631
 20
1.8362891496791125
 10
1038.792427832631
 20
1.8362891496791125
 10
1032.792427832631
 20
1.8362891496791125
 10
1026.792427832631
 20
1.8362891496791125
 10
1020.7924278326309
 20
1.8362891496791125
 10
1014.7924278326309
 20
1.8362891496791125
 10
1008.7924278326307
 20
1.8362891496791125
 10
1002.7924278326307
 20
1.8362891496791125
 10
996.792427832631
 20
1.8362891496791125
 10
990.792427832631
 20
1.8362891496791125
 10
984.7924278326309
 20
1.8362891496791125
 10
978.7924278326309
 20
1.8362891496791125
 10
972.7924278326309
 20
1.8362891496791125
 10
966.7924278326309
 20
1.8362891496791125
 10
960.7924278326309
 20
1.8362891496791125
 10
954.7924278326309
 20
1.8362891496791125
 10
948.7924278326309
 20
1.8362891496791125
  0
TEXT
  5
3EF
330
17
100
AcDbEntity
  8
FLOOR_7_FASCADE_COLUMNS
100
AcDbText
 10
1029.792427832631
 20
-4.1637108503208875
 30
0.0
 40
12.0
  1
14 FT
 50
180.0
 72
1
 11
1029.792427832631
 21
-4.1637108503208875
 31
0.0
100
AcDbText
 73
2
  0
LWPOLYLINE
  5
3F0
330
17
100
AcDbEntity
  8
FLOOR_7_FASCADE_WALLS
100
AcDbPolyline
 90
72
 70
0
 10
948.7924278326309
 20
1.8362891496791125
 10
942.7924278326309
 20
1.8362891496791125
 10
936.7924278326309
 20
1.8362891496791125
 10
930.7924278326309
 20
1.8362891496791125
 10
924.7924278326309
 20
1.8362891496791125
 10
918.7924278326309
 20
1.8362891496791125
 10
912.7924278326309
 20
1.8362891496791125
 10
906.7924278326309
 20
1.8362891496791125
 10
900.7924278326309
 20
1.8362891496791125
 10
894.7924278326309
 20
1.8362891496791125
 10
888.7924278326309
 20
1.8362891496791125
 10
882.7924278326309
 20
1.8362891496791125
 10
876.7924278326309
 20
1.8362891496791125
 10
870.7924278326309
 20
1.8362891496791125
 10
864.7924278326309
 20
1.8362891496791125
 10
858.7924278326309
 20
1.8362891496791125
 10
852.7924278326309
 20
1.8362891496791125
 10
846.7924278326309
 20
1.8362891496791125
 10
840.7924278326309
 20
1.8362891496791125
 10
834.7924278326309
 20
1.8362891496791125
 10
828.7924278326309
 20
1.8362891496791125
 10
822.7924278326309
 20
1.8362891496791125
 10
816.7924278326309
 20
1.8362891496791125
 10
810.7924278326309
 20
1.8362891496791125
 10
804.7924278326309
 20
1.8362891496791125
 10
798.7924278326309
 20
1.8362891496791125
 10
792.7924278326309
 20
1.8362891496791125
 10
786.7924278326309
 20
1.8362891496791125
 10
780.7924278326309
 20
1.8362891496791125
 10
774.7924278326309
 20
1.8362891496791125
 10
768.7924278326309
 20
1.8362891496791125
 10
762.7924278326309
 20
1.8362891496791125
 10
756.7924278326309
 20
1.8362891496791125
 10
750.7924278326309
 20
1.8362891496791125
 10
744.7924278326309
 20
1.8362891496791125
 10
738.7924278326309
 20
1.8362891496791125
 10
732.7924278326309
 20
1.8362891496791125
 10
726.7924278326309
 20
1.8362891496791125
 10
720.7924278326309
 20
1.8362891496791125
 10
714.7924278326309
 20
1.8362891496791125
 10
708.7924278326309
 20
1.8362891496791125
 10
702.7924278326309
 20
1.8362891496791125
 10
696.7924278326309
 20
1.8362891496791125
 10
690.7924278326309
 20
1.8362891496791125
 10
684.7924278326309
 20
1.8362891496791125
 10
678.7924278326309
 20
1.8362891496791125
 10
672.7924278326309
 20
1.8362891496791125
 10
666.7924278326309
 20
1.8362891496791125
 10
664.7924278326464
 20
5.836289149694574
 10
664.7924278326464
 20
11.836289149694572
 10
664.7924278326464
 20
17.836289149694572
 10
664.7924278326464
 20
23.836289149694576
 10
664.7924278326464
 20
29.836289149694572
 10
664.7924278326464
 20
35.83628914969457
 10
664.7924278326464
 20
41.83628914969458
 10
664.7924278326464
 20
47.83628914969457
 10
664.7924278326464
 20
53.83628914969458
 10
664.7924278326464
 20
59.83628914969458
 10
664.7924278326464
 20
65.83628914969458
 10
664.7924278326464
 20
71.83628914969458
 10
664.7924278326464
 20
77.83628914969458
 10
664.7924278326464
 20
83.83628914969458
 10
664.7924278326464
 20
89.83628914969458
 10
664.7924278326464
 20
95.83628914969458
 10
664.7924278326464
 20
101.83628914969458
 10
664.7924278326464
 20
107.83628914969458
 10
664.7924278326464
 20
113.83628914969458
 10
664.7924278326464
 20
119.83628914969458
 10
664.7924278326464
 20
125.83628914969458
 10
664.7924278326464
 20
131.83628914969458
 10
664.7924278326464
 20
137.83628914969458
 10
664.7924278326464
 20
143.83628914969458
  0
TEXT
  5
3F1
330
17
100
AcDbEntity
  8
FLOOR_7_FASCADE_WALLS
100
AcDbText
 10
733.8730782821275
 20
-3.5302739963202074
 30
0.0
 40
12.0
  1
36 FT
 50
153.43494882291827
 72
1
 11
733.8730782821275
 21
-3.5302739963202074
 31
0.0
100
AcDbText
 73
2
  0
LWPOLYLINE
  5
3F2
330
17
100
AcDbEntity
  8
FLOOR_7_FASCADE_COLUMNS
100
AcDbPolyline
 90
26
 70
0
 10
664.7924278326464
 20
143.83628914969458
 10
664.7924278326464
 20
149.8362891496946
 10
664.7924278326464
 20
155.83628914969458
 10
664.7924278326464
 20
161.83628914969458
 10
664.7924278326464
 20
167.83628914969458
 10
664.7924278326464
 20
173.83628914969458
 10
664.7924278326464
 20
179.83628914969455
 10
664.7924278326464
 20
185.8362891496946
 10
664.7924278326464
 20
191.8362891496946
 10
664.7924278326464
 20
197.83628914969458
 10
664.7924278326464
 20
203.83628914969458
 10
664.7924278326464
 20
209.83628914969458
 10
664.7924278326464
 20
215.83628914969458
 10
664.7924278326464
 20
221.83628914969458
 10
664.7924278326464
 20
227.83628914969458
 10
664.7924278326464
 20
233.83628914969458
 10
664.7924278326464
 20
239.83628914969458
 10
664.7924278326464
 20
245.83628914969458
 10
664.7924278326464
 20
251.83628914969458
 10
664.7924278326464
 20
257.8362891496946
 10
664.7924278326464
 20
263.8362891496946
 10
664.7924278326464
 20
269.8362891496946
 10
664.7924278326464
 20
275.8362891496946
 10
664.7924278326464
 20
281.8362891496946
 10
664.7924278326464
 20
287.8362891496946
 10
664.7924278326464
 20
292.83628914969086
  0
TEXT
  5
3F3
330
17
100
AcDbEntity
  8
FLOOR_7_FASCADE_COLUMNS
100
AcDbText
 10
658.7924278326464
 20
218.33628914969273
 30
0.0
 40
12.0
  1
13 FT
 50
90.0
 72
1
 11
658.7924278326464
 21
218.33628914969273
 31
0.0
100
AcDbText
 73
2
  0
CIRCLE
  5
3FA
330
17
100
AcDbEntity
  8
FLOOR_8_DATUM
100
AcDbCircle
 10
1041.786617263219
 20
7972.836289149731
 30
0.0
 40
24.0
  0
LINE
  5
3FB
330
17
100
AcDbEntity
  8
FLOOR_8_DATUM
100
AcDbLine
 10
1005.7866172632189
 20
7972.836289149731
 30
0.0
 11
1077.786617263219
 21
7972.836289149731
 31
0.0
  0
LINE
  5
3FC
330
17
100
AcDbEntity
  8
FLOOR_8_DATUM
100
AcDbLine
 10
1041.786617263219
 20
7936.836289149731
 30
0.0
 11
1041.786617263219
 21
8008.836289149731
 31
0.0
  0
TEXT
  5
3FD
330
17
100
AcDbEntity
  8
FLOOR_8_DATUM
100
AcDbText
 10
1083.786617263219
 20
7966.836289149731
 30
0.0
 40
12.0
  1
DATUM·USER
100
AcDbText
  0
LWPOLYLINE
  5
3FE
330
17
100
AcDbEntity
  8
FLOOR_8_BOUNDARY
100
AcDbPolyline
 90
13
 70
1
 10
664.7924278326464
 20
7972.836289149736
 10
1533.542427832621
 20
7972.836289149725
 10
1707.292427832655
 20
7972.836289149705
 10
1707.292427832655
 20
7825.836289149725
 10
1707.2924278326368
 20
7681.836289149711
 10
1293.792427832641
 20
7681.836289149717
 10
1169.950408185843
 20
7681.83628914972
 10
1169.7924278326477
 20
7726.836289149728
 10
1057.7924278326477
 20
7726.836289149728
 10
1057.7924278326477
 20
7681.83628914972
 10
941.7924278326389
 20
7681.83628914972
 10
664.7924278326464
 20
7681.83628914972
 10
664.7924278326464
 20
7972.836289149736
  0
POINT
  5
3FF
330
17
100
AcDbEntity
  8
FLOOR_8_COLUMNS
100
AcDbPoint
 10
670.7924278326605
 20
7960.836289149693
 30
0.0
  0
POINT
  5
400
330
17
100
AcDbEntity
  8
FLOOR_8_COLUMNS
100
AcDbPoint
 10
839.7866172632193
 20
7960.83628914969
 30
0.0
  0
POINT
  5
401
330
17
100
AcDbEntity
  8
FLOOR_8_COLUMNS
100
AcDbPoint
 10
1052.792427832659
 20
7687.836289149693
 30
0.0
  0
POINT
  5
402
330
17
100
AcDbEntity
  8
FLOOR_8_COLUMNS
100
AcDbPoint
 10
1170.7924278326595
 20
7687.836289149695
 30
0.0
  0
POINT
  5
403
330
17
100
AcDbEntity
  8
FLOOR_8_COLUMNS
100
AcDbPoint
 10
1281.7924278326632
 20
7687.836289149716
 30
0.0
  0
POINT
  5
404
330
17
100
AcDbEntity
  8
FLOOR_8_COLUMNS
100
AcDbPoint
 10
1532.952427360417
 20
7687.836289149713
 30
0.0
  0
POINT
  5
405
330
17
100
AcDbEntity
  8
FLOOR_8_COLUMNS
100
AcDbPoint
 10
1699.29242783266
 20
7693.836289149691
 30
0.0
  0
POINT
  5
406
330
17
100
AcDbEntity
  8
FLOOR_8_COLUMNS
100
AcDbPoint
 10
1477.29242783267
 20
7966.83628914968
 30
0.0
  0
POINT
  5
407
330
17
100
AcDbEntity
  8
FLOOR_8_COLUMNS
100
AcDbPoint
 10
1699.2924278326643
 20
7960.836289149689
 30
0.0
  0
LWPOLYLINE
  5
409
330
17
100
AcDbEntity
  8
FLOOR_8_TRIBUTARY_COL_0
100
AcDbPolyline
 90
13
 70
1
 10
755.2895225479378
 20
7839.5844093539645
 10
752.7924278326558
 20
7838.767515915508
 10
740.7924278326558
 20
7835.377181343017
 10
728.7924278326558
 20
7832.522162755657
 10
716.7924278326558
 20
7830.202460153425
 10
704.7924278326558
 20
7828.418073536324
 10
692.7924278326558
 20
7827.169002904355
 10
680.7924278326558
 20
7826.4552482575145
 10
669.7924278326569
 20
7826.29167948428
 10
664.7924278326464
 20
7826.40320364785
 10
664.7924278326464
 20
7972.836289149736
 10
755.28952254794
 20
7972.8362891497345
 10
755.2895225479378
 20
7839.5844093539645
  0
LWPOLYLINE
  5
40A
330
17
100
AcDbEntity
  8
FLOOR_8_LARGE_TRIBUTARY
100
AcDbPolyline
 90
13
 70
1
 10
755.2895225479378
 20
7839.5844093539645
 10
752.7924278326558
 20
7838.767515915508
 10
740.7924278326558
 20
7835.377181343017
 10
728.7924278326558
 20
7832.522162755657
 10
716.7924278326558
 20
7830.202460153425
 10
704.7924278326558
 20
7828.418073536324
 10
692.7924278326558
 20
7827.169002904355
 10
680.7924278326558
 20
7826.4552482575145
 10
669.7924278326569
 20
7826.29167948428
 10
664.7924278326464
 20
7826.40320364785
 10
664.7924278326464
 20
7972.836289149736
 10
755.28952254794
 20
7972.8362891497345
 10
755.2895225479378
 20
7839.5844093539645
  0
LWPOLYLINE
  5
40C
330
17
100
AcDbEntity
  8
FLOOR_8_TRIBUTARY_COL_1
100
AcDbPolyline
 90
20
 70
1
 10
940.7866181770598
 20
7966.836258383642
 10
940.7866163493738
 20
7954.836258383642
 10
940.0737432345591
 20
7942.836258383642
 10
938.6479988326157
 20
7930.836258383642
 10
936.5093831435436
 20
7918.836258383642
 10
933.6578961673429
 20
7906.836258383642
 10
930.0935379040131
 20
7894.836258383642
 10
925.8163083535549
 20
7882.836258383642
 10
902.6061783975499
 20
7827.021442503741
 10
836.7924278326558
 20
7826.286038536967
 10
824.7924278326558
 20
7826.687266318257
 10
812.7924278326558
 20
7827.623810084676
 10
800.7924278326558
 20
7829.095669836224
 10
788.7924278326558
 20
7831.102845572905
 10
776.7924278326558
 20
7833.645337294714
 10
764.7924278326558
 20
7836.723145001655
 10
755.2895225479378
 20
7839.5844093539645
 10
755.28952254794
 20
7972.8362891497345
 10
940.4301816196546
 20
7972.836289149733
 10
940.7866181770598
 20
7966.836258383642
  0
LWPOLYLINE
  5
40D
330
17
100
AcDbEntity
  8
FLOOR_8_LARGE_TRIBUTARY
100
AcDbPolyline
 90
20
 70
1
 10
940.7866181770598
 20
7966.836258383642
 10
940.7866163493738
 20
7954.836258383642
 10
940.0737432345591
 20
7942.836258383642
 10
938.6479988326157
 20
7930.836258383642
 10
936.5093831435436
 20
7918.836258383642
 10
933.6578961673429
 20
7906.836258383642
 10
930.0935379040131
 20
7894.836258383642
 10
925.8163083535549
 20
7882.836258383642
 10
902.6061783975499
 20
7827.021442503741
 10
836.7924278326558
 20
7826.286038536967
 10
824.7924278326558
 20
7826.687266318257
 10
812.7924278326558
 20
7827.623810084676
 10
800.7924278326558
 20
7829.095669836224
 10
788.7924278326558
 20
7831.102845572905
 10
776.7924278326558
 20
7833.645337294714
 10
764.7924278326558
 20
7836.723145001655
 10
755.2895225479378
 20
7839.5844093539645
 10
755.28952254794
 20
7972.8362891497345
 10
940.4301816196546
 20
7972.836289149733
 10
940.7866181770598
 20
7966.836258383642
  0
LWPOLYLINE
  5
40F
330
17
100
AcDbEntity
  8
FLOOR_8_TRIBUTARY_COL_2
100
AcDbPolyline
 90
14
 70
1
 10
948.1327720009209
 20
7707.704357983405
 10
949.4458062665838
 20
7776.638656930183
 10
998.1051347677337
 20
7779.47217777196
 10
1055.7866480292882
 20
7780.409355758929
 10
1067.7866480292882
 20
7779.825946881311
 10
1079.7866480292882
 20
7778.464159625313
 10
1091.7866480292882
 20
7776.323993990937
 10
1103.7866480292882
 20
7773.405449978183
 10
1111.7924278326573
 20
7770.939054427055
 10
1111.7924278326584
 20
7726.836289149728
 10
1057.7924278326477
 20
7726.836289149728
 10
1057.7924278326477
 20
7681.83628914972
 10
948.8789662941962
 20
7681.83628914972
 10
948.1327720009209
 20
7707.704357983405
  0
LWPOLYLINE
  5
410
330
17
100
AcDbEntity
  8
FLOOR_8_LARGE_TRIBUTARY
100
AcDbPolyline
 90
14
 70
1
 10
948.1327720009209
 20
7707.704357983405
 10
949.4458062665838
 20
7776.638656930183
 10
998.1051347677337
 20
7779.47217777196
 10
1055.7866480292882
 20
7780.409355758929
 10
1067.7866480292882
 20
7779.825946881311
 10
1079.7866480292882
 20
7778.464159625313
 10
1091.7866480292882
 20
7776.323993990937
 10
1103.7866480292882
 20
7773.405449978183
 10
1111.7924278326573
 20
7770.939054427055
 10
1111.7924278326584
 20
7726.836289149728
 10
1057.7924278326477
 20
7726.836289149728
 10
1057.7924278326477
 20
7681.83628914972
 10
948.8789662941962
 20
7681.83628914972
 10
948.1327720009209
 20
7707.704357983405
  0
LWPOLYLINE
  5
412
330
17
100
AcDbEntity
  8
FLOOR_8_TRIBUTARY_COL_3
100
AcDbPolyline
 90
12
 70
1
 10
1111.7924278326573
 20
7770.939054427055
 10
1115.7866480292882
 20
7772.256192361118
 10
1127.7866480292882
 20
7775.434945645662
 10
1139.7866480292882
 20
7777.835320551825
 10
1151.7866480292882
 20
7779.457317079612
 10
1207.5174325585615
 20
7783.375275522081
 10
1226.2924278326436
 20
7783.8725442656
 10
1226.2924278326623
 20
7681.836289149718
 10
1169.950408185843
 20
7681.83628914972
 10
1169.7924278326477
 20
7726.836289149728
 10
1111.7924278326584
 20
7726.836289149728
 10
1111.7924278326573
 20
7770.939054427055
  0
LWPOLYLINE
  5
413
330
17
100
AcDbEntity
  8
FLOOR_8_LARGE_TRIBUTARY
100
AcDbPolyline
 90
12
 70
1
 10
1111.7924278326573
 20
7770.939054427055
 10
1115.7866480292882
 20
7772.256192361118
 10
1127.7866480292882
 20
7775.434945645662
 10
1139.7866480292882
 20
7777.835320551825
 10
1151.7866480292882
 20
7779.457317079612
 10
1207.5174325585615
 20
7783.375275522081
 10
1226.2924278326436
 20
7783.8725442656
 10
1226.2924278326623
 20
7681.836289149718
 10
1169.950408185843
 20
7681.83628914972
 10
1169.7924278326477
 20
7726.836289149728
 10
1111.7924278326584
 20
7726.836289149728
 10
1111.7924278326573
 20
7770.939054427055
  0
LWPOLYLINE
  5
415
330
17
100
AcDbEntity
  8
FLOOR_8_TRIBUTARY_COL_4
100
AcDbPolyline
 90
7
 70
1
 10
1226.2924278326436
 20
7783.8725442656
 10
1341.049471555205
 20
7854.308952060971
 10
1407.3724275965415
 20
7807.835339494363
 10
1407.37242759654
 20
7681.836289149716
 10
1293.792427832641
 20
7681.836289149717
 10
1226.2924278326623
 20
7681.836289149718
 10
1226.2924278326436
 20
7783.8725442656
  0
LWPOLYLINE
  5
416
330
17
100
AcDbEntity
  8
FLOOR_8_LARGE_TRIBUTARY
100
AcDbPolyline
 90
7
 70
1
 10
1226.2924278326436
 20
7783.8725442656
 10
1341.049471555205
 20
7854.308952060971
 10
1407.3724275965415
 20
7807.835339494363
 10
1407.37242759654
 20
7681.836289149716
 10
1293.792427832641
 20
7681.836289149717
 10
1226.2924278326623
 20
7681.836289149718
 10
1226.2924278326436
 20
7783.8725442656
  0
LWPOLYLINE
  5
418
330
17
100
AcDbEntity
  8
FLOOR_8_TRIBUTARY_COL_5
100
AcDbPolyline
 90
6
 70
1
 10
1407.3724275965415
 20
7807.835339494363
 10
1585.0341099212562
 20
7843.278526427315
 10
1611.19877725584
 20
7827.336289149691
 10
1616.447063882738
 20
7681.836289149712
 10
1407.37242759654
 20
7681.836289149716
 10
1407.3724275965415
 20
7807.835339494363
  0
LWPOLYLINE
  5
419
330
17
100
AcDbEntity
  8
FLOOR_8_LARGE_TRIBUTARY
100
AcDbPolyline
 90
6
 70
1
 10
1407.3724275965415
 20
7807.835339494363
 10
1585.0341099212562
 20
7843.278526427315
 10
1611.19877725584
 20
7827.336289149691
 10
1616.447063882738
 20
7681.836289149712
 10
1407.37242759654
 20
7681.836289149716
 10
1407.3724275965415
 20
7807.835339494363
  0
LWPOLYLINE
  5
41B
330
17
100
AcDbEntity
  8
FLOOR_8_TRIBUTARY_COL_6
100
AcDbPolyline
 90
6
 70
1
 10
1611.19877725584
 20
7827.336289149691
 10
1707.292427832655
 20
7827.33628914969
 10
1707.292427832655
 20
7825.836289149725
 10
1707.2924278326368
 20
7681.836289149711
 10
1616.447063882738
 20
7681.836289149712
 10
1611.19877725584
 20
7827.336289149691
  0
LWPOLYLINE
  5
41C
330
17
100
AcDbEntity
  8
FLOOR_8_LARGE_TRIBUTARY
100
AcDbPolyline
 90
6
 70
1
 10
1611.19877725584
 20
7827.336289149691
 10
1707.292427832655
 20
7827.33628914969
 10
1707.292427832655
 20
7825.836289149725
 10
1707.2924278326368
 20
7681.836289149711
 10
1616.447063882738
 20
7681.836289149712
 10
1611.19877725584
 20
7827.336289149691
  0
LWPOLYLINE
  5
41E
330
17
100
AcDbEntity
  8
FLOOR_8_TRIBUTARY_COL_7
100
AcDbPolyline
 90
9
 70
1
 10
1585.0341099212562
 20
7843.278526427315
 10
1407.3724275965415
 20
7807.835339494363
 10
1341.049471555205
 20
7854.308952060971
 10
1322.4062871033427
 20
7918.836297366645
 10
1321.4817458775435
 20
7966.836289149712
 10
1321.5973135505535
 20
7972.836289149728
 10
1533.542427832621
 20
7972.836289149725
 10
1588.535671075911
 20
7972.836289149718
 10
1585.0341099212562
 20
7843.278526427315
  0
LWPOLYLINE
  5
41F
330
17
100
AcDbEntity
  8
FLOOR_8_LARGE_TRIBUTARY
100
AcDbPolyline
 90
9
 70
1
 10
1585.0341099212562
 20
7843.278526427315
 10
1407.3724275965415
 20
7807.835339494363
 10
1341.049471555205
 20
7854.308952060971
 10
1322.4062871033427
 20
7918.836297366645
 10
1321.4817458775435
 20
7966.836289149712
 10
1321.5973135505535
 20
7972.836289149728
 10
1533.542427832621
 20
7972.836289149725
 10
1588.535671075911
 20
7972.836289149718
 10
1585.0341099212562
 20
7843.278526427315
  0
LWPOLYLINE
  5
421
330
17
100
AcDbEntity
  8
FLOOR_8_TRIBUTARY_COL_8
100
AcDbPolyline
 90
6
 70
1
 10
1611.19877725584
 20
7827.336289149691
 10
1585.0341099212562
 20
7843.278526427315
 10
1588.535671075911
 20
7972.836289149718
 10
1707.292427832655
 20
7972.836289149705
 10
1707.292427832655
 20
7827.33628914969
 10
1611.19877725584
 20
7827.336289149691
  0
LWPOLYLINE
  5
422
330
17
100
AcDbEntity
  8
FLOOR_8_LARGE_TRIBUTARY
100
AcDbPolyline
 90
6
 70
1
 10
1611.19877725584
 20
7827.336289149691
 10
1585.0341099212562
 20
7843.278526427315
 10
1588.535671075911
 20
7972.836289149718
 10
1707.292427832655
 20
7972.836289149705
 10
1707.292427832655
 20
7827.33628914969
 10
1611.19877725584
 20
7827.336289149691
  0
LWPOLYLINE
  5
424
330
17
100
AcDbEntity
  8
FLOOR_8_WALL_TRIBUTARY_16
100
AcDbPolyline
 90
40
 70
1
 10
930.0935379040131
 20
7894.836258383642
 10
933.6578961673429
 20
7906.836258383642
 10
936.5093831435436
 20
7918.836258383642
 10
938.6479988326157
 20
7930.836258383642
 10
940.0737432345591
 20
7942.836258383642
 10
940.7866163493738
 20
7954.836258383642
 10
940.7866181770598
 20
7966.836258383642
 10
940.4301816196546
 20
7972.836289149733
 10
1047.786601880146
 20
7972.836289149731
 10
1059.7865864971518
 20
7972.836289149731
 10
1071.7865864971518
 20
7972.836289149731
 10
1083.7865864971518
 20
7972.836289149731
 10
1095.7865864971518
 20
7972.836289149731
 10
1107.7865864971518
 20
7972.836289149731
 10
1119.7865864971518
 20
7972.836289149731
 10
1131.7865864971518
 20
7972.836289149731
 10
1143.7865864971518
 20
7972.836289149731
 10
1155.7865864971518
 20
7972.836289149729
 10
1163.7866090462887
 20
7972.836289149729
 10
1321.5973135505535
 20
7972.836289149728
 10
1321.4817458775435
 20
7966.836289149712
 10
1322.4062871033427
 20
7918.836297366645
 10
1341.049471555205
 20
7854.308952060971
 10
1226.2924278326436
 20
7783.8725442656
 10
1207.5174325585615
 20
7783.375275522081
 10
1151.7866480292882
 20
7779.457317079612
 10
1139.7866480292882
 20
7777.835320551825
 10
1127.7866480292882
 20
7775.434945645662
 10
1115.7866480292882
 20
7772.256192361118
 10
1111.7924278326573
 20
7770.939054427055
 10
1103.7866480292882
 20
7773.405449978183
 10
1091.7866480292882
 20
7776.323993990937
 10
1079.7866480292882
 20
7778.464159625313
 10
1067.7866480292882
 20
7779.825946881311
 10
1055.7866480292882
 20
7780.409355758929
 10
998.1051347677337
 20
7779.47217777196
 10
949.4458062665838
 20
7776.638656930183
 10
902.6061783975499
 20
7827.021442503741
 10
925.8163083535549
 20
7882.836258383642
 10
930.0935379040131
 20
7894.836258383642
  0
LWPOLYLINE
  5
425
330
17
100
AcDbEntity
  8
FLOOR_8_LARGE_TRIBUTARY
100
AcDbPolyline
 90
40
 70
1
 10
930.0935379040131
 20
7894.836258383642
 10
933.6578961673429
 20
7906.836258383642
 10
936.5093831435436
 20
7918.836258383642
 10
938.6479988326157
 20
7930.836258383642
 10
940.0737432345591
 20
7942.836258383642
 10
940.7866163493738
 20
7954.836258383642
 10
940.7866181770598
 20
7966.836258383642
 10
940.4301816196546
 20
7972.836289149733
 10
1047.786601880146
 20
7972.836289149731
 10
1059.7865864971518
 20
7972.836289149731
 10
1071.7865864971518
 20
7972.836289149731
 10
1083.7865864971518
 20
7972.836289149731
 10
1095.7865864971518
 20
7972.836289149731
 10
1107.7865864971518
 20
7972.836289149731
 10
1119.7865864971518
 20
7972.836289149731
 10
1131.7865864971518
 20
7972.836289149731
 10
1143.7865864971518
 20
7972.836289149731
 10
1155.7865864971518
 20
7972.836289149729
 10
1163.7866090462887
 20
7972.836289149729
 10
1321.5973135505535
 20
7972.836289149728
 10
1321.4817458775435
 20
7966.836289149712
 10
1322.4062871033427
 20
7918.836297366645
 10
1341.049471555205
 20
7854.308952060971
 10
1226.2924278326436
 20
7783.8725442656
 10
1207.5174325585615
 20
7783.375275522081
 10
1151.7866480292882
 20
7779.457317079612
 10
1139.7866480292882
 20
7777.835320551825
 10
1127.7866480292882
 20
7775.434945645662
 10
1115.7866480292882
 20
7772.256192361118
 10
1111.7924278326573
 20
7770.939054427055
 10
1103.7866480292882
 20
7773.405449978183
 10
1091.7866480292882
 20
7776.323993990937
 10
1079.7866480292882
 20
7778.464159625313
 10
1067.7866480292882
 20
7779.825946881311
 10
1055.7866480292882
 20
7780.409355758929
 10
998.1051347677337
 20
7779.47217777196
 10
949.4458062665838
 20
7776.638656930183
 10
902.6061783975499
 20
7827.021442503741
 10
925.8163083535549
 20
7882.836258383642
 10
930.0935379040131
 20
7894.836258383642
  0
TEXT
  5
426
330
17
100
AcDbEntity
  8
FLOOR_8_AREA_LABELS
100
AcDbText
 10
1118.8942892994007
 20
7878.204353361354
 30
0.0
 40
24.0
  1
514 SF
 72
1
 11
1118.8942892994007
 21
7878.204353361354
 31
0.0
100
AcDbText
 73
2
  0
LWPOLYLINE
  5
428
330
17
100
AcDbEntity
  8
FLOOR_8_WALL_TRIBUTARY_17
100
AcDbPolyline
 90
40
 70
1
 10
742.7924278326581
 20
7681.83628914972
 10
730.7924278326581
 20
7681.83628914972
 10
718.7924278326581
 20
7681.83628914972
 10
706.7924278326581
 20
7681.83628914972
 10
694.7924278326581
 20
7681.83628914972
 10
682.7924278326581
 20
7681.83628914972
 10
670.7924278326581
 20
7681.83628914972
 10
664.7924278326464
 20
7681.83628914972
 10
664.7924278326464
 20
7686.836289149724
 10
664.7924278326464
 20
7826.40320364785
 10
669.7924278326569
 20
7826.29167948428
 10
680.7924278326558
 20
7826.4552482575145
 10
692.7924278326558
 20
7827.169002904355
 10
704.7924278326558
 20
7828.418073536324
 10
716.7924278326558
 20
7830.202460153425
 10
728.7924278326558
 20
7832.522162755657
 10
740.7924278326558
 20
7835.377181343017
 10
752.7924278326558
 20
7838.767515915508
 10
755.2895225479378
 20
7839.5844093539645
 10
764.7924278326558
 20
7836.723145001655
 10
776.7924278326558
 20
7833.645337294714
 10
788.7924278326558
 20
7831.102845572905
 10
800.7924278326558
 20
7829.095669836224
 10
812.7924278326558
 20
7827.623810084676
 10
824.7924278326558
 20
7826.687266318257
 10
836.7924278326558
 20
7826.286038536967
 10
902.6061783975499
 20
7827.021442503741
 10
949.4458062665838
 20
7776.638656930183
 10
948.1327720009209
 20
7707.704357983405
 10
948.8789662941962
 20
7681.83628914972
 10
941.7924278326389
 20
7681.83628914972
 10
838.7924278326581
 20
7681.83628914972
 10
826.7924278326581
 20
7681.83628914972
 10
814.7924278326581
 20
7681.83628914972
 10
802.7924278326581
 20
7681.83628914972
 10
790.7924278326581
 20
7681.83628914972
 10
778.7924278326581
 20
7681.83628914972
 10
766.7924278326581
 20
7681.83628914972
 10
754.7924278326581
 20
7681.83628914972
 10
742.7924278326581
 20
7681.83628914972
  0
LWPOLYLINE
  5
429
330
17
100
AcDbEntity
  8
FLOOR_8_LARGE_TRIBUTARY
100
AcDbPolyline
 90
40
 70
1
 10
742.7924278326581
 20
7681.83628914972
 10
730.7924278326581
 20
7681.83628914972
 10
718.7924278326581
 20
7681.83628914972
 10
706.7924278326581
 20
7681.83628914972
 10
694.7924278326581
 20
7681.83628914972
 10
682.7924278326581
 20
7681.83628914972
 10
670.7924278326581
 20
7681.83628914972
 10
664.7924278326464
 20
7681.83628914972
 10
664.7924278326464
 20
7686.836289149724
 10
664.7924278326464
 20
7826.40320364785
 10
669.7924278326569
 20
7826.29167948428
 10
680.7924278326558
 20
7826.4552482575145
 10
692.7924278326558
 20
7827.169002904355
 10
704.7924278326558
 20
7828.418073536324
 10
716.7924278326558
 20
7830.202460153425
 10
728.7924278326558
 20
7832.522162755657
 10
740.7924278326558
 20
7835.377181343017
 10
752.7924278326558
 20
7838.767515915508
 10
755.2895225479378
 20
7839.5844093539645
 10
764.7924278326558
 20
7836.723145001655
 10
776.7924278326558
 20
7833.645337294714
 10
788.7924278326558
 20
7831.102845572905
 10
800.7924278326558
 20
7829.095669836224
 10
812.7924278326558
 20
7827.623810084676
 10
824.7924278326558
 20
7826.687266318257
 10
836.7924278326558
 20
7826.286038536967
 10
902.6061783975499
 20
7827.021442503741
 10
949.4458062665838
 20
7776.638656930183
 10
948.1327720009209
 20
7707.704357983405
 10
948.8789662941962
 20
7681.83628914972
 10
941.7924278326389
 20
7681.83628914972
 10
838.7924278326581
 20
7681.83628914972
 10
826.7924278326581
 20
7681.83628914972
 10
814.7924278326581
 20
7681.83628914972
 10
802.7924278326581
 20
7681.83628914972
 10
790.7924278326581
 20
7681.83628914972
 10
778.7924278326581
 20
7681.83628914972
 10
766.7924278326581
 20
7681.83628914972
 10
754.7924278326581
 20
7681.83628914972
 10
742.7924278326581
 20
7681.83628914972
  0
TEXT
  5
42A
330
17
100
AcDbEntity
  8
FLOOR_8_AREA_LABELS
100
AcDbText
 10
802.3856517957581
 20
7754.006834737398
 30
0.0
 40
24.0
  1
283 SF
 72
1
 11
802.3856517957581
 21
7754.006834737398
 31
0.0
100
AcDbText
 73
2
  0
TEXT
  5
42B
330
17
100
AcDbEntity
  8
FLOOR_8_AREA_LABELS
100
AcDbText
 10
709.3420528649801
 20
7901.585663779346
 30
0.0
 40
24.0
  1
90 SF
 72
1
 11
709.3420528649801
 21
7901.585663779346
 31
0.0
100
AcDbText
 73
2
  0
TEXT
  5
42C
330
17
100
AcDbEntity
  8
FLOOR_8_AREA_LABELS
100
AcDbText
 10
842.9334676474743
 20
7903.619845895821
 30
0.0
 40
24.0
  1
173 SF
 72
1
 11
842.9334676474743
 21
7903.619845895821
 31
0.0
100
AcDbText
 73
2
  0
TEXT
  5
42D
330
17
100
AcDbEntity
  8
FLOOR_8_AREA_LABELS
100
AcDbText
 10
1019.9303648527674
 20
7734.781345980709
 30
0.0
 40
24.0
  1
93 SF
 72
1
 11
1019.9303648527674
 21
7734.781345980709
 31
0.0
100
AcDbText
 73
2
  0
TEXT
  5
42E
330
17
100
AcDbEntity
  8
FLOOR_8_AREA_LABELS
100
AcDbText
 10
1179.0418314983353
 20
7738.97167892463
 30
0.0
 40
24.0
  1
60 SF
 72
1
 11
1179.0418314983353
 21
7738.97167892463
 31
0.0
100
AcDbText
 73
2
  0
TEXT
  5
42F
330
17
100
AcDbEntity
  8
FLOOR_8_AREA_LABELS
100
AcDbText
 10
1320.9596999831015
 20
7753.932922825039
 30
0.0
 40
24.0
  1
179 SF
 72
1
 11
1320.9596999831015
 21
7753.932922825039
 31
0.0
100
AcDbText
 73
2
  0
TEXT
  5
430
330
17
100
AcDbEntity
  8
FLOOR_8_AREA_LABELS
100
AcDbText
 10
1514.4494483533902
 20
7754.372622123821
 30
0.0
 40
24.0
  1
208 SF
 72
1
 11
1514.4494483533902
 21
7754.372622123821
 31
0.0
100
AcDbText
 73
2
  0
TEXT
  5
431
330
17
100
AcDbEntity
  8
FLOOR_8_AREA_LABELS
100
AcDbText
 10
1660.5453954583572
 20
7755.267104500232
 30
0.0
 40
24.0
  1
95 SF
 72
1
 11
1660.5453954583572
 21
7755.267104500232
 31
0.0
100
AcDbText
 73
2
  0
TEXT
  5
432
330
17
100
AcDbEntity
  8
FLOOR_8_AREA_LABELS
100
AcDbText
 10
1456.9254777370395
 20
7900.930745951409
 30
0.0
 40
24.0
  1
260 SF
 72
1
 11
1456.9254777370395
 21
7900.930745951409
 31
0.0
100
AcDbText
 73
2
  0
TEXT
  5
433
330
17
100
AcDbEntity
  8
FLOOR_8_AREA_LABELS
100
AcDbText
 10
1647.5769118536111
 20
7900.5103384279955
 30
0.0
 40
24.0
  1
121 SF
 72
1
 11
1647.5769118536111
 21
7900.5103384279955
 31
0.0
100
AcDbText
 73
2
  0
LWPOLYLINE
  5
436
330
17
100
AcDbEntity
  8
FLOOR_8_FASCADE_COLUMNS
100
AcDbPolyline
 90
16
 70
0
 10
664.7924278326464
 20
7972.836289149736
 10
670.7924278326464
 20
7972.836289149736
 10
676.7924278326464
 20
7972.836289149736
 10
682.7924278326464
 20
7972.836289149736
 10
688.7924278326464
 20
7972.836289149736
 10
694.7924278326464
 20
7972.836289149736
 10
700.7924278326464
 20
7972.836289149736
 10
706.7924278326464
 20
7972.836289149736
 10
712.7924278326464
 20
7972.836289149736
 10
718.7924278326464
 20
7972.836289149736
 10
724.7924278326464
 20
7972.8362891497345
 10
730.7924278326464
 20
7972.8362891497345
 10
736.7924278326464
 20
7972.8362891497345
 10
742.7924278326464
 20
7972.8362891497345
 10
748.7924278326464
 20
7972.8362891497345
 10
754.7924278326464
 20
7972.8362891497345
  0
TEXT
  5
437
330
17
100
AcDbEntity
  8
FLOOR_8_FASCADE_COLUMNS
100
AcDbText
 10
709.7924278326464
 20
7978.836289149736
 30
0.0
 40
12.0
  1
8 FT
 50
-8.685034650183043e-13
 72
1
 11
709.7924278326464
 21
7978.836289149736
 31
0.0
100
AcDbText
 73
2
  0
LWPOLYLINE
  5
438
330
17
100
AcDbEntity
  8
FLOOR_8_FASCADE_COLUMNS
100
AcDbPolyline
 90
32
 70
0
 10
754.7924278326464
 20
7972.8362891497345
 10
760.7924278326464
 20
7972.8362891497345
 10
766.7924278326464
 20
7972.8362891497345
 10
772.7924278326464
 20
7972.8362891497345
 10
778.7924278326464
 20
7972.8362891497345
 10
784.7924278326464
 20
7972.8362891497345
 10
790.7924278326464
 20
7972.8362891497345
 10
796.7924278326464
 20
7972.8362891497345
 10
802.7924278326464
 20
7972.8362891497345
 10
808.7924278326464
 20
7972.8362891497345
 10
814.7924278326464
 20
7972.8362891497345
 10
820.7924278326464
 20
7972.8362891497345
 10
826.7924278326464
 20
7972.8362891497345
 10
832.7924278326464
 20
7972.836289149734
 10
838.7924278326464
 20
7972.836289149734
 10
844.7924278326464
 20
7972.836289149734
 10
850.7924278326464
 20
7972.836289149734
 10
856.7924278326464
 20
7972.836289149734
 10
862.7924278326464
 20
7972.836289149734
 10
868.7924278326464
 20
7972.836289149734
 10
874.7924278326464
 20
7972.836289149734
 10
880.7924278326464
 20
7972.836289149734
 10
886.7924278326464
 20
7972.836289149734
 10
892.7924278326464
 20
7972.836289149734
 10
898.7924278326464
 20
7972.836289149734
 10
904.7924278326464
 20
7972.836289149734
 10
910.7924278326464
 20
7972.836289149734
 10
916.7924278326464
 20
7972.836289149734
 10
922.7924278326464
 20
7972.836289149734
 10
928.7924278326464
 20
7972.836289149734
 10
934.7924278326464
 20
7972.836289149734
 10
940.7924278326464
 20
7972.836289149733
  0
TEXT
  5
439
330
17
100
AcDbEntity
  8
FLOOR_8_FASCADE_COLUMNS
100
AcDbText
 10
847.7924278326465
 20
7978.836289149734
 30
0.0
 40
12.0
  1
16 FT
 50
-8.404872242112622e-13
 72
1
 11
847.7924278326465
 21
7978.836289149734
 31
0.0
100
AcDbText
 73
2
  0
LWPOLYLINE
  5
43A
330
17
100
AcDbEntity
  8
FLOOR_8_FASCADE_WALLS
100
AcDbPolyline
 90
64
 70
0
 10
940.7924278326464
 20
7972.836289149733
 10
946.7924278326464
 20
7972.836289149733
 10
952.7924278326464
 20
7972.836289149733
 10
958.7924278326464
 20
7972.836289149733
 10
964.7924278326464
 20
7972.836289149733
 10
970.7924278326464
 20
7972.836289149733
 10
976.7924278326464
 20
7972.836289149733
 10
982.7924278326464
 20
7972.836289149733
 10
988.7924278326464
 20
7972.836289149733
 10
994.7924278326464
 20
7972.836289149733
 10
1000.7924278326464
 20
7972.836289149733
 10
1006.7924278326464
 20
7972.836289149733
 10
1012.7924278326464
 20
7972.836289149733
 10
1018.7924278326464
 20
7972.836289149733
 10
1024.7924278326464
 20
7972.836289149733
 10
1030.7924278326464
 20
7972.836289149733
 10
1036.7924278326464
 20
7972.836289149733
 10
1042.7924278326464
 20
7972.836289149733
 10
1048.7924278326464
 20
7972.836289149731
 10
1054.7924278326464
 20
7972.836289149731
 10
1060.7924278326464
 20
7972.836289149731
 10
1066.7924278326464
 20
7972.836289149731
 10
1072.7924278326464
 20
7972.836289149731
 10
1078.7924278326464
 20
7972.836289149731
 10
1084.7924278326464
 20
7972.836289149731
 10
1090.7924278326464
 20
7972.836289149731
 10
1096.7924278326464
 20
7972.836289149731
 10
1102.7924278326464
 20
7972.836289149731
 10
1108.7924278326464
 20
7972.836289149731
 10
1114.7924278326464
 20
7972.836289149731
 10
1120.7924278326464
 20
7972.836289149731
 10
1126.7924278326464
 20
7972.836289149731
 10
1132.7924278326464
 20
7972.836289149731
 10
1138.7924278326464
 20
7972.836289149731
 10
1144.7924278326464
 20
7972.836289149731
 10
1150.7924278326464
 20
7972.836289149731
 10
1156.7924278326464
 20
7972.836289149729
 10
1162.7924278326464
 20
7972.836289149729
 10
1168.7924278326464
 20
7972.836289149729
 10
1174.7924278326464
 20
7972.836289149729
 10
1180.7924278326461
 20
7972.836289149729
 10
1186.7924278326464
 20
7972.836289149729
 10
1192.7924278326464
 20
7972.836289149729
 10
1198.7924278326464
 20
7972.836289149729
 10
1204.7924278326464
 20
7972.836289149729
 10
1210.7924278326464
 20
7972.836289149729
 10
1216.7924278326464
 20
7972.836289149729
 10
1222.7924278326464
 20
7972.836289149729
 10
1228.7924278326464
 20
7972.836289149729
 10
1234.7924278326464
 20
7972.836289149729
 10
1240.7924278326464
 20
7972.836289149729
 10
1246.7924278326464
 20
7972.836289149729
 10
1252.7924278326464
 20
7972.836289149729
 10
1258.7924278326464
 20
7972.836289149729
 10
1264.7924278326464
 20
7972.836289149728
 10
1270.7924278326464
 20
7972.836289149728
 10
1276.7924278326464
 20
7972.836289149728
 10
1282.7924278326464
 20
7972.836289149728
 10
1288.7924278326464
 20
7972.836289149728
 10
1294.7924278326464
 20
7972.836289149728
 10
1300.7924278326464
 20
7972.836289149728
 10
1306.7924278326461
 20
7972.836289149728
 10
1312.7924278326464
 20
7972.836289149728
 10
1318.7924278326464
 20
7972.836289149728
  0
TEXT
  5
43B
330
17
100
AcDbEntity
  8
FLOOR_8_FASCADE_WALLS
100
AcDbText
 10
1129.7924278326464
 20
7978.836289149731
 30
0.0
 40
12.0
  1
32 FT
 50
-6.203596178702174e-13
 72
1
 11
1129.7924278326464
 21
7978.836289149731
 31
0.0
100
AcDbText
 73
2
  0
LWPOLYLINE
  5
43C
330
17
100
AcDbEntity
  8
FLOOR_8_FASCADE_COLUMNS
100
AcDbPolyline
 90
46
 70
0
 10
1318.7924278326464
 20
7972.836289149728
 10
1324.7924278326464
 20
7972.836289149728
 10
1330.7924278326464
 20
7972.836289149728
 10
1336.7924278326464
 20
7972.836289149728
 10
1342.7924278326464
 20
7972.836289149728
 10
1348.7924278326464
 20
7972.836289149728
 10
1354.7924278326464
 20
7972.836289149728
 10
1360.7924278326464
 20
7972.836289149728
 10
1366.7924278326464
 20
7972.836289149728
 10
1372.7924278326464
 20
7972.836289149727
 10
1378.7924278326464
 20
7972.836289149727
 10
1384.7924278326464
 20
7972.836289149727
 10
1390.7924278326464
 20
7972.836289149727
 10
1396.7924278326464
 20
7972.836289149727
 10
1402.7924278326464
 20
7972.836289149727
 10
1408.7924278326464
 20
7972.836289149727
 10
1414.7924278326464
 20
7972.836289149727
 10
1420.7924278326464
 20
7972.836289149727
 10
1426.7924278326464
 20
7972.836289149727
 10
1432.7924278326461
 20
7972.836289149727
 10
1438.7924278326464
 20
7972.836289149727
 10
1444.7924278326464
 20
7972.836289149727
 10
1450.7924278326464
 20
7972.836289149727
 10
1456.7924278326464
 20
7972.836289149727
 10
1462.7924278326464
 20
7972.836289149727
 10
1468.7924278326464
 20
7972.836289149727
 10
1474.7924278326464
 20
7972.836289149727
 10
1480.7924278326464
 20
7972.836289149725
 10
1486.7924278326464
 20
7972.836289149725
 10
1492.7924278326464
 20
7972.836289149725
 10
1498.7924278326464
 20
7972.836289149725
 10
1504.7924278326464
 20
7972.836289149725
 10
1510.7924278326464
 20
7972.836289149725
 10
1516.7924278326464
 20
7972.836289149725
 10
1522.7924278326464
 20
7972.836289149725
 10
1528.7924278326464
 20
7972.836289149725
 10
1534.7924278326464
 20
7972.836289149725
 10
1540.7924278326461
 20
7972.836289149724
 10
1546.7924278326461
 20
7972.836289149724
 10
1552.7924278326461
 20
7972.836289149723
 10
1558.7924278326461
 20
7972.836289149723
 10
1564.7924278326461
 20
7972.836289149722
 10
1570.7924278326461
 20
7972.836289149722
 10
1576.7924278326461
 20
7972.83628914972
 10
1582.7924278326461
 20
7972.83628914972
 10
1588.7924278326461
 20
7972.836289149718
  0
TEXT
  5
43D
330
17
100
AcDbEntity
  8
FLOOR_8_FASCADE_COLUMNS
100
AcDbText
 10
1453.7924278326464
 20
7978.836289149727
 30
0.0
 40
12.0
  1
23 FT
 50
-2.026508085042711e-12
 72
1
 11
1453.7924278326464
 21
7978.836289149727
 31
0.0
100
AcDbText
 73
2
  0
LWPOLYLINE
  5
43E
330
17
100
AcDbEntity
  8
FLOOR_8_FASCADE_COLUMNS
100
AcDbPolyline
 90
45
 70
0
 10
1588.7924278326461
 20
7972.836289149718
 10
1594.7924278326461
 20
7972.836289149718
 10
1600.7924278326461
 20
7972.836289149717
 10
1606.7924278326461
 20
7972.836289149717
 10
1612.7924278326461
 20
7972.836289149716
 10
1618.7924278326461
 20
7972.836289149716
 10
1624.7924278326461
 20
7972.8362891497145
 10
1630.7924278326461
 20
7972.8362891497145
 10
1636.7924278326461
 20
7972.836289149713
 10
1642.7924278326461
 20
7972.836289149713
 10
1648.7924278326461
 20
7972.836289149712
 10
1654.7924278326461
 20
7972.836289149712
 10
1660.7924278326461
 20
7972.836289149711
 10
1666.7924278326461
 20
7972.836289149709
 10
1672.7924278326461
 20
7972.836289149709
 10
1678.7924278326461
 20
7972.836289149707
 10
1684.7924278326461
 20
7972.836289149707
 10
1690.7924278326461
 20
7972.836289149706
 10
1696.7924278326461
 20
7972.836289149706
 10
1702.7924278326461
 20
7972.836289149705
 10
1707.292427832655
 20
7971.336289149713
 10
1707.292427832655
 20
7965.336289149713
 10
1707.292427832655
 20
7959.336289149713
 10
1707.292427832655
 20
7953.336289149713
 10
1707.292427832655
 20
7947.336289149713
 10
1707.292427832655
 20
7941.336289149713
 10
1707.292427832655
 20
7935.336289149713
 10
1707.292427832655
 20
7929.336289149713
 10
1707.292427832655
 20
7923.336289149713
 10
1707.292427832655
 20
7917.336289149713
 10
1707.292427832655
 20
7911.336289149713
 10
1707.292427832655
 20
7905.336289149713
 10
1707.292427832655
 20
7899.336289149713
 10
1707.292427832655
 20
7893.336289149713
 10
1707.292427832655
 20
7887.336289149713
 10
1707.292427832655
 20
7881.336289149713
 10
1707.292427832655
 20
7875.336289149713
 10
1707.292427832655
 20
7869.336289149713
 10
1707.292427832655
 20
7863.336289149713
 10
1707.292427832655
 20
7857.336289149713
 10
1707.292427832655
 20
7851.336289149713
 10
1707.292427832655
 20
7845.336289149713
 10
1707.292427832655
 20
7839.336289149713
 10
1707.292427832655
 20
7833.336289149713
 10
1707.292427832655
 20
7827.336289149713
  0
TEXT
  5
43F
330
17
100
AcDbEntity
  8
FLOOR_8_FASCADE_COLUMNS
100
AcDbText
 10
1711.9447074964637
 20
7962.496967430316
 30
0.0
 40
12.0
  1
22 FT
 50
-50.8394923115164
 72
1
 11
1711.9447074964637
 21
7962.496967430316
 31
0.0
100
AcDbText
 73
2
  0
LWPOLYLINE
  5
440
330
17
100
AcDbEntity
  8
FLOOR_8_FASCADE_COLUMNS
100
AcDbPolyline
 90
40
 70
0
 10
1707.292427832655
 20
7827.336289149713
 10
1707.2924278326543
 20
7821.336289149713
 10
1707.2924278326536
 20
7815.336289149713
 10
1707.292427832653
 20
7809.336289149713
 10
1707.2924278326523
 20
7803.336289149713
 10
1707.2924278326516
 20
7797.336289149713
 10
1707.2924278326504
 20
7791.336289149713
 10
1707.29242783265
 20
7785.336289149713
 10
1707.292427832649
 20
7779.336289149713
 10
1707.2924278326486
 20
7773.336289149713
 10
1707.2924278326475
 20
7767.336289149713
 10
1707.2924278326468
 20
7761.336289149713
 10
1707.2924278326461
 20
7755.336289149713
 10
1707.2924278326454
 20
7749.336289149713
 10
1707.2924278326448
 20
7743.336289149713
 10
1707.2924278326436
 20
7737.336289149713
 10
1707.2924278326432
 20
7731.336289149713
 10
1707.2924278326423
 20
7725.336289149713
 10
1707.2924278326418
 20
7719.336289149713
 10
1707.292427832641
 20
7713.336289149713
 10
1707.29242783264
 20
7707.336289149713
 10
1707.2924278326393
 20
7701.336289149713
 10
1707.2924278326386
 20
7695.336289149713
 10
1707.292427832638
 20
7689.336289149713
 10
1707.2924278326373
 20
7683.336289149713
 10
1702.79242783264
 20
7681.836289149711
 10
1696.79242783264
 20
7681.836289149711
 10
1690.79242783264
 20
7681.836289149711
 10
1684.79242783264
 20
7681.836289149711
 10
1678.79242783264
 20
7681.836289149711
 10
1672.79242783264
 20
7681.836289149711
 10
1666.79242783264
 20
7681.836289149711
 10
1660.79242783264
 20
7681.836289149712
 10
1654.79242783264
 20
7681.836289149712
 10
1648.79242783264
 20
7681.836289149712
 10
1642.79242783264
 20
7681.836289149712
 10
1636.79242783264
 20
7681.836289149712
 10
1630.79242783264
 20
7681.836289149712
 10
1624.79242783264
 20
7681.836289149712
 10
1618.79242783264
 20
7681.836289149712
  0
TEXT
  5
441
330
17
100
AcDbEntity
  8
FLOOR_8_FASCADE_COLUMNS
100
AcDbText
 10
1712.4186393963705
 20
7707.846575932835
 30
0.0
 40
12.0
  1
20 FT
 50
-121.30995038253856
 72
1
 11
1712.4186393963705
 21
7707.846575932835
 31
0.0
100
AcDbText
 73
2
  0
LWPOLYLINE
  5
442
330
17
100
AcDbEntity
  8
FLOOR_8_FASCADE_COLUMNS
100
AcDbPolyline
 90
36
 70
0
 10
1618.79242783264
 20
7681.836289149712
 10
1612.79242783264
 20
7681.836289149712
 10
1606.79242783264
 20
7681.836289149712
 10
1600.79242783264
 20
7681.836289149712
 10
1594.79242783264
 20
7681.836289149712
 10
1588.79242783264
 20
7681.836289149712
 10
1582.79242783264
 20
7681.836289149713
 10
1576.79242783264
 20
7681.836289149713
 10
1570.79242783264
 20
7681.836289149713
 10
1564.7924278326404
 20
7681.836289149713
 10
1558.79242783264
 20
7681.836289149713
 10
1552.79242783264
 20
7681.836289149713
 10
1546.79242783264
 20
7681.836289149713
 10
1540.79242783264
 20
7681.836289149713
 10
1534.7924278326402
 20
7681.836289149713
 10
1528.7924278326402
 20
7681.836289149713
 10
1522.7924278326402
 20
7681.836289149713
 10
1516.7924278326402
 20
7681.836289149713
 10
1510.7924278326402
 20
7681.836289149713
 10
1504.7924278326402
 20
7681.836289149713
 10
1498.7924278326402
 20
7681.8362891497145
 10
1492.7924278326402
 20
7681.8362891497145
 10
1486.7924278326402
 20
7681.8362891497145
 10
1480.7924278326402
 20
7681.8362891497145
 10
1474.7924278326402
 20
7681.8362891497145
 10
1468.7924278326402
 20
7681.8362891497145
 10
1462.7924278326402
 20
7681.8362891497145
 10
1456.7924278326402
 20
7681.8362891497145
 10
1450.7924278326402
 20
7681.8362891497145
 10
1444.7924278326402
 20
7681.8362891497145
 10
1438.7924278326402
 20
7681.8362891497145
 10
1432.7924278326402
 20
7681.8362891497145
 10
1426.7924278326402
 20
7681.8362891497145
 10
1420.7924278326402
 20
7681.8362891497145
 10
1414.7924278326402
 20
7681.836289149716
 10
1408.7924278326402
 20
7681.836289149716
  0
TEXT
  5
443
330
17
100
AcDbEntity
  8
FLOOR_8_FASCADE_COLUMNS
100
AcDbText
 10
1513.7924278326398
 20
7675.836289149713
 30
0.0
 40
12.0
  1
18 FT
 50
179.9999999999989
 72
1
 11
1513.7924278326398
 21
7675.836289149713
 31
0.0
100
AcDbText
 73
2
  0
LWPOLYLINE
  5
444
330
17
100
AcDbEntity
  8
FLOOR_8_FASCADE_COLUMNS
100
AcDbPolyline
 90
31
 70
0
 10
1408.7924278326402
 20
7681.836289149716
 10
1402.7924278326402
 20
7681.836289149716
 10
1396.7924278326402
 20
7681.836289149716
 10
1390.7924278326402
 20
7681.836289149716
 10
1384.7924278326402
 20
7681.836289149716
 10
1378.7924278326402
 20
7681.836289149716
 10
1372.7924278326402
 20
7681.836289149716
 10
1366.7924278326402
 20
7681.836289149716
 10
1360.7924278326402
 20
7681.836289149716
 10
1354.7924278326402
 20
7681.836289149716
 10
1348.7924278326402
 20
7681.836289149716
 10
1342.7924278326402
 20
7681.836289149716
 10
1336.7924278326402
 20
7681.836289149716
 10
1330.7924278326402
 20
7681.836289149717
 10
1324.7924278326402
 20
7681.836289149717
 10
1318.7924278326402
 20
7681.836289149717
 10
1312.7924278326402
 20
7681.836289149717
 10
1306.7924278326402
 20
7681.836289149717
 10
1300.7924278326402
 20
7681.836289149717
 10
1294.7924278326402
 20
7681.836289149717
 10
1288.79242783264
 20
7681.836289149717
 10
1282.79242783264
 20
7681.836289149717
 10
1276.79242783264
 20
7681.836289149717
 10
1270.79242783264
 20
7681.836289149717
 10
1264.79242783264
 20
7681.836289149717
 10
1258.79242783264
 20
7681.836289149718
 10
1252.79242783264
 20
7681.836289149718
 10
1246.79242783264
 20
7681.836289149718
 10
1240.79242783264
 20
7681.836289149718
 10
1234.79242783264
 20
7681.836289149718
 10
1228.79242783264
 20
7681.836289149718
  0
TEXT
  5
445
330
17
100
AcDbEntity
  8
FLOOR_8_FASCADE_COLUMNS
100
AcDbText
 10
1318.7924278326398
 20
7675.836289149717
 30
0.0
 40
12.0
  1
15 FT
 50
179.99999999999915
 72
1
 11
1318.7924278326398
 21
7675.836289149717
 31
0.0
100
AcDbText
 73
2
  0
LWPOLYLINE
  5
446
330
17
100
AcDbEntity
  8
FLOOR_8_FASCADE_COLUMNS
100
AcDbPolyline
 90
28
 70
0
 10
1228.79242783264
 20
7681.836289149718
 10
1222.79242783264
 20
7681.836289149718
 10
1216.79242783264
 20
7681.836289149718
 10
1210.79242783264
 20
7681.836289149718
 10
1204.79242783264
 20
7681.836289149718
 10
1198.79242783264
 20
7681.83628914972
 10
1192.79242783264
 20
7681.83628914972
 10
1186.79242783264
 20
7681.83628914972
 10
1180.79242783264
 20
7681.83628914972
 10
1174.79242783264
 20
7681.83628914972
 10
1169.9463429187792
 20
7682.99426236703
 10
1169.9252790014907
 20
7688.994225392865
 10
1169.9042150842024
 20
7694.994188418701
 10
1169.883151166914
 20
7700.9941514445345
 10
1169.8620872496256
 20
7706.994114470371
 10
1169.841023332337
 20
7712.994077496205
 10
1169.8199594150487
 20
7718.99404052204
 10
1169.7988954977604
 20
7724.994003547876
 10
1165.6347247873987
 20
7726.836289149728
 10
1159.6347247873987
 20
7726.836289149728
 10
1153.6347247873987
 20
7726.836289149728
 10
1147.6347247873987
 20
7726.836289149728
 10
1141.6347247873987
 20
7726.836289149728
 10
1135.6347247873987
 20
7726.836289149728
 10
1129.6347247873987
 20
7726.836289149728
 10
1123.6347247873987
 20
7726.836289149728
 10
1117.6347247873987
 20
7726.836289149728
 10
1111.6347247873987
 20
7726.836289149728
  0
TEXT
  5
447
330
17
100
AcDbEntity
  8
FLOOR_8_FASCADE_COLUMNS
100
AcDbText
 10
1167.7220241120133
 20
7698.17858132292
 30
0.0
 40
12.0
  1
14 FT
 50
158.98833410936518
 72
1
 11
1167.7220241120133
 21
7698.17858132292
 31
0.0
100
AcDbText
 73
2
  0
LWPOLYLINE
  5
448
330
17
100
AcDbEntity
  8
FLOOR_8_FASCADE_COLUMNS
100
AcDbPolyline
 90
36
 70
0
 10
1111.6347247873987
 20
7726.836289149728
 10
1105.6347247873987
 20
7726.836289149728
 10
1099.6347247873987
 20
7726.836289149728
 10
1093.6347247873987
 20
7726.836289149728
 10
1087.6347247873987
 20
7726.836289149728
 10
1081.6347247873987
 20
7726.836289149728
 10
1075.6347247873987
 20
7726.836289149728
 10
1069.6347247873987
 20
7726.836289149728
 10
1063.6347247873987
 20
7726.836289149728
 10
1057.7924278326477
 20
7726.678586104479
 10
1057.7924278326477
 20
7720.678586104479
 10
1057.7924278326477
 20
7714.678586104479
 10
1057.7924278326477
 20
7708.678586104479
 10
1057.7924278326477
 20
7702.678586104479
 10
1057.7924278326477
 20
7696.678586104479
 10
1057.7924278326477
 20
7690.678586104479
 10
1057.7924278326477
 20
7684.678586104479
 10
1054.6347247874069
 20
7681.83628914972
 10
1048.6347247874069
 20
7681.83628914972
 10
1042.6347247874069
 20
7681.83628914972
 10
1036.6347247874069
 20
7681.83628914972
 10
1030.6347247874069
 20
7681.83628914972
 10
1024.6347247874069
 20
7681.83628914972
 10
1018.634724787407
 20
7681.83628914972
 10
1012.634724787407
 20
7681.83628914972
 10
1006.634724787407
 20
7681.83628914972
 10
1000.634724787407
 20
7681.83628914972
 10
994.634724787407
 20
7681.83628914972
 10
988.634724787407
 20
7681.83628914972
 10
982.634724787407
 20
7681.83628914972
 10
976.634724787407
 20
7681.83628914972
 10
970.634724787407
 20
7681.83628914972
 10
964.634724787407
 20
7681.83628914972
 10
958.634724787407
 20
7681.83628914972
 10
952.634724787407
 20
7681.83628914972
 10
946.634724787407
 20
7681.83628914972
  0
TEXT
  5
449
330
17
100
AcDbEntity
  8
FLOOR_8_FASCADE_COLUMNS
100
AcDbText
 10
1052.259891046937
 20
7676.0477062222935
 30
0.0
 40
12.0
  1
18 FT
 50
-164.74488129693884
 72
1
 11
1052.259891046937
 21
7676.0477062222935
 31
0.0
100
AcDbText
 73
2
  0
LWPOLYLINE
  5
44A
330
17
100
AcDbEntity
  8
FLOOR_8_FASCADE_WALLS
100
AcDbPolyline
 90
72
 70
0
 10
946.634724787407
 20
7681.83628914972
 10
940.6347247874071
 20
7681.83628914972
 10
934.6347247874071
 20
7681.83628914972
 10
928.6347247874071
 20
7681.83628914972
 10
922.6347247874071
 20
7681.83628914972
 10
916.6347247874071
 20
7681.83628914972
 10
910.6347247874071
 20
7681.83628914972
 10
904.6347247874071
 20
7681.83628914972
 10
898.6347247874071
 20
7681.83628914972
 10
892.6347247874071
 20
7681.83628914972
 10
886.6347247874071
 20
7681.83628914972
 10
880.6347247874071
 20
7681.83628914972
 10
874.6347247874071
 20
7681.83628914972
 10
868.6347247874071
 20
7681.83628914972
 10
862.6347247874071
 20
7681.83628914972
 10
856.6347247874071
 20
7681.83628914972
 10
850.6347247874071
 20
7681.83628914972
 10
844.6347247874071
 20
7681.83628914972
 10
838.6347247874071
 20
7681.83628914972
 10
832.6347247874071
 20
7681.83628914972
 10
826.6347247874071
 20
7681.83628914972
 10
820.6347247874071
 20
7681.83628914972
 10
814.6347247874071
 20
7681.83628914972
 10
808.6347247874071
 20
7681.83628914972
 10
802.6347247874071
 20
7681.83628914972
 10
796.6347247874071
 20
7681.83628914972
 10
790.6347247874071
 20
7681.83628914972
 10
784.6347247874071
 20
7681.83628914972
 10
778.6347247874071
 20
7681.83628914972
 10
772.6347247874071
 20
7681.83628914972
 10
766.6347247874071
 20
7681.83628914972
 10
760.6347247874071
 20
7681.83628914972
 10
754.6347247874071
 20
7681.83628914972
 10
748.6347247874071
 20
7681.83628914972
 10
742.6347247874071
 20
7681.83628914972
 10
736.6347247874071
 20
7681.83628914972
 10
730.6347247874071
 20
7681.83628914972
 10
724.6347247874071
 20
7681.83628914972
 10
718.6347247874071
 20
7681.83628914972
 10
712.6347247874071
 20
7681.83628914972
 10
706.6347247874071
 20
7681.83628914972
 10
700.6347247874071
 20
7681.83628914972
 10
694.6347247874071
 20
7681.83628914972
 10
688.6347247874071
 20
7681.83628914972
 10
682.6347247874071
 20
7681.83628914972
 10
676.6347247874071
 20
7681.83628914972
 10
670.6347247874071
 20
7681.83628914972
 10
664.7924278326464
 20
7681.993992194959
 10
664.7924278326464
 20
7687.993992194959
 10
664.7924278326464
 20
7693.993992194959
 10
664.7924278326464
 20
7699.993992194959
 10
664.7924278326464
 20
7705.993992194959
 10
664.7924278326464
 20
7711.993992194959
 10
664.7924278326464
 20
7717.993992194959
 10
664.7924278326464
 20
7723.993992194959
 10
664.7924278326464
 20
7729.993992194959
 10
664.7924278326464
 20
7735.993992194959
 10
664.7924278326464
 20
7741.993992194959
 10
664.7924278326464
 20
7747.993992194959
 10
664.7924278326464
 20
7753.993992194959
 10
664.7924278326464
 20
7759.993992194959
 10
664.7924278326464
 20
7765.993992194959
 10
664.7924278326464
 20
7771.993992194959
 10
664.7924278326464
 20
7777.993992194959
 10
664.7924278326464
 20
7783.993992194959
 10
664.7924278326464
 20
7789.993992194959
 10
664.7924278326464
 20
7795.993992194959
 10
664.7924278326464
 20
7801.993992194959
 10
664.7924278326464
 20
7807.993992194959
 10
664.7924278326464
 20
7813.993992194959
 10
664.7924278326464
 20
7819.993992194959
 10
664.7924278326464
 20
7825.993992194959
  0
TEXT
  5
44B
330
17
100
AcDbEntity
  8
FLOOR_8_FASCADE_WALLS
100
AcDbText
 10
730.980268546128
 20
7676.494487559763
 30
0.0
 40
12.0
  1
36 FT
 50
152.91100232072841
 72
1
 11
730.980268546128
 21
7676.494487559763
 31
0.0
100
AcDbText
 73
2
  0
LWPOLYLINE
  5
44C
330
17
100
AcDbEntity
  8
FLOOR_8_FASCADE_COLUMNS
100
AcDbPolyline
 90
26
 70
0
 10
664.7924278326464
 20
7825.993992194959
 10
664.7924278326464
 20
7831.993992194959
 10
664.7924278326464
 20
7837.993992194959
 10
664.7924278326464
 20
7843.993992194959
 10
664.7924278326464
 20
7849.993992194959
 10
664.7924278326464
 20
7855.993992194959
 10
664.7924278326464
 20
7861.993992194959
 10
664.7924278326464
 20
7867.993992194959
 10
664.7924278326464
 20
7873.993992194959
 10
664.7924278326464
 20
7879.993992194959
 10
664.7924278326464
 20
7885.993992194959
 10
664.7924278326464
 20
7891.993992194959
 10
664.7924278326464
 20
7897.993992194959
 10
664.7924278326464
 20
7903.993992194959
 10
664.7924278326464
 20
7909.993992194959
 10
664.7924278326464
 20
7915.993992194959
 10
664.7924278326464
 20
7921.993992194959
 10
664.7924278326464
 20
7927.993992194959
 10
664.7924278326464
 20
7933.993992194959
 10
664.7924278326464
 20
7939.993992194959
 10
664.7924278326464
 20
7945.993992194959
 10
664.7924278326464
 20
7951.993992194959
 10
664.7924278326464
 20
7957.993992194959
 10
664.7924278326464
 20
7963.993992194959
 10
664.7924278326464
 20
7969.993992194959
 10
664.7924278326464
 20
7972.836289149736
  0
TEXT
  5
44D
330
17
100
AcDbEntity
  8
FLOOR_8_FASCADE_COLUMNS
100
AcDbText
 10
658.7924278326464
 20
7899.415140672349
 30
0.0
 40
12.0
  1
13 FT
 50
90.0
 72
1
 11
658.7924278326464
 21
7899.415140672349
 31
0.0
100
AcDbText
 73
2
  0
CIRCLE
  5
454
330
17
100
AcDbEntity
  8
FLOOR_9_DATUM
100
AcDbCircle
 10
1041.7866172632048
 20
8932.83628914971
 30
0.0
 40
24.0
  0
LINE
  5
455
330
17
100
AcDbEntity
  8
FLOOR_9_DATUM
100
AcDbLine
 10
1005.7866172632048
 20
8932.83628914971
 30
0.0
 11
1077.7866172632048
 21
8932.83628914971
 31
0.0
  0
LINE
  5
456
330
17
100
AcDbEntity
  8
FLOOR_9_DATUM
100
AcDbLine
 10
1041.7866172632048
 20
8896.83628914971
 30
0.0
 11
1041.7866172632048
 21
8968.83628914971
 31
0.0
  0
TEXT
  5
457
330
17
100
AcDbEntity
  8
FLOOR_9_DATUM
100
AcDbText
 10
1083.7866172632048
 20
8926.83628914971
 30
0.0
 40
12.0
  1
DATUM·USER
100
AcDbText
  0
LWPOLYLINE
  5
458
330
17
100
AcDbEntity
  8
FLOOR_9_BOUNDARY
100
AcDbPolyline
 90
5
 70
1
 10
833.7866172632057
 20
8932.83628914968
 10
1489.2924278326507
 20
8932.83628914968
 10
1489.2924278326507
 20
8833.08628914969
 10
833.7866172632057
 20
8833.08628914969
 10
833.7866172632057
 20
8932.83628914968
  0
POINT
  5
459
330
17
100
AcDbEntity
  8
FLOOR_9_COLUMNS
100
AcDbPoint
 10
839.7866172632048
 20
8920.836289149685
 30
0.0
  0
POINT
  5
45A
330
17
100
AcDbEntity
  8
FLOOR_9_COLUMNS
100
AcDbPoint
 10
1477.2924278326552
 20
8926.836289149676
 30
0.0
  0
LWPOLYLINE
  5
45C
330
17
100
AcDbEntity
  8
FLOOR_9_TRIBUTARY_COL_0
100
AcDbPolyline
 90
13
 70
1
 10
940.7866181770456
 20
8926.836258383635
 10
940.7866163493595
 20
8914.836258383635
 10
940.0737432345445
 20
8902.836258383635
 10
938.6479988326012
 20
8890.836258383635
 10
936.5093831435288
 20
8878.836258383635
 10
933.6578961673279
 20
8866.836258383635
 10
930.0935379039981
 20
8854.836258383635
 10
925.8163083535397
 20
8842.836258383635
 10
921.7618642168095
 20
8833.08628914969
 10
833.7866172632057
 20
8833.08628914969
 10
833.7866172632057
 20
8932.83628914968
 10
940.4301816196432
 20
8932.83628914968
 10
940.7866181770456
 20
8926.836258383635
  0
LWPOLYLINE
  5
45D
330
17
100
AcDbEntity
  8
FLOOR_9_LARGE_TRIBUTARY
100
AcDbPolyline
 90
13
 70
1
 10
940.7866181770456
 20
8926.836258383635
 10
940.7866163493595
 20
8914.836258383635
 10
940.0737432345445
 20
8902.836258383635
 10
938.6479988326012
 20
8890.836258383635
 10
936.5093831435288
 20
8878.836258383635
 10
933.6578961673279
 20
8866.836258383635
 10
930.0935379039981
 20
8854.836258383635
 10
925.8163083535397
 20
8842.836258383635
 10
921.7618642168095
 20
8833.08628914969
 10
833.7866172632057
 20
8833.08628914969
 10
833.7866172632057
 20
8932.83628914968
 10
940.4301816196432
 20
8932.83628914968
 10
940.7866181770456
 20
8926.836258383635
  0
LWPOLYLINE
  5
45F
330
17
100
AcDbEntity
  8
FLOOR_9_TRIBUTARY_COL_1
100
AcDbPolyline
 90
7
 70
1
 10
1322.4062871033277
 20
8878.836297366643
 10
1321.4817458775287
 20
8926.836289149713
 10
1321.5973135505378
 20
8932.83628914968
 10
1489.2924278326507
 20
8932.83628914968
 10
1489.2924278326507
 20
8833.08628914969
 10
1335.6243396641826
 20
8833.08628914969
 10
1322.4062871033277
 20
8878.836297366643
  0
LWPOLYLINE
  5
460
330
17
100
AcDbEntity
  8
FLOOR_9_LARGE_TRIBUTARY
100
AcDbPolyline
 90
7
 70
1
 10
1322.4062871033277
 20
8878.836297366643
 10
1321.4817458775287
 20
8926.836289149713
 10
1321.5973135505378
 20
8932.83628914968
 10
1489.2924278326507
 20
8932.83628914968
 10
1489.2924278326507
 20
8833.08628914969
 10
1335.6243396641826
 20
8833.08628914969
 10
1322.4062871033277
 20
8878.836297366643
  0
LWPOLYLINE
  5
462
330
17
100
AcDbEntity
  8
FLOOR_9_WALL_TRIBUTARY_18
100
AcDbPolyline
 90
37
 70
1
 10
921.7618642168095
 20
8833.08628914969
 10
925.8163083535397
 20
8842.836258383635
 10
930.0935379039981
 20
8854.836258383635
 10
933.6578961673279
 20
8866.836258383635
 10
936.5093831435288
 20
8878.836258383635
 10
938.6479988326012
 20
8890.836258383635
 10
940.0737432345445
 20
8902.836258383635
 10
940.7866163493595
 20
8914.836258383635
 10
940.7866181770456
 20
8926.836258383635
 10
940.4301816196432
 20
8932.83628914968
 10
1047.786601880128
 20
8932.83628914968
 10
1059.78658649713
 20
8932.83628914968
 10
1071.78658649713
 20
8932.83628914968
 10
1083.78658649713
 20
8932.83628914968
 10
1095.78658649713
 20
8932.83628914968
 10
1107.78658649713
 20
8932.83628914968
 10
1119.78658649713
 20
8932.83628914968
 10
1131.78658649713
 20
8932.83628914968
 10
1143.78658649713
 20
8932.83628914968
 10
1155.78658649713
 20
8932.83628914968
 10
1163.7866090462705
 20
8932.83628914968
 10
1321.5973135505378
 20
8932.83628914968
 10
1321.4817458775287
 20
8926.836289149713
 10
1322.4062871033277
 20
8878.836297366643
 10
1335.6243396641826
 20
8833.08628914969
 10
1162.6616493132174
 20
8833.08628914969
 10
1151.7866480292769
 20
8833.08628914969
 10
1139.7866480292769
 20
8833.08628914969
 10
1127.7866480292769
 20
8833.08628914969
 10
1115.7866480292769
 20
8833.08628914969
 10
1103.7866480292769
 20
8833.08628914969
 10
1091.7866480292769
 20
8833.08628914969
 10
1079.7866480292769
 20
8833.08628914969
 10
1067.7866480292769
 20
8833.08628914969
 10
1055.7866480292769
 20
8833.08628914969
 10
1044.9116504327399
 20
8833.08628914969
 10
921.7618642168095
 20
8833.08628914969
  0
LWPOLYLINE
  5
463
330
17
100
AcDbEntity
  8
FLOOR_9_LARGE_TRIBUTARY
100
AcDbPolyline
 90
37
 70
1
 10
921.7618642168095
 20
8833.08628914969
 10
925.8163083535397
 20
8842.836258383635
 10
930.0935379039981
 20
8854.836258383635
 10
933.6578961673279
 20
8866.836258383635
 10
936.5093831435288
 20
8878.836258383635
 10
938.6479988326012
 20
8890.836258383635
 10
940.0737432345445
 20
8902.836258383635
 10
940.7866163493595
 20
8914.836258383635
 10
940.7866181770456
 20
8926.836258383635
 10
940.4301816196432
 20
8932.83628914968
 10
1047.786601880128
 20
8932.83628914968
 10
1059.78658649713
 20
8932.83628914968
 10
1071.78658649713
 20
8932.83628914968
 10
1083.78658649713
 20
8932.83628914968
 10
1095.78658649713
 20
8932.83628914968
 10
1107.78658649713
 20
8932.83628914968
 10
1119.78658649713
 20
8932.83628914968
 10
1131.78658649713
 20
8932.83628914968
 10
1143.78658649713
 20
8932.83628914968
 10
1155.78658649713
 20
8932.83628914968
 10
1163.7866090462705
 20
8932.83628914968
 10
1321.5973135505378
 20
8932.83628914968
 10
1321.4817458775287
 20
8926.836289149713
 10
1322.4062871033277
 20
8878.836297366643
 10
1335.6243396641826
 20
8833.08628914969
 10
1162.6616493132174
 20
8833.08628914969
 10
1151.7866480292769
 20
8833.08628914969
 10
1139.7866480292769
 20
8833.08628914969
 10
1127.7866480292769
 20
8833.08628914969
 10
1115.7866480292769
 20
8833.08628914969
 10
1103.7866480292769
 20
8833.08628914969
 10
1091.7866480292769
 20
8833.08628914969
 10
1079.7866480292769
 20
8833.08628914969
 10
1067.7866480292769
 20
8833.08628914969
 10
1055.7866480292769
 20
8833.08628914969
 10
1044.9116504327399
 20
8833.08628914969
 10
921.7618642168095
 20
8833.08628914969
  0
TEXT
  5
464
330
17
100
AcDbEntity
  8
FLOOR_9_AREA_LABELS
100
AcDbText
 10
1130.1707005670632
 20
8882.271205025047
 30
0.0
 40
24.0
  1
271 SF
 72
1
 11
1130.1707005670632
 21
8882.271205025047
 31
0.0
100
AcDbText
 73
2
  0
TEXT
  5
465
330
17
100
AcDbEntity
  8
FLOOR_9_AREA_LABELS
100
AcDbText
 10
884.6599440285427
 20
8884.494448609774
 30
0.0
 40
24.0
  1
71 SF
 72
1
 11
884.6599440285427
 21
8884.494448609774
 31
0.0
100
AcDbText
 73
2
  0
TEXT
  5
466
330
17
100
AcDbEntity
  8
FLOOR_9_AREA_LABELS
100
AcDbText
 10
1407.1688923998993
 20
8883.653405026998
 30
0.0
 40
24.0
  1
114 SF
 72
1
 11
1407.1688923998993
 21
8883.653405026998
 31
0.0
100
AcDbText
 73
2
  0
LWPOLYLINE
  5
469
330
17
100
AcDbEntity
  8
FLOOR_9_FASCADE_COLUMNS
100
AcDbPolyline
 90
19
 70
0
 10
833.7866172632057
 20
8932.83628914968
 10
839.7866172632057
 20
8932.83628914968
 10
845.7866172632057
 20
8932.83628914968
 10
851.7866172632057
 20
8932.83628914968
 10
857.7866172632057
 20
8932.83628914968
 10
863.7866172632057
 20
8932.83628914968
 10
869.7866172632057
 20
8932.83628914968
 10
875.7866172632057
 20
8932.83628914968
 10
881.7866172632057
 20
8932.83628914968
 10
887.7866172632057
 20
8932.83628914968
 10
893.7866172632057
 20
8932.83628914968
 10
899.7866172632057
 20
8932.83628914968
 10
905.7866172632057
 20
8932.83628914968
 10
911.7866172632057
 20
8932.83628914968
 10
917.7866172632057
 20
8932.83628914968
 10
923.7866172632057
 20
8932.83628914968
 10
929.7866172632057
 20
8932.83628914968
 10
935.7866172632057
 20
8932.83628914968
 10
941.7866172632057
 20
8932.83628914968
  0
TEXT
  5
46A
330
17
100
AcDbEntity
  8
FLOOR_9_FASCADE_COLUMNS
100
AcDbText
 10
887.7866172632057
 20
8938.83628914968
 30
0.0
 40
12.0
  1
9 FT
 72
1
 11
887.7866172632057
 21
8938.83628914968
 31
0.0
100
AcDbText
 73
2
  0
LWPOLYLINE
  5
46B
330
17
100
AcDbEntity
  8
FLOOR_9_FASCADE_WALLS
100
AcDbPolyline
 90
64
 70
0
 10
941.7866172632057
 20
8932.83628914968
 10
947.7866172632057
 20
8932.83628914968
 10
953.7866172632057
 20
8932.83628914968
 10
959.7866172632057
 20
8932.83628914968
 10
965.7866172632057
 20
8932.83628914968
 10
971.7866172632057
 20
8932.83628914968
 10
977.7866172632057
 20
8932.83628914968
 10
983.7866172632057
 20
8932.83628914968
 10
989.7866172632057
 20
8932.83628914968
 10
995.7866172632057
 20
8932.83628914968
 10
1001.7866172632057
 20
8932.83628914968
 10
1007.7866172632057
 20
8932.83628914968
 10
1013.7866172632057
 20
8932.83628914968
 10
1019.7866172632057
 20
8932.83628914968
 10
1025.7866172632057
 20
8932.83628914968
 10
1031.7866172632057
 20
8932.83628914968
 10
1037.7866172632057
 20
8932.83628914968
 10
1043.7866172632057
 20
8932.83628914968
 10
1049.7866172632057
 20
8932.83628914968
 10
1055.7866172632057
 20
8932.83628914968
 10
1061.7866172632057
 20
8932.83628914968
 10
1067.7866172632057
 20
8932.83628914968
 10
1073.7866172632057
 20
8932.83628914968
 10
1079.7866172632057
 20
8932.83628914968
 10
1085.7866172632057
 20
8932.83628914968
 10
1091.7866172632057
 20
8932.83628914968
 10
1097.7866172632057
 20
8932.83628914968
 10
1103.7866172632057
 20
8932.83628914968
 10
1109.7866172632057
 20
8932.83628914968
 10
1115.7866172632057
 20
8932.83628914968
 10
1121.7866172632057
 20
8932.83628914968
 10
1127.7866172632057
 20
8932.83628914968
 10
1133.7866172632057
 20
8932.83628914968
 10
1139.7866172632057
 20
8932.83628914968
 10
1145.7866172632057
 20
8932.83628914968
 10
1151.7866172632057
 20
8932.83628914968
 10
1157.7866172632057
 20
8932.83628914968
 10
1163.7866172632057
 20
8932.83628914968
 10
1169.7866172632057
 20
8932.83628914968
 10
1175.7866172632057
 20
8932.83628914968
 10
1181.7866172632057
 20
8932.83628914968
 10
1187.7866172632057
 20
8932.83628914968
 10
1193.7866172632057
 20
8932.83628914968
 10
1199.7866172632057
 20
8932.83628914968
 10
1205.7866172632057
 20
8932.83628914968
 10
1211.7866172632057
 20
8932.83628914968
 10
1217.7866172632057
 20
8932.83628914968
 10
1223.7866172632057
 20
8932.83628914968
 10
1229.7866172632057
 20
8932.83628914968
 10
1235.7866172632057
 20
8932.83628914968
 10
1241.7866172632057
 20
8932.83628914968
 10
1247.7866172632057
 20
8932.83628914968
 10
1253.7866172632057
 20
8932.83628914968
 10
1259.7866172632057
 20
8932.83628914968
 10
1265.7866172632057
 20
8932.83628914968
 10
1271.7866172632057
 20
8932.83628914968
 10
1277.7866172632057
 20
8932.83628914968
 10
1283.7866172632057
 20
8932.83628914968
 10
1289.7866172632057
 20
8932.83628914968
 10
1295.7866172632057
 20
8932.83628914968
 10
1301.7866172632057
 20
8932.83628914968
 10
1307.7866172632057
 20
8932.83628914968
 10
1313.7866172632057
 20
8932.83628914968
 10
1319.7866172632057
 20
8932.83628914968
  0
TEXT
  5
46C
330
17
100
AcDbEntity
  8
FLOOR_9_FASCADE_WALLS
100
AcDbText
 10
1130.7866172632057
 20
8938.83628914968
 30
0.0
 40
12.0
  1
32 FT
 72
1
 11
1130.7866172632057
 21
8938.83628914968
 31
0.0
100
AcDbText
 73
2
  0
LWPOLYLINE
  5
46D
330
17
100
AcDbEntity
  8
FLOOR_9_FASCADE_COLUMNS
100
AcDbPolyline
 90
71
 70
0
 10
1319.7866172632057
 20
8932.83628914968
 10
1325.7866172632057
 20
8932.83628914968
 10
1331.7866172632057
 20
8932.83628914968
 10
1337.7866172632057
 20
8932.83628914968
 10
1343.7866172632057
 20
8932.83628914968
 10
1349.7866172632057
 20
8932.83628914968
 10
1355.7866172632057
 20
8932.83628914968
 10
1361.7866172632057
 20
8932.83628914968
 10
1367.7866172632057
 20
8932.83628914968
 10
1373.7866172632057
 20
8932.83628914968
 10
1379.7866172632057
 20
8932.83628914968
 10
1385.7866172632057
 20
8932.83628914968
 10
1391.7866172632057
 20
8932.83628914968
 10
1397.7866172632057
 20
8932.83628914968
 10
1403.7866172632057
 20
8932.83628914968
 10
1409.7866172632057
 20
8932.83628914968
 10
1415.7866172632057
 20
8932.83628914968
 10
1421.7866172632057
 20
8932.83628914968
 10
1427.7866172632057
 20
8932.83628914968
 10
1433.7866172632057
 20
8932.83628914968
 10
1439.7866172632057
 20
8932.83628914968
 10
1445.7866172632057
 20
8932.83628914968
 10
1451.7866172632057
 20
8932.83628914968
 10
1457.7866172632057
 20
8932.83628914968
 10
1463.7866172632057
 20
8932.83628914968
 10
1469.7866172632057
 20
8932.83628914968
 10
1475.7866172632057
 20
8932.83628914968
 10
1481.7866172632057
 20
8932.83628914968
 10
1487.7866172632057
 20
8932.83628914968
 10
1489.2924278326507
 20
8928.342099719124
 10
1489.2924278326507
 20
8922.342099719124
 10
1489.2924278326507
 20
8916.342099719124
 10
1489.2924278326507
 20
8910.342099719124
 10
1489.2924278326507
 20
8904.342099719124
 10
1489.2924278326507
 20
8898.342099719124
 10
1489.2924278326507
 20
8892.342099719124
 10
1489.2924278326507
 20
8886.342099719124
 10
1489.2924278326507
 20
8880.342099719124
 10
1489.2924278326507
 20
8874.342099719124
 10
1489.2924278326507
 20
8868.342099719124
 10
1489.2924278326507
 20
8862.342099719124
 10
1489.2924278326507
 20
8856.342099719124
 10
1489.2924278326507
 20
8850.342099719124
 10
1489.2924278326507
 20
8844.342099719124
 10
1489.2924278326507
 20
8838.342099719124
 10
1488.5482384020847
 20
8833.08628914969
 10
1482.5482384020847
 20
8833.08628914969
 10
1476.5482384020847
 20
8833.08628914969
 10
1470.5482384020847
 20
8833.08628914969
 10
1464.5482384020847
 20
8833.08628914969
 10
1458.5482384020847
 20
8833.08628914969
 10
1452.5482384020847
 20
8833.08628914969
 10
1446.5482384020847
 20
8833.08628914969
 10
1440.5482384020847
 20
8833.08628914969
 10
1434.5482384020847
 20
8833.08628914969
 10
1428.5482384020847
 20
8833.08628914969
 10
1422.5482384020847
 20
8833.08628914969
 10
1416.5482384020847
 20
8833.08628914969
 10
1410.5482384020847
 20
8833.08628914969
 10
1404.5482384020847
 20
8833.08628914969
 10
1398.5482384020847
 20
8833.08628914969
 10
1392.5482384020847
 20
8833.08628914969
 10
1386.5482384020847
 20
8833.08628914969
 10
1380.5482384020847
 20
8833.08628914969
 10
1374.5482384020847
 20
8833.08628914969
 10
1368.5482384020847
 20
8833.08628914969
 10
1362.5482384020847
 20
8833.08628914969
 10
1356.5482384020847
 20
8833.08628914969
 10
1350.5482384020847
 20
8833.08628914969
 10
1344.5482384020847
 20
8833.08628914969
 10
1338.5482384020847
 20
8833.08628914969
  0
TEXT
  5
46E
330
17
100
AcDbEntity
  8
FLOOR_9_FASCADE_COLUMNS
100
AcDbText
 10
1495.1890336658228
 20
8893.166927194849
 30
0.0
 40
12.0
  1
35 FT
 50
-79.34788948234078
 72
1
 11
1495.1890336658228
 21
8893.166927194849
 31
0.0
100
AcDbText
 73
2
  0
LWPOLYLINE
  5
46F
330
17
100
AcDbEntity
  8
FLOOR_9_FASCADE_WALLS
100
AcDbPolyline
 90
70
 70
0
 10
1338.5482384020847
 20
8833.08628914969
 10
1332.5482384020847
 20
8833.08628914969
 10
1326.5482384020847
 20
8833.08628914969
 10
1320.5482384020847
 20
8833.08628914969
 10
1314.5482384020847
 20
8833.08628914969
 10
1308.5482384020847
 20
8833.08628914969
 10
1302.5482384020847
 20
8833.08628914969
 10
1296.5482384020847
 20
8833.08628914969
 10
1290.5482384020847
 20
8833.08628914969
 10
1284.5482384020847
 20
8833.08628914969
 10
1278.5482384020847
 20
8833.08628914969
 10
1272.5482384020847
 20
8833.08628914969
 10
1266.5482384020847
 20
8833.08628914969
 10
1260.5482384020847
 20
8833.08628914969
 10
1254.5482384020847
 20
8833.08628914969
 10
1248.5482384020847
 20
8833.08628914969
 10
1242.5482384020847
 20
8833.08628914969
 10
1236.5482384020847
 20
8833.08628914969
 10
1230.5482384020847
 20
8833.08628914969
 10
1224.5482384020847
 20
8833.08628914969
 10
1218.5482384020847
 20
8833.08628914969
 10
1212.5482384020847
 20
8833.08628914969
 10
1206.5482384020847
 20
8833.08628914969
 10
1200.5482384020847
 20
8833.08628914969
 10
1194.5482384020847
 20
8833.08628914969
 10
1188.5482384020847
 20
8833.08628914969
 10
1182.5482384020847
 20
8833.08628914969
 10
1176.5482384020847
 20
8833.08628914969
 10
1170.5482384020847
 20
8833.08628914969
 10
1164.5482384020847
 20
8833.08628914969
 10
1158.5482384020847
 20
8833.08628914969
 10
1152.5482384020847
 20
8833.08628914969
 10
1146.5482384020847
 20
8833.08628914969
 10
1140.5482384020847
 20
8833.08628914969
 10
1134.5482384020847
 20
8833.08628914969
 10
1128.5482384020847
 20
8833.08628914969
 10
1122.5482384020847
 20
8833.08628914969
 10
1116.5482384020847
 20
8833.08628914969
 10
1110.5482384020847
 20
8833.08628914969
 10
1104.5482384020847
 20
8833.08628914969
 10
1098.5482384020847
 20
8833.08628914969
 10
1092.5482384020847
 20
8833.08628914969
 10
1086.5482384020847
 20
8833.08628914969
 10
1080.5482384020847
 20
8833.08628914969
 10
1074.5482384020847
 20
8833.08628914969
 10
1068.5482384020847
 20
8833.08628914969
 10
1062.5482384020847
 20
8833.08628914969
 10
1056.5482384020847
 20
8833.08628914969
 10
1050.5482384020847
 20
8833.08628914969
 10
1044.5482384020847
 20
8833.08628914969
 10
1038.5482384020847
 20
8833.08628914969
 10
1032.5482384020847
 20
8833.08628914969
 10
1026.5482384020847
 20
8833.08628914969
 10
1020.5482384020847
 20
8833.08628914969
 10
1014.5482384020847
 20
8833.08628914969
 10
1008.5482384020847
 20
8833.08628914969
 10
1002.5482384020847
 20
8833.08628914969
 10
996.5482384020847
 20
8833.08628914969
 10
990.5482384020847
 20
8833.08628914969
 10
984.5482384020847
 20
8833.08628914969
 10
978.5482384020847
 20
8833.08628914969
 10
972.5482384020847
 20
8833.08628914969
 10
966.5482384020847
 20
8833.08628914969
 10
960.5482384020847
 20
8833.08628914969
 10
954.5482384020847
 20
8833.08628914969
 10
948.5482384020847
 20
8833.08628914969
 10
942.5482384020847
 20
8833.08628914969
 10
936.5482384020847
 20
8833.08628914969
 10
930.5482384020847
 20
8833.08628914969
 10
924.5482384020847
 20
8833.08628914969
  0
TEXT
  5
470
330
17
100
AcDbEntity
  8
FLOOR_9_FASCADE_WALLS
100
AcDbText
 10
1131.5482384020847
 20
8827.08628914969
 30
0.0
 40
12.0
  1
35 FT
 50
180.0
 72
1
 11
1131.5482384020847
 21
8827.08628914969
 31
0.0
100
AcDbText
 73
2
  0
LWPOLYLINE
  5
471
330
17
100
AcDbEntity
  8
FLOOR_9_FASCADE_COLUMNS
100
AcDbPolyline
 90
33
 70
0
 10
924.5482384020847
 20
8833.08628914969
 10
918.5482384020847
 20
8833.08628914969
 10
912.5482384020847
 20
8833.08628914969
 10
906.5482384020847
 20
8833.08628914969
 10
900.5482384020847
 20
8833.08628914969
 10
894.5482384020847
 20
8833.08628914969
 10
888.5482384020847
 20
8833.08628914969
 10
882.5482384020847
 20
8833.08628914969
 10
876.5482384020847
 20
8833.08628914969
 10
870.5482384020847
 20
8833.08628914969
 10
864.5482384020847
 20
8833.08628914969
 10
858.5482384020847
 20
8833.08628914969
 10
852.5482384020847
 20
8833.08628914969
 10
846.5482384020847
 20
8833.08628914969
 10
840.5482384020847
 20
8833.08628914969
 10
834.5482384020847
 20
8833.08628914969
 10
833.7866172632057
 20
8838.32466801081
 10
833.7866172632057
 20
8844.32466801081
 10
833.7866172632057
 20
8850.32466801081
 10
833.7866172632057
 20
8856.32466801081
 10
833.7866172632057
 20
8862.32466801081
 10
833.7866172632057
 20
8868.32466801081
 10
833.7866172632057
 20
8874.32466801081
 10
833.7866172632057
 20
8880.32466801081
 10
833.7866172632057
 20
8886.32466801081
 10
833.7866172632057
 20
8892.32466801081
 10
833.7866172632057
 20
8898.32466801081
 10
833.7866172632057
 20
8904.32466801081
 10
833.7866172632057
 20
8910.32466801081
 10
833.7866172632057
 20
8916.32466801081
 10
833.7866172632057
 20
8922.32466801081
 10
833.7866172632057
 20
8928.32466801081
 10
833.7866172632057
 20
8932.83628914968
  0
TEXT
  5
472
330
17
100
AcDbEntity
  8
FLOOR_9_FASCADE_COLUMNS
100
AcDbText
 10
829.4049895536559
 20
8833.899837568126
 30
0.0
 40
12.0
  1
16 FT
 50
132.29877601462388
 72
1
 11
829.4049895536559
 21
8833.899837568126
 31
0.0
100
AcDbText
 73
2
  0
ENDSEC
  0
SECTION
  2
OBJECTS
  0
DICTIONARY
  5
A
330
0
100
AcDbDictionary
281
1
  3
ACAD_COLOR
350
B
  3
ACAD_GROUP
350
C
  3
ACAD_LAYOUT
350
D
  3
ACAD_MATERIAL
350
E
  3
ACAD_MLEADERSTYLE
350
F
  3
ACAD_MLINESTYLE
350
10
  3
ACAD_PLOTSETTINGS
350
11
  3
ACAD_PLOTSTYLENAME
350
12
  3
ACAD_SCALELIST
350
14
  3
ACAD_TABLESTYLE
350
15
  3
ACAD_VISUALSTYLE
350
16
  3
EZDXF_META
350
2D
  0
DICTIONARY
  5
B
330
A
100
AcDbDictionary
281
1
  0
DICTIONARY
  5
C
330
A
100
AcDbDictionary
281
1
  0
DICTIONARY
  5
D
330
A
100
AcDbDictionary
281
1
  3
Model
350
1A
  3
Layout1
350
1E
  0
DICTIONARY
  5
E
330
A
100
AcDbDictionary
281
1
  3
ByBlock
350
1F
  3
ByLayer
350
20
  3
Global
350
21
  0
DICTIONARY
  5
F
330
A
100
AcDbDictionary
281
1
  3
Standard
350
2C
  0
DICTIONARY
  5
10
330
A
100
AcDbDictionary
281
1
  3
Standard
350
22
  0
DICTIONARY
  5
11
330
A
100
AcDbDictionary
281
1
  0
ACDBDICTIONARYWDFLT
  5
12
330
A
100
AcDbDictionary
281
1
  3
Normal
350
13
100
AcDbDictionaryWithDefault
340
13
  0
ACDBPLACEHOLDER
  5
13
330
12
  0
DICTIONARY
  5
14
330
A
100
AcDbDictionary
281
1
  0
DICTIONARY
  5
15
330
A
100
AcDbDictionary
281
1
  0
DICTIONARY
  5
16
330
A
100
AcDbDictionary
281
1
  0
LAYOUT
  5
1A
330
D
100
AcDbPlotSettings
  1

  4
A3
  6

 40
7.5
 41
20.0
 42
7.5
 43
20.0
 44
420.0
 45
297.0
 46
0.0
 47
0.0
 48
0.0
 49
0.0
140
0.0
141
0.0
142
1.0
143
1.0
 70
1024
 72
1
 73
0
 74
5
  7

 75
16
 76
0
 77
2
 78
300
147
1.0
148
0.0
149
0.0
100
AcDbLayout
  1
Model
 70
1
 71
0
 10
0.0
 20
0.0
 11
420.0
 21
297.0
 12
0.0
 22
0.0
 32
0.0
 14
1e+20
 24
1e+20
 34
1e+20
 15
-1e+20
 25
-1e+20
 35
-1e+20
146
0.0
 13
0.0
 23
0.0
 33
0.0
 16
1.0
 26
0.0
 36
0.0
 17
0.0
 27
1.0
 37
0.0
 76
1
330
17
  0
LAYOUT
  5
1E
330
D
100
AcDbPlotSettings
  1

  4
A3
  6

 40
7.5
 41
20.0
 42
7.5
 43
20.0
 44
420.0
 45
297.0
 46
0.0
 47
0.0
 48
0.0
 49
0.0
140
0.0
141
0.0
142
1.0
143
1.0
 70
0
 72
1
 73
0
 74
5
  7

 75
16
 76
0
 77
2
 78
300
147
1.0
148
0.0
149
0.0
100
AcDbLayout
  1
Layout1
 70
1
 71
1
 10
0.0
 20
0.0
 11
420.0
 21
297.0
 12
0.0
 22
0.0
 32
0.0
 14
1e+20
 24
1e+20
 34
1e+20
 15
-1e+20
 25
-1e+20
 35
-1e+20
146
0.0
 13
0.0
 23
0.0
 33
0.0
 16
1.0
 26
0.0
 36
0.0
 17
0.0
 27
1.0
 37
0.0
 76
1
330
1B
  0
MATERIAL
  5
1F
102
{ACAD_REACTORS
330
E
102
}
330
E
100
AcDbMaterial
  1
ByBlock
  2

 70
0
 40
1.0
 71
1
 41
1.0
 91
-1023410177
 42
1.0
 72
1
  3

 73
1
 74
1
 75
1
 44
0.5
 73
0
 45
1.0
 46
1.0
 77
1
  4

 78
1
 79
1
170
1
 48
1.0
171
1
  6

172
1
173
1
174
1
140
1.0
141
1.0
175
1
  7

176
1
177
1
178
1
143
1.0
179
1
  8

270
1
271
1
272
1
145
1.0
146
1.0
273
1
  9

274
1
275
1
276
1
 42
1.0
 72
1
  3

 73
1
 74
1
 75
1
 94
63
  0
MATERIAL
  5
20
102
{ACAD_REACTORS
330
E
102
}
330
E
100
AcDbMaterial
  1
ByLayer
  2

 70
0
 40
1.0
 71
1
 41
1.0
 91
-1023410177
 42
1.0
 72
1
  3

 73
1
 74
1
 75
1
 44
0.5
 73
0
 45
1.0
 46
1.0
 77
1
  4

 78
1
 79
1
170
1
 48
1.0
171
1
  6

172
1
173
1
174
1
140
1.0
141
1.0
175
1
  7

176
1
177
1
178
1
143
1.0
179
1
  8

270
1
271
1
272
1
145
1.0
146
1.0
273
1
  9

274
1
275
1
276
1
 42
1.0
 72
1
  3

 73
1
 74
1
 75
1
 94
63
  0
MATERIAL
  5
21
102
{ACAD_REACTORS
330
E
102
}
330
E
100
AcDbMaterial
  1
Global
  2

 70
0
 40
1.0
 71
1
 41
1.0
 91
-1023410177
 42
1.0
 72
1
  3

 73
1
 74
1
 75
1
 44
0.5
 73
0
 45
1.0
 46
1.0
 77
1
  4

 78
1
 79
1
170
1
 48
1.0
171
1
  6

172
1
173
1
174
1
140
1.0
141
1.0
175
1
  7

176
1
177
1
178
1
143
1.0
179
1
  8

270
1
271
1
272
1
145
1.0
146
1.0
273
1
  9

274
1
275
1
276
1
 42
1.0
 72
1
  3

 73
1
 74
1
 75
1
 94
63
  0
MLINESTYLE
  5
22
102
{ACAD_REACTORS
330
10
102
}
330
10
100
AcDbMlineStyle
  2
Standard
 70
0
  3

 62
256
 51
90.0
 52
90.0
 71
2
 49
0.5
 62
256
  6
BYLAYER
 49
-0.5
 62
256
  6
BYLAYER
  0
MLEADERSTYLE
  5
2C
102
{ACAD_REACTORS
330
F
102
}
330
F
100
AcDbMLeaderStyle
179
2
170
2
171
1
172
0
 90
2
 40
0.0
 41
0.0
173
1
 91
-1056964608
 92
-2
290
1
 42
2.0
291
1
 43
8.0
  3
Standard
 44
4.0
300

342
29
174
1
175
1
176
0
178
1
 93
-1056964608
 45
4.0
292
0
297
0
 46
4.0
 94
-1056964608
 47
1.0
 49
1.0
140
1.0
294
1
141
0.0
177
0
142
1.0
295
0
296
0
143
3.75
271
0
272
9
273
9
  0
DICTIONARY
  5
2D
330
A
100
AcDbDictionary
280
1
281
1
  3
CREATED_BY_EZDXF
350
2E
  3
WRITTEN_BY_EZDXF
350
476
  0
DICTIONARYVAR
  5
2E
330
2D
100
DictionaryVariables
280
0
  1
1.4.2 @ 2026-10-07T17:17:41.411800+00:00
  0
DICTIONARYVAR
  5
476
330
2D
100
DictionaryVariables
280
0
  1
1.4.2 @ 2026-10-07T17:17:41.532151+00:00
  0
ENDSEC
  0
EOF
