  0
SECTION
  2
HEADER
  9
$ACADVER
  1
AC1032
  9
$ACADMAINTVER
 90
4
  9
$DWGCODEPAGE
  3
ANSI_1252
  9
$LASTSAVEDBY
  1
ezdxf
  9
$REQUIREDVERSIONS
160
0
  9
$INSBASE
 10
0.0
 20
0.0
 30
0.0
  9
$EXTMIN
 10
1e+20
 20
1e+20
 30
1e+20
  9
$EXTMAX
 10
-1e+20
 20
-1e+20
 30
-1e+20
  9
$LIMMIN
 10
0.0
 20
0.0
  9
$LIMMAX
 10
420.0
 20
297.0
  9
$ORTHOMODE
 70
0
  9
$REGENMODE
 70
1
  9
$FILLMODE
 70
1
  9
$QTEXTMODE
 70
0
  9
$MIRRTEXT
 70
1
  9
$LTSCALE
 40
1.0
  9
$ATTMODE
 70
1
  9
$TEXTSIZE
 40
2.5
  9
$TRACEWID
 40
1.0
  9
$TEXTSTYLE
  7
Standard
  9
$CLAYER
  8
0
  9
$CELTYPE
  6
ByLayer
  9
$CECOLOR
 62
256
  9
$CELTSCALE
 40
1.0
  9
$DISPSILH
 70
0
  9
$DIMSCALE
 40
1.0
  9
$DIMASZ
 40
2.5
  9
$DIMEXO
 40
0.625
  9
$DIMDLI
 40
3.75
  9
$DIMRND
 40
0.0
  9
$DIMDLE
 40
0.0
  9
$DIMEXE
 40
1.25
  9
$DIMTP
 40
0.0
  9
$DIMTM
 40
0.0
  9
$DIMTXT
 40
2.5
  9
$DIMCEN
 40
2.5
  9
$DIMTSZ
 40
0.0
  9
$DIMTOL
 70
0
  9
$DIMLIM
 70
0
  9
$DIMTIH
 70
0
  9
$DIMTOH
 70
0
  9
$DIMSE1
 70
0
  9
$DIMSE2
 70
0
  9
$DIMTAD
 70
1
  9
$DIMZIN
 70
8
  9
$DIMBLK
  1

  9
$DIMASO
 70
1
  9
$DIMSHO
 70
1
  9
$DIMPOST
  1

  9
$DIMAPOST
  1

  9
$DIMALT
 70
0
  9
$DIMALTD
 70
3
  9
$DIMALTF
 40
0.03937007874
  9
$DIMLFAC
 40
1.0
  9
$DIMTOFL
 70
1
  9
$DIMTVP
 40
0.0
  9
$DIMTIX
 70
0
  9
$DIMSOXD
 70
0
  9
$DIMSAH
 70
0
  9
$DIMBLK1
  1

  9
$DIMBLK2
  1

  9
$DIMSTYLE
  2
ISO-25
  9
$DIMCLRD
 70
0
  9
$DIMCLRE
 70
0
  9
$DIMCLRT
 70
0
  9
$DIMTFAC
 40
1.0
  9
$DIMGAP
 40
0.625
  9
$DIMJUST
 70
0
  9
$DIMSD1
 70
0
  9
$DIMSD2
 70
0
  9
$DIMTOLJ
 70
0
  9
$DIMTZIN
 70
8
  9
$DIMALTZ
 70
0
  9
$DIMALTTZ
 70
0
  9
$DIMUPT
 70
0
  9
$DIMDEC
 70
2
  9
$DIMTDEC
 70
2
  9
$DIMALTU
 70
2
  9
$DIMALTTD
 70
3
  9
$DIMTXSTY
  7
Standard
  9
$DIMAUNIT
 70
0
  9
$DIMADEC
 70
0
  9
$DIMALTRND
 40
0.0
  9
$DIMAZIN
 70
0
  9
$DIMDSEP
 70
44
  9
$DIMATFIT
 70
3
  9
$DIMFRAC
 70
0
  9
$DIMLDRBLK
  1

  9
$DIMLUNIT
 70
2
  9
$DIMLWD
 70
-2
  9
$DIMLWE
 70
-2
  9
$DIMTMOVE
 70
0
  9
$DIMFXL
 40
1.0
  9
$DIMFXLON
 70
0
  9
$DIMJOGANG
 40
0.785398163397
  9
$DIMTFILL
 70
0
  9
$DIMTFILLCLR
 70
0
  9
$DIMARCSYM
 70
0
  9
$DIMLTYPE
  6

  9
$DIMLTEX1
  6

  9
$DIMLTEX2
  6

  9
$DIMTXTDIRECTION
 70
0
  9
$LUNITS
 70
2
  9
$LUPREC
 70
4
  9
$SKETCHINC
 40
1.0
  9
$FILLETRAD
 40
10.0
  9
$AUNITS
 70
0
  9
$AUPREC
 70
2
  9
$MENU
  1
.
  9
$ELEVATION
 40
0.0
  9
$PELEVATION
 40
0.0
  9
$THICKNESS
 40
0.0
  9
$LIMCHECK
 70
0
  9
$CHAMFERA
 40
0.0
  9
$CHAMFERB
 40
0.0
  9
$CHAMFERC
 40
0.0
  9
$CHAMFERD
 40
0.0
  9
$SKPOLY
 70
0
  9
$TDCREATE
 40
2461320.688622685
  9
$TDUCREATE
 40
2458532.153996898
  9
$TDUPDATE
 40
2461320.688634259
  9
$TDUUPDATE
 40
2458532.1544311
  9
$TDINDWG
 40
0.0
  9
$TDUSRTIMER
 40
0.0
  9
$USRTIMER
 70
1
  9
$ANGBASE
 50
0.0
  9
$ANGDIR
 70
0
  9
$PDMODE
 70
0
  9
$PDSIZE
 40
0.0
  9
$PLINEWID
 40
0.0
  9
$SPLFRAME
 70
0
  9
$SPLINETYPE
 70
6
  9
$SPLINESEGS
 70
8
  9
$HANDSEED
  5
661
  9
$SURFTAB1
 70
6
  9
$SURFTAB2
 70
6
  9
$SURFTYPE
 70
6
  9
$SURFU
 70
6
  9
$SURFV
 70
6
  9
$UCSBASE
  2

  9
$UCSNAME
  2

  9
$UCSORG
 10
0.0
 20
0.0
 30
0.0
  9
$UCSXDIR
 10
1.0
 20
0.0
 30
0.0
  9
$UCSYDIR
 10
0.0
 20
1.0
 30
0.0
  9
$UCSORTHOREF
  2

  9
$UCSORTHOVIEW
 70
0
  9
$UCSORGTOP
 10
0.0
 20
0.0
 30
0.0
  9
$UCSORGBOTTOM
 10
0.0
 20
0.0
 30
0.0
  9
$UCSORGLEFT
 10
0.0
 20
0.0
 30
0.0
  9
$UCSORGRIGHT
 10
0.0
 20
0.0
 30
0.0
  9
$UCSORGFRONT
 10
0.0
 20
0.0
 30
0.0
  9
$UCSORGBACK
 10
0.0
 20
0.0
 30
0.0
  9
$PUCSBASE
  2

  9
$PUCSNAME
  2

  9
$PUCSORG
 10
0.0
 20
0.0
 30
0.0
  9
$PUCSXDIR
 10
1.0
 20
0.0
 30
0.0
  9
$PUCSYDIR
 10
0.0
 20
1.0
 30
0.0
  9
$PUCSORTHOREF
  2

  9
$PUCSORTHOVIEW
 70
0
  9
$PUCSORGTOP
 10
0.0
 20
0.0
 30
0.0
  9
$PUCSORGBOTTOM
 10
0.0
 20
0.0
 30
0.0
  9
$PUCSORGLEFT
 10
0.0
 20
0.0
 30
0.0
  9
$PUCSORGRIGHT
 10
0.0
 20
0.0
 30
0.0
  9
$PUCSORGFRONT
 10
0.0
 20
0.0
 30
0.0
  9
$PUCSORGBACK
 10
0.0
 20
0.0
 30
0.0
  9
$USERI1
 70
0
  9
$USERI2
 70
0
  9
$USERI3
 70
0
  9
$USERI4
 70
0
  9
$USERI5
 70
0
  9
$USERR1
 40
0.0
  9
$USERR2
 40
0.0
  9
$USERR3
 40
0.0
  9
$USERR4
 40
0.0
  9
$USERR5
 40
0.0
  9
$WORLDVIEW
 70
1
  9
$SHADEDGE
 70
3
  9
$SHADEDIF
 70
70
  9
$TILEMODE
 70
1
  9
$MAXACTVP
 70
64
  9
$PINSBASE
 10
0.0
 20
0.0
 30
0.0
  9
$PLIMCHECK
 70
0
  9
$PEXTMIN
 10
1e+20
 20
1e+20
 30
1e+20
  9
$PEXTMAX
 10
-1e+20
 20
-1e+20
 30
-1e+20
  9
$PLIMMIN
 10
0.0
 20
0.0
  9
$PLIMMAX
 10
420.0
 20
297.0
  9
$UNITMODE
 70
0
  9
$VISRETAIN
 70
1
  9
$PLINEGEN
 70
0
  9
$PSLTSCALE
 70
1
  9
$TREEDEPTH
 70
3020
  9
$CMLSTYLE
  2
Standard
  9
$CMLJUST
 70
0
  9
$CMLSCALE
 40
20.0
  9
$PROXYGRAPHICS
 70
1
  9
$MEASUREMENT
 70
1
  9
$CELWEIGHT
370
-1
  9
$ENDCAPS
280
0
  9
$JOINSTYLE
280
0
  9
$LWDISPLAY
290
0
  9
$INSUNITS
 70
1
  9
$HYPERLINKBASE
  1

  9
$STYLESHEET
  1

  9
$XEDIT
290
1
  9
$CEPSNTYPE
380
0
  9
$PSTYLEMODE
290
1
  9
$FINGERPRINTGUID
  2
{12E802C5-94C5-4703-8FBE-2B6257315F13}
  9
$VERSIONGUID
  2
{CF8B1511-DA68-4725-B0FD-11043D4112F0}
  9
$EXTNAMES
290
1
  9
$PSVPSCALE
 40
0.0
  9
$OLESTARTUP
290
0
  9
$SORTENTS
280
127
  9
$INDEXCTL
280
0
  9
$HIDETEXT
280
1
  9
$XCLIPFRAME
280
1
  9
$HALOGAP
280
0
  9
$OBSCOLOR
 70
257
  9
$OBSLTYPE
280
0
  9
$INTERSECTIONDISPLAY
280
0
  9
$INTERSECTIONCOLOR
 70
257
  9
$DIMASSOC
280
2
  9
$PROJECTNAME
  1

  9
$CAMERADISPLAY
290
0
  9
$LENSLENGTH
 40
50.0
  9
$CAMERAHEIGHT
 40
0.0
  9
$STEPSPERSEC
 40
24.0
  9
$STEPSIZE
 40
100.0
  9
$3DDWFPREC
 40
2.0
  9
$PSOLWIDTH
 40
0.005
  9
$PSOLHEIGHT
 40
0.08
  9
$LOFTANG1
 40
1.570796326795
  9
$LOFTANG2
 40
1.570796326795
  9
$LOFTMAG1
 40
0.0
  9
$LOFTMAG2
 40
0.0
  9
$LOFTPARAM
 70
7
  9
$LOFTNORMALS
280
1
  9
$LATITUDE
 40
37.795
  9
$LONGITUDE
 40
-122.394
  9
$NORTHDIRECTION
 40
0.0
  9
$TIMEZONE
 70
-8000
  9
$LIGHTGLYPHDISPLAY
280
1
  9
$TILEMODELIGHTSYNCH
280
1
  9
$CMATERIAL
347
20
  9
$SOLIDHIST
280
0
  9
$SHOWHIST
280
1
  9
$DWFFRAME
280
2
  9
$DGNFRAME
280
2
  9
$REALWORLDSCALE
290
1
  9
$INTERFERECOLOR
 62
256
  9
$CSHADOW
280
0
  9
$SHADOWPLANELOCATION
 40
0.0
  0
ENDSEC
  0
SECTION
  2
CLASSES
  0
CLASS
  1
ACDBDICTIONARYWDFLT
  2
AcDbDictionaryWithDefault
  3
ObjectDBX Classes
 90
0
 91
0
280
0
281
0
  0
CLASS
  1
SUN
  2
AcDbSun
  3
SCENEOE
 90
1153
 91
0
280
0
281
0
  0
CLASS
  1
VISUALSTYLE
  2
AcDbVisualStyle
  3
ObjectDBX Classes
 90
4095
 91
0
280
0
281
0
  0
CLASS
  1
MATERIAL
  2
AcDbMaterial
  3
ObjectDBX Classes
 90
1153
 91
0
280
0
281
0
  0
CLASS
  1
SCALE
  2
AcDbScale
  3
ObjectDBX Classes
 90
1153
 91
0
280
0
281
0
  0
CLASS
  1
TABLESTYLE
  2
AcDbTableStyle
  3
ObjectDBX Classes
 90
4095
 91
0
280
0
281
0
  0
CLASS
  1
MLEADERSTYLE
  2
AcDbMLeaderStyle
  3
ACDB_MLEADERSTYLE_CLASS
 90
4095
 91
0
280
0
281
0
  0
CLASS
  1
DICTIONARYVAR
  2
AcDbDictionaryVar
  3
ObjectDBX Classes
 90
0
 91
0
280
0
281
0
  0
CLASS
  1
CELLSTYLEMAP
  2
AcDbCellStyleMap
  3
ObjectDBX Classes
 90
1152
 91
0
280
0
281
0
  0
CLASS
  1
MENTALRAYRENDERSETTINGS
  2
AcDbMentalRayRenderSettings
  3
SCENEOE
 90
1024
 91
0
280
0
281
0
  0
CLASS
  1
ACDBDETAILVIEWSTYLE
  2
AcDbDetailViewStyle
  3
ObjectDBX Classes
 90
1025
 91
0
280
0
281
0
  0
CLASS
  1
ACDBSECTIONVIEWSTYLE
  2
AcDbSectionViewStyle
  3
ObjectDBX Classes
 90
1025
 91
0
280
0
281
0
  0
CLASS
  1
RASTERVARIABLES
  2
AcDbRasterVariables
  3
ISM
 90
0
 91
0
280
0
281
0
  0
CLASS
  1
LAYOUT
  2
AcDbLayout
  3
ObjectDBX Classes
 90
0
 91
0
280
0
281
0
  0
CLASS
  1
ACDBPLACEHOLDER
  2
AcDbPlaceHolder
  3
ObjectDBX Classes
 90
0
 91
0
280
0
281
0
  0
ENDSEC
  0
SECTION
  2
TABLES
  0
TABLE
  2
VPORT
  5
8
330
0
100
AcDbSymbolTable
 70
1
  0
VPORT
  5
23
330
8
100
AcDbSymbolTableRecord
100
AcDbViewportTableRecord
  2
*Active
 70
0
 10
0.0
 20
0.0
 11
1.0
 21
1.0
 12
0.0
 22
0.0
 13
0.0
 23
0.0
 14
0.5
 24
0.5
 15
0.5
 25
0.5
 16
0.0
 26
0.0
 36
1.0
 17
0.0
 27
0.0
 37
0.0
 40
1000.0
 41
1.34
 42
50.0
 43
0.0
 44
0.0
 50
0.0
 51
0.0
 71
0
 72
1000
 73
1
 74
3
 75
0
 76
0
 77
0
 78
0
281
0
 65
0
146
0.0
  0
ENDTAB
  0
TABLE
  2
LTYPE
  5
2
330
0
100
AcDbSymbolTable
 70
3
  0
LTYPE
  5
24
330
2
100
AcDbSymbolTableRecord
100
AcDbLinetypeTableRecord
  2
ByBlock
 70
0
  3

 72
65
 73
0
 40
0.0
  0
LTYPE
  5
25
330
2
100
AcDbSymbolTableRecord
100
AcDbLinetypeTableRecord
  2
ByLayer
 70
0
  3

 72
65
 73
0
 40
0.0
  0
LTYPE
  5
26
330
2
100
AcDbSymbolTableRecord
100
AcDbLinetypeTableRecord
  2
Continuous
 70
0
  3

 72
65
 73
0
 40
0.0
  0
ENDTAB
  0
TABLE
  2
LAYER
  5
1
330
0
100
AcDbSymbolTable
 70
10
  0
LAYER
  5
27
330
1
100
AcDbSymbolTableRecord
100
AcDbLayerTableRecord
  2
0
 70
0
 62
7
  6
Continuous
370
-3
390
13
347
21
  0
LAYER
  5
28
330
1
100
AcDbSymbolTableRecord
100
AcDbLayerTableRecord
  2
Defpoints
 70
0
 62
7
  6
Continuous
290
0
370
-3
390
13
347
21
  0
LAYER
  5
2F
330
1
100
AcDbSymbolTableRecord
100
AcDbLayerTableRecord
  2
BOUNDARY
 70
0
 62
1
  6
Continuous
370
-3
390
13
347
21
  0
LAYER
  5
30
330
1
100
AcDbSymbolTableRecord
100
AcDbLayerTableRecord
  2
ADDITIONAL-LOAD
 70
0
 62
6
  6
Continuous
370
-3
390
13
347
21
  0
LAYER
  5
31
330
1
100
AcDbSymbolTableRecord
100
AcDbLayerTableRecord
  2
WALL
 70
0
 62
4
  6
Continuous
370
-3
390
13
347
21
  0
LAYER
  5
32
330
1
100
AcDbSymbolTableRecord
100
AcDbLayerTableRecord
  2
BEAM
 70
0
 62
30
  6
Continuous
370
-3
390
13
347
21
  0
LAYER
  5
33
330
1
100
AcDbSymbolTableRecord
100
AcDbLayerTableRecord
  2
COLS
 70
0
 62
2
  6
Continuous
370
-3
390
13
347
21
  0
LAYER
  5
34
330
1
100
AcDbSymbolTableRecord
100
AcDbLayerTableRecord
  2
COL-LABEL
 70
0
 62
2
  6
Continuous
370
-3
390
13
347
21
  0
LAYER
  5
35
330
1
100
AcDbSymbolTableRecord
100
AcDbLayerTableRecord
  2
FLOOR NUMBER
 70
0
 62
3
  6
Continuous
370
-3
390
13
347
21
  0
LAYER
  5
36
330
1
100
AcDbSymbolTableRecord
100
AcDbLayerTableRecord
  2
DATUM
 70
0
 62
7
  6
Continuous
370
-3
390
13
347
21
  0
ENDTAB
  0
TABLE
  2
STYLE
  5
5
330
0
100
AcDbSymbolTable
 70
1
  0
STYLE
  5
29
330
5
100
AcDbSymbolTableRecord
100
AcDbTextStyleTableRecord
  2
Standard
 70
0
 40
0.0
 41
1.0
 50
0.0
 71
0
 42
2.5
  3
txt
  4

  0
ENDTAB
  0
TABLE
  2
VIEW
  5
7
330
0
100
AcDbSymbolTable
 70
0
  0
ENDTAB
  0
TABLE
  2
UCS
  5
6
330
0
100
AcDbSymbolTable
 70
0
  0
ENDTAB
  0
TABLE
  2
APPID
  5
3
330
0
100
AcDbSymbolTable
 70
3
  0
APPID
  5
2A
330
3
100
AcDbSymbolTableRecord
100
AcDbRegAppTableRecord
  2
ACAD
 70
0
  0
APPID
  5
65E
330
3
100
AcDbSymbolTableRecord
100
AcDbRegAppTableRecord
  2
HATCHBACKGROUNDCOLOR
 70
0
  0
APPID
  5
65F
330
3
100
AcDbSymbolTableRecord
100
AcDbRegAppTableRecord
  2
EZDXF
 70
0
  0
ENDTAB
  0
TABLE
  2
DIMSTYLE
  5
4
330
0
100
AcDbSymbolTable
 70
1
100
AcDbDimStyleTable
  0
DIMSTYLE
105
2B
330
4
100
AcDbSymbolTableRecord
100
AcDbDimStyleTableRecord
  2
Standard
 70
0
 40
1.0
 41
2.5
 42
0.625
 43
3.75
 44
1.25
 45
0.0
 46
0.0
 47
0.0
 48
0.0
 49
2.5
140
2.5
141
2.5
142
0.0
143
0.03937007874
144
1.0
145
0.0
146
1.0
147
0.625
148
0.0
 69
0
 70
0
 71
0
 72
0
 73
0
 74
0
 75
0
 76
0
 77
1
 78
8
 79
3
170
0
171
3
172
1
173
0
174
0
175
0
176
0
177
0
178
0
179
2
271
2
272
2
273
2
274
3
275
0
276
0
277
2
278
44
279
0
280
0
281
0
282
0
283
0
284
8
285
0
286
0
288
0
289
3
290
0
371
-2
372
-2
  0
ENDTAB
  0
TABLE
  2
BLOCK_RECORD
  5
9
330
0
100
AcDbSymbolTable
 70
2
  0
BLOCK_RECORD
  5
17
330
9
100
AcDbSymbolTableRecord
100
AcDbBlockTableRecord
  2
*Model_Space
340
1A
 70
0
280
1
281
0
  0
BLOCK_RECORD
  5
1B
330
9
100
AcDbSymbolTableRecord
100
AcDbBlockTableRecord
  2
*Paper_Space
340
1E
 70
0
280
1
281
0
  0
ENDTAB
  0
ENDSEC
  0
SECTION
  2
BLOCKS
  0
BLOCK
  5
18
330
17
100
AcDbEntity
  8
0
100
AcDbBlockBegin
  2
*Model_Space
 70
0
 10
0.0
 20
0.0
 30
0.0
  3
*Model_Space
  1

  0
ENDBLK
  5
19
330
17
100
AcDbEntity
  8
0
100
AcDbBlockEnd
  0
BLOCK
  5
1C
330
1B
100
AcDbEntity
  8
0
100
AcDbBlockBegin
  2
*Paper_Space
 70
0
 10
0.0
 20
0.0
 30
0.0
  3
*Paper_Space
  1

  0
ENDBLK
  5
1D
330
1B
100
AcDbEntity
  8
0
100
AcDbBlockEnd
  0
ENDSEC
  0
SECTION
  2
ENTITIES
  0
LWPOLYLINE
  5
37
330
17
100
AcDbEntity
  8
COLS
100
AcDbPolyline
 90
4
 70
1
 10
5242.09862257163
 20
5563.342992409972
 10
5255.63167227534
 20
5559.757387061239
 10
5264.85180031494
 20
5594.556657727925
 10
5251.31875061123
 20
5598.142263076658
  0
LWPOLYLINE
  5
38
330
17
100
AcDbEntity
  8
COLS
100
AcDbPolyline
 90
4
 70
1
 10
4951.703785907832
 20
5664.4501542131
 10
4964.932672198238
 20
5659.867953048217
 10
4976.715475193652
 20
5693.885089223551
 10
4963.486588903246
 20
5698.467290388435
  0
LWPOLYLINE
  5
39
330
17
100
AcDbEntity
  8
COLS
100
AcDbPolyline
 90
4
 70
1
 10
5544.233514304762
 20
5506.39589201559
 10
5557.99563917436
 20
5503.826082864382
 10
5564.603719848894
 20
5539.2144039576315
 10
5550.841594979296
 20
5541.784213108839
  0
LWPOLYLINE
  5
3A
330
17
100
AcDbEntity
  8
COLS
100
AcDbPolyline
 90
4
 70
1
 10
5846.406511051211
 20
5449.4351868827525
 10
5860.321723822659
 20
5447.896728717806
 10
5864.27775910395
 20
5483.678704415819
 10
5850.3625463325025
 20
5485.217162580766
  0
LWPOLYLINE
  5
3B
330
17
100
AcDbEntity
  8
COLS
100
AcDbPolyline
 90
4
 70
1
 10
6300.659890818555
 20
5394.742994341539
 10
6314.659890818555
 20
5394.742994341539
 10
6314.659890818555
 20
5430.742994341539
 10
6300.659890818555
 20
5430.742994341539
  0
LWPOLYLINE
  5
3C
330
17
100
AcDbEntity
  8
COLS
100
AcDbPolyline
 90
4
 70
1
 10
5868.797395131449
 20
5679.827487559711
 10
5882.712607902897
 20
5678.289029394764
 10
5886.668643184188
 20
5714.071005092777
 10
5872.75343041274
 20
5715.609463257724
  0
LWPOLYLINE
  5
3D
330
17
100
AcDbEntity
  8
COLS
100
AcDbPolyline
 90
4
 70
1
 10
5300.791781788079
 20
5784.866937097381
 10
5314.324831491789
 20
5781.281331748648
 10
5323.544959531389
 20
5816.080602415334
 10
5310.011909827679
 20
5819.666207764068
  0
LWPOLYLINE
  5
3E
330
17
100
AcDbEntity
  8
COLS
100
AcDbPolyline
 90
4
 70
1
 10
4661.3511378792155
 20
5765.568211851944
 10
4674.202580919895
 20
5760.01479742727
 10
4688.482789440486
 20
5793.061365246161
 10
4675.631346399807
 20
5798.614779670835
  0
LWPOLYLINE
  5
3F
330
17
100
AcDbEntity
  8
COLS
100
AcDbPolyline
 90
4
 70
1
 10
4755.974395740115
 20
5976.820302729737
 10
4768.825838780795
 20
5971.266888305063
 10
4783.106047301386
 20
6004.313456123953
 10
4770.254604260706
 20
6009.866870548627
  0
LWPOLYLINE
  5
40
330
17
100
AcDbEntity
  8
COLS
100
AcDbPolyline
 90
4
 70
1
 10
4254.622920467198
 20
5969.484729091177
 10
4266.786268221931
 20
5962.5527040337
 10
4284.611475512582
 20
5993.829883974438
 10
4272.448127757849
 20
6000.761909031915
  0
LWPOLYLINE
  5
41
330
17
100
AcDbEntity
  8
COLS
100
AcDbPolyline
 90
4
 70
1
 10
4366.544654614849
 20
6172.054391218484
 10
4378.708002369582
 20
6165.122366161007
 10
4396.533209660232
 20
6196.399546101746
 10
4384.369861905499
 20
6203.331571159222
  0
LWPOLYLINE
  5
42
330
17
100
AcDbEntity
  8
COLS
100
AcDbPolyline
 90
4
 70
1
 10
3999.8049298947717
 20
6141.58686071343
 10
4011.419016372418
 20
6133.769380602184
 10
4031.521108087052
 20
6163.634174401849
 10
4019.907021609406
 20
6171.451654513095
  0
LWPOLYLINE
  5
43
330
17
100
AcDbEntity
  8
COLS
100
AcDbPolyline
 90
4
 70
1
 10
4147.50754440598
 20
6316.2506806384345
 10
4155.325024517228
 20
6327.8647671160825
 10
4125.460230717563
 20
6347.966858830715
 10
4117.6427506063155
 20
6336.352772353067
  0
LWPOLYLINE
  5
44
330
17
100
AcDbEntity
  8
COLS
100
AcDbPolyline
 90
4
 70
1
 10
6300.659890818555
 20
5577.857562923097
 10
6314.659890818555
 20
5577.857562923097
 10
6314.659890818555
 20
5613.857562923097
 10
6300.659890818555
 20
5613.857562923097
  0
LWPOLYLINE
  5
45
330
17
100
AcDbEntity
  8
COLS
100
AcDbPolyline
 90
4
 70
1
 10
5610.531345219724
 20
5725.307955603898
 10
5613.100492719508
 20
5739.070204007569
 10
5577.71185396721
 20
5745.676583292728
 10
5575.142706467426
 20
5731.914334889057
  0
LWPOLYLINE
  5
46
330
17
100
AcDbEntity
  8
COLS
100
AcDbPolyline
 90
4
 70
1
 10
5049.746655166928
 20
5871.11894383432
 10
5054.328856331813
 20
5884.347830124728
 10
5020.311720156478
 20
5896.130633120144
 10
5015.729518991593
 20
5882.901746829736
  0
LWPOLYLINE
  5
47
330
17
100
AcDbEntity
  8
COLS
100
AcDbPolyline
 90
4
 70
1
 10
4394.188485356395
 20
6750.472699861032
 10
4405.772990899235
 20
6742.611451148016
 10
4425.987630446993
 20
6772.400179686748
 10
4414.403124904153
 20
6780.261428399764
  0
LWPOLYLINE
  5
48
330
17
100
AcDbEntity
  8
COLS
100
AcDbPolyline
 90
4
 70
1
 10
4925.953905988257
 20
6451.16097522618
 10
4938.7492788433865
 20
6445.479564002001
 10
4953.358621991274
 20
6478.381951343762
 10
4940.563249136145
 20
6484.063362567941
  0
LWPOLYLINE
  5
49
330
17
100
AcDbEntity
  8
COLS
100
AcDbPolyline
 90
4
 70
1
 10
5380.8756102584175
 20
6351.624371393774
 10
5394.333089107708
 20
6347.76480366916
 10
5404.257691828143
 20
6382.369749281624
 10
5390.800212978853
 20
6386.229317006238
  0
LWPOLYLINE
  5
4A
330
17
100
AcDbEntity
  8
COLS
100
AcDbPolyline
 90
4
 70
1
 10
5964.354367305896
 20
6238.0725409274055
 10
5978.283088485645
 20
6236.661609923847
 10
5981.911196780511
 20
6272.478321528917
 10
5967.982475600762
 20
6273.889252532475
  0
LWPOLYLINE
  5
4B
330
17
100
AcDbEntity
  8
COLS
100
AcDbPolyline
 90
4
 70
1
 10
6755.592922714151
 20
5394.742994341537
 10
6769.592922714151
 20
5394.742994341537
 10
6769.592922714151
 20
5430.742994341537
 10
6755.592922714151
 20
5430.742994341537
  0
LWPOLYLINE
  5
4C
330
17
100
AcDbEntity
  8
COLS
100
AcDbPolyline
 90
4
 70
1
 10
6755.592922714151
 20
5758.295062923058
 10
6769.592922714151
 20
5758.295062923058
 10
6769.592922714151
 20
5794.295062923058
 10
6755.592922714151
 20
5794.295062923058
  0
LWPOLYLINE
  5
4D
330
17
100
AcDbEntity
  8
COLS
100
AcDbPolyline
 90
4
 70
1
 10
7014.155630073856
 20
5394.742994341536
 10
7028.155630073856
 20
5394.742994341536
 10
7028.155630073856
 20
5430.742994341536
 10
7014.155630073856
 20
5430.742994341536
  0
LWPOLYLINE
  5
4E
330
17
100
AcDbEntity
  8
COLS
100
AcDbPolyline
 90
4
 70
1
 10
4236.998094526063
 20
6518.827958059921
 10
4248.5825432607435
 20
6510.966625633824
 10
4268.797398070705
 20
6540.755208094428
 10
4257.212949336024
 20
6548.616540520525
  0
LWPOLYLINE
  5
4F
330
17
100
AcDbEntity
  8
COLS
100
AcDbPolyline
 90
4
 70
1
 10
4808.635630886256
 20
6198.955842361887
 10
4821.431003741385
 20
6193.274431137708
 10
4836.040346889273
 20
6226.176818479469
 10
4823.2449740341435
 20
6231.858229703648
  0
LWPOLYLINE
  5
50
330
17
100
AcDbEntity
  8
COLS
100
AcDbPolyline
 90
4
 70
1
 10
5286.941295584134
 20
6024.095709339251
 10
5300.3987744334245
 20
6020.236141614637
 10
5310.32337715386
 20
6054.841087227101
 10
5296.86589830457
 20
6058.700654951715
  0
LWPOLYLINE
  5
51
330
17
100
AcDbEntity
  8
COLS
100
AcDbPolyline
 90
4
 70
1
 10
5935.6521368293
 20
5954.723911875436
 10
5949.580858009049
 20
5953.312980871878
 10
5953.208966303915
 20
5989.129692476948
 10
5939.280245124166
 20
5990.540623480506
  0
LWPOLYLINE
  5
52
330
17
100
AcDbEntity
  8
COLS
100
AcDbPolyline
 90
32
 70
1
 10
3398.3296281209914
 20
6632.272343137162
 10
3398.0990514858295
 20
6634.613427001356
 10
3397.416182511126
 20
6636.864544325544
 10
3396.3072634686214
 20
6638.939185933397
 10
3394.8149094952296
 20
6640.7576245114005
 10
3392.9964709172273
 20
6642.249978484793
 10
3390.9218293093727
 20
6643.358897527298
 10
3388.6707119851853
 20
6644.041766502001
 10
3386.3296281209914
 20
6644.272343137162
 10
3383.9885442567975
 20
6644.041766502001
 10
3381.73742693261
 20
6643.358897527298
 10
3379.6627853247555
 20
6642.249978484793
 10
3377.844346746753
 20
6640.7576245114005
 10
3376.3519927733614
 20
6638.939185933397
 10
3375.243073730857
 20
6636.864544325544
 10
3374.5602047561533
 20
6634.613427001356
 10
3374.3296281209914
 20
6632.272343137162
 10
3374.5602047561533
 20
6629.931259272968
 10
3375.243073730857
 20
6627.680141948781
 10
3376.3519927733614
 20
6625.605500340927
 10
3377.844346746753
 20
6623.787061762924
 10
3379.6627853247555
 20
6622.2947077895315
 10
3381.73742693261
 20
6621.185788747027
 10
3383.9885442567975
 20
6620.502919772323
 10
3386.3296281209914
 20
6620.272343137162
 10
3388.6707119851853
 20
6620.502919772323
 10
3390.9218293093727
 20
6621.185788747027
 10
3392.9964709172273
 20
6622.2947077895315
 10
3394.8149094952296
 20
6623.787061762924
 10
3396.3072634686214
 20
6625.605500340927
 10
3397.416182511126
 20
6627.680141948781
 10
3398.0990514858295
 20
6629.931259272968
  0
LWPOLYLINE
  5
53
330
17
100
AcDbEntity
  8
COLS
100
AcDbPolyline
 90
4
 70
1
 10
6234.6017087207765
 20
6410.098399858034
 10
6220.6017087207765
 20
6410.098399858034
 10
6220.6017087207765
 20
6374.098399858034
 10
6234.6017087207765
 20
6374.098399858034
  0
LWPOLYLINE
  5
54
330
17
100
AcDbEntity
  8
COLS
100
AcDbPolyline
 90
4
 70
1
 10
6150.851708720775
 20
6610.779714020571
 10
6136.851708720775
 20
6610.779714020571
 10
6136.851708720775
 20
6574.779714020571
 10
6150.851708720775
 20
6574.779714020571
  0
LWPOLYLINE
  5
55
330
17
100
AcDbEntity
  8
COLS
100
AcDbPolyline
 90
4
 70
1
 10
6658.910516397509
 20
6767.0841325448455
 10
6658.910516397509
 20
6781.0841325448455
 10
6622.910516397509
 20
6781.0841325448455
 10
6622.910516397509
 20
6767.0841325448455
  0
LWPOLYLINE
  5
56
330
17
100
AcDbEntity
  8
COLS
100
AcDbPolyline
 90
4
 70
1
 10
6150.851708720775
 20
6781.084132544846
 10
6136.851708720775
 20
6781.084132544846
 10
6136.851708720775
 20
6745.084132544846
 10
6150.851708720775
 20
6745.084132544846
  0
LWPOLYLINE
  5
57
330
17
100
AcDbEntity
  8
COLS
100
AcDbPolyline
 90
4
 70
1
 10
3363.906247666515
 20
6825.503644262098
 10
3363.906247666515
 20
6811.503644262098
 10
3399.906247666515
 20
6811.503644262098
 10
3399.906247666515
 20
6825.503644262098
  0
LWPOLYLINE
  5
58
330
17
100
AcDbEntity
  8
COLS
100
AcDbPolyline
 90
4
 70
1
 10
3590.1601778658787
 20
6433.229732985059
 10
3601.160668220813
 20
6424.570101817915
 10
3623.4282912220388
 20
6452.8570770163205
 10
3612.4278008671045
 20
6461.516708183464
  0
LWPOLYLINE
  5
59
330
17
100
AcDbEntity
  8
COLS
100
AcDbPolyline
 90
4
 70
1
 10
3754.0358172797733
 20
6613.440742835757
 10
3762.695448446919
 20
6624.441233190693
 10
3743.837464981314
 20
6639.286315191512
 10
3735.1778338141685
 20
6628.285824836576
  0
LWPOLYLINE
  5
5A
330
17
100
AcDbEntity
  8
COLS
100
AcDbPolyline
 90
4
 70
1
 10
3599.8624151931454
 20
6692.247262321856
 10
3613.8624151931454
 20
6692.247262321856
 10
3613.8624151931454
 20
6716.247262321856
 10
3599.8624151931454
 20
6716.247262321856
  0
LWPOLYLINE
  5
5B
330
17
100
AcDbEntity
  8
COLS
100
AcDbPolyline
 90
4
 70
1
 10
3735.173012876472
 20
6811.503644262096
 10
3735.173012876472
 20
6825.503644262096
 10
3711.173012876472
 20
6825.503644262096
 10
3711.173012876472
 20
6811.503644262096
  0
LWPOLYLINE
  5
5C
330
17
100
AcDbEntity
  8
COLS
100
AcDbPolyline
 90
4
 70
1
 10
6316.131905428732
 20
6227.618227267021
 10
6330.131905428732
 20
6227.618227267021
 10
6330.131905428732
 20
6251.618227267021
 10
6316.131905428732
 20
6251.618227267021
  0
LWPOLYLINE
  5
5D
330
17
100
AcDbEntity
  8
COLS
100
AcDbPolyline
 90
4
 70
1
 10
6429.479629149901
 20
6079.388736484155
 10
6429.479629149901
 20
6093.388736484155
 10
6405.479629149901
 20
6093.388736484155
 10
6405.479629149901
 20
6079.388736484155
  0
LWPOLYLINE
  5
5E
330
17
100
AcDbEntity
  8
COLS
100
AcDbPolyline
 90
4
 70
1
 10
6304.94699674527
 20
6128.388736484151
 10
6304.94699674527
 20
6142.388736484151
 10
6280.94699674527
 20
6142.388736484151
 10
6280.94699674527
 20
6128.388736484151
  0
LWPOLYLINE
  5
5F
330
17
100
AcDbEntity
  8
COLS
100
AcDbPolyline
 90
4
 70
1
 10
6199.789125760108
 20
6236.33640164323
 10
6201.200056763668
 20
6250.265122822979
 10
6177.3222490269545
 20
6252.683861686224
 10
6175.911318023394
 20
6238.755140506475
  0
LWPOLYLINE
  5
60
330
17
100
AcDbEntity
  8
COLS
100
AcDbPolyline
 90
4
 70
1
 10
6397.71863552725
 20
6768.5841325448455
 10
6397.71863552725
 20
6782.5841325448455
 10
6373.71863552725
 20
6782.5841325448455
 10
6373.71863552725
 20
6768.5841325448455
  0
LWPOLYLINE
  5
61
330
17
100
AcDbEntity
  8
COLS
100
AcDbPolyline
 90
4
 70
1
 10
6769.28244602936
 20
6768.584132544844
 10
6769.28244602936
 20
6782.584132544844
 10
6745.28244602936
 20
6782.584132544844
 10
6745.28244602936
 20
6768.584132544844
  0
LWPOLYLINE
  5
62
330
17
100
AcDbEntity
  8
COLS
100
AcDbPolyline
 90
4
 70
1
 10
6770.28244602936
 20
6578.0466784523
 10
6756.28244602936
 20
6578.0466784523
 10
6756.28244602936
 20
6554.0466784523
 10
6770.28244602936
 20
6554.0466784523
  0
LWPOLYLINE
  5
63
330
17
100
AcDbEntity
  8
COLS
100
AcDbPolyline
 90
4
 70
1
 10
6267.94699674527
 20
5879.4618076893175
 10
6267.94699674527
 20
5893.4618076893175
 10
6243.94699674527
 20
5893.4618076893175
 10
6243.94699674527
 20
5879.4618076893175
  0
LWPOLYLINE
  5
64
330
17
100
AcDbEntity
  8
COLS
100
AcDbPolyline
 90
4
 70
1
 10
6644.468782954436
 20
5585.689469822962
 10
6644.468782954436
 20
5599.689469822962
 10
6620.468782954436
 20
5599.689469822962
 10
6620.468782954436
 20
5585.689469822962
  0
LWPOLYLINE
  5
65
330
17
100
AcDbEntity
  8
COLS
100
AcDbPolyline
 90
4
 70
1
 10
6643.218352833956
 20
5394.742994341539
 10
6643.218352833956
 20
5408.742994341539
 10
6619.218352833956
 20
5408.742994341539
 10
6619.218352833956
 20
5394.742994341539
  0
LWPOLYLINE
  5
66
330
17
100
AcDbEntity
  8
COLS
100
AcDbPolyline
 90
4
 70
1
 10
6446.0348908203905
 20
5394.742994341536
 10
6446.0348908203905
 20
5408.742994341536
 10
6422.0348908203905
 20
5408.742994341536
 10
6422.0348908203905
 20
5394.742994341536
  0
LWPOLYLINE
  5
67
330
17
100
AcDbEntity
  8
COLS
100
AcDbPolyline
 90
4
 70
1
 10
6017.680210406836
 20
5608.91194853143
 10
6018.453570893458
 20
5622.89057198146
 10
5994.490216407694
 20
5624.2163328156685
 10
5993.716855921071
 20
5610.237709365639
  0
LWPOLYLINE
  5
68
330
17
100
AcDbEntity
  8
COLS
100
AcDbPolyline
 90
4
 70
1
 10
4625.216722623229
 20
5972.985598696587
 10
4631.468915722167
 20
5985.511974128194
 10
4609.995129267982
 20
5996.23001944066
 10
4603.742936169043
 20
5983.703644009052
  0
LWPOLYLINE
  5
69
330
17
100
AcDbEntity
  8
COLS
100
AcDbPolyline
 90
4
 70
1
 10
4552.940692796421
 20
5846.932760621883
 10
4540.4143173648135
 20
5853.184953720822
 10
4529.69627205235
 20
5831.711167266636
 10
4542.222647483957
 20
5825.458974167697
  0
LWPOLYLINE
  5
6A
330
17
100
AcDbEntity
  8
COLS
100
AcDbPolyline
 90
4
 70
1
 10
4353.021064705448
 20
6811.503644262093
 10
4353.021064705448
 20
6825.503644262093
 10
4329.021064705448
 20
6825.503644262093
 10
4329.021064705448
 20
6811.503644262093
  0
LWPOLYLINE
  5
6B
330
17
100
AcDbEntity
  8
COLS
100
AcDbPolyline
 90
4
 70
1
 10
4821.794047725583
 20
6606.586492108217
 10
4816.9242666762875
 20
6595.619029660963
 10
4833.375460347168
 20
6588.314358087019
 10
4838.245241396464
 20
6599.281820534273
  0
LWPOLYLINE
  5
6C
330
17
100
AcDbEntity
  8
COLS
100
AcDbPolyline
 90
4
 70
1
 10
5270.829871566519
 20
6426.488516605906
 10
5257.671876503144
 20
6431.270479164544
 10
5249.474226402621
 20
6408.713916198759
 10
5262.632221465996
 20
6403.931953640121
  0
LWPOLYLINE
  5
6D
330
17
100
AcDbEntity
  8
COLS
100
AcDbPolyline
 90
4
 70
1
 10
5151.894317497576
 20
6099.226767039843
 10
5138.736322434201
 20
6104.008729598481
 10
5130.538672333678
 20
6081.452166632696
 10
5143.696667397053
 20
6076.670204074058
  0
LWPOLYLINE
  5
6E
330
17
100
AcDbEntity
  8
COLS
100
AcDbPolyline
 90
4
 70
1
 10
7334.1556300738575
 20
5394.7429943415345
 10
7348.1556300738575
 20
5394.7429943415345
 10
7348.1556300738575
 20
5430.7429943415345
 10
7334.1556300738575
 20
5430.7429943415345
  0
LWPOLYLINE
  5
6F
330
17
100
AcDbEntity
  8
COLS
100
AcDbPolyline
 90
4
 70
1
 10
6397.71863552725
 20
6571.717214020571
 10
6397.71863552725
 20
6585.717214020571
 10
6373.71863552725
 20
6585.717214020571
 10
6373.71863552725
 20
6571.717214020571
  0
LWPOLYLINE
  5
70
330
17
100
AcDbEntity
  8
COLS
100
AcDbPolyline
 90
4
 70
1
 10
5362.857263514232
 20
6181.603385155579
 10
5365.503491078029
 20
6195.351020577012
 10
5341.936116069859
 20
6199.887410686378
 10
5339.289888506062
 20
6186.1397752649455
  0
LWPOLYLINE
  5
71
330
17
100
AcDbEntity
  8
COLS
100
AcDbPolyline
 90
4
 70
1
 10
6008.7000850878285
 20
5464.148122922411
 10
5994.721369396953
 20
5464.919814333302
 10
5993.398469835425
 20
5440.956301720372
 10
6007.3771855263
 20
5440.18461030948
  0
LWPOLYLINE
  5
72
330
17
100
AcDbEntity
  8
COLS
100
AcDbPolyline
 90
4
 70
1
 10
5184.589214102854
 20
6244.815378325108
 10
5179.807251544216
 20
6231.657383261733
 10
5202.363814510003
 20
6223.459733161212
 10
5207.145777068641
 20
6236.617728224587
  0
LWPOLYLINE
  5
73
330
17
100
AcDbEntity
  8
COLS
100
AcDbPolyline
 90
4
 70
1
 10
7600.5518896191425
 20
5394.742994341534
 10
7614.5518896191425
 20
5394.742994341534
 10
7614.5518896191425
 20
5430.742994341534
 10
7600.5518896191425
 20
5430.742994341534
  0
LWPOLYLINE
  5
74
330
17
100
AcDbEntity
  8
COLS
100
AcDbPolyline
 90
4
 70
1
 10
6533.265913838592
 20
6400.7858998580505
 10
6519.265913838592
 20
6400.7858998580505
 10
6519.265913838592
 20
6376.7858998580505
 10
6533.265913838592
 20
6376.7858998580505
  0
LWPOLYLINE
  5
75
330
17
100
AcDbEntity
  8
WALL
100
AcDbPolyline
 90
5
 70
1
 10
5620.920340506775
 20
5962.8836558538
 10
5615.302296931262
 20
5963.964853372556
 10
5611.100536915084
 20
5964.773485851611
 10
5667.158704099686
 20
6256.059047040032
 10
5676.978507691374
 20
6254.16921704222
  0
LWPOLYLINE
  5
76
330
17
100
AcDbEntity
  8
WALL
100
AcDbPolyline
 90
4
 70
1
 10
4534.822672332732
 20
6355.921253786567
 10
4526.080838226317
 20
6360.777212647312
 10
4670.124450950043
 20
6620.086380499784
 10
4678.866267515128
 20
6615.230390060912
  0
LWPOLYLINE
  5
77
330
17
100
AcDbEntity
  8
WALL
100
AcDbPolyline
 90
6
 70
1
 10
4036.500508326182
 20
6713.128644262139
 10
4028.125508326184
 20
6713.1286442621395
 10
3869.4966982851565
 20
6713.1286442621395
 10
3869.4966982851565
 20
6721.12864426214
 10
4057.49669828516
 20
6721.1286442621395
 10
4057.49669828516
 20
6713.1286442621395
  0
LWPOLYLINE
  5
78
330
17
100
AcDbEntity
  8
WALL
100
AcDbPolyline
 90
5
 70
1
 10
4101.49669828516
 20
6721.1286442621395
 10
4101.49669828516
 20
6769.356823034217
 10
4101.49669828516
 20
6825.12864426214
 10
4109.496698285162
 20
6825.12864426214
 10
4109.496698285162
 20
6721.1286442621395
  0
LWPOLYLINE
  5
79
330
17
100
AcDbEntity
  8
WALL
100
AcDbPolyline
 90
5
 70
1
 10
4101.49669828516
 20
6817.12864426214
 10
4051.7636719312613
 20
6817.12864426214
 10
3869.4966982851565
 20
6817.12864426214
 10
3869.4966982851565
 20
6825.128644262141
 10
4101.49669828516
 20
6825.12864426214
  0
LWPOLYLINE
  5
7A
330
17
100
AcDbEntity
  8
WALL
100
AcDbPolyline
 90
4
 70
1
 10
3877.49669828516
 20
6721.12864426214
 10
3869.4966982851565
 20
6721.12864426214
 10
3869.4966982851565
 20
6817.12864426214
 10
3877.49669828516
 20
6817.12864426214
  0
LWPOLYLINE
  5
7B
330
17
100
AcDbEntity
  8
WALL
100
AcDbPolyline
 90
6
 70
1
 10
6565.690718746573
 20
5978.711618511973
 10
6565.690718746573
 20
5978.727555720804
 10
6459.66709669933
 20
5978.727555720804
 10
6459.66709669933
 20
5986.711618511973
 10
6683.2939272967105
 20
5986.711618511973
 10
6683.2939272967105
 20
5978.727555720804
  0
LWPOLYLINE
  5
7C
330
17
100
AcDbEntity
  8
WALL
100
AcDbPolyline
 90
4
 70
1
 10
6691.293927296709
 20
5889.711807689308
 10
6683.2939272967105
 20
5889.71180768931
 10
6683.2939272967105
 20
6036.743227267014
 10
6691.293927296709
 20
6036.743227267014
  0
LWPOLYLINE
  5
7D
330
17
100
AcDbEntity
  8
WALL
100
AcDbPolyline
 90
5
 70
1
 10
6683.2939272967105
 20
6082.743227267012
 10
6639.689671931263
 20
6082.743227267012
 10
6451.6670966993315
 20
6082.743227267013
 10
6451.6670966993315
 20
6090.743227267013
 10
6683.2939272967105
 20
6090.743227267011
  0
LWPOLYLINE
  5
7E
330
17
100
AcDbEntity
  8
WALL
100
AcDbPolyline
 90
5
 70
1
 10
6451.6670966993315
 20
5889.71180768931
 10
6451.6670966993315
 20
5902.558198034218
 10
6451.6670966993315
 20
6082.743227267013
 10
6459.66709669933
 20
6082.743227267012
 10
6459.66709669933
 20
5889.71180768931
  0
LWPOLYLINE
  5
7F
330
17
100
AcDbEntity
  8
WALL
100
AcDbPolyline
 90
6
 70
1
 10
6666.647234431262
 20
5881.711807689309
 10
6639.689671931263
 20
5881.711807689309
 10
6634.258494225842
 20
5881.71180768931
 10
6634.258494225842
 20
5889.711807689308
 10
6691.293927296709
 20
5889.711807689308
 10
6691.293927296709
 20
5881.711807689309
  0
LWPOLYLINE
  5
80
330
17
100
AcDbEntity
  8
WALL
100
AcDbPolyline
 90
5
 70
1
 10
6459.66709669933
 20
5881.71180768931
 10
6451.6670966993315
 20
5881.71180768931
 10
6451.6670966993315
 20
5889.71180768931
 10
6508.702529770197
 20
5889.71180768931
 10
6508.702529770197
 20
5881.71180768931
  0
LWPOLYLINE
  5
81
330
17
100
AcDbEntity
  8
WALL
100
AcDbPolyline
 90
6
 70
1
 10
6639.689671931263
 20
6572.296678452294
 10
6536.186587307739
 20
6572.296678452294
 10
6528.186587307735
 20
6572.296678452294
 10
6528.186587307735
 20
6580.296678452294
 10
6666.3125715595015
 20
6580.296678452294
 10
6666.3125715595015
 20
6572.296678452294
  0
LWPOLYLINE
  5
82
330
17
100
AcDbEntity
  8
WALL
100
AcDbPolyline
 90
5
 70
1
 10
6658.3125715595015
 20
6672.304552468155
 10
6653.1684531812625
 20
6672.304552468155
 10
6528.186587307735
 20
6672.304552468155
 10
6528.186587307735
 20
6680.304552468156
 10
6658.3125715595015
 20
6680.304552468155
  0
LWPOLYLINE
  5
83
330
17
100
AcDbEntity
  8
WALL
100
AcDbPolyline
 90
5
 70
1
 10
6528.186587307735
 20
6580.296678452294
 10
6528.186587307735
 20
6664.290323034217
 10
6528.186587307735
 20
6672.304552468155
 10
6536.186587307737
 20
6672.304552468155
 10
6536.186587307737
 20
6580.296678452568
  0
LWPOLYLINE
  5
84
330
17
100
AcDbEntity
  8
WALL
100
AcDbPolyline
 90
6
 70
1
 10
7189.009906166637
 20
5733.118245712149
 10
7181.759906166639
 20
5733.118245712149
 10
6897.1375446239745
 20
5733.118245712149
 10
6897.1375446239745
 20
5745.11824571215
 10
7613.5518896191315
 20
5745.118245712149
 10
7613.5518896191315
 20
5733.118245712149
  0
LWPOLYLINE
  5
85
330
17
100
AcDbEntity
  8
WALL
100
AcDbPolyline
 90
5
 70
1
 10
7601.5518896191315
 20
5430.742994341524
 10
7601.5518896191315
 20
5613.625323034217
 10
7601.5518896191315
 20
5733.118245712149
 10
7613.5518896191315
 20
5733.118245712149
 10
7613.5518896191315
 20
5430.742994341524
  0
LWPOLYLINE
  5
86
330
17
100
AcDbEntity
  8
WALL
100
AcDbPolyline
 90
6
 70
1
 10
6897.1375446239745
 20
5878.086807689308
 10
6855.350171931263
 20
5878.086807689308
 10
6763.282446029349
 20
5878.086807689308
 10
6763.282446029349
 20
5890.086807689308
 10
6909.1375446239745
 20
5890.086807689308
 10
6909.1375446239745
 20
5878.086807689308
  0
LWPOLYLINE
  5
87
330
17
100
AcDbEntity
  8
WALL
100
AcDbPolyline
 90
13
 70
1
 10
6763.282446029349
 20
5890.086807689308
 10
6763.282446029349
 20
6033.891323034217
 10
6763.282446029349
 20
6554.046678452292
 10
6770.282446029349
 20
6554.046678452292
 10
6770.282446029349
 20
6578.046678452292
 10
6763.282446029349
 20
6578.046678452292
 10
6763.282446029349
 20
6768.5841325448355
 10
6769.282446029349
 20
6768.584132544836
 10
6769.282446029349
 20
6782.584132544836
 10
6763.282446029349
 20
6782.584132544836
 10
6763.282446029349
 20
6786.146632544838
 10
6775.282446029349
 20
6786.146632544838
 10
6775.282446029349
 20
5890.086807689308
  0
LWPOLYLINE
  5
88
330
17
100
AcDbEntity
  8
WALL
100
AcDbPolyline
 90
4
 70
1
 10
6909.1375446239745
 20
5745.11824571215
 10
6897.1375446239745
 20
5745.11824571215
 10
6897.1375446239745
 20
5878.086807689308
 10
6909.1375446239745
 20
5878.086807689308
  0
LWPOLYLINE
  5
89
330
17
100
AcDbEntity
  8
WALL
100
AcDbPolyline
 90
5
 70
1
 10
3752.447346860934
 20
6303.712042278781
 10
3744.1285302597134
 20
6309.31146531169
 10
3977.383597124217
 20
6605.61971028847
 10
3982.9460694593035
 20
6601.240909230959
 10
3961.01743028039
 20
6568.662494174343
  0
LWPOLYLINE
  5
8A
330
17
100
AcDbEntity
  8
BOUNDARY
100
AcDbPolyline
 90
97
 70
1
 10
3290.2812476610707
 20
6829.128644299166
 10
3292.041520861072
 20
6848.282419799166
 10
3352.070659961071
 20
6848.282419799166
 10
3360.2812476610707
 20
6830.878644299166
 10
3724.251322061071
 20
6830.878644299166
 10
3740.0480128610707
 20
6821.878644299166
 10
3838.974183661072
 20
6821.878644299166
 10
3856.3154280610706
 20
6830.878644299166
 10
4404.996698261071
 20
6821.878644299166
 10
4456.2380482610715
 20
6830.878644299166
 10
4473.369535861071
 20
6808.3766147991655
 10
4563.721621161072
 20
6747.063664399166
 10
4597.219736961071
 20
6747.522121799166
 10
4825.5796167610715
 20
6620.671604699166
 10
4841.975342961072
 20
6592.395829499166
 10
5382.941244761072
 20
6385.744120399166
 10
5528.154675861071
 20
6343.074369199166
 10
5557.551170961071
 20
6351.204157999166
 10
5814.070469561071
 20
6301.836789199166
 10
5839.092601761071
 20
6283.301797799166
 10
5953.507097161071
 20
6271.712007399166
 10
5985.794010961072
 20
6296.282419799166
 10
5998.0772614610705
 20
6267.197204799166
 10
6144.251521261071
 20
6252.390260799166
 10
6164.428497961071
 20
6278.282419799166
 10
6203.281247661071
 20
6283.207426799166
 10
6203.281247661071
 20
6355.242393699166
 10
6224.226708761071
 20
6412.223399899166
 10
6224.226708761071
 20
6566.282419799166
 10
6131.789208761071
 20
6569.717213999166
 10
6140.789208761071
 20
6739.896632499166
 10
6127.578459861072
 20
6805.579632099166
 10
6769.59914356107
 20
6806.282419799166
 10
6775.282446061072
 20
5906.282419799166
 10
6791.559689761072
 20
5890.086807699166
 10
6909.137544661071
 20
5890.086807699166
 10
6909.137544661071
 20
5762.282419799166
 10
6927.208448061072
 20
5745.1182456991655
 10
7613.281247661071
 20
5745.1182456991655
 10
7616.551889661072
 20
5416.581949699166
 10
7598.551889661072
 20
5390.117994299166
 10
7616.551889661072
 20
5362.555724599166
 10
7616.551889661072
 20
5324.282419799166
 10
7188.009906161071
 20
5323.117994299166
 10
7188.009906161071
 20
5368.812608599166
 10
7169.281247661071
 20
5390.117994299166
 10
7026.917938061071
 20
5390.117994299166
 10
7017.049876161071
 20
5323.117994299166
 10
6443.221610561071
 20
5323.117994299166
 10
6309.024411661072
 20
5313.117994299166
 10
6281.481868661071
 20
5354.306233299166
 10
5979.027077861072
 20
5370.002811499166
 10
5981.371743261072
 20
5412.474983299166
 10
5956.568917861072
 20
5438.336521199166
 10
5878.768139861071
 20
5442.631493099166
 10
5846.593665561071
 20
5417.002907099166
 10
5838.43911966107
 20
5384.195878899166
 10
5651.006699861071
 20
5413.586563999166
 10
5524.026990061071
 20
5409.764389699166
 10
5507.281247661071
 20
5423.895456799166
 10
5501.896281861071
 20
5450.282419799166
 10
5240.8427690610715
 20
5490.183221699166
 10
5043.533795861071
 20
5556.842185799166
 10
5046.960003761071
 20
5566.7337013991655
 10
4921.972921761071
 20
5585.109198299166
 10
4901.7993104610705
 20
5624.282419799166
 10
4826.216925261071
 20
5632.116067199166
 10
4649.264538361071
 20
5693.408561099166
 10
4343.749005961072
 20
5844.4713341991655
 10
4354.40527846107
 20
5865.821357599166
 10
4328.393727161072
 20
5882.169940399166
 10
4227.002457161072
 20
5888.1205555991655
 10
4216.362420061072
 20
5909.477508699166
 10
4061.0099377610713
 20
6014.045779599166
 10
4072.3075474610705
 20
6030.830141699166
 10
4045.471259961072
 20
6056.282419799166
 10
3965.8840180610714
 20
6062.314461599166
 10
3935.2812476610707
 20
6086.9433100991655
 10
3932.6761238610707
 20
6133.887543699166
 10
3902.8251173610715
 20
6134.282419799166
 10
3874.723313761071
 20
6149.157255699166
 10
3870.220110661072
 20
6142.467044799166
 10
3699.0994990610707
 20
6258.793658899166
 10
3550.799721161071
 20
6377.710594199166
 10
3560.0228153610715
 20
6389.416644199166
 10
3539.2812476610707
 20
6411.761657299166
 10
3539.2812476610707
 20
6429.770398999166
 10
3557.3697321610707
 20
6458.327380499166
 10
3529.787186361071
 20
6480.448731699166
 10
3506.0067701610715
 20
6458.282419799166
 10
3450.820813761071
 20
6468.646401999166
 10
3444.377493961072
 20
6460.498145899166
 10
3413.2812476610707
 20
6484.884339499166
 10
3413.2812476610707
 20
6514.8989089991655
 10
3373.7209438610716
 20
6536.543936999166
 10
3365.6024779610707
 20
6526.239892899166
 10
3292.2812476610707
 20
6585.043916999166
  0
TEXT
  5
8B
330
17
100
AcDbEntity
  8
COL-LABEL
100
AcDbText
 10
3404.406247666515
 20
6830.003644262098
 30
0.0
 40
18.0
  1
C1
 11
3404.406247666515
 21
6830.003644262098
 31
0.0
100
AcDbText
  0
TEXT
  5
8C
330
17
100
AcDbEntity
  8
COL-LABEL
100
AcDbText
 10
3402.8296281209914
 20
6648.772343137162
 30
0.0
 40
18.0
  1
C2
 11
3402.8296281209914
 21
6648.772343137162
 31
0.0
100
AcDbText
  0
TEXT
  5
8D
330
17
100
AcDbEntity
  8
COL-LABEL
100
AcDbText
 10
3627.9282912220388
 20
6466.016708183464
 30
0.0
 40
18.0
  1
C3
 11
3627.9282912220388
 21
6466.016708183464
 31
0.0
100
AcDbText
  0
TEXT
  5
8E
330
17
100
AcDbEntity
  8
COL-LABEL
100
AcDbText
 10
3618.3624151931454
 20
6720.747262321856
 30
0.0
 40
18.0
  1
C4
 11
3618.3624151931454
 21
6720.747262321856
 31
0.0
100
AcDbText
  0
TEXT
  5
8F
330
17
100
AcDbEntity
  8
COL-LABEL
100
AcDbText
 10
3739.673012876472
 20
6830.003644262096
 30
0.0
 40
18.0
  1
C5
 11
3739.673012876472
 21
6830.003644262096
 31
0.0
100
AcDbText
  0
TEXT
  5
90
330
17
100
AcDbEntity
  8
COL-LABEL
100
AcDbText
 10
3767.195448446919
 20
6643.786315191512
 30
0.0
 40
18.0
  1
C6
 11
3767.195448446919
 21
6643.786315191512
 31
0.0
100
AcDbText
  0
TEXT
  5
91
330
17
100
AcDbEntity
  8
COL-LABEL
100
AcDbText
 10
4036.021108087052
 20
6175.951654513095
 30
0.0
 40
18.0
  1
C7
 11
4036.021108087052
 21
6175.951654513095
 31
0.0
100
AcDbText
  0
TEXT
  5
92
330
17
100
AcDbEntity
  8
COL-LABEL
100
AcDbText
 10
4159.825024517228
 20
6352.466858830715
 30
0.0
 40
18.0
  1
C8
 11
4159.825024517228
 21
6352.466858830715
 31
0.0
100
AcDbText
  0
TEXT
  5
93
330
17
100
AcDbEntity
  8
COL-LABEL
100
AcDbText
 10
4273.297398070705
 20
6553.116540520525
 30
0.0
 40
18.0
  1
C9
 11
4273.297398070705
 21
6553.116540520525
 31
0.0
100
AcDbText
  0
TEXT
  5
94
330
17
100
AcDbEntity
  8
COL-LABEL
100
AcDbText
 10
4289.111475512582
 20
6005.261909031915
 30
0.0
 40
18.0
  1
C10
 11
4289.111475512582
 21
6005.261909031915
 31
0.0
100
AcDbText
  0
TEXT
  5
95
330
17
100
AcDbEntity
  8
COL-LABEL
100
AcDbText
 10
4357.521064705448
 20
6830.003644262093
 30
0.0
 40
18.0
  1
C11
 11
4357.521064705448
 21
6830.003644262093
 31
0.0
100
AcDbText
  0
TEXT
  5
96
330
17
100
AcDbEntity
  8
COL-LABEL
100
AcDbText
 10
4401.033209660232
 20
6207.831571159222
 30
0.0
 40
18.0
  1
C12
 11
4401.033209660232
 21
6207.831571159222
 31
0.0
100
AcDbText
  0
TEXT
  5
97
330
17
100
AcDbEntity
  8
COL-LABEL
100
AcDbText
 10
4430.487630446993
 20
6784.761428399764
 30
0.0
 40
18.0
  1
C13
 11
4430.487630446993
 21
6784.761428399764
 31
0.0
100
AcDbText
  0
TEXT
  5
98
330
17
100
AcDbEntity
  8
COL-LABEL
100
AcDbText
 10
4557.440692796421
 20
5857.684953720822
 30
0.0
 40
18.0
  1
C14
 11
4557.440692796421
 21
5857.684953720822
 31
0.0
100
AcDbText
  0
TEXT
  5
99
330
17
100
AcDbEntity
  8
COL-LABEL
100
AcDbText
 10
4635.968915722167
 20
6000.73001944066
 30
0.0
 40
18.0
  1
C15
 11
4635.968915722167
 21
6000.73001944066
 31
0.0
100
AcDbText
  0
TEXT
  5
9A
330
17
100
AcDbEntity
  8
COL-LABEL
100
AcDbText
 10
4692.982789440486
 20
5803.114779670835
 30
0.0
 40
18.0
  1
C16
 11
4692.982789440486
 21
5803.114779670835
 31
0.0
100
AcDbText
  0
TEXT
  5
9B
330
17
100
AcDbEntity
  8
COL-LABEL
100
AcDbText
 10
4787.606047301386
 20
6014.366870548627
 30
0.0
 40
18.0
  1
C17
 11
4787.606047301386
 21
6014.366870548627
 31
0.0
100
AcDbText
  0
TEXT
  5
9C
330
17
100
AcDbEntity
  8
COL-LABEL
100
AcDbText
 10
4840.540346889273
 20
6236.358229703648
 30
0.0
 40
18.0
  1
C18
 11
4840.540346889273
 21
6236.358229703648
 31
0.0
100
AcDbText
  0
TEXT
  5
9D
330
17
100
AcDbEntity
  8
COL-LABEL
100
AcDbText
 10
4842.745241396464
 20
6611.086492108217
 30
0.0
 40
18.0
  1
C19
 11
4842.745241396464
 21
6611.086492108217
 31
0.0
100
AcDbText
  0
TEXT
  5
9E
330
17
100
AcDbEntity
  8
COL-LABEL
100
AcDbText
 10
4957.858621991274
 20
6488.563362567941
 30
0.0
 40
18.0
  1
C20
 11
4957.858621991274
 21
6488.563362567941
 31
0.0
100
AcDbText
  0
TEXT
  5
9F
330
17
100
AcDbEntity
  8
COL-LABEL
100
AcDbText
 10
4981.215475193652
 20
5702.967290388435
 30
0.0
 40
18.0
  1
C21
 11
4981.215475193652
 21
5702.967290388435
 31
0.0
100
AcDbText
  0
TEXT
  5
A0
330
17
100
AcDbEntity
  8
COL-LABEL
100
AcDbText
 10
5058.828856331813
 20
5900.630633120144
 30
0.0
 40
18.0
  1
C22
 11
5058.828856331813
 21
5900.630633120144
 31
0.0
100
AcDbText
  0
TEXT
  5
A1
330
17
100
AcDbEntity
  8
COL-LABEL
100
AcDbText
 10
5156.394317497576
 20
6108.508729598481
 30
0.0
 40
18.0
  1
C23
 11
5156.394317497576
 21
6108.508729598481
 31
0.0
100
AcDbText
  0
TEXT
  5
A2
330
17
100
AcDbEntity
  8
COL-LABEL
100
AcDbText
 10
5211.645777068641
 20
6249.315378325108
 30
0.0
 40
18.0
  1
C24
 11
5211.645777068641
 21
6249.315378325108
 31
0.0
100
AcDbText
  0
TEXT
  5
A3
330
17
100
AcDbEntity
  8
COL-LABEL
100
AcDbText
 10
5269.35180031494
 20
5602.642263076658
 30
0.0
 40
18.0
  1
C25
 11
5269.35180031494
 21
5602.642263076658
 31
0.0
100
AcDbText
  0
TEXT
  5
A4
330
17
100
AcDbEntity
  8
COL-LABEL
100
AcDbText
 10
5275.329871566519
 20
6435.770479164544
 30
0.0
 40
18.0
  1
C26
 11
5275.329871566519
 21
6435.770479164544
 31
0.0
100
AcDbText
  0
TEXT
  5
A5
330
17
100
AcDbEntity
  8
COL-LABEL
100
AcDbText
 10
5314.82337715386
 20
6063.200654951715
 30
0.0
 40
18.0
  1
C27
 11
5314.82337715386
 21
6063.200654951715
 31
0.0
100
AcDbText
  0
TEXT
  5
A6
330
17
100
AcDbEntity
  8
COL-LABEL
100
AcDbText
 10
5328.044959531389
 20
5824.166207764068
 30
0.0
 40
18.0
  1
C28
 11
5328.044959531389
 21
5824.166207764068
 31
0.0
100
AcDbText
  0
TEXT
  5
A7
330
17
100
AcDbEntity
  8
COL-LABEL
100
AcDbText
 10
5370.003491078029
 20
6204.387410686378
 30
0.0
 40
18.0
  1
C29
 11
5370.003491078029
 21
6204.387410686378
 31
0.0
100
AcDbText
  0
TEXT
  5
A8
330
17
100
AcDbEntity
  8
COL-LABEL
100
AcDbText
 10
5408.757691828143
 20
6390.729317006238
 30
0.0
 40
18.0
  1
C30
 11
5408.757691828143
 21
6390.729317006238
 31
0.0
100
AcDbText
  0
TEXT
  5
A9
330
17
100
AcDbEntity
  8
COL-LABEL
100
AcDbText
 10
5569.103719848894
 20
5546.284213108839
 30
0.0
 40
18.0
  1
C31
 11
5569.103719848894
 21
5546.284213108839
 31
0.0
100
AcDbText
  0
TEXT
  5
AA
330
17
100
AcDbEntity
  8
COL-LABEL
100
AcDbText
 10
5617.600492719508
 20
5750.176583292728
 30
0.0
 40
18.0
  1
C32
 11
5617.600492719508
 21
5750.176583292728
 31
0.0
100
AcDbText
  0
TEXT
  5
AB
330
17
100
AcDbEntity
  8
COL-LABEL
100
AcDbText
 10
5868.77775910395
 20
5489.717162580766
 30
0.0
 40
18.0
  1
C33
 11
5868.77775910395
 21
5489.717162580766
 31
0.0
100
AcDbText
  0
TEXT
  5
AC
330
17
100
AcDbEntity
  8
COL-LABEL
100
AcDbText
 10
5891.168643184188
 20
5720.109463257724
 30
0.0
 40
18.0
  1
C34
 11
5891.168643184188
 21
5720.109463257724
 31
0.0
100
AcDbText
  0
TEXT
  5
AD
330
17
100
AcDbEntity
  8
COL-LABEL
100
AcDbText
 10
5957.708966303915
 20
5995.040623480506
 30
0.0
 40
18.0
  1
C35
 11
5957.708966303915
 21
5995.040623480506
 31
0.0
100
AcDbText
  0
TEXT
  5
AE
330
17
100
AcDbEntity
  8
COL-LABEL
100
AcDbText
 10
5986.411196780511
 20
6278.389252532475
 30
0.0
 40
18.0
  1
C36
 11
5986.411196780511
 21
6278.389252532475
 31
0.0
100
AcDbText
  0
TEXT
  5
AF
330
17
100
AcDbEntity
  8
COL-LABEL
100
AcDbText
 10
6013.2000850878285
 20
5469.419814333302
 30
0.0
 40
18.0
  1
C37
 11
6013.2000850878285
 21
5469.419814333302
 31
0.0
100
AcDbText
  0
TEXT
  5
B0
330
17
100
AcDbEntity
  8
COL-LABEL
100
AcDbText
 10
6022.953570893458
 20
5628.7163328156685
 30
0.0
 40
18.0
  1
C38
 11
6022.953570893458
 21
5628.7163328156685
 31
0.0
100
AcDbText
  0
TEXT
  5
B1
330
17
100
AcDbEntity
  8
COL-LABEL
100
AcDbText
 10
6155.351708720775
 20
6615.279714020571
 30
0.0
 40
18.0
  1
C39
 11
6155.351708720775
 21
6615.279714020571
 31
0.0
100
AcDbText
  0
TEXT
  5
B2
330
17
100
AcDbEntity
  8
COL-LABEL
100
AcDbText
 10
6155.351708720775
 20
6785.584132544846
 30
0.0
 40
18.0
  1
C40
 11
6155.351708720775
 21
6785.584132544846
 31
0.0
100
AcDbText
  0
TEXT
  5
B3
330
17
100
AcDbEntity
  8
COL-LABEL
100
AcDbText
 10
6205.700056763668
 20
6257.183861686224
 30
0.0
 40
18.0
  1
C41
 11
6205.700056763668
 21
6257.183861686224
 31
0.0
100
AcDbText
  0
TEXT
  5
B4
330
17
100
AcDbEntity
  8
COL-LABEL
100
AcDbText
 10
6239.1017087207765
 20
6414.598399858034
 30
0.0
 40
18.0
  1
C42
 11
6239.1017087207765
 21
6414.598399858034
 31
0.0
100
AcDbText
  0
TEXT
  5
B5
330
17
100
AcDbEntity
  8
COL-LABEL
100
AcDbText
 10
6272.44699674527
 20
5897.9618076893175
 30
0.0
 40
18.0
  1
C43
 11
6272.44699674527
 21
5897.9618076893175
 31
0.0
100
AcDbText
  0
TEXT
  5
B6
330
17
100
AcDbEntity
  8
COL-LABEL
100
AcDbText
 10
6309.44699674527
 20
6146.888736484151
 30
0.0
 40
18.0
  1
C44
 11
6309.44699674527
 21
6146.888736484151
 31
0.0
100
AcDbText
  0
TEXT
  5
B7
330
17
100
AcDbEntity
  8
COL-LABEL
100
AcDbText
 10
6319.159890818555
 20
5435.242994341539
 30
0.0
 40
18.0
  1
C45
 11
6319.159890818555
 21
5435.242994341539
 31
0.0
100
AcDbText
  0
TEXT
  5
B8
330
17
100
AcDbEntity
  8
COL-LABEL
100
AcDbText
 10
6319.159890818555
 20
5618.357562923097
 30
0.0
 40
18.0
  1
C46
 11
6319.159890818555
 21
5618.357562923097
 31
0.0
100
AcDbText
  0
TEXT
  5
B9
330
17
100
AcDbEntity
  8
COL-LABEL
100
AcDbText
 10
6334.631905428732
 20
6256.118227267021
 30
0.0
 40
18.0
  1
C47
 11
6334.631905428732
 21
6256.118227267021
 31
0.0
100
AcDbText
  0
TEXT
  5
BA
330
17
100
AcDbEntity
  8
COL-LABEL
100
AcDbText
 10
6402.21863552725
 20
6590.217214020571
 30
0.0
 40
18.0
  1
C48
 11
6402.21863552725
 21
6590.217214020571
 31
0.0
100
AcDbText
  0
TEXT
  5
BB
330
17
100
AcDbEntity
  8
COL-LABEL
100
AcDbText
 10
6402.21863552725
 20
6787.0841325448455
 30
0.0
 40
18.0
  1
C49
 11
6402.21863552725
 21
6787.0841325448455
 31
0.0
100
AcDbText
  0
TEXT
  5
BC
330
17
100
AcDbEntity
  8
COL-LABEL
100
AcDbText
 10
6433.979629149901
 20
6097.888736484155
 30
0.0
 40
18.0
  1
C50
 11
6433.979629149901
 21
6097.888736484155
 31
0.0
100
AcDbText
  0
TEXT
  5
BD
330
17
100
AcDbEntity
  8
COL-LABEL
100
AcDbText
 10
6450.5348908203905
 20
5413.242994341536
 30
0.0
 40
18.0
  1
C51
 11
6450.5348908203905
 21
5413.242994341536
 31
0.0
100
AcDbText
  0
TEXT
  5
BE
330
17
100
AcDbEntity
  8
COL-LABEL
100
AcDbText
 10
6537.765913838592
 20
6405.2858998580505
 30
0.0
 40
18.0
  1
C52
 11
6537.765913838592
 21
6405.2858998580505
 31
0.0
100
AcDbText
  0
TEXT
  5
BF
330
17
100
AcDbEntity
  8
COL-LABEL
100
AcDbText
 10
6647.718352833956
 20
5413.242994341539
 30
0.0
 40
18.0
  1
C53
 11
6647.718352833956
 21
5413.242994341539
 31
0.0
100
AcDbText
  0
TEXT
  5
C0
330
17
100
AcDbEntity
  8
COL-LABEL
100
AcDbText
 10
6648.968782954436
 20
5604.189469822962
 30
0.0
 40
18.0
  1
C54
 11
6648.968782954436
 21
5604.189469822962
 31
0.0
100
AcDbText
  0
TEXT
  5
C1
330
17
100
AcDbEntity
  8
COL-LABEL
100
AcDbText
 10
6663.410516397509
 20
6785.5841325448455
 30
0.0
 40
18.0
  1
C55
 11
6663.410516397509
 21
6785.5841325448455
 31
0.0
100
AcDbText
  0
TEXT
  5
C2
330
17
100
AcDbEntity
  8
COL-LABEL
100
AcDbText
 10
6773.78244602936
 20
6787.084132544844
 30
0.0
 40
18.0
  1
C56
 11
6773.78244602936
 21
6787.084132544844
 31
0.0
100
AcDbText
  0
TEXT
  5
C3
330
17
100
AcDbEntity
  8
COL-LABEL
100
AcDbText
 10
6774.092922714151
 20
5435.242994341537
 30
0.0
 40
18.0
  1
C57
 11
6774.092922714151
 21
5435.242994341537
 31
0.0
100
AcDbText
  0
TEXT
  5
C4
330
17
100
AcDbEntity
  8
COL-LABEL
100
AcDbText
 10
6774.092922714151
 20
5798.795062923058
 30
0.0
 40
18.0
  1
C58
 11
6774.092922714151
 21
5798.795062923058
 31
0.0
100
AcDbText
  0
TEXT
  5
C5
330
17
100
AcDbEntity
  8
COL-LABEL
100
AcDbText
 10
6774.78244602936
 20
6582.5466784523
 30
0.0
 40
18.0
  1
C59
 11
6774.78244602936
 21
6582.5466784523
 31
0.0
100
AcDbText
  0
TEXT
  5
C6
330
17
100
AcDbEntity
  8
COL-LABEL
100
AcDbText
 10
7032.655630073856
 20
5435.242994341536
 30
0.0
 40
18.0
  1
C60
 11
7032.655630073856
 21
5435.242994341536
 31
0.0
100
AcDbText
  0
TEXT
  5
C7
330
17
100
AcDbEntity
  8
COL-LABEL
100
AcDbText
 10
7352.6556300738575
 20
5435.2429943415345
 30
0.0
 40
18.0
  1
C61
 11
7352.6556300738575
 21
5435.2429943415345
 31
0.0
100
AcDbText
  0
TEXT
  5
C8
330
17
100
AcDbEntity
  8
COL-LABEL
100
AcDbText
 10
7619.0518896191425
 20
5435.242994341534
 30
0.0
 40
18.0
  1
C62
 11
7619.0518896191425
 21
5435.242994341534
 31
0.0
100
AcDbText
  0
TEXT
  5
C9
330
17
100
AcDbEntity
  8
FLOOR NUMBER
100
AcDbText
 10
5489.229068642828
 20
6110.123319301816
 30
0.0
 40
18.0
  1
4-5
 11
5489.229068642828
 21
6110.123319301816
 31
0.0
100
AcDbText
  0
POINT
  5
CA
330
17
100
AcDbEntity
  8
DATUM
100
AcDbPoint
 10
6477.614917261071
 20
5944.847680299166
 30
0.0
  0
LWPOLYLINE
  5
CB
330
17
100
AcDbEntity
  8
COLS
100
AcDbPolyline
 90
4
 70
1
 10
5242.09862257163
 20
13747.342992409973
 10
5255.63167227534
 20
13743.75738706124
 10
5264.85180031494
 20
13778.556657727924
 10
5251.31875061123
 20
13782.142263076657
  0
LWPOLYLINE
  5
CC
330
17
100
AcDbEntity
  8
COLS
100
AcDbPolyline
 90
4
 70
1
 10
4951.703785907832
 20
13848.4501542131
 10
4964.932672198238
 20
13843.867953048217
 10
4976.715475193652
 20
13877.885089223551
 10
4963.486588903246
 20
13882.467290388435
  0
LWPOLYLINE
  5
CD
330
17
100
AcDbEntity
  8
COLS
100
AcDbPolyline
 90
4
 70
1
 10
5544.233514304762
 20
13690.39589201559
 10
5557.99563917436
 20
13687.826082864383
 10
5564.603719848894
 20
13723.21440395763
 10
5550.841594979296
 20
13725.78421310884
  0
LWPOLYLINE
  5
CE
330
17
100
AcDbEntity
  8
COLS
100
AcDbPolyline
 90
4
 70
1
 10
5846.406511051211
 20
13633.435186882753
 10
5860.321723822659
 20
13631.896728717806
 10
5864.27775910395
 20
13667.678704415819
 10
5850.3625463325025
 20
13669.217162580766
  0
LWPOLYLINE
  5
CF
330
17
100
AcDbEntity
  8
COLS
100
AcDbPolyline
 90
4
 70
1
 10
6300.659890818555
 20
13578.742994341539
 10
6314.659890818555
 20
13578.742994341539
 10
6314.659890818555
 20
13614.742994341539
 10
6300.659890818555
 20
13614.742994341539
  0
LWPOLYLINE
  5
D0
330
17
100
AcDbEntity
  8
COLS
100
AcDbPolyline
 90
4
 70
1
 10
5868.797395131449
 20
13863.82748755971
 10
5882.712607902897
 20
13862.289029394764
 10
5886.668643184188
 20
13898.071005092777
 10
5872.75343041274
 20
13899.609463257724
  0
LWPOLYLINE
  5
D1
330
17
100
AcDbEntity
  8
COLS
100
AcDbPolyline
 90
4
 70
1
 10
5300.791781788079
 20
13968.86693709738
 10
5314.324831491789
 20
13965.281331748647
 10
5323.544959531389
 20
14000.080602415335
 10
5310.011909827679
 20
14003.666207764069
  0
LWPOLYLINE
  5
D2
330
17
100
AcDbEntity
  8
COLS
100
AcDbPolyline
 90
4
 70
1
 10
4661.3511378792155
 20
13949.568211851943
 10
4674.202580919895
 20
13944.01479742727
 10
4688.482789440486
 20
13977.061365246162
 10
4675.631346399807
 20
13982.614779670836
  0
LWPOLYLINE
  5
D3
330
17
100
AcDbEntity
  8
COLS
100
AcDbPolyline
 90
4
 70
1
 10
4755.974395740115
 20
14160.820302729737
 10
4768.825838780795
 20
14155.266888305063
 10
4783.106047301386
 20
14188.313456123953
 10
4770.254604260706
 20
14193.866870548627
  0
LWPOLYLINE
  5
D4
330
17
100
AcDbEntity
  8
COLS
100
AcDbPolyline
 90
4
 70
1
 10
4254.622920467198
 20
14153.484729091177
 10
4266.786268221931
 20
14146.5527040337
 10
4284.611475512582
 20
14177.829883974438
 10
4272.448127757849
 20
14184.761909031915
  0
LWPOLYLINE
  5
D5
330
17
100
AcDbEntity
  8
COLS
100
AcDbPolyline
 90
4
 70
1
 10
4366.544654614849
 20
14356.054391218484
 10
4378.708002369582
 20
14349.122366161007
 10
4396.533209660232
 20
14380.399546101746
 10
4384.369861905499
 20
14387.331571159222
  0
LWPOLYLINE
  5
D6
330
17
100
AcDbEntity
  8
COLS
100
AcDbPolyline
 90
4
 70
1
 10
3999.8049298947717
 20
14325.586860713429
 10
4011.419016372418
 20
14317.769380602185
 10
4031.521108087052
 20
14347.63417440185
 10
4019.907021609406
 20
14355.451654513094
  0
LWPOLYLINE
  5
D7
330
17
100
AcDbEntity
  8
COLS
100
AcDbPolyline
 90
4
 70
1
 10
4147.50754440598
 20
14500.250680638434
 10
4155.325024517228
 20
14511.864767116083
 10
4125.460230717563
 20
14531.966858830714
 10
4117.6427506063155
 20
14520.352772353068
  0
LWPOLYLINE
  5
D8
330
17
100
AcDbEntity
  8
COLS
100
AcDbPolyline
 90
4
 70
1
 10
6300.659890818555
 20
13761.857562923098
 10
6314.659890818555
 20
13761.857562923098
 10
6314.659890818555
 20
13797.857562923098
 10
6300.659890818555
 20
13797.857562923098
  0
LWPOLYLINE
  5
D9
330
17
100
AcDbEntity
  8
COLS
100
AcDbPolyline
 90
4
 70
1
 10
5610.531345219724
 20
13909.307955603897
 10
5613.100492719508
 20
13923.07020400757
 10
5577.71185396721
 20
13929.676583292727
 10
5575.142706467426
 20
13915.914334889057
  0
LWPOLYLINE
  5
DA
330
17
100
AcDbEntity
  8
COLS
100
AcDbPolyline
 90
4
 70
1
 10
5049.746655166928
 20
14055.11894383432
 10
5054.328856331813
 20
14068.347830124727
 10
5020.311720156478
 20
14080.130633120145
 10
5015.729518991593
 20
14066.901746829735
  0
LWPOLYLINE
  5
DB
330
17
100
AcDbEntity
  8
COLS
100
AcDbPolyline
 90
4
 70
1
 10
4394.188485356395
 20
14934.472699861031
 10
4405.772990899235
 20
14926.611451148015
 10
4425.987630446993
 20
14956.400179686749
 10
4414.403124904153
 20
14964.261428399765
  0
LWPOLYLINE
  5
DC
330
17
100
AcDbEntity
  8
COLS
100
AcDbPolyline
 90
4
 70
1
 10
4925.953905988257
 20
14635.16097522618
 10
4938.7492788433865
 20
14629.479564002002
 10
4953.358621991274
 20
14662.381951343763
 10
4940.563249136145
 20
14668.06336256794
  0
LWPOLYLINE
  5
DD
330
17
100
AcDbEntity
  8
COLS
100
AcDbPolyline
 90
4
 70
1
 10
5380.8756102584175
 20
14535.624371393773
 10
5394.333089107708
 20
14531.76480366916
 10
5404.257691828143
 20
14566.369749281625
 10
5390.800212978853
 20
14570.229317006237
  0
LWPOLYLINE
  5
DE
330
17
100
AcDbEntity
  8
COLS
100
AcDbPolyline
 90
4
 70
1
 10
5964.354367305896
 20
14422.072540927405
 10
5978.283088485645
 20
14420.661609923847
 10
5981.911196780511
 20
14456.478321528917
 10
5967.982475600762
 20
14457.889252532475
  0
LWPOLYLINE
  5
DF
330
17
100
AcDbEntity
  8
COLS
100
AcDbPolyline
 90
4
 70
1
 10
6755.592922714151
 20
13578.742994341537
 10
6769.592922714151
 20
13578.742994341537
 10
6769.592922714151
 20
13614.742994341537
 10
6755.592922714151
 20
13614.742994341537
  0
LWPOLYLINE
  5
E0
330
17
100
AcDbEntity
  8
COLS
100
AcDbPolyline
 90
4
 70
1
 10
6755.592922714151
 20
13942.295062923058
 10
6769.592922714151
 20
13942.295062923058
 10
6769.592922714151
 20
13978.295062923058
 10
6755.592922714151
 20
13978.295062923058
  0
LWPOLYLINE
  5
E1
330
17
100
AcDbEntity
  8
COLS
100
AcDbPolyline
 90
4
 70
1
 10
7014.155630073856
 20
13578.742994341537
 10
7028.155630073856
 20
13578.742994341537
 10
7028.155630073856
 20
13614.742994341537
 10
7014.155630073856
 20
13614.742994341537
  0
LWPOLYLINE
  5
E2
330
17
100
AcDbEntity
  8
COLS
100
AcDbPolyline
 90
4
 70
1
 10
4236.998094526063
 20
14702.827958059921
 10
4248.5825432607435
 20
14694.966625633824
 10
4268.797398070705
 20
14724.755208094428
 10
4257.212949336024
 20
14732.616540520525
  0
LWPOLYLINE
  5
E3
330
17
100
AcDbEntity
  8
COLS
100
AcDbPolyline
 90
4
 70
1
 10
4808.635630886256
 20
14382.955842361887
 10
4821.431003741385
 20
14377.274431137708
 10
4836.040346889273
 20
14410.17681847947
 10
4823.2449740341435
 20
14415.858229703648
  0
LWPOLYLINE
  5
E4
330
17
100
AcDbEntity
  8
COLS
100
AcDbPolyline
 90
4
 70
1
 10
5286.941295584134
 20
14208.09570933925
 10
5300.3987744334245
 20
14204.236141614638
 10
5310.32337715386
 20
14238.841087227102
 10
5296.86589830457
 20
14242.700654951714
  0
LWPOLYLINE
  5
E5
330
17
100
AcDbEntity
  8
COLS
100
AcDbPolyline
 90
4
 70
1
 10
5935.6521368293
 20
14138.723911875437
 10
5949.580858009049
 20
14137.312980871877
 10
5953.208966303915
 20
14173.129692476949
 10
5939.280245124166
 20
14174.540623480505
  0
LWPOLYLINE
  5
E6
330
17
100
AcDbEntity
  8
COLS
100
AcDbPolyline
 90
32
 70
1
 10
3398.3296281209914
 20
14816.272343137163
 10
3398.0990514858295
 20
14818.613427001357
 10
3397.416182511126
 20
14820.864544325545
 10
3396.3072634686214
 20
14822.939185933397
 10
3394.8149094952296
 20
14824.7576245114
 10
3392.9964709172273
 20
14826.249978484793
 10
3390.9218293093727
 20
14827.358897527298
 10
3388.6707119851853
 20
14828.041766502001
 10
3386.3296281209914
 20
14828.272343137163
 10
3383.9885442567975
 20
14828.041766502001
 10
3381.73742693261
 20
14827.358897527298
 10
3379.6627853247555
 20
14826.249978484793
 10
3377.844346746753
 20
14824.7576245114
 10
3376.3519927733614
 20
14822.939185933397
 10
3375.243073730857
 20
14820.864544325545
 10
3374.5602047561533
 20
14818.613427001357
 10
3374.3296281209914
 20
14816.272343137163
 10
3374.5602047561533
 20
14813.93125927297
 10
3375.243073730857
 20
14811.680141948782
 10
3376.3519927733614
 20
14809.605500340927
 10
3377.844346746753
 20
14807.787061762923
 10
3379.6627853247555
 20
14806.294707789531
 10
3381.73742693261
 20
14805.185788747027
 10
3383.9885442567975
 20
14804.502919772323
 10
3386.3296281209914
 20
14804.272343137163
 10
3388.6707119851853
 20
14804.502919772323
 10
3390.9218293093727
 20
14805.185788747027
 10
3392.9964709172273
 20
14806.294707789531
 10
3394.8149094952296
 20
14807.787061762923
 10
3396.3072634686214
 20
14809.605500340927
 10
3397.416182511126
 20
14811.680141948782
 10
3398.0990514858295
 20
14813.93125927297
  0
LWPOLYLINE
  5
E7
330
17
100
AcDbEntity
  8
COLS
100
AcDbPolyline
 90
4
 70
1
 10
6234.6017087207765
 20
14594.098399858034
 10
6220.6017087207765
 20
14594.098399858034
 10
6220.6017087207765
 20
14558.098399858034
 10
6234.6017087207765
 20
14558.098399858034
  0
LWPOLYLINE
  5
E8
330
17
100
AcDbEntity
  8
COLS
100
AcDbPolyline
 90
4
 70
1
 10
6150.851708720775
 20
14794.779714020571
 10
6136.851708720775
 20
14794.779714020571
 10
6136.851708720775
 20
14758.779714020571
 10
6150.851708720775
 20
14758.779714020571
  0
LWPOLYLINE
  5
E9
330
17
100
AcDbEntity
  8
COLS
100
AcDbPolyline
 90
4
 70
1
 10
6658.910516397509
 20
14951.084132544845
 10
6658.910516397509
 20
14965.084132544845
 10
6622.910516397509
 20
14965.084132544845
 10
6622.910516397509
 20
14951.084132544845
  0
LWPOLYLINE
  5
EA
330
17
100
AcDbEntity
  8
COLS
100
AcDbPolyline
 90
4
 70
1
 10
6150.851708720775
 20
14965.084132544845
 10
6136.851708720775
 20
14965.084132544845
 10
6136.851708720775
 20
14929.084132544845
 10
6150.851708720775
 20
14929.084132544845
  0
LWPOLYLINE
  5
EB
330
17
100
AcDbEntity
  8
COLS
100
AcDbPolyline
 90
4
 70
1
 10
3363.906247666515
 20
15009.503644262099
 10
3363.906247666515
 20
14995.503644262099
 10
3399.906247666515
 20
14995.503644262099
 10
3399.906247666515
 20
15009.503644262099
  0
LWPOLYLINE
  5
EC
330
17
100
AcDbEntity
  8
COLS
100
AcDbPolyline
 90
4
 70
1
 10
3590.1601778658787
 20
14617.229732985059
 10
3601.160668220813
 20
14608.570101817915
 10
3623.4282912220388
 20
14636.85707701632
 10
3612.4278008671045
 20
14645.516708183464
  0
LWPOLYLINE
  5
ED
330
17
100
AcDbEntity
  8
COLS
100
AcDbPolyline
 90
4
 70
1
 10
3754.0358172797733
 20
14797.440742835757
 10
3762.695448446919
 20
14808.441233190693
 10
3743.837464981314
 20
14823.286315191512
 10
3735.1778338141685
 20
14812.285824836576
  0
LWPOLYLINE
  5
EE
330
17
100
AcDbEntity
  8
COLS
100
AcDbPolyline
 90
4
 70
1
 10
3599.8624151931454
 20
14876.247262321856
 10
3613.8624151931454
 20
14876.247262321856
 10
3613.8624151931454
 20
14900.247262321856
 10
3599.8624151931454
 20
14900.247262321856
  0
LWPOLYLINE
  5
EF
330
17
100
AcDbEntity
  8
COLS
100
AcDbPolyline
 90
4
 70
1
 10
3735.173012876472
 20
14995.503644262095
 10
3735.173012876472
 20
15009.503644262095
 10
3711.173012876472
 20
15009.503644262095
 10
3711.173012876472
 20
14995.503644262095
  0
LWPOLYLINE
  5
F0
330
17
100
AcDbEntity
  8
COLS
100
AcDbPolyline
 90
4
 70
1
 10
6316.131905428732
 20
14411.618227267021
 10
6330.131905428732
 20
14411.618227267021
 10
6330.131905428732
 20
14435.618227267021
 10
6316.131905428732
 20
14435.618227267021
  0
LWPOLYLINE
  5
F1
330
17
100
AcDbEntity
  8
COLS
100
AcDbPolyline
 90
4
 70
1
 10
6429.479629149901
 20
14263.388736484154
 10
6429.479629149901
 20
14277.388736484154
 10
6405.479629149901
 20
14277.388736484154
 10
6405.479629149901
 20
14263.388736484154
  0
LWPOLYLINE
  5
F2
330
17
100
AcDbEntity
  8
COLS
100
AcDbPolyline
 90
4
 70
1
 10
6304.94699674527
 20
14312.38873648415
 10
6304.94699674527
 20
14326.38873648415
 10
6280.94699674527
 20
14326.38873648415
 10
6280.94699674527
 20
14312.38873648415
  0
LWPOLYLINE
  5
F3
330
17
100
AcDbEntity
  8
COLS
100
AcDbPolyline
 90
4
 70
1
 10
6199.789125760108
 20
14420.33640164323
 10
6201.200056763668
 20
14434.265122822979
 10
6177.3222490269545
 20
14436.683861686224
 10
6175.911318023394
 20
14422.755140506475
  0
LWPOLYLINE
  5
F4
330
17
100
AcDbEntity
  8
COLS
100
AcDbPolyline
 90
4
 70
1
 10
6397.71863552725
 20
14952.584132544845
 10
6397.71863552725
 20
14966.584132544845
 10
6373.71863552725
 20
14966.584132544845
 10
6373.71863552725
 20
14952.584132544845
  0
LWPOLYLINE
  5
F5
330
17
100
AcDbEntity
  8
COLS
100
AcDbPolyline
 90
4
 70
1
 10
6769.28244602936
 20
14952.584132544844
 10
6769.28244602936
 20
14966.584132544844
 10
6745.28244602936
 20
14966.584132544844
 10
6745.28244602936
 20
14952.584132544844
  0
LWPOLYLINE
  5
F6
330
17
100
AcDbEntity
  8
COLS
100
AcDbPolyline
 90
4
 70
1
 10
6770.28244602936
 20
14762.0466784523
 10
6756.28244602936
 20
14762.0466784523
 10
6756.28244602936
 20
14738.0466784523
 10
6770.28244602936
 20
14738.0466784523
  0
LWPOLYLINE
  5
F7
330
17
100
AcDbEntity
  8
COLS
100
AcDbPolyline
 90
4
 70
1
 10
6267.94699674527
 20
14063.461807689317
 10
6267.94699674527
 20
14077.461807689317
 10
6243.94699674527
 20
14077.461807689317
 10
6243.94699674527
 20
14063.461807689317
  0
LWPOLYLINE
  5
F8
330
17
100
AcDbEntity
  8
COLS
100
AcDbPolyline
 90
4
 70
1
 10
6644.468782954436
 20
13769.689469822963
 10
6644.468782954436
 20
13783.689469822963
 10
6620.468782954436
 20
13783.689469822963
 10
6620.468782954436
 20
13769.689469822963
  0
LWPOLYLINE
  5
F9
330
17
100
AcDbEntity
  8
COLS
100
AcDbPolyline
 90
4
 70
1
 10
6643.218352833956
 20
13578.742994341539
 10
6643.218352833956
 20
13592.742994341539
 10
6619.218352833956
 20
13592.742994341539
 10
6619.218352833956
 20
13578.742994341539
  0
LWPOLYLINE
  5
FA
330
17
100
AcDbEntity
  8
COLS
100
AcDbPolyline
 90
4
 70
1
 10
6446.0348908203905
 20
13578.742994341537
 10
6446.0348908203905
 20
13592.742994341537
 10
6422.0348908203905
 20
13592.742994341537
 10
6422.0348908203905
 20
13578.742994341537
  0
LWPOLYLINE
  5
FB
330
17
100
AcDbEntity
  8
COLS
100
AcDbPolyline
 90
4
 70
1
 10
6017.680210406836
 20
13792.91194853143
 10
6018.453570893458
 20
13806.890571981461
 10
5994.490216407694
 20
13808.216332815668
 10
5993.716855921071
 20
13794.23770936564
  0
LWPOLYLINE
  5
FC
330
17
100
AcDbEntity
  8
COLS
100
AcDbPolyline
 90
4
 70
1
 10
4625.216722623229
 20
14156.985598696587
 10
4631.468915722167
 20
14169.511974128194
 10
4609.995129267982
 20
14180.23001944066
 10
4603.742936169043
 20
14167.703644009052
  0
LWPOLYLINE
  5
FD
330
17
100
AcDbEntity
  8
COLS
100
AcDbPolyline
 90
4
 70
1
 10
4552.940692796421
 20
14030.932760621883
 10
4540.4143173648135
 20
14037.184953720822
 10
4529.69627205235
 20
14015.711167266636
 10
4542.222647483957
 20
14009.458974167697
  0
LWPOLYLINE
  5
FE
330
17
100
AcDbEntity
  8
COLS
100
AcDbPolyline
 90
4
 70
1
 10
4353.021064705448
 20
14995.503644262093
 10
4353.021064705448
 20
15009.503644262093
 10
4329.021064705448
 20
15009.503644262093
 10
4329.021064705448
 20
14995.503644262093
  0
LWPOLYLINE
  5
FF
330
17
100
AcDbEntity
  8
COLS
100
AcDbPolyline
 90
4
 70
1
 10
4821.794047725583
 20
14790.586492108217
 10
4816.9242666762875
 20
14779.619029660964
 10
4833.375460347168
 20
14772.31435808702
 10
4838.245241396464
 20
14783.281820534274
  0
LWPOLYLINE
  5
100
330
17
100
AcDbEntity
  8
COLS
100
AcDbPolyline
 90
4
 70
1
 10
5270.829871566519
 20
14610.488516605907
 10
5257.671876503144
 20
14615.270479164545
 10
5249.474226402621
 20
14592.713916198758
 10
5262.632221465996
 20
14587.93195364012
  0
LWPOLYLINE
  5
101
330
17
100
AcDbEntity
  8
COLS
100
AcDbPolyline
 90
4
 70
1
 10
5151.894317497576
 20
14283.226767039843
 10
5138.736322434201
 20
14288.008729598481
 10
5130.538672333678
 20
14265.452166632696
 10
5143.696667397053
 20
14260.670204074058
  0
LWPOLYLINE
  5
102
330
17
100
AcDbEntity
  8
COLS
100
AcDbPolyline
 90
4
 70
1
 10
7334.1556300738575
 20
13578.742994341534
 10
7348.1556300738575
 20
13578.742994341534
 10
7348.1556300738575
 20
13614.742994341534
 10
7334.1556300738575
 20
13614.742994341534
  0
LWPOLYLINE
  5
103
330
17
100
AcDbEntity
  8
COLS
100
AcDbPolyline
 90
4
 70
1
 10
6397.71863552725
 20
14755.717214020571
 10
6397.71863552725
 20
14769.717214020571
 10
6373.71863552725
 20
14769.717214020571
 10
6373.71863552725
 20
14755.717214020571
  0
LWPOLYLINE
  5
104
330
17
100
AcDbEntity
  8
COLS
100
AcDbPolyline
 90
4
 70
1
 10
5362.857263514232
 20
14365.60338515558
 10
5365.503491078029
 20
14379.35102057701
 10
5341.936116069859
 20
14383.887410686377
 10
5339.289888506062
 20
14370.139775264946
  0
LWPOLYLINE
  5
105
330
17
100
AcDbEntity
  8
COLS
100
AcDbPolyline
 90
4
 70
1
 10
6008.7000850878285
 20
13648.148122922412
 10
5994.721369396953
 20
13648.919814333301
 10
5993.398469835425
 20
13624.956301720373
 10
6007.3771855263
 20
13624.18461030948
  0
LWPOLYLINE
  5
106
330
17
100
AcDbEntity
  8
COLS
100
AcDbPolyline
 90
4
 70
1
 10
5184.589214102854
 20
14428.815378325107
 10
5179.807251544216
 20
14415.657383261732
 10
5202.363814510003
 20
14407.459733161213
 10
5207.145777068641
 20
14420.617728224588
  0
LWPOLYLINE
  5
107
330
17
100
AcDbEntity
  8
COLS
100
AcDbPolyline
 90
4
 70
1
 10
7600.5518896191425
 20
13578.742994341534
 10
7614.5518896191425
 20
13578.742994341534
 10
7614.5518896191425
 20
13614.742994341534
 10
7600.5518896191425
 20
13614.742994341534
  0
LWPOLYLINE
  5
108
330
17
100
AcDbEntity
  8
COLS
100
AcDbPolyline
 90
4
 70
1
 10
6533.265913838592
 20
14584.78589985805
 10
6519.265913838592
 20
14584.78589985805
 10
6519.265913838592
 20
14560.78589985805
 10
6533.265913838592
 20
14560.78589985805
  0
LWPOLYLINE
  5
109
330
17
100
AcDbEntity
  8
WALL
100
AcDbPolyline
 90
5
 70
1
 10
5620.920340506775
 20
14146.883655853799
 10
5615.302296931262
 20
14147.964853372556
 10
5611.100536915084
 20
14148.773485851612
 10
5667.158704099686
 20
14440.059047040031
 10
5676.978507691374
 20
14438.169217042221
  0
LWPOLYLINE
  5
10A
330
17
100
AcDbEntity
  8
WALL
100
AcDbPolyline
 90
4
 70
1
 10
4534.822672332732
 20
14539.921253786568
 10
4526.080838226317
 20
14544.777212647312
 10
4670.124450950043
 20
14804.086380499784
 10
4678.866267515128
 20
14799.230390060911
  0
LWPOLYLINE
  5
10B
330
17
100
AcDbEntity
  8
WALL
100
AcDbPolyline
 90
6
 70
1
 10
4036.500508326182
 20
14897.128644262139
 10
4028.125508326184
 20
14897.128644262139
 10
3869.4966982851565
 20
14897.128644262139
 10
3869.4966982851565
 20
14905.12864426214
 10
4057.49669828516
 20
14905.128644262139
 10
4057.49669828516
 20
14897.128644262139
  0
LWPOLYLINE
  5
10C
330
17
100
AcDbEntity
  8
WALL
100
AcDbPolyline
 90
5
 70
1
 10
4101.49669828516
 20
14905.128644262139
 10
4101.49669828516
 20
14953.356823034217
 10
4101.49669828516
 20
15009.12864426214
 10
4109.496698285162
 20
15009.12864426214
 10
4109.496698285162
 20
14905.128644262139
  0
LWPOLYLINE
  5
10D
330
17
100
AcDbEntity
  8
WALL
100
AcDbPolyline
 90
5
 70
1
 10
4101.49669828516
 20
15001.12864426214
 10
4051.7636719312613
 20
15001.12864426214
 10
3869.4966982851565
 20
15001.12864426214
 10
3869.4966982851565
 20
15009.128644262142
 10
4101.49669828516
 20
15009.12864426214
  0
LWPOLYLINE
  5
10E
330
17
100
AcDbEntity
  8
WALL
100
AcDbPolyline
 90
4
 70
1
 10
3877.49669828516
 20
14905.12864426214
 10
3869.4966982851565
 20
14905.12864426214
 10
3869.4966982851565
 20
15001.12864426214
 10
3877.49669828516
 20
15001.12864426214
  0
LWPOLYLINE
  5
10F
330
17
100
AcDbEntity
  8
WALL
100
AcDbPolyline
 90
6
 70
1
 10
6565.690718746573
 20
14162.711618511974
 10
6565.690718746573
 20
14162.727555720805
 10
6459.66709669933
 20
14162.727555720805
 10
6459.66709669933
 20
14170.711618511974
 10
6683.2939272967105
 20
14170.711618511974
 10
6683.2939272967105
 20
14162.727555720805
  0
LWPOLYLINE
  5
110
330
17
100
AcDbEntity
  8
WALL
100
AcDbPolyline
 90
4
 70
1
 10
6691.293927296709
 20
14073.71180768931
 10
6683.2939272967105
 20
14073.71180768931
 10
6683.2939272967105
 20
14220.743227267014
 10
6691.293927296709
 20
14220.743227267014
  0
LWPOLYLINE
  5
111
330
17
100
AcDbEntity
  8
WALL
100
AcDbPolyline
 90
5
 70
1
 10
6683.2939272967105
 20
14266.743227267012
 10
6639.689671931263
 20
14266.743227267012
 10
6451.6670966993315
 20
14266.743227267012
 10
6451.6670966993315
 20
14274.743227267012
 10
6683.2939272967105
 20
14274.743227267012
  0
LWPOLYLINE
  5
112
330
17
100
AcDbEntity
  8
WALL
100
AcDbPolyline
 90
5
 70
1
 10
6451.6670966993315
 20
14073.71180768931
 10
6451.6670966993315
 20
14086.558198034218
 10
6451.6670966993315
 20
14266.743227267012
 10
6459.66709669933
 20
14266.743227267012
 10
6459.66709669933
 20
14073.71180768931
  0
LWPOLYLINE
  5
113
330
17
100
AcDbEntity
  8
WALL
100
AcDbPolyline
 90
6
 70
1
 10
6666.647234431262
 20
14065.71180768931
 10
6639.689671931263
 20
14065.71180768931
 10
6634.258494225842
 20
14065.71180768931
 10
6634.258494225842
 20
14073.71180768931
 10
6691.293927296709
 20
14073.71180768931
 10
6691.293927296709
 20
14065.71180768931
  0
LWPOLYLINE
  5
114
330
17
100
AcDbEntity
  8
WALL
100
AcDbPolyline
 90
5
 70
1
 10
6459.66709669933
 20
14065.71180768931
 10
6451.6670966993315
 20
14065.71180768931
 10
6451.6670966993315
 20
14073.71180768931
 10
6508.702529770197
 20
14073.71180768931
 10
6508.702529770197
 20
14065.71180768931
  0
LWPOLYLINE
  5
115
330
17
100
AcDbEntity
  8
WALL
100
AcDbPolyline
 90
6
 70
1
 10
6639.689671931263
 20
14756.296678452294
 10
6536.186587307739
 20
14756.296678452294
 10
6528.186587307735
 20
14756.296678452294
 10
6528.186587307735
 20
14764.296678452294
 10
6666.3125715595015
 20
14764.296678452294
 10
6666.3125715595015
 20
14756.296678452294
  0
LWPOLYLINE
  5
116
330
17
100
AcDbEntity
  8
WALL
100
AcDbPolyline
 90
5
 70
1
 10
6658.3125715595015
 20
14856.304552468155
 10
6653.1684531812625
 20
14856.304552468155
 10
6528.186587307735
 20
14856.304552468155
 10
6528.186587307735
 20
14864.304552468155
 10
6658.3125715595015
 20
14864.304552468155
  0
LWPOLYLINE
  5
117
330
17
100
AcDbEntity
  8
WALL
100
AcDbPolyline
 90
5
 70
1
 10
6528.186587307735
 20
14764.296678452294
 10
6528.186587307735
 20
14848.290323034216
 10
6528.186587307735
 20
14856.304552468155
 10
6536.186587307737
 20
14856.304552468155
 10
6536.186587307737
 20
14764.296678452567
  0
LWPOLYLINE
  5
118
330
17
100
AcDbEntity
  8
WALL
100
AcDbPolyline
 90
6
 70
1
 10
7189.009906166637
 20
13917.118245712149
 10
7181.759906166639
 20
13917.118245712149
 10
6897.1375446239745
 20
13917.118245712149
 10
6897.1375446239745
 20
13929.11824571215
 10
7613.5518896191315
 20
13929.118245712149
 10
7613.5518896191315
 20
13917.118245712149
  0
LWPOLYLINE
  5
119
330
17
100
AcDbEntity
  8
WALL
100
AcDbPolyline
 90
5
 70
1
 10
7601.5518896191315
 20
13614.742994341523
 10
7601.5518896191315
 20
13797.625323034217
 10
7601.5518896191315
 20
13917.118245712149
 10
7613.5518896191315
 20
13917.118245712149
 10
7613.5518896191315
 20
13614.742994341523
  0
LWPOLYLINE
  5
11A
330
17
100
AcDbEntity
  8
WALL
100
AcDbPolyline
 90
6
 70
1
 10
6897.1375446239745
 20
14062.08680768931
 10
6855.350171931263
 20
14062.08680768931
 10
6763.282446029349
 20
14062.08680768931
 10
6763.282446029349
 20
14074.08680768931
 10
6909.1375446239745
 20
14074.08680768931
 10
6909.1375446239745
 20
14062.08680768931
  0
LWPOLYLINE
  5
11B
330
17
100
AcDbEntity
  8
WALL
100
AcDbPolyline
 90
13
 70
1
 10
6763.282446029349
 20
14074.08680768931
 10
6763.282446029349
 20
14217.891323034217
 10
6763.282446029349
 20
14738.046678452292
 10
6770.282446029349
 20
14738.046678452292
 10
6770.282446029349
 20
14762.046678452292
 10
6763.282446029349
 20
14762.046678452292
 10
6763.282446029349
 20
14952.584132544835
 10
6769.282446029349
 20
14952.584132544836
 10
6769.282446029349
 20
14966.584132544836
 10
6763.282446029349
 20
14966.584132544836
 10
6763.282446029349
 20
14970.146632544838
 10
6775.282446029349
 20
14970.146632544838
 10
6775.282446029349
 20
14074.08680768931
  0
LWPOLYLINE
  5
11C
330
17
100
AcDbEntity
  8
WALL
100
AcDbPolyline
 90
4
 70
1
 10
6909.1375446239745
 20
13929.11824571215
 10
6897.1375446239745
 20
13929.11824571215
 10
6897.1375446239745
 20
14062.08680768931
 10
6909.1375446239745
 20
14062.08680768931
  0
LWPOLYLINE
  5
11D
330
17
100
AcDbEntity
  8
WALL
100
AcDbPolyline
 90
5
 70
1
 10
3752.447346860934
 20
14487.712042278781
 10
3744.1285302597134
 20
14493.31146531169
 10
3977.383597124217
 20
14789.619710288469
 10
3982.9460694593035
 20
14785.240909230959
 10
3961.01743028039
 20
14752.662494174343
  0
LWPOLYLINE
  5
11E
330
17
100
AcDbEntity
  8
BOUNDARY
100
AcDbPolyline
 90
95
 70
1
 10
3290.2812476665167
 20
15013.128644262097
 10
3292.04016395494
 20
15032.282419846055
 10
3352.0557337103673
 20
15032.282419846055
 10
3360.281247666515
 20
15014.878644262095
 10
3724.152266194016
 20
15014.878644262095
 10
3740.0480128764775
 20
15005.878644262051
 10
3838.9741836116737
 20
15005.878644262051
 10
3856.1865196559556
 20
15014.878644262095
 10
4404.99669828494
 20
15005.878644262051
 10
4456.238048253455
 20
15014.878644262093
 10
4473.369535854108
 20
14992.376614815168
 10
4563.515363804339
 20
14931.20363066519
 10
4597.219737001842
 20
14931.522121799022
 10
4825.579616725921
 20
14804.671604684056
 10
4841.975342993303
 20
14776.395829462304
 10
5382.941244716692
 20
14569.744120399286
 10
5527.639363332399
 20
14527.222159403178
 10
5557.551170967672
 20
14535.20415796815
 10
5814.070469606349
 20
14485.8367891549
 10
5839.092601802191
 20
14467.30179782612
 10
5953.507097154896
 20
14455.71200744505
 10
5985.127758289413
 20
14480.282419846055
 10
5998.077261421306
 20
14451.197204845039
 10
6144.251521263544
 20
14436.390260799559
 10
6163.720180408522
 20
14462.282419846055
 10
6203.281247666517
 20
14466.489610729739
 10
6203.281247666517
 20
14538.508294436253
 10
6224.2267087207765
 20
14596.223399858036
 10
6224.2267087207765
 20
14750.282419846055
 10
6131.789208720775
 20
14753.717214020571
 10
6140.789208720775
 20
14926.959132544845
 10
6126.97397833232
 20
14988.975150511858
 10
6768.599086027494
 20
14990.282419846055
 10
6775.28244602936
 20
14090.282419846055
 10
6796.353578886836
 20
14074.086807689317
 10
6909.137544623985
 20
14074.086807689317
 10
6909.137544623985
 20
13946.282419846055
 10
6931.939918387563
 20
13929.154728916768
 10
8189.281247666517
 20
13929.154728916765
 10
8193.067816580728
 20
13535.91883198549
 10
8175.067816580728
 20
13507.117994341526
 10
7349.614558263909
 20
13507.117994341534
 10
7349.614558263909
 20
13553.919890118354
 10
7331.281247666517
 20
13574.495329895764
 10
7031.8054553531165
 20
13574.495329895764
 10
7020.530254069392
 20
13568.282419846055
 10
7019.281247666517
 20
13507.117994341534
 10
6443.221610577195
 20
13507.117994341537
 10
6308.0867729312595
 20
13497.117994341545
 10
6280.560607253372
 20
13538.357094886347
 10
5979.0270778781905
 20
13554.002811493887
 10
5981.402676557396
 20
13597.035321721354
 10
5955.731530043557
 20
13622.38274893885
 10
5877.94833859061
 20
13626.676750053353
 10
5846.583751998831
 20
13600.913240143149
 10
5836.702637320435
 20
13567.498438812348
 10
5651.006699868103
 20
13597.586564042898
 10
5526.976016839984
 20
13593.213716323826
 10
5507.281247666517
 20
13602.621214385372
 10
5501.175751961064
 20
13634.282419846055
 10
5240.842769063382
 20
13674.183221702746
 10
5043.533795902154
 20
13740.84218575271
 10
5048.052274403701
 20
13753.887103729867
 10
4939.217720004339
 20
13763.135971796804
 10
4907.281247666517
 20
13782.558268088418
 10
4901.240255233559
 20
13808.282419846055
 10
4826.216925287181
 20
13816.116067152889
 10
4631.145185342375
 20
13885.024122196975
 10
4343.749006009675
 20
14028.471334169553
 10
4354.56522732934
 20
14050.141817927411
 10
4328.041380217917
 20
14066.282419846055
 10
4227.002457160073
 20
14072.12055558499
 10
4216.362420081992
 20
14093.477508736081
 10
4061.009937737146
 20
14198.045779628583
 10
4072.452747038793
 20
14215.045858292917
 10
4045.1605229182005
 20
14240.282419846055
 10
3965.8840180539046
 20
14246.314461589718
 10
3935.2812476665167
 20
14271.22419462071
 10
3932.485184409732
 20
14318.07848310284
 10
3870.2201106143366
 20
14326.467044773402
 10
3699.0994990927284
 20
14442.793658920895
 10
3550.7997211986294
 20
14561.710594163804
 10
3560.0947151994624
 20
14573.507900327237
 10
3539.2812476665167
 20
14595.9082057268
 10
3539.2812476665167
 20
14613.912876653429
 10
3557.3008550994073
 20
14642.382620227283
 10
3529.70791156208
 20
14664.512310502238
 10
3505.8778617908356
 20
14642.282419846055
 10
3450.775127773435
 20
14652.588366251752
 10
3444.377493941285
 20
14644.498145915624
 10
3413.2812476665167
 20
14668.987466195687
 10
3413.2812476665167
 20
14698.995251073402
 10
3373.685603040034
 20
14720.499082004873
 10
3365.602477950755
 20
14710.239892872858
 10
3292.2812476665167
 20
14769.043916973222
  0
TEXT
  5
11F
330
17
100
AcDbEntity
  8
COL-LABEL
100
AcDbText
 10
3404.406247666515
 20
15014.003644262099
 30
0.0
 40
18.0
  1
C1
 11
3404.406247666515
 21
15014.003644262099
 31
0.0
100
AcDbText
  0
TEXT
  5
120
330
17
100
AcDbEntity
  8
COL-LABEL
100
AcDbText
 10
3402.8296281209914
 20
14832.772343137163
 30
0.0
 40
18.0
  1
C2
 11
3402.8296281209914
 21
14832.772343137163
 31
0.0
100
AcDbText
  0
TEXT
  5
121
330
17
100
AcDbEntity
  8
COL-LABEL
100
AcDbText
 10
3627.9282912220388
 20
14650.016708183464
 30
0.0
 40
18.0
  1
C3
 11
3627.9282912220388
 21
14650.016708183464
 31
0.0
100
AcDbText
  0
TEXT
  5
122
330
17
100
AcDbEntity
  8
COL-LABEL
100
AcDbText
 10
3618.3624151931454
 20
14904.747262321856
 30
0.0
 40
18.0
  1
C4
 11
3618.3624151931454
 21
14904.747262321856
 31
0.0
100
AcDbText
  0
TEXT
  5
123
330
17
100
AcDbEntity
  8
COL-LABEL
100
AcDbText
 10
3739.673012876472
 20
15014.003644262095
 30
0.0
 40
18.0
  1
C5
 11
3739.673012876472
 21
15014.003644262095
 31
0.0
100
AcDbText
  0
TEXT
  5
124
330
17
100
AcDbEntity
  8
COL-LABEL
100
AcDbText
 10
3767.195448446919
 20
14827.786315191512
 30
0.0
 40
18.0
  1
C6
 11
3767.195448446919
 21
14827.786315191512
 31
0.0
100
AcDbText
  0
TEXT
  5
125
330
17
100
AcDbEntity
  8
COL-LABEL
100
AcDbText
 10
4036.021108087052
 20
14359.951654513094
 30
0.0
 40
18.0
  1
C7
 11
4036.021108087052
 21
14359.951654513094
 31
0.0
100
AcDbText
  0
TEXT
  5
126
330
17
100
AcDbEntity
  8
COL-LABEL
100
AcDbText
 10
4159.825024517228
 20
14536.466858830714
 30
0.0
 40
18.0
  1
C8
 11
4159.825024517228
 21
14536.466858830714
 31
0.0
100
AcDbText
  0
TEXT
  5
127
330
17
100
AcDbEntity
  8
COL-LABEL
100
AcDbText
 10
4273.297398070705
 20
14737.116540520525
 30
0.0
 40
18.0
  1
C9
 11
4273.297398070705
 21
14737.116540520525
 31
0.0
100
AcDbText
  0
TEXT
  5
128
330
17
100
AcDbEntity
  8
COL-LABEL
100
AcDbText
 10
4289.111475512582
 20
14189.261909031915
 30
0.0
 40
18.0
  1
C10
 11
4289.111475512582
 21
14189.261909031915
 31
0.0
100
AcDbText
  0
TEXT
  5
129
330
17
100
AcDbEntity
  8
COL-LABEL
100
AcDbText
 10
4357.521064705448
 20
15014.003644262093
 30
0.0
 40
18.0
  1
C11
 11
4357.521064705448
 21
15014.003644262093
 31
0.0
100
AcDbText
  0
TEXT
  5
12A
330
17
100
AcDbEntity
  8
COL-LABEL
100
AcDbText
 10
4401.033209660232
 20
14391.831571159222
 30
0.0
 40
18.0
  1
C12
 11
4401.033209660232
 21
14391.831571159222
 31
0.0
100
AcDbText
  0
TEXT
  5
12B
330
17
100
AcDbEntity
  8
COL-LABEL
100
AcDbText
 10
4430.487630446993
 20
14968.761428399765
 30
0.0
 40
18.0
  1
C13
 11
4430.487630446993
 21
14968.761428399765
 31
0.0
100
AcDbText
  0
TEXT
  5
12C
330
17
100
AcDbEntity
  8
COL-LABEL
100
AcDbText
 10
4557.440692796421
 20
14041.684953720822
 30
0.0
 40
18.0
  1
C14
 11
4557.440692796421
 21
14041.684953720822
 31
0.0
100
AcDbText
  0
TEXT
  5
12D
330
17
100
AcDbEntity
  8
COL-LABEL
100
AcDbText
 10
4635.968915722167
 20
14184.73001944066
 30
0.0
 40
18.0
  1
C15
 11
4635.968915722167
 21
14184.73001944066
 31
0.0
100
AcDbText
  0
TEXT
  5
12E
330
17
100
AcDbEntity
  8
COL-LABEL
100
AcDbText
 10
4692.982789440486
 20
13987.114779670836
 30
0.0
 40
18.0
  1
C16
 11
4692.982789440486
 21
13987.114779670836
 31
0.0
100
AcDbText
  0
TEXT
  5
12F
330
17
100
AcDbEntity
  8
COL-LABEL
100
AcDbText
 10
4787.606047301386
 20
14198.366870548627
 30
0.0
 40
18.0
  1
C17
 11
4787.606047301386
 21
14198.366870548627
 31
0.0
100
AcDbText
  0
TEXT
  5
130
330
17
100
AcDbEntity
  8
COL-LABEL
100
AcDbText
 10
4840.540346889273
 20
14420.358229703648
 30
0.0
 40
18.0
  1
C18
 11
4840.540346889273
 21
14420.358229703648
 31
0.0
100
AcDbText
  0
TEXT
  5
131
330
17
100
AcDbEntity
  8
COL-LABEL
100
AcDbText
 10
4842.745241396464
 20
14795.086492108217
 30
0.0
 40
18.0
  1
C19
 11
4842.745241396464
 21
14795.086492108217
 31
0.0
100
AcDbText
  0
TEXT
  5
132
330
17
100
AcDbEntity
  8
COL-LABEL
100
AcDbText
 10
4957.858621991274
 20
14672.56336256794
 30
0.0
 40
18.0
  1
C20
 11
4957.858621991274
 21
14672.56336256794
 31
0.0
100
AcDbText
  0
TEXT
  5
133
330
17
100
AcDbEntity
  8
COL-LABEL
100
AcDbText
 10
4981.215475193652
 20
13886.967290388435
 30
0.0
 40
18.0
  1
C21
 11
4981.215475193652
 21
13886.967290388435
 31
0.0
100
AcDbText
  0
TEXT
  5
134
330
17
100
AcDbEntity
  8
COL-LABEL
100
AcDbText
 10
5058.828856331813
 20
14084.630633120145
 30
0.0
 40
18.0
  1
C22
 11
5058.828856331813
 21
14084.630633120145
 31
0.0
100
AcDbText
  0
TEXT
  5
135
330
17
100
AcDbEntity
  8
COL-LABEL
100
AcDbText
 10
5156.394317497576
 20
14292.508729598481
 30
0.0
 40
18.0
  1
C23
 11
5156.394317497576
 21
14292.508729598481
 31
0.0
100
AcDbText
  0
TEXT
  5
136
330
17
100
AcDbEntity
  8
COL-LABEL
100
AcDbText
 10
5211.645777068641
 20
14433.315378325107
 30
0.0
 40
18.0
  1
C24
 11
5211.645777068641
 21
14433.315378325107
 31
0.0
100
AcDbText
  0
TEXT
  5
137
330
17
100
AcDbEntity
  8
COL-LABEL
100
AcDbText
 10
5269.35180031494
 20
13786.642263076657
 30
0.0
 40
18.0
  1
C25
 11
5269.35180031494
 21
13786.642263076657
 31
0.0
100
AcDbText
  0
TEXT
  5
138
330
17
100
AcDbEntity
  8
COL-LABEL
100
AcDbText
 10
5275.329871566519
 20
14619.770479164545
 30
0.0
 40
18.0
  1
C26
 11
5275.329871566519
 21
14619.770479164545
 31
0.0
100
AcDbText
  0
TEXT
  5
139
330
17
100
AcDbEntity
  8
COL-LABEL
100
AcDbText
 10
5314.82337715386
 20
14247.200654951714
 30
0.0
 40
18.0
  1
C27
 11
5314.82337715386
 21
14247.200654951714
 31
0.0
100
AcDbText
  0
TEXT
  5
13A
330
17
100
AcDbEntity
  8
COL-LABEL
100
AcDbText
 10
5328.044959531389
 20
14008.166207764069
 30
0.0
 40
18.0
  1
C28
 11
5328.044959531389
 21
14008.166207764069
 31
0.0
100
AcDbText
  0
TEXT
  5
13B
330
17
100
AcDbEntity
  8
COL-LABEL
100
AcDbText
 10
5370.003491078029
 20
14388.387410686377
 30
0.0
 40
18.0
  1
C29
 11
5370.003491078029
 21
14388.387410686377
 31
0.0
100
AcDbText
  0
TEXT
  5
13C
330
17
100
AcDbEntity
  8
COL-LABEL
100
AcDbText
 10
5408.757691828143
 20
14574.729317006237
 30
0.0
 40
18.0
  1
C30
 11
5408.757691828143
 21
14574.729317006237
 31
0.0
100
AcDbText
  0
TEXT
  5
13D
330
17
100
AcDbEntity
  8
COL-LABEL
100
AcDbText
 10
5569.103719848894
 20
13730.28421310884
 30
0.0
 40
18.0
  1
C31
 11
5569.103719848894
 21
13730.28421310884
 31
0.0
100
AcDbText
  0
TEXT
  5
13E
330
17
100
AcDbEntity
  8
COL-LABEL
100
AcDbText
 10
5617.600492719508
 20
13934.176583292727
 30
0.0
 40
18.0
  1
C32
 11
5617.600492719508
 21
13934.176583292727
 31
0.0
100
AcDbText
  0
TEXT
  5
13F
330
17
100
AcDbEntity
  8
COL-LABEL
100
AcDbText
 10
5868.77775910395
 20
13673.717162580766
 30
0.0
 40
18.0
  1
C33
 11
5868.77775910395
 21
13673.717162580766
 31
0.0
100
AcDbText
  0
TEXT
  5
140
330
17
100
AcDbEntity
  8
COL-LABEL
100
AcDbText
 10
5891.168643184188
 20
13904.109463257724
 30
0.0
 40
18.0
  1
C34
 11
5891.168643184188
 21
13904.109463257724
 31
0.0
100
AcDbText
  0
TEXT
  5
141
330
17
100
AcDbEntity
  8
COL-LABEL
100
AcDbText
 10
5957.708966303915
 20
14179.040623480505
 30
0.0
 40
18.0
  1
C35
 11
5957.708966303915
 21
14179.040623480505
 31
0.0
100
AcDbText
  0
TEXT
  5
142
330
17
100
AcDbEntity
  8
COL-LABEL
100
AcDbText
 10
5986.411196780511
 20
14462.389252532475
 30
0.0
 40
18.0
  1
C36
 11
5986.411196780511
 21
14462.389252532475
 31
0.0
100
AcDbText
  0
TEXT
  5
143
330
17
100
AcDbEntity
  8
COL-LABEL
100
AcDbText
 10
6013.2000850878285
 20
13653.419814333301
 30
0.0
 40
18.0
  1
C37
 11
6013.2000850878285
 21
13653.419814333301
 31
0.0
100
AcDbText
  0
TEXT
  5
144
330
17
100
AcDbEntity
  8
COL-LABEL
100
AcDbText
 10
6022.953570893458
 20
13812.716332815668
 30
0.0
 40
18.0
  1
C38
 11
6022.953570893458
 21
13812.716332815668
 31
0.0
100
AcDbText
  0
TEXT
  5
145
330
17
100
AcDbEntity
  8
COL-LABEL
100
AcDbText
 10
6155.351708720775
 20
14799.279714020571
 30
0.0
 40
18.0
  1
C39
 11
6155.351708720775
 21
14799.279714020571
 31
0.0
100
AcDbText
  0
TEXT
  5
146
330
17
100
AcDbEntity
  8
COL-LABEL
100
AcDbText
 10
6155.351708720775
 20
14969.584132544845
 30
0.0
 40
18.0
  1
C40
 11
6155.351708720775
 21
14969.584132544845
 31
0.0
100
AcDbText
  0
TEXT
  5
147
330
17
100
AcDbEntity
  8
COL-LABEL
100
AcDbText
 10
6205.700056763668
 20
14441.183861686224
 30
0.0
 40
18.0
  1
C41
 11
6205.700056763668
 21
14441.183861686224
 31
0.0
100
AcDbText
  0
TEXT
  5
148
330
17
100
AcDbEntity
  8
COL-LABEL
100
AcDbText
 10
6239.1017087207765
 20
14598.598399858034
 30
0.0
 40
18.0
  1
C42
 11
6239.1017087207765
 21
14598.598399858034
 31
0.0
100
AcDbText
  0
TEXT
  5
149
330
17
100
AcDbEntity
  8
COL-LABEL
100
AcDbText
 10
6272.44699674527
 20
14081.961807689317
 30
0.0
 40
18.0
  1
C43
 11
6272.44699674527
 21
14081.961807689317
 31
0.0
100
AcDbText
  0
TEXT
  5
14A
330
17
100
AcDbEntity
  8
COL-LABEL
100
AcDbText
 10
6309.44699674527
 20
14330.88873648415
 30
0.0
 40
18.0
  1
C44
 11
6309.44699674527
 21
14330.88873648415
 31
0.0
100
AcDbText
  0
TEXT
  5
14B
330
17
100
AcDbEntity
  8
COL-LABEL
100
AcDbText
 10
6319.159890818555
 20
13619.242994341539
 30
0.0
 40
18.0
  1
C45
 11
6319.159890818555
 21
13619.242994341539
 31
0.0
100
AcDbText
  0
TEXT
  5
14C
330
17
100
AcDbEntity
  8
COL-LABEL
100
AcDbText
 10
6319.159890818555
 20
13802.357562923098
 30
0.0
 40
18.0
  1
C46
 11
6319.159890818555
 21
13802.357562923098
 31
0.0
100
AcDbText
  0
TEXT
  5
14D
330
17
100
AcDbEntity
  8
COL-LABEL
100
AcDbText
 10
6334.631905428732
 20
14440.118227267021
 30
0.0
 40
18.0
  1
C47
 11
6334.631905428732
 21
14440.118227267021
 31
0.0
100
AcDbText
  0
TEXT
  5
14E
330
17
100
AcDbEntity
  8
COL-LABEL
100
AcDbText
 10
6402.21863552725
 20
14774.217214020571
 30
0.0
 40
18.0
  1
C48
 11
6402.21863552725
 21
14774.217214020571
 31
0.0
100
AcDbText
  0
TEXT
  5
14F
330
17
100
AcDbEntity
  8
COL-LABEL
100
AcDbText
 10
6402.21863552725
 20
14971.084132544845
 30
0.0
 40
18.0
  1
C49
 11
6402.21863552725
 21
14971.084132544845
 31
0.0
100
AcDbText
  0
TEXT
  5
150
330
17
100
AcDbEntity
  8
COL-LABEL
100
AcDbText
 10
6433.979629149901
 20
14281.888736484154
 30
0.0
 40
18.0
  1
C50
 11
6433.979629149901
 21
14281.888736484154
 31
0.0
100
AcDbText
  0
TEXT
  5
151
330
17
100
AcDbEntity
  8
COL-LABEL
100
AcDbText
 10
6450.5348908203905
 20
13597.242994341537
 30
0.0
 40
18.0
  1
C51
 11
6450.5348908203905
 21
13597.242994341537
 31
0.0
100
AcDbText
  0
TEXT
  5
152
330
17
100
AcDbEntity
  8
COL-LABEL
100
AcDbText
 10
6537.765913838592
 20
14589.28589985805
 30
0.0
 40
18.0
  1
C52
 11
6537.765913838592
 21
14589.28589985805
 31
0.0
100
AcDbText
  0
TEXT
  5
153
330
17
100
AcDbEntity
  8
COL-LABEL
100
AcDbText
 10
6647.718352833956
 20
13597.242994341539
 30
0.0
 40
18.0
  1
C53
 11
6647.718352833956
 21
13597.242994341539
 31
0.0
100
AcDbText
  0
TEXT
  5
154
330
17
100
AcDbEntity
  8
COL-LABEL
100
AcDbText
 10
6648.968782954436
 20
13788.189469822963
 30
0.0
 40
18.0
  1
C54
 11
6648.968782954436
 21
13788.189469822963
 31
0.0
100
AcDbText
  0
TEXT
  5
155
330
17
100
AcDbEntity
  8
COL-LABEL
100
AcDbText
 10
6663.410516397509
 20
14969.584132544845
 30
0.0
 40
18.0
  1
C55
 11
6663.410516397509
 21
14969.584132544845
 31
0.0
100
AcDbText
  0
TEXT
  5
156
330
17
100
AcDbEntity
  8
COL-LABEL
100
AcDbText
 10
6773.78244602936
 20
14971.084132544844
 30
0.0
 40
18.0
  1
C56
 11
6773.78244602936
 21
14971.084132544844
 31
0.0
100
AcDbText
  0
TEXT
  5
157
330
17
100
AcDbEntity
  8
COL-LABEL
100
AcDbText
 10
6774.092922714151
 20
13619.242994341537
 30
0.0
 40
18.0
  1
C57
 11
6774.092922714151
 21
13619.242994341537
 31
0.0
100
AcDbText
  0
TEXT
  5
158
330
17
100
AcDbEntity
  8
COL-LABEL
100
AcDbText
 10
6774.092922714151
 20
13982.795062923058
 30
0.0
 40
18.0
  1
C58
 11
6774.092922714151
 21
13982.795062923058
 31
0.0
100
AcDbText
  0
TEXT
  5
159
330
17
100
AcDbEntity
  8
COL-LABEL
100
AcDbText
 10
6774.78244602936
 20
14766.5466784523
 30
0.0
 40
18.0
  1
C59
 11
6774.78244602936
 21
14766.5466784523
 31
0.0
100
AcDbText
  0
TEXT
  5
15A
330
17
100
AcDbEntity
  8
COL-LABEL
100
AcDbText
 10
7032.655630073856
 20
13619.242994341537
 30
0.0
 40
18.0
  1
C60
 11
7032.655630073856
 21
13619.242994341537
 31
0.0
100
AcDbText
  0
TEXT
  5
15B
330
17
100
AcDbEntity
  8
COL-LABEL
100
AcDbText
 10
7352.6556300738575
 20
13619.242994341534
 30
0.0
 40
18.0
  1
C61
 11
7352.6556300738575
 21
13619.242994341534
 31
0.0
100
AcDbText
  0
TEXT
  5
15C
330
17
100
AcDbEntity
  8
COL-LABEL
100
AcDbText
 10
7619.0518896191425
 20
13619.242994341534
 30
0.0
 40
18.0
  1
C62
 11
7619.0518896191425
 21
13619.242994341534
 31
0.0
100
AcDbText
  0
TEXT
  5
15D
330
17
100
AcDbEntity
  8
FLOOR NUMBER
100
AcDbText
 10
6383.38151355258
 20
14376.807856916404
 30
0.0
 40
18.0
  1
6
 11
6383.38151355258
 21
14376.807856916404
 31
0.0
100
AcDbText
  0
POINT
  5
15E
330
17
100
AcDbEntity
  8
DATUM
100
AcDbPoint
 10
6477.614917261071
 20
14128.847680299166
 30
0.0
  0
LWPOLYLINE
  5
15F
330
17
100
AcDbEntity
  8
COLS
100
AcDbPolyline
 90
4
 70
1
 10
5242.09862257163
 20
21931.342992409973
 10
5255.63167227534
 20
21927.75738706124
 10
5264.85180031494
 20
21962.556657727924
 10
5251.31875061123
 20
21966.142263076657
  0
LWPOLYLINE
  5
160
330
17
100
AcDbEntity
  8
COLS
100
AcDbPolyline
 90
4
 70
1
 10
4951.703785907832
 20
22032.4501542131
 10
4964.932672198238
 20
22027.86795304822
 10
4976.715475193652
 20
22061.88508922355
 10
4963.486588903246
 20
22066.467290388435
  0
LWPOLYLINE
  5
161
330
17
100
AcDbEntity
  8
COLS
100
AcDbPolyline
 90
4
 70
1
 10
5544.233514304762
 20
21874.39589201559
 10
5557.99563917436
 20
21871.826082864383
 10
5564.603719848894
 20
21907.21440395763
 10
5550.841594979296
 20
21909.78421310884
  0
LWPOLYLINE
  5
162
330
17
100
AcDbEntity
  8
COLS
100
AcDbPolyline
 90
4
 70
1
 10
5846.406511051211
 20
21817.43518688275
 10
5860.321723822659
 20
21815.896728717806
 10
5864.27775910395
 20
21851.67870441582
 10
5850.3625463325025
 20
21853.217162580768
  0
LWPOLYLINE
  5
163
330
17
100
AcDbEntity
  8
COLS
100
AcDbPolyline
 90
4
 70
1
 10
6300.659890818555
 20
21762.74299434154
 10
6314.659890818555
 20
21762.74299434154
 10
6314.659890818555
 20
21798.74299434154
 10
6300.659890818555
 20
21798.74299434154
  0
LWPOLYLINE
  5
164
330
17
100
AcDbEntity
  8
COLS
100
AcDbPolyline
 90
4
 70
1
 10
5868.797395131449
 20
22047.827487559713
 10
5882.712607902897
 20
22046.289029394764
 10
5886.668643184188
 20
22082.071005092777
 10
5872.75343041274
 20
22083.609463257722
  0
LWPOLYLINE
  5
165
330
17
100
AcDbEntity
  8
COLS
100
AcDbPolyline
 90
4
 70
1
 10
5300.791781788079
 20
22152.86693709738
 10
5314.324831491789
 20
22149.281331748647
 10
5323.544959531389
 20
22184.080602415335
 10
5310.011909827679
 20
22187.66620776407
  0
LWPOLYLINE
  5
166
330
17
100
AcDbEntity
  8
COLS
100
AcDbPolyline
 90
4
 70
1
 10
4661.3511378792155
 20
22133.568211851943
 10
4674.202580919895
 20
22128.01479742727
 10
4688.482789440486
 20
22161.06136524616
 10
4675.631346399807
 20
22166.614779670836
  0
LWPOLYLINE
  5
167
330
17
100
AcDbEntity
  8
COLS
100
AcDbPolyline
 90
4
 70
1
 10
4755.974395740115
 20
22344.820302729735
 10
4768.825838780795
 20
22339.266888305065
 10
4783.106047301386
 20
22372.313456123953
 10
4770.254604260706
 20
22377.866870548627
  0
LWPOLYLINE
  5
168
330
17
100
AcDbEntity
  8
COLS
100
AcDbPolyline
 90
4
 70
1
 10
4254.622920467198
 20
22337.48472909118
 10
4266.786268221931
 20
22330.5527040337
 10
4284.611475512582
 20
22361.82988397444
 10
4272.448127757849
 20
22368.761909031913
  0
LWPOLYLINE
  5
169
330
17
100
AcDbEntity
  8
COLS
100
AcDbPolyline
 90
4
 70
1
 10
4366.544654614849
 20
22540.054391218484
 10
4378.708002369582
 20
22533.122366161006
 10
4396.533209660232
 20
22564.399546101748
 10
4384.369861905499
 20
22571.331571159222
  0
LWPOLYLINE
  5
16A
330
17
100
AcDbEntity
  8
COLS
100
AcDbPolyline
 90
4
 70
1
 10
3999.8049298947717
 20
22509.58686071343
 10
4011.419016372418
 20
22501.769380602185
 10
4031.521108087052
 20
22531.63417440185
 10
4019.907021609406
 20
22539.451654513094
  0
LWPOLYLINE
  5
16B
330
17
100
AcDbEntity
  8
COLS
100
AcDbPolyline
 90
4
 70
1
 10
4147.50754440598
 20
22684.250680638434
 10
4155.325024517228
 20
22695.864767116083
 10
4125.460230717563
 20
22715.966858830714
 10
4117.6427506063155
 20
22704.352772353068
  0
LWPOLYLINE
  5
16C
330
17
100
AcDbEntity
  8
COLS
100
AcDbPolyline
 90
4
 70
1
 10
6300.659890818555
 20
21945.857562923098
 10
6314.659890818555
 20
21945.857562923098
 10
6314.659890818555
 20
21981.857562923098
 10
6300.659890818555
 20
21981.857562923098
  0
LWPOLYLINE
  5
16D
330
17
100
AcDbEntity
  8
COLS
100
AcDbPolyline
 90
4
 70
1
 10
5610.531345219724
 20
22093.307955603897
 10
5613.100492719508
 20
22107.07020400757
 10
5577.71185396721
 20
22113.676583292727
 10
5575.142706467426
 20
22099.914334889057
  0
LWPOLYLINE
  5
16E
330
17
100
AcDbEntity
  8
COLS
100
AcDbPolyline
 90
4
 70
1
 10
5049.746655166928
 20
22239.11894383432
 10
5054.328856331813
 20
22252.347830124727
 10
5020.311720156478
 20
22264.130633120145
 10
5015.729518991593
 20
22250.901746829735
  0
LWPOLYLINE
  5
16F
330
17
100
AcDbEntity
  8
COLS
100
AcDbPolyline
 90
4
 70
1
 10
4394.188485356395
 20
23118.47269986103
 10
4405.772990899235
 20
23110.611451148015
 10
4425.987630446993
 20
23140.40017968675
 10
4414.403124904153
 20
23148.261428399765
  0
LWPOLYLINE
  5
170
330
17
100
AcDbEntity
  8
COLS
100
AcDbPolyline
 90
4
 70
1
 10
4925.953905988257
 20
22819.16097522618
 10
4938.7492788433865
 20
22813.479564002002
 10
4953.358621991274
 20
22846.381951343763
 10
4940.563249136145
 20
22852.06336256794
  0
LWPOLYLINE
  5
171
330
17
100
AcDbEntity
  8
COLS
100
AcDbPolyline
 90
4
 70
1
 10
5380.8756102584175
 20
22719.624371393773
 10
5394.333089107708
 20
22715.76480366916
 10
5404.257691828143
 20
22750.369749281625
 10
5390.800212978853
 20
22754.229317006237
  0
LWPOLYLINE
  5
172
330
17
100
AcDbEntity
  8
COLS
100
AcDbPolyline
 90
4
 70
1
 10
5964.354367305896
 20
22606.072540927405
 10
5978.283088485645
 20
22604.661609923845
 10
5981.911196780511
 20
22640.478321528917
 10
5967.982475600762
 20
22641.889252532477
  0
LWPOLYLINE
  5
173
330
17
100
AcDbEntity
  8
COLS
100
AcDbPolyline
 90
4
 70
1
 10
6755.592922714151
 20
21762.742994341537
 10
6769.592922714151
 20
21762.742994341537
 10
6769.592922714151
 20
21798.742994341537
 10
6755.592922714151
 20
21798.742994341537
  0
LWPOLYLINE
  5
174
330
17
100
AcDbEntity
  8
COLS
100
AcDbPolyline
 90
4
 70
1
 10
6755.592922714151
 20
22126.295062923058
 10
6769.592922714151
 20
22126.295062923058
 10
6769.592922714151
 20
22162.295062923058
 10
6755.592922714151
 20
22162.295062923058
  0
LWPOLYLINE
  5
175
330
17
100
AcDbEntity
  8
COLS
100
AcDbPolyline
 90
4
 70
1
 10
7014.155630073856
 20
21762.742994341537
 10
7028.155630073856
 20
21762.742994341537
 10
7028.155630073856
 20
21798.742994341537
 10
7014.155630073856
 20
21798.742994341537
  0
LWPOLYLINE
  5
176
330
17
100
AcDbEntity
  8
COLS
100
AcDbPolyline
 90
4
 70
1
 10
4236.998094526063
 20
22886.82795805992
 10
4248.5825432607435
 20
22878.966625633824
 10
4268.797398070705
 20
22908.75520809443
 10
4257.212949336024
 20
22916.616540520525
  0
LWPOLYLINE
  5
177
330
17
100
AcDbEntity
  8
COLS
100
AcDbPolyline
 90
4
 70
1
 10
4808.635630886256
 20
22566.955842361887
 10
4821.431003741385
 20
22561.27443113771
 10
4836.040346889273
 20
22594.17681847947
 10
4823.2449740341435
 20
22599.85822970365
  0
LWPOLYLINE
  5
178
330
17
100
AcDbEntity
  8
COLS
100
AcDbPolyline
 90
4
 70
1
 10
5286.941295584134
 20
22392.09570933925
 10
5300.3987744334245
 20
22388.236141614638
 10
5310.32337715386
 20
22422.8410872271
 10
5296.86589830457
 20
22426.700654951714
  0
LWPOLYLINE
  5
179
330
17
100
AcDbEntity
  8
COLS
100
AcDbPolyline
 90
4
 70
1
 10
5935.6521368293
 20
22322.723911875437
 10
5949.580858009049
 20
22321.312980871877
 10
5953.208966303915
 20
22357.12969247695
 10
5939.280245124166
 20
22358.540623480505
  0
LWPOLYLINE
  5
17A
330
17
100
AcDbEntity
  8
COLS
100
AcDbPolyline
 90
32
 70
1
 10
3398.3296281209914
 20
23000.272343137163
 10
3398.0990514858295
 20
23002.613427001357
 10
3397.416182511126
 20
23004.864544325545
 10
3396.3072634686214
 20
23006.9391859334
 10
3394.8149094952296
 20
23008.7576245114
 10
3392.9964709172273
 20
23010.249978484793
 10
3390.9218293093727
 20
23011.358897527298
 10
3388.6707119851853
 20
23012.041766502
 10
3386.3296281209914
 20
23012.272343137163
 10
3383.9885442567975
 20
23012.041766502
 10
3381.73742693261
 20
23011.358897527298
 10
3379.6627853247555
 20
23010.249978484793
 10
3377.844346746753
 20
23008.7576245114
 10
3376.3519927733614
 20
23006.9391859334
 10
3375.243073730857
 20
23004.864544325545
 10
3374.5602047561533
 20
23002.613427001357
 10
3374.3296281209914
 20
23000.272343137163
 10
3374.5602047561533
 20
22997.93125927297
 10
3375.243073730857
 20
22995.680141948782
 10
3376.3519927733614
 20
22993.605500340927
 10
3377.844346746753
 20
22991.787061762923
 10
3379.6627853247555
 20
22990.29470778953
 10
3381.73742693261
 20
22989.185788747025
 10
3383.9885442567975
 20
22988.502919772323
 10
3386.3296281209914
 20
22988.272343137163
 10
3388.6707119851853
 20
22988.502919772323
 10
3390.9218293093727
 20
22989.185788747025
 10
3392.9964709172273
 20
22990.29470778953
 10
3394.8149094952296
 20
22991.787061762923
 10
3396.3072634686214
 20
22993.605500340927
 10
3397.416182511126
 20
22995.680141948782
 10
3398.0990514858295
 20
22997.93125927297
  0
LWPOLYLINE
  5
17B
330
17
100
AcDbEntity
  8
COLS
100
AcDbPolyline
 90
4
 70
1
 10
6234.6017087207765
 20
22778.098399858034
 10
6220.6017087207765
 20
22778.098399858034
 10
6220.6017087207765
 20
22742.098399858034
 10
6234.6017087207765
 20
22742.098399858034
  0
LWPOLYLINE
  5
17C
330
17
100
AcDbEntity
  8
COLS
100
AcDbPolyline
 90
4
 70
1
 10
6150.851708720775
 20
22978.779714020573
 10
6136.851708720775
 20
22978.779714020573
 10
6136.851708720775
 20
22942.779714020573
 10
6150.851708720775
 20
22942.779714020573
  0
LWPOLYLINE
  5
17D
330
17
100
AcDbEntity
  8
COLS
100
AcDbPolyline
 90
4
 70
1
 10
6658.910516397509
 20
23135.084132544845
 10
6658.910516397509
 20
23149.084132544845
 10
6622.910516397509
 20
23149.084132544845
 10
6622.910516397509
 20
23135.084132544845
  0
LWPOLYLINE
  5
17E
330
17
100
AcDbEntity
  8
COLS
100
AcDbPolyline
 90
4
 70
1
 10
6150.851708720775
 20
23149.084132544845
 10
6136.851708720775
 20
23149.084132544845
 10
6136.851708720775
 20
23113.084132544845
 10
6150.851708720775
 20
23113.084132544845
  0
LWPOLYLINE
  5
17F
330
17
100
AcDbEntity
  8
COLS
100
AcDbPolyline
 90
4
 70
1
 10
3363.906247666515
 20
23193.5036442621
 10
3363.906247666515
 20
23179.5036442621
 10
3399.906247666515
 20
23179.5036442621
 10
3399.906247666515
 20
23193.5036442621
  0
LWPOLYLINE
  5
180
330
17
100
AcDbEntity
  8
COLS
100
AcDbPolyline
 90
4
 70
1
 10
8014.030572205405
 20
21762.742994341534
 10
8028.030572205405
 20
21762.742994341534
 10
8028.030572205405
 20
21798.742994341534
 10
8014.030572205405
 20
21798.742994341534
  0
LWPOLYLINE
  5
181
330
17
100
AcDbEntity
  8
COLS
100
AcDbPolyline
 90
4
 70
1
 10
9271.721215626065
 20
22540.099186797186
 10
9275.570089865283
 20
22553.55972791152
 10
9240.957269856994
 20
22563.45683309808
 10
9237.108395617775
 20
22549.996291983745
  0
LWPOLYLINE
  5
182
330
17
100
AcDbEntity
  8
COLS
100
AcDbPolyline
 90
4
 70
1
 10
8955.591529151396
 20
22288.779728916772
 10
8969.591529151396
 20
22288.779728916772
 10
8969.591529151396
 20
22324.779728916772
 10
8955.591529151396
 20
22324.779728916772
  0
LWPOLYLINE
  5
183
330
17
100
AcDbEntity
  8
COLS
100
AcDbPolyline
 90
4
 70
1
 10
7919.452641647731
 20
22288.779728916765
 10
7933.452641647731
 20
22288.779728916765
 10
7933.452641647731
 20
22324.779728916765
 10
7919.452641647731
 20
22324.779728916765
  0
LWPOLYLINE
  5
184
330
17
100
AcDbEntity
  8
COLS
100
AcDbPolyline
 90
4
 70
1
 10
8238.749653221601
 20
22288.77972891676
 10
8252.749653221601
 20
22288.77972891676
 10
8252.749653221601
 20
22324.77972891676
 10
8238.749653221601
 20
22324.77972891676
  0
LWPOLYLINE
  5
185
330
17
100
AcDbEntity
  8
COLS
100
AcDbPolyline
 90
4
 70
1
 10
9359.695483951024
 20
22847.768697981977
 10
9363.544358190242
 20
22861.229239096312
 10
9328.931538181952
 20
22871.12634428287
 10
9325.082663942734
 20
22857.665803168537
  0
LWPOLYLINE
  5
186
330
17
100
AcDbEntity
  8
COLS
100
AcDbPolyline
 90
4
 70
1
 10
7919.452641647986
 20
22624.883820988183
 10
7933.452641647986
 20
22624.883820988183
 10
7933.452641647986
 20
22660.883820988183
 10
7919.452641647986
 20
22660.883820988183
  0
LWPOLYLINE
  5
187
330
17
100
AcDbEntity
  8
COLS
100
AcDbPolyline
 90
4
 70
1
 10
8238.749653221856
 20
22624.883820988183
 10
8252.749653221856
 20
22624.883820988183
 10
8252.749653221856
 20
22660.883820988183
 10
8238.749653221856
 20
22660.883820988183
  0
LWPOLYLINE
  5
188
330
17
100
AcDbEntity
  8
COLS
100
AcDbPolyline
 90
4
 70
1
 10
8558.422247337516
 20
22624.883820988183
 10
8572.422247337516
 20
22624.883820988183
 10
8572.422247337516
 20
22660.883820988183
 10
8558.422247337516
 20
22660.883820988183
  0
LWPOLYLINE
  5
189
330
17
100
AcDbEntity
  8
COLS
100
AcDbPolyline
 90
4
 70
1
 10
8956.422247337514
 20
22624.88382098818
 10
8970.422247337514
 20
22624.88382098818
 10
8970.422247337514
 20
22660.88382098818
 10
8956.422247337514
 20
22660.88382098818
  0
LWPOLYLINE
  5
18A
330
17
100
AcDbEntity
  8
COLS
100
AcDbPolyline
 90
4
 70
1
 10
7919.452641647973
 20
22996.883820988165
 10
7933.452641647973
 20
22996.883820988165
 10
7933.452641647973
 20
23032.883820988165
 10
7919.452641647973
 20
23032.883820988165
  0
LWPOLYLINE
  5
18B
330
17
100
AcDbEntity
  8
COLS
100
AcDbPolyline
 90
4
 70
1
 10
8238.749653221843
 20
22996.88382098816
 10
8252.749653221843
 20
22996.88382098816
 10
8252.749653221843
 20
23032.88382098816
 10
8238.749653221843
 20
23032.88382098816
  0
LWPOLYLINE
  5
18C
330
17
100
AcDbEntity
  8
COLS
100
AcDbPolyline
 90
4
 70
1
 10
8558.422247337501
 20
22996.883820988158
 10
8572.422247337501
 20
22996.883820988158
 10
8572.422247337501
 20
23032.883820988158
 10
8558.422247337501
 20
23032.883820988158
  0
LWPOLYLINE
  5
18D
330
17
100
AcDbEntity
  8
COLS
100
AcDbPolyline
 90
4
 70
1
 10
8980.094841453161
 20
22996.883820988158
 10
8994.094841453161
 20
22996.883820988158
 10
8994.094841453161
 20
23032.883820988158
 10
8980.094841453161
 20
23032.883820988158
  0
LWPOLYLINE
  5
18E
330
17
100
AcDbEntity
  8
COLS
100
AcDbPolyline
 90
4
 70
1
 10
7919.45264164796
 20
23320.997719491283
 10
7933.45264164796
 20
23320.997719491283
 10
7933.45264164796
 20
23356.997719491283
 10
7919.45264164796
 20
23356.997719491283
  0
LWPOLYLINE
  5
18F
330
17
100
AcDbEntity
  8
COLS
100
AcDbPolyline
 90
4
 70
1
 10
8238.74965322183
 20
23320.99771949128
 10
8252.74965322183
 20
23320.99771949128
 10
8252.74965322183
 20
23356.99771949128
 10
8238.74965322183
 20
23356.99771949128
  0
LWPOLYLINE
  5
190
330
17
100
AcDbEntity
  8
COLS
100
AcDbPolyline
 90
4
 70
1
 10
8558.422247337488
 20
23320.99771949128
 10
8572.422247337488
 20
23320.99771949128
 10
8572.422247337488
 20
23356.99771949128
 10
8558.422247337488
 20
23356.99771949128
  0
LWPOLYLINE
  5
191
330
17
100
AcDbEntity
  8
COLS
100
AcDbPolyline
 90
4
 70
1
 10
8980.094841453149
 20
23320.997719491283
 10
8994.094841453149
 20
23320.997719491283
 10
8994.094841453149
 20
23356.997719491283
 10
8980.094841453149
 20
23356.997719491283
  0
LWPOLYLINE
  5
192
330
17
100
AcDbEntity
  8
COLS
100
AcDbPolyline
 90
4
 70
1
 10
9301.179193266249
 20
23320.997719491294
 10
9315.179193266249
 20
23320.997719491294
 10
9315.179193266249
 20
23356.997719491294
 10
9301.179193266249
 20
23356.997719491294
  0
LWPOLYLINE
  5
193
330
17
100
AcDbEntity
  8
COLS
100
AcDbPolyline
 90
4
 70
1
 10
6991.28244602936
 20
23010.772593814432
 10
6991.28244602936
 20
23024.772593814432
 10
6955.28244602936
 20
23024.772593814432
 10
6955.28244602936
 20
23010.772593814432
  0
LWPOLYLINE
  5
194
330
17
100
AcDbEntity
  8
COLS
100
AcDbPolyline
 90
4
 70
1
 10
6991.28244602936
 20
22612.772593814432
 10
6991.28244602936
 20
22626.772593814432
 10
6955.28244602936
 20
22626.772593814432
 10
6955.28244602936
 20
22612.772593814432
  0
LWPOLYLINE
  5
195
330
17
100
AcDbEntity
  8
COLS
100
AcDbPolyline
 90
4
 70
1
 10
7600.155630073859
 20
22288.779728916765
 10
7614.155630073859
 20
22288.779728916765
 10
7614.155630073859
 20
22324.779728916765
 10
7600.155630073859
 20
22324.779728916765
  0
LWPOLYLINE
  5
196
330
17
100
AcDbEntity
  8
COLS
100
AcDbPolyline
 90
4
 70
1
 10
7600.155630074114
 20
22624.883820988187
 10
7614.155630074114
 20
22624.883820988187
 10
7614.155630074114
 20
22660.883820988187
 10
7600.155630074114
 20
22660.883820988187
  0
LWPOLYLINE
  5
197
330
17
100
AcDbEntity
  8
COLS
100
AcDbPolyline
 90
4
 70
1
 10
7600.155630074101
 20
22996.883820988165
 10
7614.155630074101
 20
22996.883820988165
 10
7614.155630074101
 20
23032.883820988165
 10
7600.155630074101
 20
23032.883820988165
  0
LWPOLYLINE
  5
198
330
17
100
AcDbEntity
  8
COLS
100
AcDbPolyline
 90
4
 70
1
 10
7600.155630074089
 20
23320.997719491283
 10
7614.155630074089
 20
23320.997719491283
 10
7614.155630074089
 20
23356.997719491283
 10
7600.155630074089
 20
23356.997719491283
  0
LWPOLYLINE
  5
199
330
17
100
AcDbEntity
  8
COLS
100
AcDbPolyline
 90
4
 70
1
 10
7348.1556300738575
 20
22324.779728916765
 10
7334.1556300738575
 20
22324.779728916765
 10
7334.1556300738575
 20
22288.779728916765
 10
7348.1556300738575
 20
22288.779728916765
  0
LWPOLYLINE
  5
19A
330
17
100
AcDbEntity
  8
COLS
100
AcDbPolyline
 90
4
 70
1
 10
7280.155630074114
 20
22624.883820988187
 10
7294.155630074114
 20
22624.883820988187
 10
7294.155630074114
 20
22660.883820988187
 10
7280.155630074114
 20
22660.883820988187
  0
LWPOLYLINE
  5
19B
330
17
100
AcDbEntity
  8
COLS
100
AcDbPolyline
 90
4
 70
1
 10
7280.155630074103
 20
22996.883820988165
 10
7294.155630074103
 20
22996.883820988165
 10
7294.155630074103
 20
23032.883820988165
 10
7280.155630074103
 20
23032.883820988165
  0
LWPOLYLINE
  5
19C
330
17
100
AcDbEntity
  8
COLS
100
AcDbPolyline
 90
4
 70
1
 10
7280.155630074103
 20
23322.87271949128
 10
7294.155630074103
 20
23322.87271949128
 10
7294.155630074103
 20
23358.87271949128
 10
7280.155630074103
 20
23358.87271949128
  0
LWPOLYLINE
  5
19D
330
17
100
AcDbEntity
  8
COLS
100
AcDbPolyline
 90
4
 70
1
 10
6991.28244602936
 20
23330.77259381443
 10
6991.28244602936
 20
23344.77259381443
 10
6955.28244602936
 20
23344.77259381443
 10
6955.28244602936
 20
23330.77259381443
  0
LWPOLYLINE
  5
19E
330
17
100
AcDbEntity
  8
COLS
100
AcDbPolyline
 90
4
 70
1
 10
7028.155630073859
 20
22324.779728916765
 10
7014.155630073859
 20
22324.779728916765
 10
7014.155630073859
 20
22288.779728916765
 10
7028.155630073859
 20
22288.779728916765
  0
LWPOLYLINE
  5
19F
330
17
100
AcDbEntity
  8
COLS
100
AcDbPolyline
 90
4
 70
1
 10
3590.1601778658787
 20
22801.22973298506
 10
3601.160668220813
 20
22792.570101817917
 10
3623.4282912220388
 20
22820.85707701632
 10
3612.4278008671045
 20
22829.516708183466
  0
LWPOLYLINE
  5
1A0
330
17
100
AcDbEntity
  8
COLS
100
AcDbPolyline
 90
4
 70
1
 10
3754.0358172797733
 20
22981.44074283576
 10
3762.695448446919
 20
22992.441233190693
 10
3743.837464981314
 20
23007.28631519151
 10
3735.1778338141685
 20
22996.285824836574
  0
LWPOLYLINE
  5
1A1
330
17
100
AcDbEntity
  8
COLS
100
AcDbPolyline
 90
4
 70
1
 10
3599.8624151931454
 20
23060.247262321856
 10
3613.8624151931454
 20
23060.247262321856
 10
3613.8624151931454
 20
23084.247262321856
 10
3599.8624151931454
 20
23084.247262321856
  0
LWPOLYLINE
  5
1A2
330
17
100
AcDbEntity
  8
COLS
100
AcDbPolyline
 90
4
 70
1
 10
3735.173012876472
 20
23179.503644262095
 10
3735.173012876472
 20
23193.503644262095
 10
3711.173012876472
 20
23193.503644262095
 10
3711.173012876472
 20
23179.503644262095
  0
LWPOLYLINE
  5
1A3
330
17
100
AcDbEntity
  8
COLS
100
AcDbPolyline
 90
4
 70
1
 10
6316.131905428732
 20
22595.61822726702
 10
6330.131905428732
 20
22595.61822726702
 10
6330.131905428732
 20
22619.61822726702
 10
6316.131905428732
 20
22619.61822726702
  0
LWPOLYLINE
  5
1A4
330
17
100
AcDbEntity
  8
COLS
100
AcDbPolyline
 90
4
 70
1
 10
6429.479629149901
 20
22447.388736484154
 10
6429.479629149901
 20
22461.388736484154
 10
6405.479629149901
 20
22461.388736484154
 10
6405.479629149901
 20
22447.388736484154
  0
LWPOLYLINE
  5
1A5
330
17
100
AcDbEntity
  8
COLS
100
AcDbPolyline
 90
4
 70
1
 10
6304.94699674527
 20
22496.38873648415
 10
6304.94699674527
 20
22510.38873648415
 10
6280.94699674527
 20
22510.38873648415
 10
6280.94699674527
 20
22496.38873648415
  0
LWPOLYLINE
  5
1A6
330
17
100
AcDbEntity
  8
COLS
100
AcDbPolyline
 90
4
 70
1
 10
6199.789125760108
 20
22604.33640164323
 10
6201.200056763668
 20
22618.26512282298
 10
6177.3222490269545
 20
22620.683861686222
 10
6175.911318023394
 20
22606.755140506473
  0
LWPOLYLINE
  5
1A7
330
17
100
AcDbEntity
  8
COLS
100
AcDbPolyline
 90
4
 70
1
 10
6397.71863552725
 20
23136.584132544845
 10
6397.71863552725
 20
23150.584132544845
 10
6373.71863552725
 20
23150.584132544845
 10
6373.71863552725
 20
23136.584132544845
  0
LWPOLYLINE
  5
1A8
330
17
100
AcDbEntity
  8
COLS
100
AcDbPolyline
 90
4
 70
1
 10
6769.28244602936
 20
23136.584132544842
 10
6769.28244602936
 20
23150.584132544842
 10
6745.28244602936
 20
23150.584132544842
 10
6745.28244602936
 20
23136.584132544842
  0
LWPOLYLINE
  5
1A9
330
17
100
AcDbEntity
  8
COLS
100
AcDbPolyline
 90
4
 70
1
 10
6770.28244602936
 20
22946.0466784523
 10
6756.28244602936
 20
22946.0466784523
 10
6756.28244602936
 20
22922.0466784523
 10
6770.28244602936
 20
22922.0466784523
  0
LWPOLYLINE
  5
1AA
330
17
100
AcDbEntity
  8
COLS
100
AcDbPolyline
 90
4
 70
1
 10
6267.94699674527
 20
22247.461807689317
 10
6267.94699674527
 20
22261.461807689317
 10
6243.94699674527
 20
22261.461807689317
 10
6243.94699674527
 20
22247.461807689317
  0
LWPOLYLINE
  5
1AB
330
17
100
AcDbEntity
  8
COLS
100
AcDbPolyline
 90
4
 70
1
 10
6644.468782954436
 20
21953.689469822963
 10
6644.468782954436
 20
21967.689469822963
 10
6620.468782954436
 20
21967.689469822963
 10
6620.468782954436
 20
21953.689469822963
  0
LWPOLYLINE
  5
1AC
330
17
100
AcDbEntity
  8
COLS
100
AcDbPolyline
 90
4
 70
1
 10
6643.218352833956
 20
21762.74299434154
 10
6643.218352833956
 20
21776.74299434154
 10
6619.218352833956
 20
21776.74299434154
 10
6619.218352833956
 20
21762.74299434154
  0
LWPOLYLINE
  5
1AD
330
17
100
AcDbEntity
  8
COLS
100
AcDbPolyline
 90
4
 70
1
 10
6446.0348908203905
 20
21762.742994341537
 10
6446.0348908203905
 20
21776.742994341537
 10
6422.0348908203905
 20
21776.742994341537
 10
6422.0348908203905
 20
21762.742994341537
  0
LWPOLYLINE
  5
1AE
330
17
100
AcDbEntity
  8
COLS
100
AcDbPolyline
 90
4
 70
1
 10
6017.680210406836
 20
21976.91194853143
 10
6018.453570893458
 20
21990.89057198146
 10
5994.490216407694
 20
21992.216332815668
 10
5993.716855921071
 20
21978.23770936564
  0
LWPOLYLINE
  5
1AF
330
17
100
AcDbEntity
  8
COLS
100
AcDbPolyline
 90
4
 70
1
 10
4625.216722623229
 20
22340.985598696585
 10
4631.468915722167
 20
22353.511974128196
 10
4609.995129267982
 20
22364.23001944066
 10
4603.742936169043
 20
22351.703644009052
  0
LWPOLYLINE
  5
1B0
330
17
100
AcDbEntity
  8
COLS
100
AcDbPolyline
 90
4
 70
1
 10
4552.940692796421
 20
22214.932760621883
 10
4540.4143173648135
 20
22221.18495372082
 10
4529.69627205235
 20
22199.711167266636
 10
4542.222647483957
 20
22193.458974167697
  0
LWPOLYLINE
  5
1B1
330
17
100
AcDbEntity
  8
COLS
100
AcDbPolyline
 90
4
 70
1
 10
4353.021064705448
 20
23179.50364426209
 10
4353.021064705448
 20
23193.50364426209
 10
4329.021064705448
 20
23193.50364426209
 10
4329.021064705448
 20
23179.50364426209
  0
LWPOLYLINE
  5
1B2
330
17
100
AcDbEntity
  8
COLS
100
AcDbPolyline
 90
4
 70
1
 10
4821.794047725583
 20
22974.586492108217
 10
4816.9242666762875
 20
22963.619029660964
 10
4833.375460347168
 20
22956.31435808702
 10
4838.245241396464
 20
22967.281820534274
  0
LWPOLYLINE
  5
1B3
330
17
100
AcDbEntity
  8
COLS
100
AcDbPolyline
 90
4
 70
1
 10
5270.829871566519
 20
22794.488516605907
 10
5257.671876503144
 20
22799.270479164545
 10
5249.474226402621
 20
22776.713916198758
 10
5262.632221465996
 20
22771.93195364012
  0
LWPOLYLINE
  5
1B4
330
17
100
AcDbEntity
  8
COLS
100
AcDbPolyline
 90
4
 70
1
 10
5151.894317497576
 20
22467.226767039843
 10
5138.736322434201
 20
22472.00872959848
 10
5130.538672333678
 20
22449.4521666327
 10
5143.696667397053
 20
22444.670204074057
  0
LWPOLYLINE
  5
1B5
330
17
100
AcDbEntity
  8
COLS
100
AcDbPolyline
 90
4
 70
1
 10
7334.1556300738575
 20
21762.742994341534
 10
7348.1556300738575
 20
21762.742994341534
 10
7348.1556300738575
 20
21798.742994341534
 10
7334.1556300738575
 20
21798.742994341534
  0
LWPOLYLINE
  5
1B6
330
17
100
AcDbEntity
  8
COLS
100
AcDbPolyline
 90
4
 70
1
 10
7739.032123636569
 20
21762.742994341534
 10
7753.032123636569
 20
21762.742994341534
 10
7753.032123636569
 20
21798.742994341534
 10
7739.032123636569
 20
21798.742994341534
  0
LWPOLYLINE
  5
1B7
330
17
100
AcDbEntity
  8
COLS
100
AcDbPolyline
 90
4
 70
1
 10
8340.105060956053
 20
21762.742994341534
 10
8354.105060956053
 20
21762.742994341534
 10
8354.105060956053
 20
21798.742994341534
 10
8340.105060956053
 20
21798.742994341534
  0
LWPOLYLINE
  5
1B8
330
17
100
AcDbEntity
  8
COLS
100
AcDbPolyline
 90
4
 70
1
 10
8615.10350952489
 20
21762.74299434153
 10
8629.10350952489
 20
21762.74299434153
 10
8629.10350952489
 20
21798.74299434153
 10
8615.10350952489
 20
21798.74299434153
  0
LWPOLYLINE
  5
1B9
330
17
100
AcDbEntity
  8
COLS
100
AcDbPolyline
 90
4
 70
1
 10
9025.754345581388
 20
21762.74299434153
 10
9039.754345581388
 20
21762.74299434153
 10
9039.754345581388
 20
21798.74299434153
 10
9025.754345581388
 20
21798.74299434153
  0
LWPOLYLINE
  5
1BA
330
17
100
AcDbEntity
  8
COLS
100
AcDbPolyline
 90
4
 70
1
 10
9173.591529151396
 20
22288.779728916772
 10
9187.591529151396
 20
22288.779728916772
 10
9187.591529151396
 20
22324.779728916772
 10
9173.591529151396
 20
22324.779728916772
  0
LWPOLYLINE
  5
1BB
330
17
100
AcDbEntity
  8
COLS
100
AcDbPolyline
 90
4
 70
1
 10
9402.856779438647
 20
23086.89530207552
 10
9402.856779438647
 20
23100.89530207552
 10
9366.856779438647
 20
23100.89530207552
 10
9366.856779438647
 20
23086.89530207552
  0
LWPOLYLINE
  5
1BC
330
17
100
AcDbEntity
  8
COLS
100
AcDbPolyline
 90
4
 70
1
 10
8983.179193266264
 20
22802.883820988172
 10
8983.179193266264
 20
22816.883820988172
 10
8947.179193266264
 20
22816.883820988172
 10
8947.179193266264
 20
22802.883820988172
  0
LWPOLYLINE
  5
1BD
330
17
100
AcDbEntity
  8
COLS
100
AcDbPolyline
 90
4
 70
1
 10
8263.74965322185
 20
22802.88382098816
 10
8263.74965322185
 20
22816.88382098816
 10
8227.74965322185
 20
22816.88382098816
 10
8227.74965322185
 20
22802.88382098816
  0
LWPOLYLINE
  5
1BE
330
17
100
AcDbEntity
  8
COLS
100
AcDbPolyline
 90
4
 70
1
 10
7955.45264164798
 20
22802.883820988165
 10
7955.45264164798
 20
22816.883820988165
 10
7919.45264164798
 20
22816.883820988165
 10
7919.45264164798
 20
22802.883820988165
  0
LWPOLYLINE
  5
1BF
330
17
100
AcDbEntity
  8
COLS
100
AcDbPolyline
 90
4
 70
1
 10
8488.103652780326
 20
22802.883820988165
 10
8488.103652780326
 20
22816.883820988165
 10
8452.103652780326
 20
22816.883820988165
 10
8452.103652780326
 20
22802.883820988165
  0
LWPOLYLINE
  5
1C0
330
17
100
AcDbEntity
  8
COLS
100
AcDbPolyline
 90
4
 70
1
 10
8565.279690389409
 20
22288.779728916757
 10
8579.279690389409
 20
22288.779728916757
 10
8579.279690389409
 20
22324.779728916757
 10
8565.279690389409
 20
22324.779728916757
  0
LWPOLYLINE
  5
1C1
330
17
100
AcDbEntity
  8
COLS
100
AcDbPolyline
 90
4
 70
1
 10
6397.71863552725
 20
22939.717214020573
 10
6397.71863552725
 20
22953.717214020573
 10
6373.71863552725
 20
22953.717214020573
 10
6373.71863552725
 20
22939.717214020573
  0
LWPOLYLINE
  5
1C2
330
17
100
AcDbEntity
  8
COLS
100
AcDbPolyline
 90
4
 70
1
 10
5362.857263514232
 20
22549.60338515558
 10
5365.503491078029
 20
22563.35102057701
 10
5341.936116069859
 20
22567.887410686377
 10
5339.289888506062
 20
22554.139775264946
  0
LWPOLYLINE
  5
1C3
330
17
100
AcDbEntity
  8
COLS
100
AcDbPolyline
 90
4
 70
1
 10
6008.7000850878285
 20
21832.148122922412
 10
5994.721369396953
 20
21832.9198143333
 10
5993.398469835425
 20
21808.956301720373
 10
6007.3771855263
 20
21808.18461030948
  0
LWPOLYLINE
  5
1C4
330
17
100
AcDbEntity
  8
COLS
100
AcDbPolyline
 90
4
 70
1
 10
5184.589214102854
 20
22612.815378325107
 10
5179.807251544216
 20
22599.657383261732
 10
5202.363814510003
 20
22591.459733161213
 10
5207.145777068641
 20
22604.617728224588
  0
LWPOLYLINE
  5
1C5
330
17
100
AcDbEntity
  8
COLS
100
AcDbPolyline
 90
4
 70
1
 10
7636.155630074109
 20
22802.88382098817
 10
7636.155630074109
 20
22816.88382098817
 10
7600.155630074109
 20
22816.88382098817
 10
7600.155630074109
 20
22802.88382098817
  0
LWPOLYLINE
  5
1C6
330
17
100
AcDbEntity
  8
COLS
100
AcDbPolyline
 90
4
 70
1
 10
7600.5518896191425
 20
21762.742994341534
 10
7614.5518896191425
 20
21762.742994341534
 10
7614.5518896191425
 20
21798.742994341534
 10
7600.5518896191425
 20
21798.742994341534
  0
LWPOLYLINE
  5
1C7
330
17
100
AcDbEntity
  8
COLS
100
AcDbPolyline
 90
4
 70
1
 10
6533.265913838592
 20
22768.78589985805
 10
6519.265913838592
 20
22768.78589985805
 10
6519.265913838592
 20
22744.78589985805
 10
6533.265913838592
 20
22744.78589985805
  0
LWPOLYLINE
  5
1C8
330
17
100
AcDbEntity
  8
WALL
100
AcDbPolyline
 90
5
 70
1
 10
5620.920340506775
 20
22330.8836558538
 10
5615.302296931262
 20
22331.964853372556
 10
5611.100536915084
 20
22332.773485851612
 10
5667.158704099686
 20
22624.05904704003
 10
5676.978507691374
 20
22622.16921704222
  0
LWPOLYLINE
  5
1C9
330
17
100
AcDbEntity
  8
WALL
100
AcDbPolyline
 90
4
 70
1
 10
4534.822672332732
 20
22723.921253786568
 10
4526.080838226317
 20
22728.777212647314
 10
4670.124450950043
 20
22988.086380499786
 10
4678.866267515128
 20
22983.23039006091
  0
LWPOLYLINE
  5
1CA
330
17
100
AcDbEntity
  8
WALL
100
AcDbPolyline
 90
5
 70
1
 10
4055.4966982851583
 20
23081.12864426214
 10
4051.7636719312613
 20
23081.12864426214
 10
3869.4966982851565
 20
23081.12864426214
 10
3869.4966982851565
 20
23089.128644262142
 10
4055.4966982851583
 20
23089.12864426214
  0
LWPOLYLINE
  5
1CB
330
17
100
AcDbEntity
  8
WALL
100
AcDbPolyline
 90
5
 70
1
 10
4101.49669828516
 20
23089.12864426214
 10
4101.49669828516
 20
23137.356823034217
 10
4101.49669828516
 20
23193.128644262142
 10
4109.496698285162
 20
23193.128644262142
 10
4109.496698285162
 20
23089.12864426214
  0
LWPOLYLINE
  5
1CC
330
17
100
AcDbEntity
  8
WALL
100
AcDbPolyline
 90
5
 70
1
 10
4101.49669828516
 20
23185.128644262142
 10
4051.7636719312613
 20
23185.128644262142
 10
3869.4966982851565
 20
23185.128644262142
 10
3869.4966982851565
 20
23193.128644262142
 10
4101.49669828516
 20
23193.128644262142
  0
LWPOLYLINE
  5
1CD
330
17
100
AcDbEntity
  8
WALL
100
AcDbPolyline
 90
4
 70
1
 10
3877.49669828516
 20
23089.128644262142
 10
3869.4966982851565
 20
23089.128644262142
 10
3869.4966982851565
 20
23185.128644262142
 10
3877.49669828516
 20
23185.128644262142
  0
LWPOLYLINE
  5
1CE
330
17
100
AcDbEntity
  8
WALL
100
AcDbPolyline
 90
6
 70
1
 10
6565.690718746573
 20
22346.711618511974
 10
6565.690718746573
 20
22346.727555720805
 10
6459.66709669933
 20
22346.727555720805
 10
6459.66709669933
 20
22354.711618511974
 10
6683.2939272967105
 20
22354.711618511974
 10
6683.2939272967105
 20
22346.727555720805
  0
LWPOLYLINE
  5
1CF
330
17
100
AcDbEntity
  8
WALL
100
AcDbPolyline
 90
4
 70
1
 10
6691.293927296709
 20
22257.71180768931
 10
6683.2939272967105
 20
22257.71180768931
 10
6683.2939272967105
 20
22404.743227267012
 10
6691.293927296709
 20
22404.743227267012
  0
LWPOLYLINE
  5
1D0
330
17
100
AcDbEntity
  8
WALL
100
AcDbPolyline
 90
5
 70
1
 10
6683.2939272967105
 20
22450.743227267012
 10
6639.689671931263
 20
22450.743227267012
 10
6451.6670966993315
 20
22450.743227267012
 10
6451.6670966993315
 20
22458.743227267012
 10
6683.2939272967105
 20
22458.743227267012
  0
LWPOLYLINE
  5
1D1
330
17
100
AcDbEntity
  8
WALL
100
AcDbPolyline
 90
5
 70
1
 10
6451.6670966993315
 20
22257.71180768931
 10
6451.6670966993315
 20
22270.558198034218
 10
6451.6670966993315
 20
22450.743227267012
 10
6459.66709669933
 20
22450.743227267012
 10
6459.66709669933
 20
22257.71180768931
  0
LWPOLYLINE
  5
1D2
330
17
100
AcDbEntity
  8
WALL
100
AcDbPolyline
 90
6
 70
1
 10
6666.647234431262
 20
22249.71180768931
 10
6639.689671931263
 20
22249.71180768931
 10
6634.258494225842
 20
22249.71180768931
 10
6634.258494225842
 20
22257.71180768931
 10
6691.293927296709
 20
22257.71180768931
 10
6691.293927296709
 20
22249.71180768931
  0
LWPOLYLINE
  5
1D3
330
17
100
AcDbEntity
  8
WALL
100
AcDbPolyline
 90
5
 70
1
 10
6459.66709669933
 20
22249.71180768931
 10
6451.6670966993315
 20
22249.71180768931
 10
6451.6670966993315
 20
22257.71180768931
 10
6508.702529770197
 20
22257.71180768931
 10
6508.702529770197
 20
22249.71180768931
  0
LWPOLYLINE
  5
1D4
330
17
100
AcDbEntity
  8
WALL
100
AcDbPolyline
 90
6
 70
1
 10
6639.689671931263
 20
22940.296678452294
 10
6536.186587307739
 20
22940.296678452294
 10
6528.220029916671
 20
22940.296678452294
 10
6528.186587307735
 20
22948.296678452294
 10
6666.3125715595015
 20
22948.296678452294
 10
6666.3125715595015
 20
22940.296678452294
  0
LWPOLYLINE
  5
1D5
330
17
100
AcDbEntity
  8
WALL
100
AcDbPolyline
 90
5
 70
1
 10
6658.3125715595015
 20
23040.304552468155
 10
6653.1684531812625
 20
23040.304552468155
 10
6528.186587307735
 20
23040.304552468155
 10
6528.186587307735
 20
23048.304552468155
 10
6658.3125715595015
 20
23048.304552468155
  0
LWPOLYLINE
  5
1D6
330
17
100
AcDbEntity
  8
WALL
100
AcDbPolyline
 90
5
 70
1
 10
6528.186587307735
 20
22948.296678452294
 10
6528.186587307735
 20
23032.290323034216
 10
6528.186587307735
 20
23040.304552468155
 10
6536.186587307737
 20
23040.304552468155
 10
6536.186587307737
 20
22948.296678452567
  0
LWPOLYLINE
  5
1D7
330
17
100
AcDbEntity
  8
WALL
100
AcDbPolyline
 90
6
 70
1
 10
8189.749515681264
 20
22101.154728916757
 10
8179.970130076461
 20
22101.154728916757
 10
6897.1375446239745
 20
22101.15472891676
 10
6897.1375446239745
 20
22113.15472891676
 10
8191.970130076463
 20
22113.154728916757
 10
8191.970130076463
 20
22101.154728916757
  0
LWPOLYLINE
  5
1D8
330
17
100
AcDbEntity
  8
WALL
100
AcDbPolyline
 90
4
 70
1
 10
8191.970130076463
 20
21759.495329895763
 10
8179.970130076461
 20
21759.495329895763
 10
8179.970130076461
 20
22101.154728916757
 10
8191.970130076463
 20
22101.154728916757
  0
LWPOLYLINE
  5
1D9
330
17
100
AcDbEntity
  8
WALL
100
AcDbPolyline
 90
6
 70
1
 10
6897.1375446239745
 20
22246.08680768931
 10
6855.350171931263
 20
22246.08680768931
 10
6763.282446029349
 20
22246.08680768931
 10
6763.282446029349
 20
22258.08680768931
 10
6909.1375446239745
 20
22258.08680768931
 10
6909.1375446239745
 20
22246.08680768931
  0
LWPOLYLINE
  5
1DA
330
17
100
AcDbEntity
  8
WALL
100
AcDbPolyline
 90
4
 70
1
 10
6909.1375446239745
 20
22113.15472891676
 10
6897.1375446239745
 20
22113.15472891676
 10
6897.1375446239745
 20
22246.08680768931
 10
6909.1375446239745
 20
22246.08680768931
  0
LWPOLYLINE
  5
1DB
330
17
100
AcDbEntity
  8
WALL
100
AcDbPolyline
 90
13
 70
1
 10
6763.282446029349
 20
22258.08680768931
 10
6763.282446029349
 20
22401.891323034215
 10
6763.282446029349
 20
22922.046678452294
 10
6770.282446029349
 20
22922.046678452294
 10
6770.282446029349
 20
22946.046678452294
 10
6763.282446029349
 20
22946.046678452294
 10
6763.282446029349
 20
23136.584132544835
 10
6769.282446029349
 20
23136.584132544835
 10
6769.282446029349
 20
23150.584132544835
 10
6763.282446029349
 20
23150.584132544835
 10
6763.282446029349
 20
23154.14663254484
 10
6775.282446029349
 20
23154.14663254484
 10
6775.282446029349
 20
22258.08680768931
  0
LWPOLYLINE
  5
1DC
330
17
100
AcDbEntity
  8
WALL
100
AcDbPolyline
 90
5
 70
1
 10
3752.447346860934
 20
22671.71204227878
 10
3744.1285302597134
 20
22677.31146531169
 10
3977.383597124217
 20
22973.61971028847
 10
3982.946069459178
 20
22969.240909231055
 10
3961.0174302790456
 20
22936.662494172637
  0
LWPOLYLINE
  5
1DD
330
17
100
AcDbEntity
  8
BOUNDARY
100
AcDbPolyline
 90
137
 70
1
 10
5046.868199656679
 20
21934.468661449257
 10
4939.217720004339
 20
21947.135971796804
 10
4907.281247666517
 20
21966.81376872214
 10
4906.194760526732
 20
21990.368906985837
 10
4826.216925287181
 20
22000.11606715289
 10
4631.145185342375
 20
22069.024122196977
 10
4343.749006009675
 20
22212.471334169553
 10
4354.6544997912515
 20
22234.320676826348
 10
4327.818226426472
 20
22250.282419846055
 10
4227.002457160073
 20
22256.12055558499
 10
4216.362420081992
 20
22277.477508736083
 10
4061.009937737146
 20
22382.045779628585
 10
4072.5484436234565
 20
22399.188030501184
 10
4044.954462986496
 20
22424.282419846055
 10
3984.9415230556424
 20
22424.282419846055
 10
3950.7442267526894
 20
22440.50510530616
 10
3935.2812476665167
 20
22455.42446893835
 10
3932.3450567350646
 20
22502.21861077751
 10
3870.2201106143366
 20
22510.467044773402
 10
3714.867628269494
 20
22615.035315665908
 10
3550.7997211986294
 20
22745.710594163804
 10
3560.1795442649436
 20
22757.615566287746
 10
3539.2812476665167
 20
22780.082444781146
 10
3539.2812476665167
 20
22798.0863267604
 10
3557.2163273854476
 20
22826.450411912025
 10
3529.6037964554416
 20
22848.595811382074
 10
3505.70704150844
 20
22826.282419846055
 10
3450.710476587561
 20
22836.50623864921
 10
3444.377493941285
 20
22828.498145915626
 10
3413.2812476665167
 20
22853.15328981139
 10
3413.2812476665167
 20
22883.159759776816
 10
3373.622896688261
 20
22904.419494430076
 10
3365.602477950755
 20
22894.239892872858
 10
3292.2812476665167
 20
22953.04391697322
 10
3292.1857379214107
 20
23216.282419846055
 10
3352.1986778522623
 20
23216.282419846055
 10
3360.281247666515
 20
23198.8786442621
 10
4456.238048253455
 20
23198.87864426209
 10
4561.847439702762
 20
23127.212081581172
 10
4825.579616725921
 20
22988.671604684056
 10
4850.728263836025
 20
22966.35666062708
 10
5385.48129536972
 20
22762.39692596213
 10
5396.970358075956
 20
22777.593309436616
 10
5395.862262183669
 20
22758.624208736772
 10
5412.774397558531
 20
22772.282419846055
 10
5412.830507013356
 20
22753.511845511723
 10
5527.857803729983
 20
22720.522334859026
 10
5846.035833697248
 20
22659.644529176334
 10
5974.864886290421
 20
22646.594594288763
 10
5988.65918947731
 20
22664.282419846055
 10
5998.077261421304
 20
22635.197204845033
 10
6144.251521263541
 20
22620.39026079956
 10
6161.242165147147
 20
22646.282419846055
 10
6202.381337434601
 20
22648.38250961414
 10
6203.281247666517
 20
22720.025282508184
 10
6215.2267087207765
 20
22736.723399858034
 10
6215.2267087207765
 20
22915.582702905755
 10
6197.281247666517
 20
22937.717214020573
 10
6131.789208720775
 20
22937.717214020573
 10
6131.789208720775
 20
22995.41803674387
 10
6113.281247666517
 20
23000.647077970574
 10
6113.281247666517
 20
23132.67554581845
 10
6131.789208720775
 20
23137.68263722184
 10
6128.471522147991
 20
23174.282419846055
 10
6763.2557272562335
 20
23174.282419846055
 10
6765.282446029358
 20
23517.343040743566
 10
7120.553279137703
 20
23469.133139220114
 10
7134.883007584409
 20
23486.282419846055
 10
7137.341495906005
 20
23466.854994768815
 10
7166.054671046157
 20
23462.958645232262
 10
7174.406784161765
 20
23480.282419846055
 10
7177.428953479139
 20
23461.41516632859
 10
7211.556062954611
 20
23456.78415124441
 10
7225.933148725291
 20
23474.282419846055
 10
7228.141204889223
 20
23454.53356384768
 10
7257.057454863067
 20
23450.60965725656
 10
7265.456925302649
 20
23468.282419846055
 10
7368.499168467257
 20
23466.515162238735
 10
7378.063971526737
 20
23536.99771949129
 10
7408.046370937909
 20
23546.282419846055
 10
8104.19647413579
 20
23546.282419846055
 10
8133.679690389419
 20
23536.997719491283
 10
8133.679690389419
 20
22836.414765697475
 10
8147.281247666517
 20
22816.88382098817
 10
8480.980018733833
 20
22826.282419846055
 10
8601.522490305064
 20
22813.04117720751
 10
8603.281247666517
 20
22447.69074478135
 10
8587.27969038941
 20
22416.88426656417
 10
8611.634164023359
 20
22436.282419846055
 10
8699.281247666517
 20
22432.152734280055
 10
8683.312776708995
 20
22176.77264540417
 10
8691.312776708994
 20
22124.282419846055
 10
8708.75288679776
 20
22108.779728916765
 10
9203.281247666517
 20
22108.77972891676
 10
9195.314959063551
 20
22088.939550010437
 10
9195.314959063551
 20
21866.891672266283
 10
9203.281247666517
 20
21855.173088000076
 10
9195.314959063551
 20
21798.742994341534
 10
9203.281247666517
 20
21768.49532989577
 10
9185.314959063551
 20
21758.495329895763
 10
9046.07491108503
 20
21758.495329895763
 10
9034.691845581441
 20
21752.282419846055
 10
9034.691845581434
 20
21692.61799434151
 10
8785.146243542255
 20
21692.61799434151
 10
8785.146243542255
 20
21740.84494391672
 10
8771.281247666517
 20
21758.495329895763
 10
8636.930308448926
 20
21758.495329895763
 10
8625.54100952488
 20
21752.282419846055
 10
8625.541009524883
 20
21691.117994341526
 10
8343.667560956057
 20
21691.117994341526
 10
8343.667560956057
 20
21739.510735144013
 10
8327.281247666517
 20
21758.495329895763
 10
8195.281247666517
 20
21758.495329895763
 10
8193.067816580728
 20
21719.501860122862
 10
8175.067816580728
 20
21692.117994341526
 10
8022.699332865548
 20
21691.117994341526
 10
7349.614558263911
 20
21691.117994341534
 10
7349.614558263911
 20
21738.295573735144
 10
7331.281247666517
 20
21758.495329895763
 10
7031.443446824116
 20
21758.495329895763
 10
7020.530254069392
 20
21752.282419846055
 10
7019.281247666517
 20
21691.117994341534
 10
6443.221610577195
 20
21691.117994341537
 10
6307.759215104195
 20
21681.117994341545
 10
6288.900413625237
 20
21720.895143144215
 10
5979.0270778781905
 20
21738.002811493887
 10
5981.406570108065
 20
21781.105850999047
 10
5955.423844644274
 20
21806.399734632327
 10
5877.644061576004
 20
21810.693547587827
 10
5846.580069593345
 20
21784.879933123804
 10
5836.410506487016
 20
21751.552974029146
 10
5651.006699868103
 20
21781.586564042896
 10
5524.026990082224
 20
21777.76438971337
 10
5507.281247666517
 20
21786.908272913992
 10
5500.8902713271855
 20
21818.282419846055
 10
5240.842769063334
 20
21858.183221702824
 10
5043.533795902154
 20
21924.84218575271
  0
TEXT
  5
1DE
330
17
100
AcDbEntity
  8
COL-LABEL
100
AcDbText
 10
3404.406247666515
 20
23198.0036442621
 30
0.0
 40
18.0
  1
C1
 11
3404.406247666515
 21
23198.0036442621
 31
0.0
100
AcDbText
  0
TEXT
  5
1DF
330
17
100
AcDbEntity
  8
COL-LABEL
100
AcDbText
 10
3402.8296281209914
 20
23016.772343137163
 30
0.0
 40
18.0
  1
C2
 11
3402.8296281209914
 21
23016.772343137163
 31
0.0
100
AcDbText
  0
TEXT
  5
1E0
330
17
100
AcDbEntity
  8
COL-LABEL
100
AcDbText
 10
3627.9282912220388
 20
22834.016708183466
 30
0.0
 40
18.0
  1
C3
 11
3627.9282912220388
 21
22834.016708183466
 31
0.0
100
AcDbText
  0
TEXT
  5
1E1
330
17
100
AcDbEntity
  8
COL-LABEL
100
AcDbText
 10
3618.3624151931454
 20
23088.747262321856
 30
0.0
 40
18.0
  1
C4
 11
3618.3624151931454
 21
23088.747262321856
 31
0.0
100
AcDbText
  0
TEXT
  5
1E2
330
17
100
AcDbEntity
  8
COL-LABEL
100
AcDbText
 10
3739.673012876472
 20
23198.003644262095
 30
0.0
 40
18.0
  1
C5
 11
3739.673012876472
 21
23198.003644262095
 31
0.0
100
AcDbText
  0
TEXT
  5
1E3
330
17
100
AcDbEntity
  8
COL-LABEL
100
AcDbText
 10
3767.195448446919
 20
23011.78631519151
 30
0.0
 40
18.0
  1
C6
 11
3767.195448446919
 21
23011.78631519151
 31
0.0
100
AcDbText
  0
TEXT
  5
1E4
330
17
100
AcDbEntity
  8
COL-LABEL
100
AcDbText
 10
4036.021108087052
 20
22543.951654513094
 30
0.0
 40
18.0
  1
C7
 11
4036.021108087052
 21
22543.951654513094
 31
0.0
100
AcDbText
  0
TEXT
  5
1E5
330
17
100
AcDbEntity
  8
COL-LABEL
100
AcDbText
 10
4159.825024517228
 20
22720.466858830714
 30
0.0
 40
18.0
  1
C8
 11
4159.825024517228
 21
22720.466858830714
 31
0.0
100
AcDbText
  0
TEXT
  5
1E6
330
17
100
AcDbEntity
  8
COL-LABEL
100
AcDbText
 10
4273.297398070705
 20
22921.116540520525
 30
0.0
 40
18.0
  1
C9
 11
4273.297398070705
 21
22921.116540520525
 31
0.0
100
AcDbText
  0
TEXT
  5
1E7
330
17
100
AcDbEntity
  8
COL-LABEL
100
AcDbText
 10
4289.111475512582
 20
22373.261909031913
 30
0.0
 40
18.0
  1
C10
 11
4289.111475512582
 21
22373.261909031913
 31
0.0
100
AcDbText
  0
TEXT
  5
1E8
330
17
100
AcDbEntity
  8
COL-LABEL
100
AcDbText
 10
4357.521064705448
 20
23198.00364426209
 30
0.0
 40
18.0
  1
C11
 11
4357.521064705448
 21
23198.00364426209
 31
0.0
100
AcDbText
  0
TEXT
  5
1E9
330
17
100
AcDbEntity
  8
COL-LABEL
100
AcDbText
 10
4401.033209660232
 20
22575.831571159222
 30
0.0
 40
18.0
  1
C12
 11
4401.033209660232
 21
22575.831571159222
 31
0.0
100
AcDbText
  0
TEXT
  5
1EA
330
17
100
AcDbEntity
  8
COL-LABEL
100
AcDbText
 10
4430.487630446993
 20
23152.761428399765
 30
0.0
 40
18.0
  1
C13
 11
4430.487630446993
 21
23152.761428399765
 31
0.0
100
AcDbText
  0
TEXT
  5
1EB
330
17
100
AcDbEntity
  8
COL-LABEL
100
AcDbText
 10
4557.440692796421
 20
22225.68495372082
 30
0.0
 40
18.0
  1
C14
 11
4557.440692796421
 21
22225.68495372082
 31
0.0
100
AcDbText
  0
TEXT
  5
1EC
330
17
100
AcDbEntity
  8
COL-LABEL
100
AcDbText
 10
4635.968915722167
 20
22368.73001944066
 30
0.0
 40
18.0
  1
C15
 11
4635.968915722167
 21
22368.73001944066
 31
0.0
100
AcDbText
  0
TEXT
  5
1ED
330
17
100
AcDbEntity
  8
COL-LABEL
100
AcDbText
 10
4692.982789440486
 20
22171.114779670836
 30
0.0
 40
18.0
  1
C16
 11
4692.982789440486
 21
22171.114779670836
 31
0.0
100
AcDbText
  0
TEXT
  5
1EE
330
17
100
AcDbEntity
  8
COL-LABEL
100
AcDbText
 10
4787.606047301386
 20
22382.366870548627
 30
0.0
 40
18.0
  1
C17
 11
4787.606047301386
 21
22382.366870548627
 31
0.0
100
AcDbText
  0
TEXT
  5
1EF
330
17
100
AcDbEntity
  8
COL-LABEL
100
AcDbText
 10
4840.540346889273
 20
22604.35822970365
 30
0.0
 40
18.0
  1
C18
 11
4840.540346889273
 21
22604.35822970365
 31
0.0
100
AcDbText
  0
TEXT
  5
1F0
330
17
100
AcDbEntity
  8
COL-LABEL
100
AcDbText
 10
4842.745241396464
 20
22979.086492108217
 30
0.0
 40
18.0
  1
C19
 11
4842.745241396464
 21
22979.086492108217
 31
0.0
100
AcDbText
  0
TEXT
  5
1F1
330
17
100
AcDbEntity
  8
COL-LABEL
100
AcDbText
 10
4957.858621991274
 20
22856.56336256794
 30
0.0
 40
18.0
  1
C20
 11
4957.858621991274
 21
22856.56336256794
 31
0.0
100
AcDbText
  0
TEXT
  5
1F2
330
17
100
AcDbEntity
  8
COL-LABEL
100
AcDbText
 10
4981.215475193652
 20
22070.967290388435
 30
0.0
 40
18.0
  1
C21
 11
4981.215475193652
 21
22070.967290388435
 31
0.0
100
AcDbText
  0
TEXT
  5
1F3
330
17
100
AcDbEntity
  8
COL-LABEL
100
AcDbText
 10
5058.828856331813
 20
22268.630633120145
 30
0.0
 40
18.0
  1
C22
 11
5058.828856331813
 21
22268.630633120145
 31
0.0
100
AcDbText
  0
TEXT
  5
1F4
330
17
100
AcDbEntity
  8
COL-LABEL
100
AcDbText
 10
5156.394317497576
 20
22476.50872959848
 30
0.0
 40
18.0
  1
C23
 11
5156.394317497576
 21
22476.50872959848
 31
0.0
100
AcDbText
  0
TEXT
  5
1F5
330
17
100
AcDbEntity
  8
COL-LABEL
100
AcDbText
 10
5211.645777068641
 20
22617.315378325107
 30
0.0
 40
18.0
  1
C24
 11
5211.645777068641
 21
22617.315378325107
 31
0.0
100
AcDbText
  0
TEXT
  5
1F6
330
17
100
AcDbEntity
  8
COL-LABEL
100
AcDbText
 10
5269.35180031494
 20
21970.642263076657
 30
0.0
 40
18.0
  1
C25
 11
5269.35180031494
 21
21970.642263076657
 31
0.0
100
AcDbText
  0
TEXT
  5
1F7
330
17
100
AcDbEntity
  8
COL-LABEL
100
AcDbText
 10
5275.329871566519
 20
22803.770479164545
 30
0.0
 40
18.0
  1
C26
 11
5275.329871566519
 21
22803.770479164545
 31
0.0
100
AcDbText
  0
TEXT
  5
1F8
330
17
100
AcDbEntity
  8
COL-LABEL
100
AcDbText
 10
5314.82337715386
 20
22431.200654951714
 30
0.0
 40
18.0
  1
C27
 11
5314.82337715386
 21
22431.200654951714
 31
0.0
100
AcDbText
  0
TEXT
  5
1F9
330
17
100
AcDbEntity
  8
COL-LABEL
100
AcDbText
 10
5328.044959531389
 20
22192.16620776407
 30
0.0
 40
18.0
  1
C28
 11
5328.044959531389
 21
22192.16620776407
 31
0.0
100
AcDbText
  0
TEXT
  5
1FA
330
17
100
AcDbEntity
  8
COL-LABEL
100
AcDbText
 10
5370.003491078029
 20
22572.387410686377
 30
0.0
 40
18.0
  1
C29
 11
5370.003491078029
 21
22572.387410686377
 31
0.0
100
AcDbText
  0
TEXT
  5
1FB
330
17
100
AcDbEntity
  8
COL-LABEL
100
AcDbText
 10
5408.757691828143
 20
22758.729317006237
 30
0.0
 40
18.0
  1
C30
 11
5408.757691828143
 21
22758.729317006237
 31
0.0
100
AcDbText
  0
TEXT
  5
1FC
330
17
100
AcDbEntity
  8
COL-LABEL
100
AcDbText
 10
5569.103719848894
 20
21914.28421310884
 30
0.0
 40
18.0
  1
C31
 11
5569.103719848894
 21
21914.28421310884
 31
0.0
100
AcDbText
  0
TEXT
  5
1FD
330
17
100
AcDbEntity
  8
COL-LABEL
100
AcDbText
 10
5617.600492719508
 20
22118.176583292727
 30
0.0
 40
18.0
  1
C32
 11
5617.600492719508
 21
22118.176583292727
 31
0.0
100
AcDbText
  0
TEXT
  5
1FE
330
17
100
AcDbEntity
  8
COL-LABEL
100
AcDbText
 10
5868.77775910395
 20
21857.717162580768
 30
0.0
 40
18.0
  1
C33
 11
5868.77775910395
 21
21857.717162580768
 31
0.0
100
AcDbText
  0
TEXT
  5
1FF
330
17
100
AcDbEntity
  8
COL-LABEL
100
AcDbText
 10
5891.168643184188
 20
22088.109463257722
 30
0.0
 40
18.0
  1
C34
 11
5891.168643184188
 21
22088.109463257722
 31
0.0
100
AcDbText
  0
TEXT
  5
200
330
17
100
AcDbEntity
  8
COL-LABEL
100
AcDbText
 10
5957.708966303915
 20
22363.040623480505
 30
0.0
 40
18.0
  1
C35
 11
5957.708966303915
 21
22363.040623480505
 31
0.0
100
AcDbText
  0
TEXT
  5
201
330
17
100
AcDbEntity
  8
COL-LABEL
100
AcDbText
 10
5986.411196780511
 20
22646.389252532477
 30
0.0
 40
18.0
  1
C36
 11
5986.411196780511
 21
22646.389252532477
 31
0.0
100
AcDbText
  0
TEXT
  5
202
330
17
100
AcDbEntity
  8
COL-LABEL
100
AcDbText
 10
6013.2000850878285
 20
21837.4198143333
 30
0.0
 40
18.0
  1
C37
 11
6013.2000850878285
 21
21837.4198143333
 31
0.0
100
AcDbText
  0
TEXT
  5
203
330
17
100
AcDbEntity
  8
COL-LABEL
100
AcDbText
 10
6022.953570893458
 20
21996.716332815668
 30
0.0
 40
18.0
  1
C38
 11
6022.953570893458
 21
21996.716332815668
 31
0.0
100
AcDbText
  0
TEXT
  5
204
330
17
100
AcDbEntity
  8
COL-LABEL
100
AcDbText
 10
6155.351708720775
 20
22983.279714020573
 30
0.0
 40
18.0
  1
C39
 11
6155.351708720775
 21
22983.279714020573
 31
0.0
100
AcDbText
  0
TEXT
  5
205
330
17
100
AcDbEntity
  8
COL-LABEL
100
AcDbText
 10
6155.351708720775
 20
23153.584132544845
 30
0.0
 40
18.0
  1
C40
 11
6155.351708720775
 21
23153.584132544845
 31
0.0
100
AcDbText
  0
TEXT
  5
206
330
17
100
AcDbEntity
  8
COL-LABEL
100
AcDbText
 10
6205.700056763668
 20
22625.183861686222
 30
0.0
 40
18.0
  1
C41
 11
6205.700056763668
 21
22625.183861686222
 31
0.0
100
AcDbText
  0
TEXT
  5
207
330
17
100
AcDbEntity
  8
COL-LABEL
100
AcDbText
 10
6239.1017087207765
 20
22782.598399858034
 30
0.0
 40
18.0
  1
C42
 11
6239.1017087207765
 21
22782.598399858034
 31
0.0
100
AcDbText
  0
TEXT
  5
208
330
17
100
AcDbEntity
  8
COL-LABEL
100
AcDbText
 10
6272.44699674527
 20
22265.961807689317
 30
0.0
 40
18.0
  1
C43
 11
6272.44699674527
 21
22265.961807689317
 31
0.0
100
AcDbText
  0
TEXT
  5
209
330
17
100
AcDbEntity
  8
COL-LABEL
100
AcDbText
 10
6309.44699674527
 20
22514.88873648415
 30
0.0
 40
18.0
  1
C44
 11
6309.44699674527
 21
22514.88873648415
 31
0.0
100
AcDbText
  0
TEXT
  5
20A
330
17
100
AcDbEntity
  8
COL-LABEL
100
AcDbText
 10
6319.159890818555
 20
21803.24299434154
 30
0.0
 40
18.0
  1
C45
 11
6319.159890818555
 21
21803.24299434154
 31
0.0
100
AcDbText
  0
TEXT
  5
20B
330
17
100
AcDbEntity
  8
COL-LABEL
100
AcDbText
 10
6319.159890818555
 20
21986.357562923098
 30
0.0
 40
18.0
  1
C46
 11
6319.159890818555
 21
21986.357562923098
 31
0.0
100
AcDbText
  0
TEXT
  5
20C
330
17
100
AcDbEntity
  8
COL-LABEL
100
AcDbText
 10
6334.631905428732
 20
22624.11822726702
 30
0.0
 40
18.0
  1
C47
 11
6334.631905428732
 21
22624.11822726702
 31
0.0
100
AcDbText
  0
TEXT
  5
20D
330
17
100
AcDbEntity
  8
COL-LABEL
100
AcDbText
 10
6402.21863552725
 20
22958.217214020573
 30
0.0
 40
18.0
  1
C48
 11
6402.21863552725
 21
22958.217214020573
 31
0.0
100
AcDbText
  0
TEXT
  5
20E
330
17
100
AcDbEntity
  8
COL-LABEL
100
AcDbText
 10
6402.21863552725
 20
23155.084132544845
 30
0.0
 40
18.0
  1
C49
 11
6402.21863552725
 21
23155.084132544845
 31
0.0
100
AcDbText
  0
TEXT
  5
20F
330
17
100
AcDbEntity
  8
COL-LABEL
100
AcDbText
 10
6433.979629149901
 20
22465.888736484154
 30
0.0
 40
18.0
  1
C50
 11
6433.979629149901
 21
22465.888736484154
 31
0.0
100
AcDbText
  0
TEXT
  5
210
330
17
100
AcDbEntity
  8
COL-LABEL
100
AcDbText
 10
6450.5348908203905
 20
21781.242994341537
 30
0.0
 40
18.0
  1
C51
 11
6450.5348908203905
 21
21781.242994341537
 31
0.0
100
AcDbText
  0
TEXT
  5
211
330
17
100
AcDbEntity
  8
COL-LABEL
100
AcDbText
 10
6537.765913838592
 20
22773.28589985805
 30
0.0
 40
18.0
  1
C52
 11
6537.765913838592
 21
22773.28589985805
 31
0.0
100
AcDbText
  0
TEXT
  5
212
330
17
100
AcDbEntity
  8
COL-LABEL
100
AcDbText
 10
6647.718352833956
 20
21781.24299434154
 30
0.0
 40
18.0
  1
C53
 11
6647.718352833956
 21
21781.24299434154
 31
0.0
100
AcDbText
  0
TEXT
  5
213
330
17
100
AcDbEntity
  8
COL-LABEL
100
AcDbText
 10
6648.968782954436
 20
21972.189469822963
 30
0.0
 40
18.0
  1
C54
 11
6648.968782954436
 21
21972.189469822963
 31
0.0
100
AcDbText
  0
TEXT
  5
214
330
17
100
AcDbEntity
  8
COL-LABEL
100
AcDbText
 10
6663.410516397509
 20
23153.584132544845
 30
0.0
 40
18.0
  1
C55
 11
6663.410516397509
 21
23153.584132544845
 31
0.0
100
AcDbText
  0
TEXT
  5
215
330
17
100
AcDbEntity
  8
COL-LABEL
100
AcDbText
 10
6773.78244602936
 20
23155.084132544842
 30
0.0
 40
18.0
  1
C56
 11
6773.78244602936
 21
23155.084132544842
 31
0.0
100
AcDbText
  0
TEXT
  5
216
330
17
100
AcDbEntity
  8
COL-LABEL
100
AcDbText
 10
6774.092922714151
 20
21803.242994341537
 30
0.0
 40
18.0
  1
C57
 11
6774.092922714151
 21
21803.242994341537
 31
0.0
100
AcDbText
  0
TEXT
  5
217
330
17
100
AcDbEntity
  8
COL-LABEL
100
AcDbText
 10
6774.092922714151
 20
22166.795062923058
 30
0.0
 40
18.0
  1
C58
 11
6774.092922714151
 21
22166.795062923058
 31
0.0
100
AcDbText
  0
TEXT
  5
218
330
17
100
AcDbEntity
  8
COL-LABEL
100
AcDbText
 10
6774.78244602936
 20
22950.5466784523
 30
0.0
 40
18.0
  1
C59
 11
6774.78244602936
 21
22950.5466784523
 31
0.0
100
AcDbText
  0
TEXT
  5
219
330
17
100
AcDbEntity
  8
COL-LABEL
100
AcDbText
 10
6995.78244602936
 20
22631.272593814432
 30
0.0
 40
18.0
  1
C63
 11
6995.78244602936
 21
22631.272593814432
 31
0.0
100
AcDbText
  0
TEXT
  5
21A
330
17
100
AcDbEntity
  8
COL-LABEL
100
AcDbText
 10
6995.78244602936
 20
23029.272593814432
 30
0.0
 40
18.0
  1
C64
 11
6995.78244602936
 21
23029.272593814432
 31
0.0
100
AcDbText
  0
TEXT
  5
21B
330
17
100
AcDbEntity
  8
COL-LABEL
100
AcDbText
 10
6995.78244602936
 20
23349.27259381443
 30
0.0
 40
18.0
  1
C65
 11
6995.78244602936
 21
23349.27259381443
 31
0.0
100
AcDbText
  0
TEXT
  5
21C
330
17
100
AcDbEntity
  8
COL-LABEL
100
AcDbText
 10
7032.655630073856
 20
21803.242994341537
 30
0.0
 40
18.0
  1
C60
 11
7032.655630073856
 21
21803.242994341537
 31
0.0
100
AcDbText
  0
TEXT
  5
21D
330
17
100
AcDbEntity
  8
COL-LABEL
100
AcDbText
 10
7032.655630073859
 20
22329.279728916765
 30
0.0
 40
18.0
  1
C66
 11
7032.655630073859
 21
22329.279728916765
 31
0.0
100
AcDbText
  0
TEXT
  5
21E
330
17
100
AcDbEntity
  8
COL-LABEL
100
AcDbText
 10
7298.655630074114
 20
22665.383820988187
 30
0.0
 40
18.0
  1
C67
 11
7298.655630074114
 21
22665.383820988187
 31
0.0
100
AcDbText
  0
TEXT
  5
21F
330
17
100
AcDbEntity
  8
COL-LABEL
100
AcDbText
 10
7298.655630074103
 20
23037.383820988165
 30
0.0
 40
18.0
  1
C68
 11
7298.655630074103
 21
23037.383820988165
 31
0.0
100
AcDbText
  0
TEXT
  5
220
330
17
100
AcDbEntity
  8
COL-LABEL
100
AcDbText
 10
7298.655630074103
 20
23363.37271949128
 30
0.0
 40
18.0
  1
C69
 11
7298.655630074103
 21
23363.37271949128
 31
0.0
100
AcDbText
  0
TEXT
  5
221
330
17
100
AcDbEntity
  8
COL-LABEL
100
AcDbText
 10
7352.6556300738575
 20
21803.242994341534
 30
0.0
 40
18.0
  1
C61
 11
7352.6556300738575
 21
21803.242994341534
 31
0.0
100
AcDbText
  0
TEXT
  5
222
330
17
100
AcDbEntity
  8
COL-LABEL
100
AcDbText
 10
7352.6556300738575
 20
22329.279728916765
 30
0.0
 40
18.0
  1
C70
 11
7352.6556300738575
 21
22329.279728916765
 31
0.0
100
AcDbText
  0
TEXT
  5
223
330
17
100
AcDbEntity
  8
COL-LABEL
100
AcDbText
 10
7619.0518896191425
 20
21803.242994341534
 30
0.0
 40
18.0
  1
C62
 11
7619.0518896191425
 21
21803.242994341534
 31
0.0
100
AcDbText
  0
TEXT
  5
224
330
17
100
AcDbEntity
  8
COL-LABEL
100
AcDbText
 10
7618.655630073859
 20
22329.279728916765
 30
0.0
 40
18.0
  1
C71
 11
7618.655630073859
 21
22329.279728916765
 31
0.0
100
AcDbText
  0
TEXT
  5
225
330
17
100
AcDbEntity
  8
COL-LABEL
100
AcDbText
 10
7618.655630074114
 20
22665.383820988187
 30
0.0
 40
18.0
  1
C72
 11
7618.655630074114
 21
22665.383820988187
 31
0.0
100
AcDbText
  0
TEXT
  5
226
330
17
100
AcDbEntity
  8
COL-LABEL
100
AcDbText
 10
7618.655630074101
 20
23037.383820988165
 30
0.0
 40
18.0
  1
C73
 11
7618.655630074101
 21
23037.383820988165
 31
0.0
100
AcDbText
  0
TEXT
  5
227
330
17
100
AcDbEntity
  8
COL-LABEL
100
AcDbText
 10
7618.655630074089
 20
23361.497719491283
 30
0.0
 40
18.0
  1
C74
 11
7618.655630074089
 21
23361.497719491283
 31
0.0
100
AcDbText
  0
TEXT
  5
228
330
17
100
AcDbEntity
  8
COL-LABEL
100
AcDbText
 10
7640.655630074109
 20
22821.38382098817
 30
0.0
 40
18.0
  1
C75
 11
7640.655630074109
 21
22821.38382098817
 31
0.0
100
AcDbText
  0
TEXT
  5
229
330
17
100
AcDbEntity
  8
COL-LABEL
100
AcDbText
 10
7757.532123636569
 20
21803.242994341534
 30
0.0
 40
18.0
  1
C76
 11
7757.532123636569
 21
21803.242994341534
 31
0.0
100
AcDbText
  0
TEXT
  5
22A
330
17
100
AcDbEntity
  8
COL-LABEL
100
AcDbText
 10
7937.952641647731
 20
22329.279728916765
 30
0.0
 40
18.0
  1
C77
 11
7937.952641647731
 21
22329.279728916765
 31
0.0
100
AcDbText
  0
TEXT
  5
22B
330
17
100
AcDbEntity
  8
COL-LABEL
100
AcDbText
 10
7937.952641647986
 20
22665.383820988183
 30
0.0
 40
18.0
  1
C78
 11
7937.952641647986
 21
22665.383820988183
 31
0.0
100
AcDbText
  0
TEXT
  5
22C
330
17
100
AcDbEntity
  8
COL-LABEL
100
AcDbText
 10
7937.952641647973
 20
23037.383820988165
 30
0.0
 40
18.0
  1
C79
 11
7937.952641647973
 21
23037.383820988165
 31
0.0
100
AcDbText
  0
TEXT
  5
22D
330
17
100
AcDbEntity
  8
COL-LABEL
100
AcDbText
 10
7937.95264164796
 20
23361.497719491283
 30
0.0
 40
18.0
  1
C80
 11
7937.95264164796
 21
23361.497719491283
 31
0.0
100
AcDbText
  0
TEXT
  5
22E
330
17
100
AcDbEntity
  8
COL-LABEL
100
AcDbText
 10
7959.95264164798
 20
22821.383820988165
 30
0.0
 40
18.0
  1
C81
 11
7959.95264164798
 21
22821.383820988165
 31
0.0
100
AcDbText
  0
TEXT
  5
22F
330
17
100
AcDbEntity
  8
COL-LABEL
100
AcDbText
 10
8032.530572205405
 20
21803.242994341534
 30
0.0
 40
18.0
  1
C82
 11
8032.530572205405
 21
21803.242994341534
 31
0.0
100
AcDbText
  0
TEXT
  5
230
330
17
100
AcDbEntity
  8
COL-LABEL
100
AcDbText
 10
8257.249653221601
 20
22329.27972891676
 30
0.0
 40
18.0
  1
C83
 11
8257.249653221601
 21
22329.27972891676
 31
0.0
100
AcDbText
  0
TEXT
  5
231
330
17
100
AcDbEntity
  8
COL-LABEL
100
AcDbText
 10
8257.249653221856
 20
22665.383820988183
 30
0.0
 40
18.0
  1
C84
 11
8257.249653221856
 21
22665.383820988183
 31
0.0
100
AcDbText
  0
TEXT
  5
232
330
17
100
AcDbEntity
  8
COL-LABEL
100
AcDbText
 10
8268.24965322185
 20
22821.38382098816
 30
0.0
 40
18.0
  1
C85
 11
8268.24965322185
 21
22821.38382098816
 31
0.0
100
AcDbText
  0
TEXT
  5
233
330
17
100
AcDbEntity
  8
COL-LABEL
100
AcDbText
 10
8358.605060956053
 20
21803.242994341534
 30
0.0
 40
18.0
  1
C88
 11
8358.605060956053
 21
21803.242994341534
 31
0.0
100
AcDbText
  0
TEXT
  5
234
330
17
100
AcDbEntity
  8
COL-LABEL
100
AcDbText
 10
8492.603652780326
 20
22821.383820988165
 30
0.0
 40
18.0
  1
C89
 11
8492.603652780326
 21
22821.383820988165
 31
0.0
100
AcDbText
  0
TEXT
  5
235
330
17
100
AcDbEntity
  8
COL-LABEL
100
AcDbText
 10
8576.922247337516
 20
22665.383820988183
 30
0.0
 40
18.0
  1
C90
 11
8576.922247337516
 21
22665.383820988183
 31
0.0
100
AcDbText
  0
TEXT
  5
236
330
17
100
AcDbEntity
  8
COL-LABEL
100
AcDbText
 10
8583.779690389409
 20
22329.279728916757
 30
0.0
 40
18.0
  1
C93
 11
8583.779690389409
 21
22329.279728916757
 31
0.0
100
AcDbText
  0
TEXT
  5
237
330
17
100
AcDbEntity
  8
COL-LABEL
100
AcDbText
 10
8633.60350952489
 20
21803.24299434153
 30
0.0
 40
18.0
  1
C94
 11
8633.60350952489
 21
21803.24299434153
 31
0.0
100
AcDbText
  0
TEXT
  5
238
330
17
100
AcDbEntity
  8
COL-LABEL
100
AcDbText
 10
9044.254345581388
 20
21803.24299434153
 30
0.0
 40
18.0
  1
C100
 11
9044.254345581388
 21
21803.24299434153
 31
0.0
100
AcDbText
  0
TEXT
  5
239
330
17
100
AcDbEntity
  8
FLOOR NUMBER
100
AcDbText
 10
6383.38151355258
 20
22560.807856916406
 30
0.0
 40
18.0
  1
7
 11
6383.38151355258
 21
22560.807856916406
 31
0.0
100
AcDbText
  0
POINT
  5
23A
330
17
100
AcDbEntity
  8
DATUM
100
AcDbPoint
 10
6477.614917261071
 20
22312.847680299164
 30
0.0
  0
LWPOLYLINE
  5
23B
330
17
100
AcDbEntity
  8
COLS
100
AcDbPolyline
 90
4
 70
1
 10
5242.09862257163
 20
30115.342992409973
 10
5255.63167227534
 20
30111.75738706124
 10
5264.85180031494
 20
30146.556657727924
 10
5251.31875061123
 20
30150.142263076657
  0
LWPOLYLINE
  5
23C
330
17
100
AcDbEntity
  8
COLS
100
AcDbPolyline
 90
4
 70
1
 10
4951.703785907832
 20
30216.4501542131
 10
4964.932672198238
 20
30211.86795304822
 10
4976.715475193652
 20
30245.88508922355
 10
4963.486588903246
 20
30250.467290388435
  0
LWPOLYLINE
  5
23D
330
17
100
AcDbEntity
  8
COLS
100
AcDbPolyline
 90
4
 70
1
 10
5544.233514304762
 20
30058.39589201559
 10
5557.99563917436
 20
30055.826082864383
 10
5564.603719848894
 20
30091.21440395763
 10
5550.841594979296
 20
30093.78421310884
  0
LWPOLYLINE
  5
23E
330
17
100
AcDbEntity
  8
COLS
100
AcDbPolyline
 90
4
 70
1
 10
5846.406511051211
 20
30001.43518688275
 10
5860.321723822659
 20
29999.896728717806
 10
5864.27775910395
 20
30035.67870441582
 10
5850.3625463325025
 20
30037.217162580768
  0
LWPOLYLINE
  5
23F
330
17
100
AcDbEntity
  8
COLS
100
AcDbPolyline
 90
4
 70
1
 10
6300.659890818555
 20
29946.74299434154
 10
6314.659890818555
 20
29946.74299434154
 10
6314.659890818555
 20
29982.74299434154
 10
6300.659890818555
 20
29982.74299434154
  0
LWPOLYLINE
  5
240
330
17
100
AcDbEntity
  8
COLS
100
AcDbPolyline
 90
4
 70
1
 10
5868.797395131449
 20
30231.827487559713
 10
5882.712607902897
 20
30230.289029394764
 10
5886.668643184188
 20
30266.071005092777
 10
5872.75343041274
 20
30267.609463257722
  0
LWPOLYLINE
  5
241
330
17
100
AcDbEntity
  8
COLS
100
AcDbPolyline
 90
4
 70
1
 10
5300.791781788079
 20
30336.86693709738
 10
5314.324831491789
 20
30333.281331748647
 10
5323.544959531389
 20
30368.080602415335
 10
5310.011909827679
 20
30371.66620776407
  0
LWPOLYLINE
  5
242
330
17
100
AcDbEntity
  8
COLS
100
AcDbPolyline
 90
4
 70
1
 10
4661.3511378792155
 20
30317.568211851943
 10
4674.202580919895
 20
30312.01479742727
 10
4688.482789440486
 20
30345.06136524616
 10
4675.631346399807
 20
30350.614779670836
  0
LWPOLYLINE
  5
243
330
17
100
AcDbEntity
  8
COLS
100
AcDbPolyline
 90
4
 70
1
 10
4755.974395740115
 20
30528.820302729735
 10
4768.825838780795
 20
30523.266888305065
 10
4783.106047301386
 20
30556.313456123953
 10
4770.254604260706
 20
30561.866870548627
  0
LWPOLYLINE
  5
244
330
17
100
AcDbEntity
  8
COLS
100
AcDbPolyline
 90
4
 70
1
 10
4254.622920467198
 20
30521.48472909118
 10
4266.786268221931
 20
30514.5527040337
 10
4284.611475512582
 20
30545.82988397444
 10
4272.448127757849
 20
30552.761909031913
  0
LWPOLYLINE
  5
245
330
17
100
AcDbEntity
  8
COLS
100
AcDbPolyline
 90
4
 70
1
 10
4366.544654614849
 20
30724.054391218484
 10
4378.708002369582
 20
30717.122366161006
 10
4396.533209660232
 20
30748.399546101748
 10
4384.369861905499
 20
30755.331571159222
  0
LWPOLYLINE
  5
246
330
17
100
AcDbEntity
  8
COLS
100
AcDbPolyline
 90
4
 70
1
 10
3999.8049298947717
 20
30693.58686071343
 10
4011.419016372418
 20
30685.769380602185
 10
4031.521108087052
 20
30715.63417440185
 10
4019.907021609406
 20
30723.451654513094
  0
LWPOLYLINE
  5
247
330
17
100
AcDbEntity
  8
COLS
100
AcDbPolyline
 90
4
 70
1
 10
4147.50754440598
 20
30868.250680638434
 10
4155.325024517228
 20
30879.864767116083
 10
4125.460230717563
 20
30899.966858830714
 10
4117.6427506063155
 20
30888.352772353068
  0
LWPOLYLINE
  5
248
330
17
100
AcDbEntity
  8
COLS
100
AcDbPolyline
 90
4
 70
1
 10
6300.659890818555
 20
30129.857562923098
 10
6314.659890818555
 20
30129.857562923098
 10
6314.659890818555
 20
30165.857562923098
 10
6300.659890818555
 20
30165.857562923098
  0
LWPOLYLINE
  5
249
330
17
100
AcDbEntity
  8
COLS
100
AcDbPolyline
 90
4
 70
1
 10
5610.531345219724
 20
30277.307955603897
 10
5613.100492719508
 20
30291.07020400757
 10
5577.71185396721
 20
30297.676583292727
 10
5575.142706467426
 20
30283.914334889057
  0
LWPOLYLINE
  5
24A
330
17
100
AcDbEntity
  8
COLS
100
AcDbPolyline
 90
4
 70
1
 10
5049.746655166928
 20
30423.11894383432
 10
5054.328856331813
 20
30436.347830124727
 10
5020.311720156478
 20
30448.130633120145
 10
5015.729518991593
 20
30434.901746829735
  0
LWPOLYLINE
  5
24B
330
17
100
AcDbEntity
  8
COLS
100
AcDbPolyline
 90
4
 70
1
 10
4394.188485356395
 20
31302.47269986103
 10
4405.772990899235
 20
31294.611451148015
 10
4425.987630446993
 20
31324.40017968675
 10
4414.403124904153
 20
31332.261428399765
  0
LWPOLYLINE
  5
24C
330
17
100
AcDbEntity
  8
COLS
100
AcDbPolyline
 90
4
 70
1
 10
4925.953905988257
 20
31003.16097522618
 10
4938.7492788433865
 20
30997.479564002002
 10
4953.358621991274
 20
31030.381951343763
 10
4940.563249136145
 20
31036.06336256794
  0
LWPOLYLINE
  5
24D
330
17
100
AcDbEntity
  8
COLS
100
AcDbPolyline
 90
4
 70
1
 10
5380.8756102584175
 20
30903.624371393773
 10
5394.333089107708
 20
30899.76480366916
 10
5404.257691828143
 20
30934.369749281625
 10
5390.800212978853
 20
30938.229317006237
  0
LWPOLYLINE
  5
24E
330
17
100
AcDbEntity
  8
COLS
100
AcDbPolyline
 90
4
 70
1
 10
5964.354367305896
 20
30790.072540927405
 10
5978.283088485645
 20
30788.661609923845
 10
5981.911196780511
 20
30824.478321528917
 10
5967.982475600762
 20
30825.889252532477
  0
LWPOLYLINE
  5
24F
330
17
100
AcDbEntity
  8
COLS
100
AcDbPolyline
 90
4
 70
1
 10
6755.592922714151
 20
29946.742994341537
 10
6769.592922714151
 20
29946.742994341537
 10
6769.592922714151
 20
29982.742994341537
 10
6755.592922714151
 20
29982.742994341537
  0
LWPOLYLINE
  5
250
330
17
100
AcDbEntity
  8
COLS
100
AcDbPolyline
 90
4
 70
1
 10
6755.592922714151
 20
30310.295062923058
 10
6769.592922714151
 20
30310.295062923058
 10
6769.592922714151
 20
30346.295062923058
 10
6755.592922714151
 20
30346.295062923058
  0
LWPOLYLINE
  5
251
330
17
100
AcDbEntity
  8
COLS
100
AcDbPolyline
 90
4
 70
1
 10
7014.155630073856
 20
29946.742994341537
 10
7028.155630073856
 20
29946.742994341537
 10
7028.155630073856
 20
29982.742994341537
 10
7014.155630073856
 20
29982.742994341537
  0
LWPOLYLINE
  5
252
330
17
100
AcDbEntity
  8
COLS
100
AcDbPolyline
 90
4
 70
1
 10
4236.998094526063
 20
31070.82795805992
 10
4248.5825432607435
 20
31062.966625633824
 10
4268.797398070705
 20
31092.75520809443
 10
4257.212949336024
 20
31100.616540520525
  0
LWPOLYLINE
  5
253
330
17
100
AcDbEntity
  8
COLS
100
AcDbPolyline
 90
4
 70
1
 10
4808.635630886256
 20
30750.955842361887
 10
4821.431003741385
 20
30745.27443113771
 10
4836.040346889273
 20
30778.17681847947
 10
4823.2449740341435
 20
30783.85822970365
  0
LWPOLYLINE
  5
254
330
17
100
AcDbEntity
  8
COLS
100
AcDbPolyline
 90
4
 70
1
 10
5286.941295584134
 20
30576.09570933925
 10
5300.3987744334245
 20
30572.236141614638
 10
5310.32337715386
 20
30606.8410872271
 10
5296.86589830457
 20
30610.700654951714
  0
LWPOLYLINE
  5
255
330
17
100
AcDbEntity
  8
COLS
100
AcDbPolyline
 90
4
 70
1
 10
5935.6521368293
 20
30506.723911875437
 10
5949.580858009049
 20
30505.312980871877
 10
5953.208966303915
 20
30541.12969247695
 10
5939.280245124166
 20
30542.540623480505
  0
LWPOLYLINE
  5
256
330
17
100
AcDbEntity
  8
COLS
100
AcDbPolyline
 90
32
 70
1
 10
3398.3296281209914
 20
31184.272343137163
 10
3398.0990514858295
 20
31186.613427001357
 10
3397.416182511126
 20
31188.864544325545
 10
3396.3072634686214
 20
31190.9391859334
 10
3394.8149094952296
 20
31192.7576245114
 10
3392.9964709172273
 20
31194.249978484793
 10
3390.9218293093727
 20
31195.358897527298
 10
3388.6707119851853
 20
31196.041766502
 10
3386.3296281209914
 20
31196.272343137163
 10
3383.9885442567975
 20
31196.041766502
 10
3381.73742693261
 20
31195.358897527298
 10
3379.6627853247555
 20
31194.249978484793
 10
3377.844346746753
 20
31192.7576245114
 10
3376.3519927733614
 20
31190.9391859334
 10
3375.243073730857
 20
31188.864544325545
 10
3374.5602047561533
 20
31186.613427001357
 10
3374.3296281209914
 20
31184.272343137163
 10
3374.5602047561533
 20
31181.93125927297
 10
3375.243073730857
 20
31179.680141948782
 10
3376.3519927733614
 20
31177.605500340927
 10
3377.844346746753
 20
31175.787061762923
 10
3379.6627853247555
 20
31174.29470778953
 10
3381.73742693261
 20
31173.185788747025
 10
3383.9885442567975
 20
31172.502919772323
 10
3386.3296281209914
 20
31172.272343137163
 10
3388.6707119851853
 20
31172.502919772323
 10
3390.9218293093727
 20
31173.185788747025
 10
3392.9964709172273
 20
31174.29470778953
 10
3394.8149094952296
 20
31175.787061762923
 10
3396.3072634686214
 20
31177.605500340927
 10
3397.416182511126
 20
31179.680141948782
 10
3398.0990514858295
 20
31181.93125927297
  0
LWPOLYLINE
  5
257
330
17
100
AcDbEntity
  8
COLS
100
AcDbPolyline
 90
4
 70
1
 10
6234.6017087207765
 20
30962.098399858034
 10
6220.6017087207765
 20
30962.098399858034
 10
6220.6017087207765
 20
30926.098399858034
 10
6234.6017087207765
 20
30926.098399858034
  0
LWPOLYLINE
  5
258
330
17
100
AcDbEntity
  8
COLS
100
AcDbPolyline
 90
4
 70
1
 10
6150.851708720775
 20
31162.779714020573
 10
6136.851708720775
 20
31162.779714020573
 10
6136.851708720775
 20
31126.779714020573
 10
6150.851708720775
 20
31126.779714020573
  0
LWPOLYLINE
  5
259
330
17
100
AcDbEntity
  8
COLS
100
AcDbPolyline
 90
4
 70
1
 10
6658.910516397509
 20
31319.084132544845
 10
6658.910516397509
 20
31333.084132544845
 10
6622.910516397509
 20
31333.084132544845
 10
6622.910516397509
 20
31319.084132544845
  0
LWPOLYLINE
  5
25A
330
17
100
AcDbEntity
  8
COLS
100
AcDbPolyline
 90
4
 70
1
 10
6150.851708720775
 20
31333.084132544845
 10
6136.851708720775
 20
31333.084132544845
 10
6136.851708720775
 20
31297.084132544845
 10
6150.851708720775
 20
31297.084132544845
  0
LWPOLYLINE
  5
25B
330
17
100
AcDbEntity
  8
COLS
100
AcDbPolyline
 90
4
 70
1
 10
3363.906247666515
 20
31377.5036442621
 10
3363.906247666515
 20
31363.5036442621
 10
3399.906247666515
 20
31363.5036442621
 10
3399.906247666515
 20
31377.5036442621
  0
LWPOLYLINE
  5
25C
330
17
100
AcDbEntity
  8
COLS
100
AcDbPolyline
 90
4
 70
1
 10
8753.583743542318
 20
29946.742994341534
 10
8767.583743542318
 20
29946.742994341534
 10
8767.583743542318
 20
29982.742994341534
 10
8753.583743542318
 20
29982.742994341534
  0
LWPOLYLINE
  5
25D
330
17
100
AcDbEntity
  8
COLS
100
AcDbPolyline
 90
4
 70
1
 10
8014.030572205405
 20
29946.742994341534
 10
8028.030572205405
 20
29946.742994341534
 10
8028.030572205405
 20
29982.742994341534
 10
8014.030572205405
 20
29982.742994341534
  0
LWPOLYLINE
  5
25E
330
17
100
AcDbEntity
  8
COLS
100
AcDbPolyline
 90
4
 70
1
 10
9185.68995906355
 20
29946.74299434153
 10
9199.68995906355
 20
29946.74299434153
 10
9199.68995906355
 20
29982.74299434153
 10
9185.68995906355
 20
29982.74299434153
  0
LWPOLYLINE
  5
25F
330
17
100
AcDbEntity
  8
COLS
100
AcDbPolyline
 90
4
 70
1
 10
9271.721215626065
 20
30724.099186797186
 10
9275.570089865283
 20
30737.55972791152
 10
9240.957269856994
 20
30747.45683309808
 10
9237.108395617775
 20
30733.996291983745
  0
LWPOLYLINE
  5
260
330
17
100
AcDbEntity
  8
COLS
100
AcDbPolyline
 90
4
 70
1
 10
8955.591529151396
 20
30472.779728916772
 10
8969.591529151396
 20
30472.779728916772
 10
8969.591529151396
 20
30508.779728916772
 10
8955.591529151396
 20
30508.779728916772
  0
LWPOLYLINE
  5
261
330
17
100
AcDbEntity
  8
COLS
100
AcDbPolyline
 90
4
 70
1
 10
7919.452641647731
 20
30472.779728916765
 10
7933.452641647731
 20
30472.779728916765
 10
7933.452641647731
 20
30508.779728916765
 10
7919.452641647731
 20
30508.779728916765
  0
LWPOLYLINE
  5
262
330
17
100
AcDbEntity
  8
COLS
100
AcDbPolyline
 90
4
 70
1
 10
8238.749653221601
 20
30472.77972891676
 10
8252.749653221601
 20
30472.77972891676
 10
8252.749653221601
 20
30508.77972891676
 10
8238.749653221601
 20
30508.77972891676
  0
LWPOLYLINE
  5
263
330
17
100
AcDbEntity
  8
COLS
100
AcDbPolyline
 90
4
 70
1
 10
9359.695483951024
 20
31031.768697981977
 10
9363.544358190242
 20
31045.229239096312
 10
9328.931538181952
 20
31055.12634428287
 10
9325.082663942734
 20
31041.665803168537
  0
LWPOLYLINE
  5
264
330
17
100
AcDbEntity
  8
COLS
100
AcDbPolyline
 90
4
 70
1
 10
7919.452641647986
 20
30808.883820988183
 10
7933.452641647986
 20
30808.883820988183
 10
7933.452641647986
 20
30844.883820988183
 10
7919.452641647986
 20
30844.883820988183
  0
LWPOLYLINE
  5
265
330
17
100
AcDbEntity
  8
COLS
100
AcDbPolyline
 90
4
 70
1
 10
8238.749653221856
 20
30808.883820988183
 10
8252.749653221856
 20
30808.883820988183
 10
8252.749653221856
 20
30844.883820988183
 10
8238.749653221856
 20
30844.883820988183
  0
LWPOLYLINE
  5
266
330
17
100
AcDbEntity
  8
COLS
100
AcDbPolyline
 90
4
 70
1
 10
8558.422247337516
 20
30808.883820988183
 10
8572.422247337516
 20
30808.883820988183
 10
8572.422247337516
 20
30844.883820988183
 10
8558.422247337516
 20
30844.883820988183
  0
LWPOLYLINE
  5
267
330
17
100
AcDbEntity
  8
COLS
100
AcDbPolyline
 90
4
 70
1
 10
8956.422247337514
 20
30808.88382098818
 10
8970.422247337514
 20
30808.88382098818
 10
8970.422247337514
 20
30844.88382098818
 10
8956.422247337514
 20
30844.88382098818
  0
LWPOLYLINE
  5
268
330
17
100
AcDbEntity
  8
COLS
100
AcDbPolyline
 90
4
 70
1
 10
7919.452641647973
 20
31180.883820988165
 10
7933.452641647973
 20
31180.883820988165
 10
7933.452641647973
 20
31216.883820988165
 10
7919.452641647973
 20
31216.883820988165
  0
LWPOLYLINE
  5
269
330
17
100
AcDbEntity
  8
COLS
100
AcDbPolyline
 90
4
 70
1
 10
8238.749653221843
 20
31180.88382098816
 10
8252.749653221843
 20
31180.88382098816
 10
8252.749653221843
 20
31216.88382098816
 10
8238.749653221843
 20
31216.88382098816
  0
LWPOLYLINE
  5
26A
330
17
100
AcDbEntity
  8
COLS
100
AcDbPolyline
 90
4
 70
1
 10
8558.422247337501
 20
31180.883820988158
 10
8572.422247337501
 20
31180.883820988158
 10
8572.422247337501
 20
31216.883820988158
 10
8558.422247337501
 20
31216.883820988158
  0
LWPOLYLINE
  5
26B
330
17
100
AcDbEntity
  8
COLS
100
AcDbPolyline
 90
4
 70
1
 10
8980.094841453161
 20
31180.883820988158
 10
8994.094841453161
 20
31180.883820988158
 10
8994.094841453161
 20
31216.883820988158
 10
8980.094841453161
 20
31216.883820988158
  0
LWPOLYLINE
  5
26C
330
17
100
AcDbEntity
  8
COLS
100
AcDbPolyline
 90
4
 70
1
 10
7919.45264164796
 20
31504.997719491283
 10
7933.45264164796
 20
31504.997719491283
 10
7933.45264164796
 20
31540.997719491283
 10
7919.45264164796
 20
31540.997719491283
  0
LWPOLYLINE
  5
26D
330
17
100
AcDbEntity
  8
COLS
100
AcDbPolyline
 90
4
 70
1
 10
8238.74965322183
 20
31504.99771949128
 10
8252.74965322183
 20
31504.99771949128
 10
8252.74965322183
 20
31540.99771949128
 10
8238.74965322183
 20
31540.99771949128
  0
LWPOLYLINE
  5
26E
330
17
100
AcDbEntity
  8
COLS
100
AcDbPolyline
 90
4
 70
1
 10
8558.422247337488
 20
31504.99771949128
 10
8572.422247337488
 20
31504.99771949128
 10
8572.422247337488
 20
31540.99771949128
 10
8558.422247337488
 20
31540.99771949128
  0
LWPOLYLINE
  5
26F
330
17
100
AcDbEntity
  8
COLS
100
AcDbPolyline
 90
4
 70
1
 10
8980.094841453149
 20
31504.997719491283
 10
8994.094841453149
 20
31504.997719491283
 10
8994.094841453149
 20
31540.997719491283
 10
8980.094841453149
 20
31540.997719491283
  0
LWPOLYLINE
  5
270
330
17
100
AcDbEntity
  8
COLS
100
AcDbPolyline
 90
4
 70
1
 10
9301.179193266249
 20
31504.997719491294
 10
9315.179193266249
 20
31504.997719491294
 10
9315.179193266249
 20
31540.997719491294
 10
9301.179193266249
 20
31540.997719491294
  0
LWPOLYLINE
  5
271
330
17
100
AcDbEntity
  8
COLS
100
AcDbPolyline
 90
4
 70
1
 10
6991.28244602936
 20
31194.772593814432
 10
6991.28244602936
 20
31208.772593814432
 10
6955.28244602936
 20
31208.772593814432
 10
6955.28244602936
 20
31194.772593814432
  0
LWPOLYLINE
  5
272
330
17
100
AcDbEntity
  8
COLS
100
AcDbPolyline
 90
4
 70
1
 10
6991.28244602936
 20
30796.772593814432
 10
6991.28244602936
 20
30810.772593814432
 10
6955.28244602936
 20
30810.772593814432
 10
6955.28244602936
 20
30796.772593814432
  0
LWPOLYLINE
  5
273
330
17
100
AcDbEntity
  8
COLS
100
AcDbPolyline
 90
4
 70
1
 10
7600.155630073859
 20
30472.779728916765
 10
7614.155630073859
 20
30472.779728916765
 10
7614.155630073859
 20
30508.779728916765
 10
7600.155630073859
 20
30508.779728916765
  0
LWPOLYLINE
  5
274
330
17
100
AcDbEntity
  8
COLS
100
AcDbPolyline
 90
4
 70
1
 10
7600.155630074114
 20
30808.883820988187
 10
7614.155630074114
 20
30808.883820988187
 10
7614.155630074114
 20
30844.883820988187
 10
7600.155630074114
 20
30844.883820988187
  0
LWPOLYLINE
  5
275
330
17
100
AcDbEntity
  8
COLS
100
AcDbPolyline
 90
4
 70
1
 10
7600.155630074101
 20
31180.883820988165
 10
7614.155630074101
 20
31180.883820988165
 10
7614.155630074101
 20
31216.883820988165
 10
7600.155630074101
 20
31216.883820988165
  0
LWPOLYLINE
  5
276
330
17
100
AcDbEntity
  8
COLS
100
AcDbPolyline
 90
4
 70
1
 10
7600.155630074089
 20
31504.997719491283
 10
7614.155630074089
 20
31504.997719491283
 10
7614.155630074089
 20
31540.997719491283
 10
7600.155630074089
 20
31540.997719491283
  0
LWPOLYLINE
  5
277
330
17
100
AcDbEntity
  8
COLS
100
AcDbPolyline
 90
4
 70
1
 10
7348.1556300738575
 20
30508.779728916765
 10
7334.1556300738575
 20
30508.779728916765
 10
7334.1556300738575
 20
30472.779728916765
 10
7348.1556300738575
 20
30472.779728916765
  0
LWPOLYLINE
  5
278
330
17
100
AcDbEntity
  8
COLS
100
AcDbPolyline
 90
4
 70
1
 10
7280.155630074114
 20
30808.883820988187
 10
7294.155630074114
 20
30808.883820988187
 10
7294.155630074114
 20
30844.883820988187
 10
7280.155630074114
 20
30844.883820988187
  0
LWPOLYLINE
  5
279
330
17
100
AcDbEntity
  8
COLS
100
AcDbPolyline
 90
4
 70
1
 10
7280.155630074103
 20
31180.883820988165
 10
7294.155630074103
 20
31180.883820988165
 10
7294.155630074103
 20
31216.883820988165
 10
7280.155630074103
 20
31216.883820988165
  0
LWPOLYLINE
  5
27A
330
17
100
AcDbEntity
  8
COLS
100
AcDbPolyline
 90
4
 70
1
 10
7280.155630074103
 20
31506.87271949128
 10
7294.155630074103
 20
31506.87271949128
 10
7294.155630074103
 20
31542.87271949128
 10
7280.155630074103
 20
31542.87271949128
  0
LWPOLYLINE
  5
27B
330
17
100
AcDbEntity
  8
COLS
100
AcDbPolyline
 90
4
 70
1
 10
6991.28244602936
 20
31514.77259381443
 10
6991.28244602936
 20
31528.77259381443
 10
6955.28244602936
 20
31528.77259381443
 10
6955.28244602936
 20
31514.77259381443
  0
LWPOLYLINE
  5
27C
330
17
100
AcDbEntity
  8
COLS
100
AcDbPolyline
 90
4
 70
1
 10
7028.155630073859
 20
30508.779728916765
 10
7014.155630073859
 20
30508.779728916765
 10
7014.155630073859
 20
30472.779728916765
 10
7028.155630073859
 20
30472.779728916765
  0
LWPOLYLINE
  5
27D
330
17
100
AcDbEntity
  8
COLS
100
AcDbPolyline
 90
4
 70
1
 10
3590.1601778658787
 20
30985.22973298506
 10
3601.160668220813
 20
30976.570101817917
 10
3623.4282912220388
 20
31004.85707701632
 10
3612.4278008671045
 20
31013.516708183466
  0
LWPOLYLINE
  5
27E
330
17
100
AcDbEntity
  8
COLS
100
AcDbPolyline
 90
4
 70
1
 10
3754.0358172797733
 20
31165.44074283576
 10
3762.695448446919
 20
31176.441233190693
 10
3743.837464981314
 20
31191.28631519151
 10
3735.1778338141685
 20
31180.285824836574
  0
LWPOLYLINE
  5
27F
330
17
100
AcDbEntity
  8
COLS
100
AcDbPolyline
 90
4
 70
1
 10
3599.8624151931454
 20
31244.247262321856
 10
3613.8624151931454
 20
31244.247262321856
 10
3613.8624151931454
 20
31268.247262321856
 10
3599.8624151931454
 20
31268.247262321856
  0
LWPOLYLINE
  5
280
330
17
100
AcDbEntity
  8
COLS
100
AcDbPolyline
 90
4
 70
1
 10
3735.173012876472
 20
31363.503644262095
 10
3735.173012876472
 20
31377.503644262095
 10
3711.173012876472
 20
31377.503644262095
 10
3711.173012876472
 20
31363.503644262095
  0
LWPOLYLINE
  5
281
330
17
100
AcDbEntity
  8
COLS
100
AcDbPolyline
 90
4
 70
1
 10
6316.131905428732
 20
30779.61822726702
 10
6330.131905428732
 20
30779.61822726702
 10
6330.131905428732
 20
30803.61822726702
 10
6316.131905428732
 20
30803.61822726702
  0
LWPOLYLINE
  5
282
330
17
100
AcDbEntity
  8
COLS
100
AcDbPolyline
 90
4
 70
1
 10
6429.479629149901
 20
30631.388736484154
 10
6429.479629149901
 20
30645.388736484154
 10
6405.479629149901
 20
30645.388736484154
 10
6405.479629149901
 20
30631.388736484154
  0
LWPOLYLINE
  5
283
330
17
100
AcDbEntity
  8
COLS
100
AcDbPolyline
 90
4
 70
1
 10
6304.94699674527
 20
30680.38873648415
 10
6304.94699674527
 20
30694.38873648415
 10
6280.94699674527
 20
30694.38873648415
 10
6280.94699674527
 20
30680.38873648415
  0
LWPOLYLINE
  5
284
330
17
100
AcDbEntity
  8
COLS
100
AcDbPolyline
 90
4
 70
1
 10
6199.789125760108
 20
30788.33640164323
 10
6201.200056763668
 20
30802.26512282298
 10
6177.3222490269545
 20
30804.683861686222
 10
6175.911318023394
 20
30790.755140506473
  0
LWPOLYLINE
  5
285
330
17
100
AcDbEntity
  8
COLS
100
AcDbPolyline
 90
4
 70
1
 10
6397.71863552725
 20
31320.584132544845
 10
6397.71863552725
 20
31334.584132544845
 10
6373.71863552725
 20
31334.584132544845
 10
6373.71863552725
 20
31320.584132544845
  0
LWPOLYLINE
  5
286
330
17
100
AcDbEntity
  8
COLS
100
AcDbPolyline
 90
4
 70
1
 10
6769.28244602936
 20
31320.584132544842
 10
6769.28244602936
 20
31334.584132544842
 10
6745.28244602936
 20
31334.584132544842
 10
6745.28244602936
 20
31320.584132544842
  0
LWPOLYLINE
  5
287
330
17
100
AcDbEntity
  8
COLS
100
AcDbPolyline
 90
4
 70
1
 10
6770.28244602936
 20
31130.0466784523
 10
6756.28244602936
 20
31130.0466784523
 10
6756.28244602936
 20
31106.0466784523
 10
6770.28244602936
 20
31106.0466784523
  0
LWPOLYLINE
  5
288
330
17
100
AcDbEntity
  8
COLS
100
AcDbPolyline
 90
4
 70
1
 10
6267.94699674527
 20
30431.461807689317
 10
6267.94699674527
 20
30445.461807689317
 10
6243.94699674527
 20
30445.461807689317
 10
6243.94699674527
 20
30431.461807689317
  0
LWPOLYLINE
  5
289
330
17
100
AcDbEntity
  8
COLS
100
AcDbPolyline
 90
4
 70
1
 10
6644.468782954436
 20
30137.689469822963
 10
6644.468782954436
 20
30151.689469822963
 10
6620.468782954436
 20
30151.689469822963
 10
6620.468782954436
 20
30137.689469822963
  0
LWPOLYLINE
  5
28A
330
17
100
AcDbEntity
  8
COLS
100
AcDbPolyline
 90
4
 70
1
 10
6643.218352833956
 20
29946.74299434154
 10
6643.218352833956
 20
29960.74299434154
 10
6619.218352833956
 20
29960.74299434154
 10
6619.218352833956
 20
29946.74299434154
  0
LWPOLYLINE
  5
28B
330
17
100
AcDbEntity
  8
COLS
100
AcDbPolyline
 90
4
 70
1
 10
6446.0348908203905
 20
29946.742994341537
 10
6446.0348908203905
 20
29960.742994341537
 10
6422.0348908203905
 20
29960.742994341537
 10
6422.0348908203905
 20
29946.742994341537
  0
LWPOLYLINE
  5
28C
330
17
100
AcDbEntity
  8
COLS
100
AcDbPolyline
 90
4
 70
1
 10
6017.680210406836
 20
30160.91194853143
 10
6018.453570893458
 20
30174.89057198146
 10
5994.490216407694
 20
30176.216332815668
 10
5993.716855921071
 20
30162.23770936564
  0
LWPOLYLINE
  5
28D
330
17
100
AcDbEntity
  8
COLS
100
AcDbPolyline
 90
4
 70
1
 10
4625.216722623229
 20
30524.985598696585
 10
4631.468915722167
 20
30537.511974128196
 10
4609.995129267982
 20
30548.23001944066
 10
4603.742936169043
 20
30535.703644009052
  0
LWPOLYLINE
  5
28E
330
17
100
AcDbEntity
  8
COLS
100
AcDbPolyline
 90
4
 70
1
 10
4552.940692796421
 20
30398.932760621883
 10
4540.4143173648135
 20
30405.18495372082
 10
4529.69627205235
 20
30383.711167266636
 10
4542.222647483957
 20
30377.458974167697
  0
LWPOLYLINE
  5
28F
330
17
100
AcDbEntity
  8
COLS
100
AcDbPolyline
 90
4
 70
1
 10
4353.021064705448
 20
31363.50364426209
 10
4353.021064705448
 20
31377.50364426209
 10
4329.021064705448
 20
31377.50364426209
 10
4329.021064705448
 20
31363.50364426209
  0
LWPOLYLINE
  5
290
330
17
100
AcDbEntity
  8
COLS
100
AcDbPolyline
 90
4
 70
1
 10
4821.794047725583
 20
31158.586492108217
 10
4816.9242666762875
 20
31147.619029660964
 10
4833.375460347168
 20
31140.31435808702
 10
4838.245241396464
 20
31151.281820534274
  0
LWPOLYLINE
  5
291
330
17
100
AcDbEntity
  8
COLS
100
AcDbPolyline
 90
4
 70
1
 10
5270.829871566519
 20
30978.488516605907
 10
5257.671876503144
 20
30983.270479164545
 10
5249.474226402621
 20
30960.713916198758
 10
5262.632221465996
 20
30955.93195364012
  0
LWPOLYLINE
  5
292
330
17
100
AcDbEntity
  8
COLS
100
AcDbPolyline
 90
4
 70
1
 10
5151.894317497576
 20
30651.226767039843
 10
5138.736322434201
 20
30656.00872959848
 10
5130.538672333678
 20
30633.4521666327
 10
5143.696667397053
 20
30628.670204074057
  0
LWPOLYLINE
  5
293
330
17
100
AcDbEntity
  8
COLS
100
AcDbPolyline
 90
4
 70
1
 10
7334.1556300738575
 20
29946.742994341534
 10
7348.1556300738575
 20
29946.742994341534
 10
7348.1556300738575
 20
29982.742994341534
 10
7334.1556300738575
 20
29982.742994341534
  0
LWPOLYLINE
  5
294
330
17
100
AcDbEntity
  8
COLS
100
AcDbPolyline
 90
4
 70
1
 10
7739.032123636569
 20
29946.742994341534
 10
7753.032123636569
 20
29946.742994341534
 10
7753.032123636569
 20
29982.742994341534
 10
7739.032123636569
 20
29982.742994341534
  0
LWPOLYLINE
  5
295
330
17
100
AcDbEntity
  8
COLS
100
AcDbPolyline
 90
4
 70
1
 10
8340.105060956053
 20
29946.742994341534
 10
8354.105060956053
 20
29946.742994341534
 10
8354.105060956053
 20
29982.742994341534
 10
8340.105060956053
 20
29982.742994341534
  0
LWPOLYLINE
  5
296
330
17
100
AcDbEntity
  8
COLS
100
AcDbPolyline
 90
4
 70
1
 10
8615.10350952489
 20
29946.74299434153
 10
8629.10350952489
 20
29946.74299434153
 10
8629.10350952489
 20
29982.74299434153
 10
8615.10350952489
 20
29982.74299434153
  0
LWPOLYLINE
  5
297
330
17
100
AcDbEntity
  8
COLS
100
AcDbPolyline
 90
4
 70
1
 10
9025.754345581388
 20
29946.74299434153
 10
9039.754345581388
 20
29946.74299434153
 10
9039.754345581388
 20
29982.74299434153
 10
9025.754345581388
 20
29982.74299434153
  0
LWPOLYLINE
  5
298
330
17
100
AcDbEntity
  8
COLS
100
AcDbPolyline
 90
4
 70
1
 10
9173.591529151396
 20
30472.779728916772
 10
9187.591529151396
 20
30472.779728916772
 10
9187.591529151396
 20
30508.779728916772
 10
9173.591529151396
 20
30508.779728916772
  0
LWPOLYLINE
  5
299
330
17
100
AcDbEntity
  8
COLS
100
AcDbPolyline
 90
4
 70
1
 10
9402.856779438647
 20
31270.89530207552
 10
9402.856779438647
 20
31284.89530207552
 10
9366.856779438647
 20
31284.89530207552
 10
9366.856779438647
 20
31270.89530207552
  0
LWPOLYLINE
  5
29A
330
17
100
AcDbEntity
  8
COLS
100
AcDbPolyline
 90
4
 70
1
 10
8983.179193266264
 20
30986.883820988172
 10
8983.179193266264
 20
31000.883820988172
 10
8947.179193266264
 20
31000.883820988172
 10
8947.179193266264
 20
30986.883820988172
  0
LWPOLYLINE
  5
29B
330
17
100
AcDbEntity
  8
COLS
100
AcDbPolyline
 90
4
 70
1
 10
8263.74965322185
 20
30986.88382098816
 10
8263.74965322185
 20
31000.88382098816
 10
8227.74965322185
 20
31000.88382098816
 10
8227.74965322185
 20
30986.88382098816
  0
LWPOLYLINE
  5
29C
330
17
100
AcDbEntity
  8
COLS
100
AcDbPolyline
 90
4
 70
1
 10
7955.45264164798
 20
30986.883820988165
 10
7955.45264164798
 20
31000.883820988165
 10
7919.45264164798
 20
31000.883820988165
 10
7919.45264164798
 20
30986.883820988165
  0
LWPOLYLINE
  5
29D
330
17
100
AcDbEntity
  8
COLS
100
AcDbPolyline
 90
4
 70
1
 10
8488.103652780326
 20
30986.883820988165
 10
8488.103652780326
 20
31000.883820988165
 10
8452.103652780326
 20
31000.883820988165
 10
8452.103652780326
 20
30986.883820988165
  0
LWPOLYLINE
  5
29E
330
17
100
AcDbEntity
  8
COLS
100
AcDbPolyline
 90
4
 70
1
 10
8565.279690389409
 20
30472.779728916757
 10
8579.279690389409
 20
30472.779728916757
 10
8579.279690389409
 20
30508.779728916757
 10
8565.279690389409
 20
30508.779728916757
  0
LWPOLYLINE
  5
29F
330
17
100
AcDbEntity
  8
COLS
100
AcDbPolyline
 90
4
 70
1
 10
6397.71863552725
 20
31123.717214020573
 10
6397.71863552725
 20
31137.717214020573
 10
6373.71863552725
 20
31137.717214020573
 10
6373.71863552725
 20
31123.717214020573
  0
LWPOLYLINE
  5
2A0
330
17
100
AcDbEntity
  8
COLS
100
AcDbPolyline
 90
4
 70
1
 10
5362.857263514232
 20
30733.60338515558
 10
5365.503491078029
 20
30747.35102057701
 10
5341.936116069859
 20
30751.887410686377
 10
5339.289888506062
 20
30738.139775264946
  0
LWPOLYLINE
  5
2A1
330
17
100
AcDbEntity
  8
COLS
100
AcDbPolyline
 90
4
 70
1
 10
6008.7000850878285
 20
30016.148122922412
 10
5994.721369396953
 20
30016.9198143333
 10
5993.398469835425
 20
29992.956301720373
 10
6007.3771855263
 20
29992.18461030948
  0
LWPOLYLINE
  5
2A2
330
17
100
AcDbEntity
  8
COLS
100
AcDbPolyline
 90
4
 70
1
 10
5184.589214102854
 20
30796.815378325107
 10
5179.807251544216
 20
30783.657383261732
 10
5202.363814510003
 20
30775.459733161213
 10
5207.145777068641
 20
30788.617728224588
  0
LWPOLYLINE
  5
2A3
330
17
100
AcDbEntity
  8
COLS
100
AcDbPolyline
 90
4
 70
1
 10
7636.155630074109
 20
30986.88382098817
 10
7636.155630074109
 20
31000.88382098817
 10
7600.155630074109
 20
31000.88382098817
 10
7600.155630074109
 20
30986.88382098817
  0
LWPOLYLINE
  5
2A4
330
17
100
AcDbEntity
  8
COLS
100
AcDbPolyline
 90
4
 70
1
 10
7600.5518896191425
 20
29946.742994341534
 10
7614.5518896191425
 20
29946.742994341534
 10
7614.5518896191425
 20
29982.742994341534
 10
7600.5518896191425
 20
29982.742994341534
  0
LWPOLYLINE
  5
2A5
330
17
100
AcDbEntity
  8
COLS
100
AcDbPolyline
 90
4
 70
1
 10
6533.265913838592
 20
30952.78589985805
 10
6519.265913838592
 20
30952.78589985805
 10
6519.265913838592
 20
30928.78589985805
 10
6533.265913838592
 20
30928.78589985805
  0
LWPOLYLINE
  5
2A6
330
17
100
AcDbEntity
  8
COLS
100
AcDbPolyline
 90
4
 70
1
 10
9199.689959063551
 20
30289.1470970585
 10
9199.689959063551
 20
30253.1470970585
 10
9185.68995906355
 20
30253.1470970585
 10
9185.68995906355
 20
30289.1470970585
  0
LWPOLYLINE
  5
2A7
330
17
100
AcDbEntity
  8
WALL
100
AcDbPolyline
 90
5
 70
1
 10
5620.920340506775
 20
30514.8836558538
 10
5615.302296931262
 20
30515.964853372556
 10
5611.100536915084
 20
30516.77348585161
 10
5667.158704099684
 20
30808.05904704003
 10
5676.978507691374
 20
30806.169217042217
  0
LWPOLYLINE
  5
2A8
330
17
100
AcDbEntity
  8
WALL
100
AcDbPolyline
 90
4
 70
1
 10
4534.822672332732
 20
30907.921253786568
 10
4526.080838226317
 20
30912.777212647314
 10
4670.124450950043
 20
31172.086380499786
 10
4678.866267515128
 20
31167.23039006091
  0
LWPOLYLINE
  5
2A9
330
17
100
AcDbEntity
  8
WALL
100
AcDbPolyline
 90
5
 70
1
 10
4055.4966982851583
 20
31265.128644262142
 10
4051.7636719312613
 20
31265.128644262142
 10
3869.4966982851565
 20
31265.128644262142
 10
3869.4966982851565
 20
31273.12864426214
 10
4055.4966982851583
 20
31273.12864426214
  0
LWPOLYLINE
  5
2AA
330
17
100
AcDbEntity
  8
WALL
100
AcDbPolyline
 90
5
 70
1
 10
4101.49669828516
 20
31273.12864426214
 10
4101.49669828516
 20
31321.356823034217
 10
4101.49669828516
 20
31377.128644262142
 10
4109.496698285162
 20
31377.128644262142
 10
4109.496698285162
 20
31273.12864426214
  0
LWPOLYLINE
  5
2AB
330
17
100
AcDbEntity
  8
WALL
100
AcDbPolyline
 90
5
 70
1
 10
4101.49669828516
 20
31369.12864426214
 10
4051.7636719312613
 20
31369.12864426214
 10
3869.4966982851565
 20
31369.128644262142
 10
3869.4966982851565
 20
31377.128644262142
 10
4101.49669828516
 20
31377.128644262142
  0
LWPOLYLINE
  5
2AC
330
17
100
AcDbEntity
  8
WALL
100
AcDbPolyline
 90
5
 70
1
 10
3869.4966982851565
 20
31273.12864426214
 10
3869.4966982851565
 20
31321.356823034217
 10
3869.4966982851565
 20
31369.128644262142
 10
3877.49669828516
 20
31369.128644262142
 10
3877.49669828516
 20
31273.12864426214
  0
LWPOLYLINE
  5
2AD
330
17
100
AcDbEntity
  8
WALL
100
AcDbPolyline
 90
6
 70
1
 10
6565.690718746573
 20
30530.711618511974
 10
6565.690718746573
 20
30530.727555720805
 10
6459.66709669933
 20
30530.727555720805
 10
6459.66709669933
 20
30538.711618511974
 10
6683.2939272967105
 20
30538.711618511974
 10
6683.2939272967105
 20
30530.727555720805
  0
LWPOLYLINE
  5
2AE
330
17
100
AcDbEntity
  8
WALL
100
AcDbPolyline
 90
4
 70
1
 10
6691.293927296709
 20
30441.71180768931
 10
6683.2939272967105
 20
30441.71180768931
 10
6683.2939272967105
 20
30588.743227267016
 10
6691.293927296709
 20
30588.743227267016
  0
LWPOLYLINE
  5
2AF
330
17
100
AcDbEntity
  8
WALL
100
AcDbPolyline
 90
6
 70
1
 10
6639.689671931263
 20
30634.743227267012
 10
6531.859421931264
 20
30634.743227267012
 10
6451.6670966993315
 20
30634.743227267012
 10
6451.6670966993315
 20
30642.743227267012
 10
6683.2939272967105
 20
30642.74322726701
 10
6683.2939272967105
 20
30634.743227267012
  0
LWPOLYLINE
  5
2B0
330
17
100
AcDbEntity
  8
WALL
100
AcDbPolyline
 90
5
 70
1
 10
6451.6670966993315
 20
30441.71180768931
 10
6451.6670966993315
 20
30454.558198034218
 10
6451.6670966993315
 20
30634.743227267012
 10
6459.66709669933
 20
30634.743227267012
 10
6459.66709669933
 20
30441.71180768931
  0
LWPOLYLINE
  5
2B1
330
17
100
AcDbEntity
  8
WALL
100
AcDbPolyline
 90
5
 70
1
 10
6464.465515681262
 20
30433.71180768931
 10
6451.6670966993315
 20
30433.71180768931
 10
6451.6670966993315
 20
30441.71180768931
 10
6508.702529770197
 20
30441.71180768931
 10
6508.702529770197
 20
30433.71180768931
  0
LWPOLYLINE
  5
2B2
330
17
100
AcDbEntity
  8
WALL
100
AcDbPolyline
 90
5
 70
1
 10
6691.293927296709
 20
30433.71180768931
 10
6683.293927296709
 20
30433.71180768931
 10
6634.258494225842
 20
30433.71180768931
 10
6634.258494225842
 20
30441.71180768931
 10
6691.293927296709
 20
30441.71180768931
  0
LWPOLYLINE
  5
2B3
330
17
100
AcDbEntity
  8
WALL
100
AcDbPolyline
 90
5
 70
1
 10
6528.220029916671
 20
31124.296678452294
 10
6528.186587307735
 20
31124.296678452294
 10
6528.186587307735
 20
31132.296678452294
 10
6666.3125715595015
 20
31132.296678452294
 10
6666.3125715595015
 20
31124.296678452294
  0
LWPOLYLINE
  5
2B4
330
17
100
AcDbEntity
  8
WALL
100
AcDbPolyline
 90
4
 70
1
 10
6528.186587307735
 20
31224.304552468155
 10
6528.186587307735
 20
31232.304552468155
 10
6658.3125715595015
 20
31232.304552468155
 10
6658.3125715595015
 20
31224.304552468155
  0
LWPOLYLINE
  5
2B5
330
17
100
AcDbEntity
  8
WALL
100
AcDbPolyline
 90
5
 70
1
 10
6528.186587307735
 20
31132.296678452294
 10
6528.186587307735
 20
31163.75707303422
 10
6528.186587307735
 20
31224.304552468155
 10
6536.186587307737
 20
31224.304552468155
 10
6536.186587307737
 20
31132.296678452567
  0
LWPOLYLINE
  5
2B6
330
17
100
AcDbEntity
  8
WALL
100
AcDbPolyline
 90
6
 70
1
 10
9011.955171931264
 20
30285.15472891675
 10
8904.124921931265
 20
30285.15472891675
 10
8756.14624354231
 20
30285.15472891675
 10
8756.14624354231
 20
30292.77972891675
 10
9195.314959063544
 20
30292.77972891675
 10
9195.314959063544
 20
30285.15472891675
  0
LWPOLYLINE
  5
2B7
330
17
100
AcDbEntity
  8
WALL
100
AcDbPolyline
 90
5
 70
1
 10
9195.314959063544
 20
30039.17308800007
 10
9195.314959063544
 20
30118.772097058434
 10
9195.314959063544
 20
30292.77972891675
 10
9203.314959063542
 20
30292.77972891675
 10
9203.314959063542
 20
30039.17308800007
  0
LWPOLYLINE
  5
2B8
330
17
100
AcDbEntity
  8
WALL
100
AcDbPolyline
 90
5
 70
1
 10
8911.279690389425
 20
30989.308166077815
 10
8580.634171931264
 20
30989.308166077815
 10
8488.103652780317
 20
30989.308166077815
 10
8488.103652780317
 20
31000.88382098818
 10
8911.279690389425
 20
31000.88382098818
  0
LWPOLYLINE
  5
2B9
330
17
100
AcDbEntity
  8
WALL
100
AcDbPolyline
 90
4
 70
1
 10
7636.155630074098
 20
30989.308166077815
 10
7636.155630074098
 20
31000.88382098818
 10
7919.452641647969
 20
31000.88382098818
 10
7919.452641647969
 20
30989.308166077815
  0
LWPOLYLINE
  5
2BA
330
17
100
AcDbEntity
  8
WALL
100
AcDbPolyline
 90
5
 70
1
 10
8452.103652780317
 20
30989.308166077815
 10
8445.846359431263
 20
30989.308166077815
 10
8263.74965322184
 20
30989.308166077815
 10
8263.74965322184
 20
31000.88382098818
 10
8452.103652780317
 20
31000.88382098818
  0
LWPOLYLINE
  5
2BB
330
17
100
AcDbEntity
  8
WALL
100
AcDbPolyline
 90
4
 70
1
 10
7955.452641647969
 20
30989.308166077815
 10
7955.452641647969
 20
31000.88382098818
 10
8227.74965322184
 20
31000.88382098818
 10
8227.74965322184
 20
30989.308166077815
  0
LWPOLYLINE
  5
2BC
330
17
100
AcDbEntity
  8
WALL
100
AcDbPolyline
 90
11
 70
1
 10
6767.6574460293505
 20
30442.08680768931
 10
6767.6574460293505
 20
30480.824823034218
 10
6767.657446029349
 20
31106.046678452294
 10
6770.282446029349
 20
31106.046678452294
 10
6770.282446029349
 20
31130.046678452294
 10
6767.6574460293505
 20
31130.046678452294
 10
6767.6574460293505
 20
31320.58413254484
 10
6769.282446029349
 20
31320.584132544835
 10
6769.282446029349
 20
31329.14663254484
 10
6775.282446029349
 20
31329.14663254484
 10
6775.282446029349
 20
30442.08680768931
  0
LWPOLYLINE
  5
2BD
330
17
100
AcDbEntity
  8
WALL
100
AcDbPolyline
 90
5
 70
1
 10
6775.282446029349
 20
31338.14663254484
 10
6774.4774844312615
 20
31338.14663254484
 10
6765.282446029347
 20
31338.14663254484
 10
6765.282446029347
 20
31691.25138962879
 10
6775.282446029349
 20
31689.894399495326
  0
LWPOLYLINE
  5
2BE
330
17
100
AcDbEntity
  8
WALL
100
AcDbPolyline
 90
4
 70
1
 10
6909.1375446239745
 20
30285.15472891676
 10
6901.512544623978
 20
30285.15472891676
 10
6901.512544623978
 20
30376.68832086758
 10
6909.1375446239745
 20
30376.68832086758
  0
LWPOLYLINE
  5
2BF
330
17
100
AcDbEntity
  8
WALL
100
AcDbPolyline
 90
6
 70
1
 10
8499.761484431263
 20
30285.154728916754
 10
8472.803921931263
 20
30285.154728916757
 10
6909.1375446239745
 20
30285.15472891676
 10
6909.1375446239745
 20
30292.779728916757
 10
8579.279690389398
 20
30292.77972891675
 10
8579.279690389398
 20
30285.154728916754
  0
LWPOLYLINE
  5
2C0
330
17
100
AcDbEntity
  8
WALL
100
AcDbPolyline
 90
5
 70
1
 10
8688.464421931263
 20
30283.029728916757
 10
8683.312776708988
 20
30283.029728916757
 10
8683.312776708988
 20
30512.773010299883
 10
8691.312776708986
 20
30512.773010299883
 10
8691.312776708986
 20
30283.029728916757
  0
LWPOLYLINE
  5
2C1
330
17
100
AcDbEntity
  8
WALL
100
AcDbPolyline
 90
4
 70
1
 10
8756.14624354231
 20
30285.154728916754
 10
8691.312776708986
 20
30285.154728916757
 10
8691.312776708986
 20
30292.779728916757
 10
8756.14624354231
 20
30292.779728916754
  0
LWPOLYLINE
  5
2C2
330
17
100
AcDbEntity
  8
WALL
100
AcDbPolyline
 90
5
 70
1
 10
6855.350171931263
 20
30434.46180768931
 10
6820.657446029349
 20
30434.46180768931
 10
6820.657446029349
 20
30442.08680768931
 10
6901.512544623978
 20
30442.08680768931
 10
6901.512544623978
 20
30434.46180768931
  0
LWPOLYLINE
  5
2C3
330
17
100
AcDbEntity
  8
WALL
100
AcDbPolyline
 90
5
 70
1
 10
8631.043936494887
 20
30284.779728916757
 10
8631.043936494887
 20
30286.02972891675
 10
8631.043936494887
 20
30292.77972891675
 10
8683.312776708988
 20
30292.77972891675
 10
8683.312776708988
 20
30284.779728916757
  0
LWPOLYLINE
  5
2C4
330
17
100
AcDbEntity
  8
WALL
100
AcDbPolyline
 90
5
 70
1
 10
8587.279690389398
 20
30292.77972891675
 10
8580.634171931264
 20
30292.77972891675
 10
8579.279690389398
 20
30292.77972891675
 10
8579.279690389398
 20
30508.773010299883
 10
8587.279690389398
 20
30508.773010299883
  0
LWPOLYLINE
  5
2C5
330
17
100
AcDbEntity
  8
WALL
100
AcDbPolyline
 90
6
 70
1
 10
8587.279690389398
 20
30508.773010299883
 10
8580.634171931264
 20
30508.773010299883
 10
8579.279690389398
 20
30508.773010299883
 10
8579.279690389398
 20
30516.773010299883
 10
8683.312776708988
 20
30516.773010299883
 10
8683.312776708988
 20
30508.773010299883
  0
LWPOLYLINE
  5
2C6
330
17
100
AcDbEntity
  8
WALL
100
AcDbPolyline
 90
5
 70
1
 10
7592.2806300740995
 20
30988.883820988165
 10
7583.204359431264
 20
30988.883820988165
 10
7292.15563007409
 20
30988.883820988165
 10
7292.15563007409
 20
31000.883820988165
 10
7592.2806300740995
 20
31000.883820988165
  0
LWPOLYLINE
  5
2C7
330
17
100
AcDbEntity
  8
WALL
100
AcDbPolyline
 90
5
 70
1
 10
9606.754187958875
 20
31720.99771949127
 10
9011.955171931264
 20
31720.997719491275
 10
7378.063971526728
 20
31720.997719491286
 10
7379.421016933751
 20
31730.997719491283
 10
9606.754187958875
 20
31730.99771949127
  0
LWPOLYLINE
  5
2C8
330
17
100
AcDbEntity
  8
WALL
100
AcDbPolyline
 90
5
 70
1
 10
7372.929121360341
 20
31608.794335323328
 10
7367.543859431264
 20
31609.525110053713
 10
7363.019940110995
 20
31610.13900144193
 10
7378.063971526728
 20
31720.997719491286
 10
7388.155630074103
 20
31720.997719491286
  0
LWPOLYLINE
  5
2C9
330
17
100
AcDbEntity
  8
WALL
100
AcDbPolyline
 90
5
 70
1
 10
7363.019940110995
 20
31610.13900144193
 10
7361.909419197318
 20
31610.28969803422
 10
6765.282446029347
 20
31691.25138962879
 10
6765.282446029347
 20
31701.34304074356
 10
7364.364660010775
 20
31620.04817539308
  0
LWPOLYLINE
  5
2CA
330
17
100
AcDbEntity
  8
WALL
100
AcDbPolyline
 90
5
 70
1
 10
3752.447346860934
 20
30855.71204227878
 10
3744.1285302597134
 20
30861.31146531169
 10
3977.383597124217
 20
31157.61971028847
 10
3982.9460694594345
 20
31153.24090923086
 10
3961.017430281747
 20
31120.662494176064
  0
LWPOLYLINE
  5
2CB
330
17
100
AcDbEntity
  8
BOUNDARY
100
AcDbPolyline
 90
147
 70
1
 10
7378.063971526741
 20
31720.99771949129
 10
7408.044042536914
 20
31730.282419846055
 10
8104.149129982254
 20
31730.282419846055
 10
8133.679690389419
 20
31720.997719491283
 10
8133.679690389419
 20
31014.51087647929
 10
8150.811056272418
 20
31000.88382098818
 10
8227.74965322185
 20
31000.88382098818
 10
8258.82736294497
 20
31010.282419846055
 10
8392.879690389424
 20
31010.282419846055
 10
8392.879690389424
 20
31720.997719491283
 10
8421.989065429421
 20
31730.282419846055
 10
9310.123142514853
 20
31730.282419846055
 10
9319.842959942642
 20
31580.72070756993
 10
9439.679533748249
 20
31580.282419846055
 10
9456.830177942633
 20
31608.83135012217
 10
9503.12918795888
 20
31610.282419846055
 10
9503.12918795888
 20
31720.99771949128
 10
9616.754187958883
 20
31730.282419846055
 10
9616.754187958883
 20
31486.77030207552
 10
9596.610113903705
 20
31482.46199275404
 10
9596.17071423303
 20
31297.5780277304
 10
9540.019586289403
 20
31031.13458859051
 10
9551.300926454685
 20
31010.752925986893
 10
9378.021700555124
 20
30404.749196190907
 10
9366.963060361184
 20
30402.448450453638
 10
9374.991536086682
 20
30394.15190179374
 10
9365.763864231447
 20
30361.880268927333
 10
9354.680368836975
 20
30359.492597915843
 10
9362.708844562474
 20
30351.196049255945
 10
9344.284807276159
 20
30286.76227044926
 10
9234.84535685447
 20
30282.779728916757
 10
9203.314959063553
 20
30292.779728916772
 10
9195.314959063551
 20
30260.081922311103
 10
9203.314959063551
 20
29943.117994341534
 10
9045.25091671845
 20
29942.495329895763
 10
9035.191845581441
 20
29932.4929177326
 10
9034.716579502367
 20
29875.11799434152
 10
8783.646243542265
 20
29875.11799434152
 10
8783.646243542265
 20
29925.643713939204
 10
8771.281247666517
 20
29942.495329895763
 10
8636.140852030418
 20
29942.495329895763
 10
8625.54100952488
 20
29936.182504553122
 10
8625.541009524883
 20
29875.117994341526
 10
8343.667560956057
 20
29875.117994341526
 10
8343.667560956057
 20
29924.273026884264
 10
8327.281247666517
 20
29942.495329895763
 10
8031.487079076527
 20
29942.495329895763
 10
8024.468072205396
 20
29875.117994341526
 10
7709.91438117058
 20
29870.282419846055
 10
7349.614558263911
 20
29875.117994341534
 10
7349.614558263911
 20
29922.985685044587
 10
7331.281247666517
 20
29942.495329895763
 10
7030.773514989951
 20
29942.495329895763
 10
7019.53025406939
 20
29933.80079711067
 10
7019.281247666517
 20
29875.117994341534
 10
6443.221610577195
 20
29875.117994341537
 10
6307.140120025058
 20
29865.117994341545
 10
6288.866423561813
 20
29904.897019687516
 10
5979.0270778781905
 20
29922.002811493887
 10
5981.404772822476
 20
29965.073294275055
 10
5954.834486483593
 20
29990.432269998277
 10
5877.059732956297
 20
29994.725805299262
 10
5846.572996549523
 20
29968.815958091764
 10
5835.848259957846
 20
29935.657934659157
 10
5651.006699868141
 20
29965.586564042824
 10
5524.026990082224
 20
29961.76438971337
 10
5507.281247666517
 20
29971.467605700942
 10
5505.732884997387
 20
30000.830782515186
 10
5240.842769063382
 20
30042.183221702748
 10
5043.533795902154
 20
30108.84218575271
 10
5048.098053202082
 20
30122.0192678355
 10
4921.972921802004
 20
30137.109198316415
 10
4907.281247666517
 20
30151.326533489213
 10
4905.833278701535
 20
30174.730388811036
 10
4826.216925287181
 20
30184.11606715289
 10
4649.2645383880445
 20
30245.408561137487
 10
4343.749006009677
 20
30396.471334169553
 10
4354.840471700472
 20
30418.69327471604
 10
4327.353193879768
 20
30434.282419846055
 10
4227.002457160073
 20
30440.12055558499
 10
4216.362420081992
 20
30461.477508736083
 10
4061.009937737146
 20
30566.045779628585
 10
4072.75253507852
 20
30583.49124020252
 10
4049.2753591333294
 20
30605.28830837924
 10
3984.5055955213575
 20
30608.282419846055
 10
3935.2812476665167
 20
30633.854833744394
 10
3931.9433211190208
 20
30686.282419846055
 10
3870.2201106143366
 20
30694.467044773402
 10
3714.867628269494
 20
30799.035315665908
 10
3550.7997211986294
 20
30929.710594163804
 10
3560.3707064875925
 20
30941.858191432773
 10
3539.2812476665167
 20
30964.475296897046
 10
3539.2812476665167
 20
30982.478014675806
 10
3557.0253450490673
 20
31010.603580780953
 10
3529.367554783659
 20
31032.78527848331
 10
3505.3192342613565
 20
31010.282419846055
 10
3450.563141617835
 20
31020.3190762999
 10
3444.377493941285
 20
31012.498145915626
 10
3413.2812476665167
 20
31037.53372378866
 10
3413.100346011577
 20
31067.463321500996
 10
3373.4783756277884
 20
31088.23606674876
 10
3365.602477950755
 20
31078.239892872858
 10
3292.2812476665167
 20
31137.04391697322
 10
3292.536290752598
 20
31400.282419846055
 10
3352.545350015127
 20
31400.282419846055
 10
3360.281247666515
 20
31382.8786442621
 10
4456.238048253455
 20
31382.87864426209
 10
4562.063265829354
 20
31311.065621911086
 10
4825.579616725921
 20
31172.671604684056
 10
4850.9306455649075
 20
31150.266798937308
 10
5385.660003170517
 20
30946.3319788324
 10
5397.113139364301
 20
30961.45052814827
 10
5396.033891275169
 20
30942.561834196764
 10
5412.975156592465
 20
30956.282419846055
 10
5412.883605371797
 20
30937.496617049335
 10
5528.035057623589
 20
30904.47149893244
 10
5846.203823642252
 20
30843.627512379266
 10
5975.024425478212
 20
30830.57843352401
 10
5988.819589560691
 20
30848.282419846055
 10
5998.077261421306
 20
30819.19720484504
 10
6144.251521263544
 20
30804.39026079956
 10
6161.390923225557
 20
30830.282419846055
 10
6202.484604447782
 20
30832.48577662732
 10
6203.281247666517
 20
30904.166667316782
 10
6215.2267087207765
 20
30920.723399858034
 10
6215.2267087207765
 20
31099.711281508888
 10
6197.281247666517
 20
31121.717214020573
 10
6131.789208720775
 20
31121.717214020573
 10
6131.789208720775
 20
31179.501821024158
 10
6113.281247666517
 20
31184.765178769234
 10
6113.281247666517
 20
31316.7851091468
 10
6131.789208720775
 20
31321.7598357896
 10
6128.577980941685
 20
31358.282419846055
 10
6763.2557272562335
 20
31358.282419846055
 10
6763.2557272562335
 20
31699.608738717892
 10
7120.573855842624
 20
31653.13034698156
 10
7134.903187059685
 20
31670.282419846055
 10
7137.357102225611
 20
31650.852877006644
 10
7166.072199350354
 20
31646.95626665868
 10
7174.424247169216
 20
31664.282419846055
 10
7177.442417754872
 20
31645.413339239654
 10
7211.570542858079
 20
31640.782186335797
 10
7225.947119131251
 20
31658.282419846055
 10
7228.151915108558
 20
31638.532110481483
 10
7257.0688863658015
 20
31634.608106012918
 10
7265.468179240783
 20
31652.282419846055
 10
7368.49926670949
 20
31650.515886180852
  0
TEXT
  5
2CC
330
17
100
AcDbEntity
  8
COL-LABEL
100
AcDbText
 10
3404.406247666515
 20
31382.0036442621
 30
0.0
 40
18.0
  1
C1
 11
3404.406247666515
 21
31382.0036442621
 31
0.0
100
AcDbText
  0
TEXT
  5
2CD
330
17
100
AcDbEntity
  8
COL-LABEL
100
AcDbText
 10
3402.8296281209914
 20
31200.772343137163
 30
0.0
 40
18.0
  1
C2
 11
3402.8296281209914
 21
31200.772343137163
 31
0.0
100
AcDbText
  0
TEXT
  5
2CE
330
17
100
AcDbEntity
  8
COL-LABEL
100
AcDbText
 10
3627.9282912220388
 20
31018.016708183466
 30
0.0
 40
18.0
  1
C3
 11
3627.9282912220388
 21
31018.016708183466
 31
0.0
100
AcDbText
  0
TEXT
  5
2CF
330
17
100
AcDbEntity
  8
COL-LABEL
100
AcDbText
 10
3618.3624151931454
 20
31272.747262321856
 30
0.0
 40
18.0
  1
C4
 11
3618.3624151931454
 21
31272.747262321856
 31
0.0
100
AcDbText
  0
TEXT
  5
2D0
330
17
100
AcDbEntity
  8
COL-LABEL
100
AcDbText
 10
3739.673012876472
 20
31382.003644262095
 30
0.0
 40
18.0
  1
C5
 11
3739.673012876472
 21
31382.003644262095
 31
0.0
100
AcDbText
  0
TEXT
  5
2D1
330
17
100
AcDbEntity
  8
COL-LABEL
100
AcDbText
 10
3767.195448446919
 20
31195.78631519151
 30
0.0
 40
18.0
  1
C6
 11
3767.195448446919
 21
31195.78631519151
 31
0.0
100
AcDbText
  0
TEXT
  5
2D2
330
17
100
AcDbEntity
  8
COL-LABEL
100
AcDbText
 10
4036.021108087052
 20
30727.951654513094
 30
0.0
 40
18.0
  1
C7
 11
4036.021108087052
 21
30727.951654513094
 31
0.0
100
AcDbText
  0
TEXT
  5
2D3
330
17
100
AcDbEntity
  8
COL-LABEL
100
AcDbText
 10
4159.825024517228
 20
30904.466858830714
 30
0.0
 40
18.0
  1
C8
 11
4159.825024517228
 21
30904.466858830714
 31
0.0
100
AcDbText
  0
TEXT
  5
2D4
330
17
100
AcDbEntity
  8
COL-LABEL
100
AcDbText
 10
4273.297398070705
 20
31105.116540520525
 30
0.0
 40
18.0
  1
C9
 11
4273.297398070705
 21
31105.116540520525
 31
0.0
100
AcDbText
  0
TEXT
  5
2D5
330
17
100
AcDbEntity
  8
COL-LABEL
100
AcDbText
 10
4289.111475512582
 20
30557.261909031913
 30
0.0
 40
18.0
  1
C10
 11
4289.111475512582
 21
30557.261909031913
 31
0.0
100
AcDbText
  0
TEXT
  5
2D6
330
17
100
AcDbEntity
  8
COL-LABEL
100
AcDbText
 10
4357.521064705448
 20
31382.00364426209
 30
0.0
 40
18.0
  1
C11
 11
4357.521064705448
 21
31382.00364426209
 31
0.0
100
AcDbText
  0
TEXT
  5
2D7
330
17
100
AcDbEntity
  8
COL-LABEL
100
AcDbText
 10
4401.033209660232
 20
30759.831571159222
 30
0.0
 40
18.0
  1
C12
 11
4401.033209660232
 21
30759.831571159222
 31
0.0
100
AcDbText
  0
TEXT
  5
2D8
330
17
100
AcDbEntity
  8
COL-LABEL
100
AcDbText
 10
4430.487630446993
 20
31336.761428399765
 30
0.0
 40
18.0
  1
C13
 11
4430.487630446993
 21
31336.761428399765
 31
0.0
100
AcDbText
  0
TEXT
  5
2D9
330
17
100
AcDbEntity
  8
COL-LABEL
100
AcDbText
 10
4557.440692796421
 20
30409.68495372082
 30
0.0
 40
18.0
  1
C14
 11
4557.440692796421
 21
30409.68495372082
 31
0.0
100
AcDbText
  0
TEXT
  5
2DA
330
17
100
AcDbEntity
  8
COL-LABEL
100
AcDbText
 10
4635.968915722167
 20
30552.73001944066
 30
0.0
 40
18.0
  1
C15
 11
4635.968915722167
 21
30552.73001944066
 31
0.0
100
AcDbText
  0
TEXT
  5
2DB
330
17
100
AcDbEntity
  8
COL-LABEL
100
AcDbText
 10
4692.982789440486
 20
30355.114779670836
 30
0.0
 40
18.0
  1
C16
 11
4692.982789440486
 21
30355.114779670836
 31
0.0
100
AcDbText
  0
TEXT
  5
2DC
330
17
100
AcDbEntity
  8
COL-LABEL
100
AcDbText
 10
4787.606047301386
 20
30566.366870548627
 30
0.0
 40
18.0
  1
C17
 11
4787.606047301386
 21
30566.366870548627
 31
0.0
100
AcDbText
  0
TEXT
  5
2DD
330
17
100
AcDbEntity
  8
COL-LABEL
100
AcDbText
 10
4840.540346889273
 20
30788.35822970365
 30
0.0
 40
18.0
  1
C18
 11
4840.540346889273
 21
30788.35822970365
 31
0.0
100
AcDbText
  0
TEXT
  5
2DE
330
17
100
AcDbEntity
  8
COL-LABEL
100
AcDbText
 10
4842.745241396464
 20
31163.086492108217
 30
0.0
 40
18.0
  1
C19
 11
4842.745241396464
 21
31163.086492108217
 31
0.0
100
AcDbText
  0
TEXT
  5
2DF
330
17
100
AcDbEntity
  8
COL-LABEL
100
AcDbText
 10
4957.858621991274
 20
31040.56336256794
 30
0.0
 40
18.0
  1
C20
 11
4957.858621991274
 21
31040.56336256794
 31
0.0
100
AcDbText
  0
TEXT
  5
2E0
330
17
100
AcDbEntity
  8
COL-LABEL
100
AcDbText
 10
4981.215475193652
 20
30254.967290388435
 30
0.0
 40
18.0
  1
C21
 11
4981.215475193652
 21
30254.967290388435
 31
0.0
100
AcDbText
  0
TEXT
  5
2E1
330
17
100
AcDbEntity
  8
COL-LABEL
100
AcDbText
 10
5058.828856331813
 20
30452.630633120145
 30
0.0
 40
18.0
  1
C22
 11
5058.828856331813
 21
30452.630633120145
 31
0.0
100
AcDbText
  0
TEXT
  5
2E2
330
17
100
AcDbEntity
  8
COL-LABEL
100
AcDbText
 10
5156.394317497576
 20
30660.50872959848
 30
0.0
 40
18.0
  1
C23
 11
5156.394317497576
 21
30660.50872959848
 31
0.0
100
AcDbText
  0
TEXT
  5
2E3
330
17
100
AcDbEntity
  8
COL-LABEL
100
AcDbText
 10
5211.645777068641
 20
30801.315378325107
 30
0.0
 40
18.0
  1
C24
 11
5211.645777068641
 21
30801.315378325107
 31
0.0
100
AcDbText
  0
TEXT
  5
2E4
330
17
100
AcDbEntity
  8
COL-LABEL
100
AcDbText
 10
5269.35180031494
 20
30154.642263076657
 30
0.0
 40
18.0
  1
C25
 11
5269.35180031494
 21
30154.642263076657
 31
0.0
100
AcDbText
  0
TEXT
  5
2E5
330
17
100
AcDbEntity
  8
COL-LABEL
100
AcDbText
 10
5275.329871566519
 20
30987.770479164545
 30
0.0
 40
18.0
  1
C26
 11
5275.329871566519
 21
30987.770479164545
 31
0.0
100
AcDbText
  0
TEXT
  5
2E6
330
17
100
AcDbEntity
  8
COL-LABEL
100
AcDbText
 10
5314.82337715386
 20
30615.200654951714
 30
0.0
 40
18.0
  1
C27
 11
5314.82337715386
 21
30615.200654951714
 31
0.0
100
AcDbText
  0
TEXT
  5
2E7
330
17
100
AcDbEntity
  8
COL-LABEL
100
AcDbText
 10
5328.044959531389
 20
30376.16620776407
 30
0.0
 40
18.0
  1
C28
 11
5328.044959531389
 21
30376.16620776407
 31
0.0
100
AcDbText
  0
TEXT
  5
2E8
330
17
100
AcDbEntity
  8
COL-LABEL
100
AcDbText
 10
5370.003491078029
 20
30756.387410686377
 30
0.0
 40
18.0
  1
C29
 11
5370.003491078029
 21
30756.387410686377
 31
0.0
100
AcDbText
  0
TEXT
  5
2E9
330
17
100
AcDbEntity
  8
COL-LABEL
100
AcDbText
 10
5408.757691828143
 20
30942.729317006237
 30
0.0
 40
18.0
  1
C30
 11
5408.757691828143
 21
30942.729317006237
 31
0.0
100
AcDbText
  0
TEXT
  5
2EA
330
17
100
AcDbEntity
  8
COL-LABEL
100
AcDbText
 10
5569.103719848894
 20
30098.28421310884
 30
0.0
 40
18.0
  1
C31
 11
5569.103719848894
 21
30098.28421310884
 31
0.0
100
AcDbText
  0
TEXT
  5
2EB
330
17
100
AcDbEntity
  8
COL-LABEL
100
AcDbText
 10
5617.600492719508
 20
30302.176583292727
 30
0.0
 40
18.0
  1
C32
 11
5617.600492719508
 21
30302.176583292727
 31
0.0
100
AcDbText
  0
TEXT
  5
2EC
330
17
100
AcDbEntity
  8
COL-LABEL
100
AcDbText
 10
5868.77775910395
 20
30041.717162580768
 30
0.0
 40
18.0
  1
C33
 11
5868.77775910395
 21
30041.717162580768
 31
0.0
100
AcDbText
  0
TEXT
  5
2ED
330
17
100
AcDbEntity
  8
COL-LABEL
100
AcDbText
 10
5891.168643184188
 20
30272.109463257722
 30
0.0
 40
18.0
  1
C34
 11
5891.168643184188
 21
30272.109463257722
 31
0.0
100
AcDbText
  0
TEXT
  5
2EE
330
17
100
AcDbEntity
  8
COL-LABEL
100
AcDbText
 10
5957.708966303915
 20
30547.040623480505
 30
0.0
 40
18.0
  1
C35
 11
5957.708966303915
 21
30547.040623480505
 31
0.0
100
AcDbText
  0
TEXT
  5
2EF
330
17
100
AcDbEntity
  8
COL-LABEL
100
AcDbText
 10
5986.411196780511
 20
30830.389252532477
 30
0.0
 40
18.0
  1
C36
 11
5986.411196780511
 21
30830.389252532477
 31
0.0
100
AcDbText
  0
TEXT
  5
2F0
330
17
100
AcDbEntity
  8
COL-LABEL
100
AcDbText
 10
6013.2000850878285
 20
30021.4198143333
 30
0.0
 40
18.0
  1
C37
 11
6013.2000850878285
 21
30021.4198143333
 31
0.0
100
AcDbText
  0
TEXT
  5
2F1
330
17
100
AcDbEntity
  8
COL-LABEL
100
AcDbText
 10
6022.953570893458
 20
30180.716332815668
 30
0.0
 40
18.0
  1
C38
 11
6022.953570893458
 21
30180.716332815668
 31
0.0
100
AcDbText
  0
TEXT
  5
2F2
330
17
100
AcDbEntity
  8
COL-LABEL
100
AcDbText
 10
6155.351708720775
 20
31167.279714020573
 30
0.0
 40
18.0
  1
C39
 11
6155.351708720775
 21
31167.279714020573
 31
0.0
100
AcDbText
  0
TEXT
  5
2F3
330
17
100
AcDbEntity
  8
COL-LABEL
100
AcDbText
 10
6155.351708720775
 20
31337.584132544845
 30
0.0
 40
18.0
  1
C40
 11
6155.351708720775
 21
31337.584132544845
 31
0.0
100
AcDbText
  0
TEXT
  5
2F4
330
17
100
AcDbEntity
  8
COL-LABEL
100
AcDbText
 10
6205.700056763668
 20
30809.183861686222
 30
0.0
 40
18.0
  1
C41
 11
6205.700056763668
 21
30809.183861686222
 31
0.0
100
AcDbText
  0
TEXT
  5
2F5
330
17
100
AcDbEntity
  8
COL-LABEL
100
AcDbText
 10
6239.1017087207765
 20
30966.598399858034
 30
0.0
 40
18.0
  1
C42
 11
6239.1017087207765
 21
30966.598399858034
 31
0.0
100
AcDbText
  0
TEXT
  5
2F6
330
17
100
AcDbEntity
  8
COL-LABEL
100
AcDbText
 10
6272.44699674527
 20
30449.961807689317
 30
0.0
 40
18.0
  1
C43
 11
6272.44699674527
 21
30449.961807689317
 31
0.0
100
AcDbText
  0
TEXT
  5
2F7
330
17
100
AcDbEntity
  8
COL-LABEL
100
AcDbText
 10
6309.44699674527
 20
30698.88873648415
 30
0.0
 40
18.0
  1
C44
 11
6309.44699674527
 21
30698.88873648415
 31
0.0
100
AcDbText
  0
TEXT
  5
2F8
330
17
100
AcDbEntity
  8
COL-LABEL
100
AcDbText
 10
6319.159890818555
 20
29987.24299434154
 30
0.0
 40
18.0
  1
C45
 11
6319.159890818555
 21
29987.24299434154
 31
0.0
100
AcDbText
  0
TEXT
  5
2F9
330
17
100
AcDbEntity
  8
COL-LABEL
100
AcDbText
 10
6319.159890818555
 20
30170.357562923098
 30
0.0
 40
18.0
  1
C46
 11
6319.159890818555
 21
30170.357562923098
 31
0.0
100
AcDbText
  0
TEXT
  5
2FA
330
17
100
AcDbEntity
  8
COL-LABEL
100
AcDbText
 10
6334.631905428732
 20
30808.11822726702
 30
0.0
 40
18.0
  1
C47
 11
6334.631905428732
 21
30808.11822726702
 31
0.0
100
AcDbText
  0
TEXT
  5
2FB
330
17
100
AcDbEntity
  8
COL-LABEL
100
AcDbText
 10
6402.21863552725
 20
31142.217214020573
 30
0.0
 40
18.0
  1
C48
 11
6402.21863552725
 21
31142.217214020573
 31
0.0
100
AcDbText
  0
TEXT
  5
2FC
330
17
100
AcDbEntity
  8
COL-LABEL
100
AcDbText
 10
6402.21863552725
 20
31339.084132544845
 30
0.0
 40
18.0
  1
C49
 11
6402.21863552725
 21
31339.084132544845
 31
0.0
100
AcDbText
  0
TEXT
  5
2FD
330
17
100
AcDbEntity
  8
COL-LABEL
100
AcDbText
 10
6433.979629149901
 20
30649.888736484154
 30
0.0
 40
18.0
  1
C50
 11
6433.979629149901
 21
30649.888736484154
 31
0.0
100
AcDbText
  0
TEXT
  5
2FE
330
17
100
AcDbEntity
  8
COL-LABEL
100
AcDbText
 10
6450.5348908203905
 20
29965.242994341537
 30
0.0
 40
18.0
  1
C51
 11
6450.5348908203905
 21
29965.242994341537
 31
0.0
100
AcDbText
  0
TEXT
  5
2FF
330
17
100
AcDbEntity
  8
COL-LABEL
100
AcDbText
 10
6537.765913838592
 20
30957.28589985805
 30
0.0
 40
18.0
  1
C52
 11
6537.765913838592
 21
30957.28589985805
 31
0.0
100
AcDbText
  0
TEXT
  5
300
330
17
100
AcDbEntity
  8
COL-LABEL
100
AcDbText
 10
6647.718352833956
 20
29965.24299434154
 30
0.0
 40
18.0
  1
C53
 11
6647.718352833956
 21
29965.24299434154
 31
0.0
100
AcDbText
  0
TEXT
  5
301
330
17
100
AcDbEntity
  8
COL-LABEL
100
AcDbText
 10
6648.968782954436
 20
30156.189469822963
 30
0.0
 40
18.0
  1
C54
 11
6648.968782954436
 21
30156.189469822963
 31
0.0
100
AcDbText
  0
TEXT
  5
302
330
17
100
AcDbEntity
  8
COL-LABEL
100
AcDbText
 10
6663.410516397509
 20
31337.584132544845
 30
0.0
 40
18.0
  1
C55
 11
6663.410516397509
 21
31337.584132544845
 31
0.0
100
AcDbText
  0
TEXT
  5
303
330
17
100
AcDbEntity
  8
COL-LABEL
100
AcDbText
 10
6773.78244602936
 20
31339.084132544842
 30
0.0
 40
18.0
  1
C56
 11
6773.78244602936
 21
31339.084132544842
 31
0.0
100
AcDbText
  0
TEXT
  5
304
330
17
100
AcDbEntity
  8
COL-LABEL
100
AcDbText
 10
6774.092922714151
 20
29987.242994341537
 30
0.0
 40
18.0
  1
C57
 11
6774.092922714151
 21
29987.242994341537
 31
0.0
100
AcDbText
  0
TEXT
  5
305
330
17
100
AcDbEntity
  8
COL-LABEL
100
AcDbText
 10
6774.092922714151
 20
30350.795062923058
 30
0.0
 40
18.0
  1
C58
 11
6774.092922714151
 21
30350.795062923058
 31
0.0
100
AcDbText
  0
TEXT
  5
306
330
17
100
AcDbEntity
  8
COL-LABEL
100
AcDbText
 10
6774.78244602936
 20
31134.5466784523
 30
0.0
 40
18.0
  1
C59
 11
6774.78244602936
 21
31134.5466784523
 31
0.0
100
AcDbText
  0
TEXT
  5
307
330
17
100
AcDbEntity
  8
COL-LABEL
100
AcDbText
 10
6995.78244602936
 20
30815.272593814432
 30
0.0
 40
18.0
  1
C63
 11
6995.78244602936
 21
30815.272593814432
 31
0.0
100
AcDbText
  0
TEXT
  5
308
330
17
100
AcDbEntity
  8
COL-LABEL
100
AcDbText
 10
6995.78244602936
 20
31213.272593814432
 30
0.0
 40
18.0
  1
C64
 11
6995.78244602936
 21
31213.272593814432
 31
0.0
100
AcDbText
  0
TEXT
  5
309
330
17
100
AcDbEntity
  8
COL-LABEL
100
AcDbText
 10
6995.78244602936
 20
31533.27259381443
 30
0.0
 40
18.0
  1
C65
 11
6995.78244602936
 21
31533.27259381443
 31
0.0
100
AcDbText
  0
TEXT
  5
30A
330
17
100
AcDbEntity
  8
COL-LABEL
100
AcDbText
 10
7032.655630073856
 20
29987.242994341537
 30
0.0
 40
18.0
  1
C60
 11
7032.655630073856
 21
29987.242994341537
 31
0.0
100
AcDbText
  0
TEXT
  5
30B
330
17
100
AcDbEntity
  8
COL-LABEL
100
AcDbText
 10
7032.655630073859
 20
30513.279728916765
 30
0.0
 40
18.0
  1
C66
 11
7032.655630073859
 21
30513.279728916765
 31
0.0
100
AcDbText
  0
TEXT
  5
30C
330
17
100
AcDbEntity
  8
COL-LABEL
100
AcDbText
 10
7298.655630074114
 20
30849.383820988187
 30
0.0
 40
18.0
  1
C67
 11
7298.655630074114
 21
30849.383820988187
 31
0.0
100
AcDbText
  0
TEXT
  5
30D
330
17
100
AcDbEntity
  8
COL-LABEL
100
AcDbText
 10
7298.655630074103
 20
31221.383820988165
 30
0.0
 40
18.0
  1
C68
 11
7298.655630074103
 21
31221.383820988165
 31
0.0
100
AcDbText
  0
TEXT
  5
30E
330
17
100
AcDbEntity
  8
COL-LABEL
100
AcDbText
 10
7298.655630074103
 20
31547.37271949128
 30
0.0
 40
18.0
  1
C69
 11
7298.655630074103
 21
31547.37271949128
 31
0.0
100
AcDbText
  0
TEXT
  5
30F
330
17
100
AcDbEntity
  8
COL-LABEL
100
AcDbText
 10
7352.6556300738575
 20
29987.242994341534
 30
0.0
 40
18.0
  1
C61
 11
7352.6556300738575
 21
29987.242994341534
 31
0.0
100
AcDbText
  0
TEXT
  5
310
330
17
100
AcDbEntity
  8
COL-LABEL
100
AcDbText
 10
7352.6556300738575
 20
30513.279728916765
 30
0.0
 40
18.0
  1
C70
 11
7352.6556300738575
 21
30513.279728916765
 31
0.0
100
AcDbText
  0
TEXT
  5
311
330
17
100
AcDbEntity
  8
COL-LABEL
100
AcDbText
 10
7619.0518896191425
 20
29987.242994341534
 30
0.0
 40
18.0
  1
C62
 11
7619.0518896191425
 21
29987.242994341534
 31
0.0
100
AcDbText
  0
TEXT
  5
312
330
17
100
AcDbEntity
  8
COL-LABEL
100
AcDbText
 10
7618.655630073859
 20
30513.279728916765
 30
0.0
 40
18.0
  1
C71
 11
7618.655630073859
 21
30513.279728916765
 31
0.0
100
AcDbText
  0
TEXT
  5
313
330
17
100
AcDbEntity
  8
COL-LABEL
100
AcDbText
 10
7618.655630074114
 20
30849.383820988187
 30
0.0
 40
18.0
  1
C72
 11
7618.655630074114
 21
30849.383820988187
 31
0.0
100
AcDbText
  0
TEXT
  5
314
330
17
100
AcDbEntity
  8
COL-LABEL
100
AcDbText
 10
7618.655630074101
 20
31221.383820988165
 30
0.0
 40
18.0
  1
C73
 11
7618.655630074101
 21
31221.383820988165
 31
0.0
100
AcDbText
  0
TEXT
  5
315
330
17
100
AcDbEntity
  8
COL-LABEL
100
AcDbText
 10
7618.655630074089
 20
31545.497719491283
 30
0.0
 40
18.0
  1
C74
 11
7618.655630074089
 21
31545.497719491283
 31
0.0
100
AcDbText
  0
TEXT
  5
316
330
17
100
AcDbEntity
  8
COL-LABEL
100
AcDbText
 10
7640.655630074109
 20
31005.38382098817
 30
0.0
 40
18.0
  1
C75
 11
7640.655630074109
 21
31005.38382098817
 31
0.0
100
AcDbText
  0
TEXT
  5
317
330
17
100
AcDbEntity
  8
COL-LABEL
100
AcDbText
 10
7757.532123636569
 20
29987.242994341534
 30
0.0
 40
18.0
  1
C76
 11
7757.532123636569
 21
29987.242994341534
 31
0.0
100
AcDbText
  0
TEXT
  5
318
330
17
100
AcDbEntity
  8
COL-LABEL
100
AcDbText
 10
7937.952641647731
 20
30513.279728916765
 30
0.0
 40
18.0
  1
C77
 11
7937.952641647731
 21
30513.279728916765
 31
0.0
100
AcDbText
  0
TEXT
  5
319
330
17
100
AcDbEntity
  8
COL-LABEL
100
AcDbText
 10
7937.952641647986
 20
30849.383820988183
 30
0.0
 40
18.0
  1
C78
 11
7937.952641647986
 21
30849.383820988183
 31
0.0
100
AcDbText
  0
TEXT
  5
31A
330
17
100
AcDbEntity
  8
COL-LABEL
100
AcDbText
 10
7937.952641647973
 20
31221.383820988165
 30
0.0
 40
18.0
  1
C79
 11
7937.952641647973
 21
31221.383820988165
 31
0.0
100
AcDbText
  0
TEXT
  5
31B
330
17
100
AcDbEntity
  8
COL-LABEL
100
AcDbText
 10
7937.95264164796
 20
31545.497719491283
 30
0.0
 40
18.0
  1
C80
 11
7937.95264164796
 21
31545.497719491283
 31
0.0
100
AcDbText
  0
TEXT
  5
31C
330
17
100
AcDbEntity
  8
COL-LABEL
100
AcDbText
 10
7959.95264164798
 20
31005.383820988165
 30
0.0
 40
18.0
  1
C81
 11
7959.95264164798
 21
31005.383820988165
 31
0.0
100
AcDbText
  0
TEXT
  5
31D
330
17
100
AcDbEntity
  8
COL-LABEL
100
AcDbText
 10
8032.530572205405
 20
29987.242994341534
 30
0.0
 40
18.0
  1
C82
 11
8032.530572205405
 21
29987.242994341534
 31
0.0
100
AcDbText
  0
TEXT
  5
31E
330
17
100
AcDbEntity
  8
COL-LABEL
100
AcDbText
 10
8257.249653221601
 20
30513.27972891676
 30
0.0
 40
18.0
  1
C83
 11
8257.249653221601
 21
30513.27972891676
 31
0.0
100
AcDbText
  0
TEXT
  5
31F
330
17
100
AcDbEntity
  8
COL-LABEL
100
AcDbText
 10
8257.249653221856
 20
30849.383820988183
 30
0.0
 40
18.0
  1
C84
 11
8257.249653221856
 21
30849.383820988183
 31
0.0
100
AcDbText
  0
TEXT
  5
320
330
17
100
AcDbEntity
  8
COL-LABEL
100
AcDbText
 10
8268.24965322185
 20
31005.38382098816
 30
0.0
 40
18.0
  1
C85
 11
8268.24965322185
 21
31005.38382098816
 31
0.0
100
AcDbText
  0
TEXT
  5
321
330
17
100
AcDbEntity
  8
COL-LABEL
100
AcDbText
 10
8358.605060956053
 20
29987.242994341534
 30
0.0
 40
18.0
  1
C88
 11
8358.605060956053
 21
29987.242994341534
 31
0.0
100
AcDbText
  0
TEXT
  5
322
330
17
100
AcDbEntity
  8
COL-LABEL
100
AcDbText
 10
8492.603652780326
 20
31005.383820988165
 30
0.0
 40
18.0
  1
C89
 11
8492.603652780326
 21
31005.383820988165
 31
0.0
100
AcDbText
  0
TEXT
  5
323
330
17
100
AcDbEntity
  8
COL-LABEL
100
AcDbText
 10
8576.922247337516
 20
30849.383820988183
 30
0.0
 40
18.0
  1
C90
 11
8576.922247337516
 21
30849.383820988183
 31
0.0
100
AcDbText
  0
TEXT
  5
324
330
17
100
AcDbEntity
  8
COL-LABEL
100
AcDbText
 10
8576.922247337501
 20
31221.383820988158
 30
0.0
 40
18.0
  1
C91
 11
8576.922247337501
 21
31221.383820988158
 31
0.0
100
AcDbText
  0
TEXT
  5
325
330
17
100
AcDbEntity
  8
COL-LABEL
100
AcDbText
 10
8576.922247337488
 20
31545.49771949128
 30
0.0
 40
18.0
  1
C92
 11
8576.922247337488
 21
31545.49771949128
 31
0.0
100
AcDbText
  0
TEXT
  5
326
330
17
100
AcDbEntity
  8
COL-LABEL
100
AcDbText
 10
8583.779690389409
 20
30513.279728916757
 30
0.0
 40
18.0
  1
C93
 11
8583.779690389409
 21
30513.279728916757
 31
0.0
100
AcDbText
  0
TEXT
  5
327
330
17
100
AcDbEntity
  8
COL-LABEL
100
AcDbText
 10
8633.60350952489
 20
29987.24299434153
 30
0.0
 40
18.0
  1
C94
 11
8633.60350952489
 21
29987.24299434153
 31
0.0
100
AcDbText
  0
TEXT
  5
328
330
17
100
AcDbEntity
  8
COL-LABEL
100
AcDbText
 10
8772.083743542318
 20
29987.242994341534
 30
0.0
 40
18.0
  1
C106
 11
8772.083743542318
 21
29987.242994341534
 31
0.0
100
AcDbText
  0
TEXT
  5
329
330
17
100
AcDbEntity
  8
COL-LABEL
100
AcDbText
 10
8974.091529151396
 20
30513.279728916772
 30
0.0
 40
18.0
  1
C95
 11
8974.091529151396
 21
30513.279728916772
 31
0.0
100
AcDbText
  0
TEXT
  5
32A
330
17
100
AcDbEntity
  8
COL-LABEL
100
AcDbText
 10
8974.922247337514
 20
30849.38382098818
 30
0.0
 40
18.0
  1
C96
 11
8974.922247337514
 21
30849.38382098818
 31
0.0
100
AcDbText
  0
TEXT
  5
32B
330
17
100
AcDbEntity
  8
COL-LABEL
100
AcDbText
 10
8987.679193266264
 20
31005.383820988172
 30
0.0
 40
18.0
  1
C97
 11
8987.679193266264
 21
31005.383820988172
 31
0.0
100
AcDbText
  0
TEXT
  5
32C
330
17
100
AcDbEntity
  8
COL-LABEL
100
AcDbText
 10
8998.594841453161
 20
31221.383820988158
 30
0.0
 40
18.0
  1
C98
 11
8998.594841453161
 21
31221.383820988158
 31
0.0
100
AcDbText
  0
TEXT
  5
32D
330
17
100
AcDbEntity
  8
COL-LABEL
100
AcDbText
 10
8998.594841453149
 20
31545.497719491283
 30
0.0
 40
18.0
  1
C99
 11
8998.594841453149
 21
31545.497719491283
 31
0.0
100
AcDbText
  0
TEXT
  5
32E
330
17
100
AcDbEntity
  8
COL-LABEL
100
AcDbText
 10
9044.254345581388
 20
29987.24299434153
 30
0.0
 40
18.0
  1
C100
 11
9044.254345581388
 21
29987.24299434153
 31
0.0
100
AcDbText
  0
TEXT
  5
32F
330
17
100
AcDbEntity
  8
COL-LABEL
100
AcDbText
 10
9192.091529151396
 20
30513.279728916772
 30
0.0
 40
18.0
  1
C101
 11
9192.091529151396
 21
30513.279728916772
 31
0.0
100
AcDbText
  0
TEXT
  5
330
330
17
100
AcDbEntity
  8
COL-LABEL
100
AcDbText
 10
9204.18995906355
 20
29987.24299434153
 30
0.0
 40
18.0
  1
C107
 11
9204.18995906355
 21
29987.24299434153
 31
0.0
100
AcDbText
  0
TEXT
  5
331
330
17
100
AcDbEntity
  8
COL-LABEL
100
AcDbText
 10
9204.189959063551
 20
30293.6470970585
 30
0.0
 40
18.0
  1
C108
 11
9204.189959063551
 21
30293.6470970585
 31
0.0
100
AcDbText
  0
TEXT
  5
332
330
17
100
AcDbEntity
  8
COL-LABEL
100
AcDbText
 10
9280.070089865283
 20
30751.95683309808
 30
0.0
 40
18.0
  1
C102
 11
9280.070089865283
 21
30751.95683309808
 31
0.0
100
AcDbText
  0
TEXT
  5
333
330
17
100
AcDbEntity
  8
COL-LABEL
100
AcDbText
 10
9319.679193266249
 20
31545.497719491294
 30
0.0
 40
18.0
  1
C103
 11
9319.679193266249
 21
31545.497719491294
 31
0.0
100
AcDbText
  0
TEXT
  5
334
330
17
100
AcDbEntity
  8
COL-LABEL
100
AcDbText
 10
9368.044358190242
 20
31059.62634428287
 30
0.0
 40
18.0
  1
C104
 11
9368.044358190242
 21
31059.62634428287
 31
0.0
100
AcDbText
  0
TEXT
  5
335
330
17
100
AcDbEntity
  8
COL-LABEL
100
AcDbText
 10
9407.356779438647
 20
31289.39530207552
 30
0.0
 40
18.0
  1
C105
 11
9407.356779438647
 21
31289.39530207552
 31
0.0
100
AcDbText
  0
TEXT
  5
336
330
17
100
AcDbEntity
  8
FLOOR NUMBER
100
AcDbText
 10
6383.38151355258
 20
30744.807856916406
 30
0.0
 40
18.0
  1
8
 11
6383.38151355258
 21
30744.807856916406
 31
0.0
100
AcDbText
  0
POINT
  5
337
330
17
100
AcDbEntity
  8
DATUM
100
AcDbPoint
 10
6477.614917261071
 20
30496.847680299164
 30
0.0
  0
LWPOLYLINE
  5
338
330
17
100
AcDbEntity
  8
COLS
100
AcDbPolyline
 90
4
 70
1
 10
5242.09862257163
 20
38299.34299240997
 10
5255.63167227534
 20
38295.75738706124
 10
5264.85180031494
 20
38330.556657727924
 10
5251.31875061123
 20
38334.14226307666
  0
LWPOLYLINE
  5
339
330
17
100
AcDbEntity
  8
COLS
100
AcDbPolyline
 90
4
 70
1
 10
4951.703785907832
 20
38400.450154213104
 10
4964.932672198238
 20
38395.86795304822
 10
4976.715475193652
 20
38429.88508922355
 10
4963.486588903246
 20
38434.467290388435
  0
LWPOLYLINE
  5
33A
330
17
100
AcDbEntity
  8
COLS
100
AcDbPolyline
 90
4
 70
1
 10
5544.233514304762
 20
38242.39589201559
 10
5557.99563917436
 20
38239.82608286438
 10
5564.603719848894
 20
38275.21440395763
 10
5550.841594979296
 20
38277.78421310884
  0
LWPOLYLINE
  5
33B
330
17
100
AcDbEntity
  8
COLS
100
AcDbPolyline
 90
4
 70
1
 10
5846.406511051211
 20
38185.43518688275
 10
5860.321723822659
 20
38183.89672871781
 10
5864.27775910395
 20
38219.67870441582
 10
5850.3625463325025
 20
38221.21716258077
  0
LWPOLYLINE
  5
33C
330
17
100
AcDbEntity
  8
COLS
100
AcDbPolyline
 90
4
 70
1
 10
6300.659890818555
 20
38130.74299434154
 10
6314.659890818555
 20
38130.74299434154
 10
6314.659890818555
 20
38166.74299434154
 10
6300.659890818555
 20
38166.74299434154
  0
LWPOLYLINE
  5
33D
330
17
100
AcDbEntity
  8
COLS
100
AcDbPolyline
 90
4
 70
1
 10
5868.797395131449
 20
38415.82748755971
 10
5882.712607902897
 20
38414.289029394764
 10
5886.668643184188
 20
38450.071005092774
 10
5872.75343041274
 20
38451.60946325772
  0
LWPOLYLINE
  5
33E
330
17
100
AcDbEntity
  8
COLS
100
AcDbPolyline
 90
4
 70
1
 10
5300.791781788079
 20
38520.86693709738
 10
5314.324831491789
 20
38517.28133174865
 10
5323.544959531389
 20
38552.080602415335
 10
5310.011909827679
 20
38555.666207764065
  0
LWPOLYLINE
  5
33F
330
17
100
AcDbEntity
  8
COLS
100
AcDbPolyline
 90
4
 70
1
 10
4661.3511378792155
 20
38501.56821185195
 10
4674.202580919895
 20
38496.01479742727
 10
4688.482789440486
 20
38529.06136524616
 10
4675.631346399807
 20
38534.61477967083
  0
LWPOLYLINE
  5
340
330
17
100
AcDbEntity
  8
COLS
100
AcDbPolyline
 90
4
 70
1
 10
4755.974395740115
 20
38712.820302729735
 10
4768.825838780795
 20
38707.266888305065
 10
4783.106047301386
 20
38740.31345612396
 10
4770.254604260706
 20
38745.86687054863
  0
LWPOLYLINE
  5
341
330
17
100
AcDbEntity
  8
COLS
100
AcDbPolyline
 90
4
 70
1
 10
4254.622920467198
 20
38705.48472909118
 10
4266.786268221931
 20
38698.552704033704
 10
4284.611475512582
 20
38729.82988397444
 10
4272.448127757849
 20
38736.76190903191
  0
LWPOLYLINE
  5
342
330
17
100
AcDbEntity
  8
COLS
100
AcDbPolyline
 90
4
 70
1
 10
4366.544654614849
 20
38908.05439121848
 10
4378.708002369582
 20
38901.122366161006
 10
4396.533209660232
 20
38932.39954610175
 10
4384.369861905499
 20
38939.33157115922
  0
LWPOLYLINE
  5
343
330
17
100
AcDbEntity
  8
COLS
100
AcDbPolyline
 90
4
 70
1
 10
3999.8049298947717
 20
38877.58686071343
 10
4011.419016372418
 20
38869.769380602185
 10
4031.521108087052
 20
38899.63417440185
 10
4019.907021609406
 20
38907.4516545131
  0
LWPOLYLINE
  5
344
330
17
100
AcDbEntity
  8
COLS
100
AcDbPolyline
 90
4
 70
1
 10
4147.50754440598
 20
39052.25068063843
 10
4155.325024517228
 20
39063.86476711608
 10
4125.460230717563
 20
39083.96685883072
 10
4117.6427506063155
 20
39072.352772353064
  0
LWPOLYLINE
  5
345
330
17
100
AcDbEntity
  8
COLS
100
AcDbPolyline
 90
4
 70
1
 10
6300.659890818555
 20
38313.8575629231
 10
6314.659890818555
 20
38313.8575629231
 10
6314.659890818555
 20
38349.8575629231
 10
6300.659890818555
 20
38349.8575629231
  0
LWPOLYLINE
  5
346
330
17
100
AcDbEntity
  8
COLS
100
AcDbPolyline
 90
4
 70
1
 10
5610.531345219724
 20
38461.3079556039
 10
5613.100492719508
 20
38475.07020400757
 10
5577.71185396721
 20
38481.67658329273
 10
5575.142706467426
 20
38467.91433488906
  0
LWPOLYLINE
  5
347
330
17
100
AcDbEntity
  8
COLS
100
AcDbPolyline
 90
4
 70
1
 10
5049.746655166928
 20
38607.11894383432
 10
5054.328856331813
 20
38620.34783012473
 10
5020.311720156478
 20
38632.13063312014
 10
5015.729518991593
 20
38618.90174682974
  0
LWPOLYLINE
  5
348
330
17
100
AcDbEntity
  8
COLS
100
AcDbPolyline
 90
4
 70
1
 10
4394.188485356395
 20
39486.472699861035
 10
4405.772990899235
 20
39478.61145114802
 10
4425.987630446993
 20
39508.400179686745
 10
4414.403124904153
 20
39516.26142839976
  0
LWPOLYLINE
  5
349
330
17
100
AcDbEntity
  8
COLS
100
AcDbPolyline
 90
4
 70
1
 10
4925.953905988257
 20
39187.16097522618
 10
4938.7492788433865
 20
39181.479564002
 10
4953.358621991274
 20
39214.38195134376
 10
4940.563249136145
 20
39220.06336256794
  0
LWPOLYLINE
  5
34A
330
17
100
AcDbEntity
  8
COLS
100
AcDbPolyline
 90
4
 70
1
 10
5380.8756102584175
 20
39087.62437139377
 10
5394.333089107708
 20
39083.76480366916
 10
5404.257691828143
 20
39118.36974928162
 10
5390.800212978853
 20
39122.22931700624
  0
LWPOLYLINE
  5
34B
330
17
100
AcDbEntity
  8
COLS
100
AcDbPolyline
 90
4
 70
1
 10
5964.354367305896
 20
38974.0725409274
 10
5978.283088485645
 20
38972.661609923845
 10
5981.911196780511
 20
39008.47832152892
 10
5967.982475600762
 20
39009.88925253248
  0
LWPOLYLINE
  5
34C
330
17
100
AcDbEntity
  8
COLS
100
AcDbPolyline
 90
4
 70
1
 10
6755.592922714151
 20
38130.74299434153
 10
6769.592922714151
 20
38130.74299434153
 10
6769.592922714151
 20
38166.74299434153
 10
6755.592922714151
 20
38166.74299434153
  0
LWPOLYLINE
  5
34D
330
17
100
AcDbEntity
  8
COLS
100
AcDbPolyline
 90
4
 70
1
 10
6755.592922714151
 20
38494.29506292306
 10
6769.592922714151
 20
38494.29506292306
 10
6769.592922714151
 20
38530.29506292306
 10
6755.592922714151
 20
38530.29506292306
  0
LWPOLYLINE
  5
34E
330
17
100
AcDbEntity
  8
COLS
100
AcDbPolyline
 90
4
 70
1
 10
7014.155630073856
 20
38130.74299434153
 10
7028.155630073856
 20
38130.74299434153
 10
7028.155630073856
 20
38166.74299434153
 10
7014.155630073856
 20
38166.74299434153
  0
LWPOLYLINE
  5
34F
330
17
100
AcDbEntity
  8
COLS
100
AcDbPolyline
 90
4
 70
1
 10
4236.998094526063
 20
39254.82795805992
 10
4248.5825432607435
 20
39246.966625633824
 10
4268.797398070705
 20
39276.75520809443
 10
4257.212949336024
 20
39284.616540520525
  0
LWPOLYLINE
  5
350
330
17
100
AcDbEntity
  8
COLS
100
AcDbPolyline
 90
4
 70
1
 10
4808.635630886256
 20
38934.95584236189
 10
4821.431003741385
 20
38929.27443113771
 10
4836.040346889273
 20
38962.17681847947
 10
4823.2449740341435
 20
38967.85822970365
  0
LWPOLYLINE
  5
351
330
17
100
AcDbEntity
  8
COLS
100
AcDbPolyline
 90
4
 70
1
 10
5286.941295584134
 20
38760.09570933925
 10
5300.3987744334245
 20
38756.23614161464
 10
5310.32337715386
 20
38790.8410872271
 10
5296.86589830457
 20
38794.70065495172
  0
LWPOLYLINE
  5
352
330
17
100
AcDbEntity
  8
COLS
100
AcDbPolyline
 90
4
 70
1
 10
5935.6521368293
 20
38690.72391187544
 10
5949.580858009049
 20
38689.31298087188
 10
5953.208966303915
 20
38725.12969247695
 10
5939.280245124166
 20
38726.540623480505
  0
LWPOLYLINE
  5
353
330
17
100
AcDbEntity
  8
COLS
100
AcDbPolyline
 90
32
 70
1
 10
3398.3296281209914
 20
39368.27234313716
 10
3398.0990514858295
 20
39370.61342700136
 10
3397.416182511126
 20
39372.864544325545
 10
3396.3072634686214
 20
39374.9391859334
 10
3394.8149094952296
 20
39376.7576245114
 10
3392.9964709172273
 20
39378.24997848479
 10
3390.9218293093727
 20
39379.3588975273
 10
3388.6707119851853
 20
39380.041766502
 10
3386.3296281209914
 20
39380.27234313716
 10
3383.9885442567975
 20
39380.041766502
 10
3381.73742693261
 20
39379.3588975273
 10
3379.6627853247555
 20
39378.24997848479
 10
3377.844346746753
 20
39376.7576245114
 10
3376.3519927733614
 20
39374.9391859334
 10
3375.243073730857
 20
39372.864544325545
 10
3374.5602047561533
 20
39370.61342700136
 10
3374.3296281209914
 20
39368.27234313716
 10
3374.5602047561533
 20
39365.93125927297
 10
3375.243073730857
 20
39363.68014194878
 10
3376.3519927733614
 20
39361.60550034093
 10
3377.844346746753
 20
39359.78706176292
 10
3379.6627853247555
 20
39358.29470778953
 10
3381.73742693261
 20
39357.185788747025
 10
3383.9885442567975
 20
39356.50291977232
 10
3386.3296281209914
 20
39356.27234313716
 10
3388.6707119851853
 20
39356.50291977232
 10
3390.9218293093727
 20
39357.185788747025
 10
3392.9964709172273
 20
39358.29470778953
 10
3394.8149094952296
 20
39359.78706176292
 10
3396.3072634686214
 20
39361.60550034093
 10
3397.416182511126
 20
39363.68014194878
 10
3398.0990514858295
 20
39365.93125927297
  0
LWPOLYLINE
  5
354
330
17
100
AcDbEntity
  8
COLS
100
AcDbPolyline
 90
4
 70
1
 10
6234.6017087207765
 20
39146.098399858034
 10
6220.6017087207765
 20
39146.098399858034
 10
6220.6017087207765
 20
39110.098399858034
 10
6234.6017087207765
 20
39110.098399858034
  0
LWPOLYLINE
  5
355
330
17
100
AcDbEntity
  8
COLS
100
AcDbPolyline
 90
4
 70
1
 10
6150.851708720775
 20
39346.77971402057
 10
6136.851708720775
 20
39346.77971402057
 10
6136.851708720775
 20
39310.77971402057
 10
6150.851708720775
 20
39310.77971402057
  0
LWPOLYLINE
  5
356
330
17
100
AcDbEntity
  8
COLS
100
AcDbPolyline
 90
4
 70
1
 10
6658.910516397509
 20
39503.08413254484
 10
6658.910516397509
 20
39517.08413254484
 10
6622.910516397509
 20
39517.08413254484
 10
6622.910516397509
 20
39503.08413254484
  0
LWPOLYLINE
  5
357
330
17
100
AcDbEntity
  8
COLS
100
AcDbPolyline
 90
4
 70
1
 10
6150.851708720775
 20
39517.08413254485
 10
6136.851708720775
 20
39517.08413254485
 10
6136.851708720775
 20
39481.08413254485
 10
6150.851708720775
 20
39481.08413254485
  0
LWPOLYLINE
  5
358
330
17
100
AcDbEntity
  8
COLS
100
AcDbPolyline
 90
4
 70
1
 10
3363.906247666515
 20
39561.5036442621
 10
3363.906247666515
 20
39547.5036442621
 10
3399.906247666515
 20
39547.5036442621
 10
3399.906247666515
 20
39561.5036442621
  0
LWPOLYLINE
  5
359
330
17
100
AcDbEntity
  8
COLS
100
AcDbPolyline
 90
4
 70
1
 10
8753.583743542318
 20
38130.74299434153
 10
8767.583743542318
 20
38130.74299434153
 10
8767.583743542318
 20
38166.74299434153
 10
8753.583743542318
 20
38166.74299434153
  0
LWPOLYLINE
  5
35A
330
17
100
AcDbEntity
  8
COLS
100
AcDbPolyline
 90
4
 70
1
 10
8014.030572205405
 20
38130.74299434153
 10
8028.030572205405
 20
38130.74299434153
 10
8028.030572205405
 20
38166.74299434153
 10
8014.030572205405
 20
38166.74299434153
  0
LWPOLYLINE
  5
35B
330
17
100
AcDbEntity
  8
COLS
100
AcDbPolyline
 90
4
 70
1
 10
9185.68995906355
 20
38130.74299434153
 10
9199.68995906355
 20
38130.74299434153
 10
9199.68995906355
 20
38166.74299434153
 10
9185.68995906355
 20
38166.74299434153
  0
LWPOLYLINE
  5
35C
330
17
100
AcDbEntity
  8
COLS
100
AcDbPolyline
 90
4
 70
1
 10
9271.721215626065
 20
38908.09918679719
 10
9275.570089865283
 20
38921.559727911525
 10
9240.957269856994
 20
38931.45683309808
 10
9237.108395617775
 20
38917.99629198374
  0
LWPOLYLINE
  5
35D
330
17
100
AcDbEntity
  8
COLS
100
AcDbPolyline
 90
4
 70
1
 10
8955.591529151396
 20
38656.77972891677
 10
8969.591529151396
 20
38656.77972891677
 10
8969.591529151396
 20
38692.77972891677
 10
8955.591529151396
 20
38692.77972891677
  0
LWPOLYLINE
  5
35E
330
17
100
AcDbEntity
  8
COLS
100
AcDbPolyline
 90
4
 70
1
 10
7919.452641647731
 20
38656.779728916765
 10
7933.452641647731
 20
38656.779728916765
 10
7933.452641647731
 20
38692.779728916765
 10
7919.452641647731
 20
38692.779728916765
  0
LWPOLYLINE
  5
35F
330
17
100
AcDbEntity
  8
COLS
100
AcDbPolyline
 90
4
 70
1
 10
8238.749653221601
 20
38656.77972891676
 10
8252.749653221601
 20
38656.77972891676
 10
8252.749653221601
 20
38692.77972891676
 10
8238.749653221601
 20
38692.77972891676
  0
LWPOLYLINE
  5
360
330
17
100
AcDbEntity
  8
COLS
100
AcDbPolyline
 90
4
 70
1
 10
9359.695483951024
 20
39215.76869798198
 10
9363.544358190242
 20
39229.22923909631
 10
9328.931538181952
 20
39239.12634428287
 10
9325.082663942734
 20
39225.66580316854
  0
LWPOLYLINE
  5
361
330
17
100
AcDbEntity
  8
COLS
100
AcDbPolyline
 90
4
 70
1
 10
7919.452641647986
 20
38992.88382098819
 10
7933.452641647986
 20
38992.88382098819
 10
7933.452641647986
 20
39028.88382098819
 10
7919.452641647986
 20
39028.88382098819
  0
LWPOLYLINE
  5
362
330
17
100
AcDbEntity
  8
COLS
100
AcDbPolyline
 90
4
 70
1
 10
8238.749653221856
 20
38992.88382098818
 10
8252.749653221856
 20
38992.88382098818
 10
8252.749653221856
 20
39028.88382098818
 10
8238.749653221856
 20
39028.88382098818
  0
LWPOLYLINE
  5
363
330
17
100
AcDbEntity
  8
COLS
100
AcDbPolyline
 90
4
 70
1
 10
8558.422247337516
 20
38992.88382098819
 10
8572.422247337516
 20
38992.88382098819
 10
8572.422247337516
 20
39028.88382098819
 10
8558.422247337516
 20
39028.88382098819
  0
LWPOLYLINE
  5
364
330
17
100
AcDbEntity
  8
COLS
100
AcDbPolyline
 90
4
 70
1
 10
8956.422247337514
 20
38992.88382098818
 10
8970.422247337514
 20
38992.88382098818
 10
8970.422247337514
 20
39028.88382098818
 10
8956.422247337514
 20
39028.88382098818
  0
LWPOLYLINE
  5
365
330
17
100
AcDbEntity
  8
COLS
100
AcDbPolyline
 90
4
 70
1
 10
7919.452641647973
 20
39364.883820988165
 10
7933.452641647973
 20
39364.883820988165
 10
7933.452641647973
 20
39400.883820988165
 10
7919.452641647973
 20
39400.883820988165
  0
LWPOLYLINE
  5
366
330
17
100
AcDbEntity
  8
COLS
100
AcDbPolyline
 90
4
 70
1
 10
8238.749653221843
 20
39364.883820988165
 10
8252.749653221843
 20
39364.883820988165
 10
8252.749653221843
 20
39400.883820988165
 10
8238.749653221843
 20
39400.883820988165
  0
LWPOLYLINE
  5
367
330
17
100
AcDbEntity
  8
COLS
100
AcDbPolyline
 90
4
 70
1
 10
8558.422247337501
 20
39364.88382098816
 10
8572.422247337501
 20
39364.88382098816
 10
8572.422247337501
 20
39400.88382098816
 10
8558.422247337501
 20
39400.88382098816
  0
LWPOLYLINE
  5
368
330
17
100
AcDbEntity
  8
COLS
100
AcDbPolyline
 90
4
 70
1
 10
8980.094841453161
 20
39364.88382098816
 10
8994.094841453161
 20
39364.88382098816
 10
8994.094841453161
 20
39400.88382098816
 10
8980.094841453161
 20
39400.88382098816
  0
LWPOLYLINE
  5
369
330
17
100
AcDbEntity
  8
COLS
100
AcDbPolyline
 90
4
 70
1
 10
7919.45264164796
 20
39688.99771949128
 10
7933.45264164796
 20
39688.99771949128
 10
7933.45264164796
 20
39724.99771949128
 10
7919.45264164796
 20
39724.99771949128
  0
LWPOLYLINE
  5
36A
330
17
100
AcDbEntity
  8
COLS
100
AcDbPolyline
 90
4
 70
1
 10
8238.74965322183
 20
39688.99771949128
 10
8252.74965322183
 20
39688.99771949128
 10
8252.74965322183
 20
39724.99771949128
 10
8238.74965322183
 20
39724.99771949128
  0
LWPOLYLINE
  5
36B
330
17
100
AcDbEntity
  8
COLS
100
AcDbPolyline
 90
4
 70
1
 10
8558.422247337488
 20
39688.99771949128
 10
8572.422247337488
 20
39688.99771949128
 10
8572.422247337488
 20
39724.99771949128
 10
8558.422247337488
 20
39724.99771949128
  0
LWPOLYLINE
  5
36C
330
17
100
AcDbEntity
  8
COLS
100
AcDbPolyline
 90
4
 70
1
 10
8980.094841453149
 20
39688.99771949128
 10
8994.094841453149
 20
39688.99771949128
 10
8994.094841453149
 20
39724.99771949128
 10
8980.094841453149
 20
39724.99771949128
  0
LWPOLYLINE
  5
36D
330
17
100
AcDbEntity
  8
COLS
100
AcDbPolyline
 90
4
 70
1
 10
9301.179193266249
 20
39688.99771949129
 10
9315.179193266249
 20
39688.99771949129
 10
9315.179193266249
 20
39724.99771949129
 10
9301.179193266249
 20
39724.99771949129
  0
LWPOLYLINE
  5
36E
330
17
100
AcDbEntity
  8
COLS
100
AcDbPolyline
 90
4
 70
1
 10
6991.28244602936
 20
39378.77259381443
 10
6991.28244602936
 20
39392.77259381443
 10
6955.28244602936
 20
39392.77259381443
 10
6955.28244602936
 20
39378.77259381443
  0
LWPOLYLINE
  5
36F
330
17
100
AcDbEntity
  8
COLS
100
AcDbPolyline
 90
4
 70
1
 10
6991.28244602936
 20
38980.77259381443
 10
6991.28244602936
 20
38994.77259381443
 10
6955.28244602936
 20
38994.77259381443
 10
6955.28244602936
 20
38980.77259381443
  0
LWPOLYLINE
  5
370
330
17
100
AcDbEntity
  8
COLS
100
AcDbPolyline
 90
4
 70
1
 10
7600.155630073859
 20
38656.779728916765
 10
7614.155630073859
 20
38656.779728916765
 10
7614.155630073859
 20
38692.779728916765
 10
7600.155630073859
 20
38692.779728916765
  0
LWPOLYLINE
  5
371
330
17
100
AcDbEntity
  8
COLS
100
AcDbPolyline
 90
4
 70
1
 10
7600.155630074114
 20
38992.88382098819
 10
7614.155630074114
 20
38992.88382098819
 10
7614.155630074114
 20
39028.88382098819
 10
7600.155630074114
 20
39028.88382098819
  0
LWPOLYLINE
  5
372
330
17
100
AcDbEntity
  8
COLS
100
AcDbPolyline
 90
4
 70
1
 10
7600.155630074101
 20
39364.883820988165
 10
7614.155630074101
 20
39364.883820988165
 10
7614.155630074101
 20
39400.883820988165
 10
7600.155630074101
 20
39400.883820988165
  0
LWPOLYLINE
  5
373
330
17
100
AcDbEntity
  8
COLS
100
AcDbPolyline
 90
4
 70
1
 10
7600.155630074089
 20
39688.99771949128
 10
7614.155630074089
 20
39688.99771949128
 10
7614.155630074089
 20
39724.99771949128
 10
7600.155630074089
 20
39724.99771949128
  0
LWPOLYLINE
  5
374
330
17
100
AcDbEntity
  8
COLS
100
AcDbPolyline
 90
4
 70
1
 10
7348.1556300738575
 20
38692.779728916765
 10
7334.1556300738575
 20
38692.779728916765
 10
7334.1556300738575
 20
38656.779728916765
 10
7348.1556300738575
 20
38656.779728916765
  0
LWPOLYLINE
  5
375
330
17
100
AcDbEntity
  8
COLS
100
AcDbPolyline
 90
4
 70
1
 10
7280.155630074114
 20
38992.88382098819
 10
7294.155630074114
 20
38992.88382098819
 10
7294.155630074114
 20
39028.88382098819
 10
7280.155630074114
 20
39028.88382098819
  0
LWPOLYLINE
  5
376
330
17
100
AcDbEntity
  8
COLS
100
AcDbPolyline
 90
4
 70
1
 10
7280.155630074103
 20
39364.883820988165
 10
7294.155630074103
 20
39364.883820988165
 10
7294.155630074103
 20
39400.883820988165
 10
7280.155630074103
 20
39400.883820988165
  0
LWPOLYLINE
  5
377
330
17
100
AcDbEntity
  8
COLS
100
AcDbPolyline
 90
4
 70
1
 10
7280.155630074103
 20
39690.87271949128
 10
7294.155630074103
 20
39690.87271949128
 10
7294.155630074103
 20
39726.87271949128
 10
7280.155630074103
 20
39726.87271949128
  0
LWPOLYLINE
  5
378
330
17
100
AcDbEntity
  8
COLS
100
AcDbPolyline
 90
4
 70
1
 10
6991.28244602936
 20
39698.77259381443
 10
6991.28244602936
 20
39712.77259381443
 10
6955.28244602936
 20
39712.77259381443
 10
6955.28244602936
 20
39698.77259381443
  0
LWPOLYLINE
  5
379
330
17
100
AcDbEntity
  8
COLS
100
AcDbPolyline
 90
4
 70
1
 10
7028.155630073859
 20
38692.779728916765
 10
7014.155630073859
 20
38692.779728916765
 10
7014.155630073859
 20
38656.779728916765
 10
7028.155630073859
 20
38656.779728916765
  0
LWPOLYLINE
  5
37A
330
17
100
AcDbEntity
  8
COLS
100
AcDbPolyline
 90
4
 70
1
 10
3590.1601778658787
 20
39169.229732985055
 10
3601.160668220813
 20
39160.57010181792
 10
3623.4282912220388
 20
39188.85707701632
 10
3612.4278008671045
 20
39197.516708183466
  0
LWPOLYLINE
  5
37B
330
17
100
AcDbEntity
  8
COLS
100
AcDbPolyline
 90
4
 70
1
 10
3754.0358172797733
 20
39349.44074283576
 10
3762.695448446919
 20
39360.44123319069
 10
3743.837464981314
 20
39375.28631519151
 10
3735.1778338141685
 20
39364.285824836574
  0
LWPOLYLINE
  5
37C
330
17
100
AcDbEntity
  8
COLS
100
AcDbPolyline
 90
4
 70
1
 10
3599.8624151931454
 20
39428.24726232186
 10
3613.8624151931454
 20
39428.24726232186
 10
3613.8624151931454
 20
39452.24726232186
 10
3599.8624151931454
 20
39452.24726232186
  0
LWPOLYLINE
  5
37D
330
17
100
AcDbEntity
  8
COLS
100
AcDbPolyline
 90
4
 70
1
 10
3735.173012876472
 20
39547.5036442621
 10
3735.173012876472
 20
39561.5036442621
 10
3711.173012876472
 20
39561.5036442621
 10
3711.173012876472
 20
39547.5036442621
  0
LWPOLYLINE
  5
37E
330
17
100
AcDbEntity
  8
COLS
100
AcDbPolyline
 90
4
 70
1
 10
6316.131905428732
 20
38963.61822726702
 10
6330.131905428732
 20
38963.61822726702
 10
6330.131905428732
 20
38987.61822726702
 10
6316.131905428732
 20
38987.61822726702
  0
LWPOLYLINE
  5
37F
330
17
100
AcDbEntity
  8
COLS
100
AcDbPolyline
 90
4
 70
1
 10
6429.479629149901
 20
38815.38873648416
 10
6429.479629149901
 20
38829.38873648416
 10
6405.479629149901
 20
38829.38873648416
 10
6405.479629149901
 20
38815.38873648416
  0
LWPOLYLINE
  5
380
330
17
100
AcDbEntity
  8
COLS
100
AcDbPolyline
 90
4
 70
1
 10
6304.94699674527
 20
38864.38873648415
 10
6304.94699674527
 20
38878.38873648415
 10
6280.94699674527
 20
38878.38873648415
 10
6280.94699674527
 20
38864.38873648415
  0
LWPOLYLINE
  5
381
330
17
100
AcDbEntity
  8
COLS
100
AcDbPolyline
 90
4
 70
1
 10
6199.789125760108
 20
38972.33640164323
 10
6201.200056763668
 20
38986.26512282298
 10
6177.3222490269545
 20
38988.68386168622
 10
6175.911318023394
 20
38974.75514050647
  0
LWPOLYLINE
  5
382
330
17
100
AcDbEntity
  8
COLS
100
AcDbPolyline
 90
4
 70
1
 10
6397.71863552725
 20
39504.58413254484
 10
6397.71863552725
 20
39518.58413254484
 10
6373.71863552725
 20
39518.58413254484
 10
6373.71863552725
 20
39504.58413254484
  0
LWPOLYLINE
  5
383
330
17
100
AcDbEntity
  8
COLS
100
AcDbPolyline
 90
4
 70
1
 10
6769.28244602936
 20
39504.58413254484
 10
6769.28244602936
 20
39518.58413254484
 10
6745.28244602936
 20
39518.58413254484
 10
6745.28244602936
 20
39504.58413254484
  0
LWPOLYLINE
  5
384
330
17
100
AcDbEntity
  8
COLS
100
AcDbPolyline
 90
4
 70
1
 10
6770.28244602936
 20
39314.0466784523
 10
6756.28244602936
 20
39314.0466784523
 10
6756.28244602936
 20
39290.0466784523
 10
6770.28244602936
 20
39290.0466784523
  0
LWPOLYLINE
  5
385
330
17
100
AcDbEntity
  8
COLS
100
AcDbPolyline
 90
4
 70
1
 10
6267.94699674527
 20
38615.46180768932
 10
6267.94699674527
 20
38629.46180768932
 10
6243.94699674527
 20
38629.46180768932
 10
6243.94699674527
 20
38615.46180768932
  0
LWPOLYLINE
  5
386
330
17
100
AcDbEntity
  8
COLS
100
AcDbPolyline
 90
4
 70
1
 10
6644.468782954436
 20
38321.68946982296
 10
6644.468782954436
 20
38335.68946982296
 10
6620.468782954436
 20
38335.68946982296
 10
6620.468782954436
 20
38321.68946982296
  0
LWPOLYLINE
  5
387
330
17
100
AcDbEntity
  8
COLS
100
AcDbPolyline
 90
4
 70
1
 10
6643.218352833956
 20
38130.74299434154
 10
6643.218352833956
 20
38144.74299434154
 10
6619.218352833956
 20
38144.74299434154
 10
6619.218352833956
 20
38130.74299434154
  0
LWPOLYLINE
  5
388
330
17
100
AcDbEntity
  8
COLS
100
AcDbPolyline
 90
4
 70
1
 10
6446.0348908203905
 20
38130.74299434153
 10
6446.0348908203905
 20
38144.74299434153
 10
6422.0348908203905
 20
38144.74299434153
 10
6422.0348908203905
 20
38130.74299434153
  0
LWPOLYLINE
  5
389
330
17
100
AcDbEntity
  8
COLS
100
AcDbPolyline
 90
4
 70
1
 10
6017.680210406836
 20
38344.91194853143
 10
6018.453570893458
 20
38358.89057198146
 10
5994.490216407694
 20
38360.21633281567
 10
5993.716855921071
 20
38346.23770936564
  0
LWPOLYLINE
  5
38A
330
17
100
AcDbEntity
  8
COLS
100
AcDbPolyline
 90
4
 70
1
 10
4625.216722623229
 20
38708.985598696585
 10
4631.468915722167
 20
38721.511974128196
 10
4609.995129267982
 20
38732.230019440656
 10
4603.742936169043
 20
38719.70364400905
  0
LWPOLYLINE
  5
38B
330
17
100
AcDbEntity
  8
COLS
100
AcDbPolyline
 90
4
 70
1
 10
4552.940692796421
 20
38582.93276062189
 10
4540.4143173648135
 20
38589.18495372082
 10
4529.69627205235
 20
38567.711167266636
 10
4542.222647483957
 20
38561.4589741677
  0
LWPOLYLINE
  5
38C
330
17
100
AcDbEntity
  8
COLS
100
AcDbPolyline
 90
4
 70
1
 10
4353.021064705448
 20
39547.50364426209
 10
4353.021064705448
 20
39561.50364426209
 10
4329.021064705448
 20
39561.50364426209
 10
4329.021064705448
 20
39547.50364426209
  0
LWPOLYLINE
  5
38D
330
17
100
AcDbEntity
  8
COLS
100
AcDbPolyline
 90
4
 70
1
 10
4821.794047725583
 20
39342.58649210822
 10
4816.9242666762875
 20
39331.619029660964
 10
4833.375460347168
 20
39324.31435808702
 10
4838.245241396464
 20
39335.28182053427
  0
LWPOLYLINE
  5
38E
330
17
100
AcDbEntity
  8
COLS
100
AcDbPolyline
 90
4
 70
1
 10
5270.829871566519
 20
39162.4885166059
 10
5257.671876503144
 20
39167.270479164545
 10
5249.474226402621
 20
39144.71391619876
 10
5262.632221465996
 20
39139.93195364012
  0
LWPOLYLINE
  5
38F
330
17
100
AcDbEntity
  8
COLS
100
AcDbPolyline
 90
4
 70
1
 10
5151.894317497576
 20
38835.22676703984
 10
5138.736322434201
 20
38840.008729598485
 10
5130.538672333678
 20
38817.4521666327
 10
5143.696667397053
 20
38812.67020407406
  0
LWPOLYLINE
  5
390
330
17
100
AcDbEntity
  8
COLS
100
AcDbPolyline
 90
4
 70
1
 10
7334.1556300738575
 20
38130.74299434153
 10
7348.1556300738575
 20
38130.74299434153
 10
7348.1556300738575
 20
38166.74299434153
 10
7334.1556300738575
 20
38166.74299434153
  0
LWPOLYLINE
  5
391
330
17
100
AcDbEntity
  8
COLS
100
AcDbPolyline
 90
4
 70
1
 10
7739.032123636569
 20
38130.74299434153
 10
7753.032123636569
 20
38130.74299434153
 10
7753.032123636569
 20
38166.74299434153
 10
7739.032123636569
 20
38166.74299434153
  0
LWPOLYLINE
  5
392
330
17
100
AcDbEntity
  8
COLS
100
AcDbPolyline
 90
4
 70
1
 10
8340.105060956053
 20
38130.74299434153
 10
8354.105060956053
 20
38130.74299434153
 10
8354.105060956053
 20
38166.74299434153
 10
8340.105060956053
 20
38166.74299434153
  0
LWPOLYLINE
  5
393
330
17
100
AcDbEntity
  8
COLS
100
AcDbPolyline
 90
4
 70
1
 10
8615.10350952489
 20
38130.74299434153
 10
8629.10350952489
 20
38130.74299434153
 10
8629.10350952489
 20
38166.74299434153
 10
8615.10350952489
 20
38166.74299434153
  0
LWPOLYLINE
  5
394
330
17
100
AcDbEntity
  8
COLS
100
AcDbPolyline
 90
4
 70
1
 10
9025.754345581388
 20
38130.742994341526
 10
9039.754345581388
 20
38130.742994341526
 10
9039.754345581388
 20
38166.742994341526
 10
9025.754345581388
 20
38166.742994341526
  0
LWPOLYLINE
  5
395
330
17
100
AcDbEntity
  8
COLS
100
AcDbPolyline
 90
4
 70
1
 10
9173.591529151396
 20
38656.77972891677
 10
9187.591529151396
 20
38656.77972891677
 10
9187.591529151396
 20
38692.77972891677
 10
9173.591529151396
 20
38692.77972891677
  0
LWPOLYLINE
  5
396
330
17
100
AcDbEntity
  8
COLS
100
AcDbPolyline
 90
4
 70
1
 10
9402.856779438647
 20
39454.89530207552
 10
9402.856779438647
 20
39468.89530207552
 10
9366.856779438647
 20
39468.89530207552
 10
9366.856779438647
 20
39454.89530207552
  0
LWPOLYLINE
  5
397
330
17
100
AcDbEntity
  8
COLS
100
AcDbPolyline
 90
4
 70
1
 10
8983.179193266264
 20
39170.88382098817
 10
8983.179193266264
 20
39184.88382098817
 10
8947.179193266264
 20
39184.88382098817
 10
8947.179193266264
 20
39170.88382098817
  0
LWPOLYLINE
  5
398
330
17
100
AcDbEntity
  8
COLS
100
AcDbPolyline
 90
4
 70
1
 10
8263.74965322185
 20
39170.883820988165
 10
8263.74965322185
 20
39184.883820988165
 10
8227.74965322185
 20
39184.883820988165
 10
8227.74965322185
 20
39170.883820988165
  0
LWPOLYLINE
  5
399
330
17
100
AcDbEntity
  8
COLS
100
AcDbPolyline
 90
4
 70
1
 10
7955.45264164798
 20
39170.883820988165
 10
7955.45264164798
 20
39184.883820988165
 10
7919.45264164798
 20
39184.883820988165
 10
7919.45264164798
 20
39170.883820988165
  0
LWPOLYLINE
  5
39A
330
17
100
AcDbEntity
  8
COLS
100
AcDbPolyline
 90
4
 70
1
 10
8488.103652780326
 20
39170.883820988165
 10
8488.103652780326
 20
39184.883820988165
 10
8452.103652780326
 20
39184.883820988165
 10
8452.103652780326
 20
39170.883820988165
  0
LWPOLYLINE
  5
39B
330
17
100
AcDbEntity
  8
COLS
100
AcDbPolyline
 90
4
 70
1
 10
8565.279690389409
 20
38656.77972891676
 10
8579.279690389409
 20
38656.77972891676
 10
8579.279690389409
 20
38692.77972891676
 10
8565.279690389409
 20
38692.77972891676
  0
LWPOLYLINE
  5
39C
330
17
100
AcDbEntity
  8
COLS
100
AcDbPolyline
 90
4
 70
1
 10
6397.71863552725
 20
39307.71721402057
 10
6397.71863552725
 20
39321.71721402057
 10
6373.71863552725
 20
39321.71721402057
 10
6373.71863552725
 20
39307.71721402057
  0
LWPOLYLINE
  5
39D
330
17
100
AcDbEntity
  8
COLS
100
AcDbPolyline
 90
4
 70
1
 10
5362.857263514232
 20
38917.60338515558
 10
5365.503491078029
 20
38931.351020577014
 10
5341.936116069859
 20
38935.88741068638
 10
5339.289888506062
 20
38922.13977526494
  0
LWPOLYLINE
  5
39E
330
17
100
AcDbEntity
  8
COLS
100
AcDbPolyline
 90
4
 70
1
 10
6008.7000850878285
 20
38200.14812292241
 10
5994.721369396953
 20
38200.919814333305
 10
5993.398469835425
 20
38176.95630172037
 10
6007.3771855263
 20
38176.18461030948
  0
LWPOLYLINE
  5
39F
330
17
100
AcDbEntity
  8
COLS
100
AcDbPolyline
 90
4
 70
1
 10
5184.589214102854
 20
38980.81537832511
 10
5179.807251544216
 20
38967.657383261736
 10
5202.363814510003
 20
38959.45973316121
 10
5207.145777068641
 20
38972.617728224584
  0
LWPOLYLINE
  5
3A0
330
17
100
AcDbEntity
  8
COLS
100
AcDbPolyline
 90
4
 70
1
 10
7636.155630074109
 20
39170.883820988165
 10
7636.155630074109
 20
39184.883820988165
 10
7600.155630074109
 20
39184.883820988165
 10
7600.155630074109
 20
39170.883820988165
  0
LWPOLYLINE
  5
3A1
330
17
100
AcDbEntity
  8
COLS
100
AcDbPolyline
 90
4
 70
1
 10
7600.5518896191425
 20
38130.74299434153
 10
7614.5518896191425
 20
38130.74299434153
 10
7614.5518896191425
 20
38166.74299434153
 10
7600.5518896191425
 20
38166.74299434153
  0
LWPOLYLINE
  5
3A2
330
17
100
AcDbEntity
  8
COLS
100
AcDbPolyline
 90
4
 70
1
 10
6533.265913838592
 20
39136.78589985805
 10
6519.265913838592
 20
39136.78589985805
 10
6519.265913838592
 20
39112.78589985805
 10
6533.265913838592
 20
39112.78589985805
  0
LWPOLYLINE
  5
3A3
330
17
100
AcDbEntity
  8
COLS
100
AcDbPolyline
 90
4
 70
1
 10
9199.689959063551
 20
38473.1470970585
 10
9199.689959063551
 20
38437.1470970585
 10
9185.68995906355
 20
38437.1470970585
 10
9185.68995906355
 20
38473.1470970585
  0
LWPOLYLINE
  5
3A4
330
17
100
AcDbEntity
  8
WALL
100
AcDbPolyline
 90
5
 70
1
 10
5620.920340506775
 20
38698.8836558538
 10
5615.302296931262
 20
38699.964853372556
 10
5611.100536915084
 20
38700.773485851605
 10
5667.158704099686
 20
38992.059047040035
 10
5676.978507691378
 20
38990.16921704222
  0
LWPOLYLINE
  5
3A5
330
17
100
AcDbEntity
  8
WALL
100
AcDbPolyline
 90
4
 70
1
 10
4534.822672332732
 20
39091.92125378657
 10
4526.080838226317
 20
39096.777212647314
 10
4670.124450950043
 20
39356.086380499786
 10
4678.866267515128
 20
39351.23039006091
  0
LWPOLYLINE
  5
3A6
330
17
100
AcDbEntity
  8
WALL
100
AcDbPolyline
 90
5
 70
1
 10
4055.4966982851583
 20
39449.12864426214
 10
4051.7636719312613
 20
39449.12864426214
 10
3869.4966982851565
 20
39449.12864426214
 10
3869.4966982851565
 20
39457.12864426214
 10
4055.4966982851583
 20
39457.12864426214
  0
LWPOLYLINE
  5
3A7
330
17
100
AcDbEntity
  8
WALL
100
AcDbPolyline
 90
5
 70
1
 10
4101.49669828516
 20
39457.12864426214
 10
4101.49669828516
 20
39505.35682303422
 10
4101.49669828516
 20
39561.12864426214
 10
4109.496698285162
 20
39561.12864426214
 10
4109.496698285162
 20
39457.12864426214
  0
LWPOLYLINE
  5
3A8
330
17
100
AcDbEntity
  8
WALL
100
AcDbPolyline
 90
5
 70
1
 10
4101.49669828516
 20
39553.12864426214
 10
4051.7636719312613
 20
39553.12864426214
 10
3869.4966982851565
 20
39553.12864426214
 10
3869.4966982851565
 20
39561.12864426214
 10
4101.49669828516
 20
39561.12864426214
  0
LWPOLYLINE
  5
3A9
330
17
100
AcDbEntity
  8
WALL
100
AcDbPolyline
 90
5
 70
1
 10
3869.4966982851565
 20
39457.12864426214
 10
3869.4966982851565
 20
39505.35682303422
 10
3869.4966982851565
 20
39553.12864426214
 10
3877.49669828516
 20
39553.12864426214
 10
3877.49669828516
 20
39457.12864426214
  0
LWPOLYLINE
  5
3AA
330
17
100
AcDbEntity
  8
WALL
100
AcDbPolyline
 90
6
 70
1
 10
6565.690718746573
 20
38714.711618511974
 10
6565.690718746573
 20
38714.727555720805
 10
6459.66709669933
 20
38714.727555720805
 10
6459.66709669933
 20
38722.711618511974
 10
6683.293927296709
 20
38722.711618511974
 10
6683.293927296709
 20
38714.727555720805
  0
LWPOLYLINE
  5
3AB
330
17
100
AcDbEntity
  8
WALL
100
AcDbPolyline
 90
4
 70
1
 10
6691.293927296709
 20
38625.71180768931
 10
6683.293927296709
 20
38625.71180768931
 10
6683.293927296709
 20
38772.74322726701
 10
6691.293927296709
 20
38772.74322726701
  0
LWPOLYLINE
  5
3AC
330
17
100
AcDbEntity
  8
WALL
100
AcDbPolyline
 90
6
 70
1
 10
6639.689671931263
 20
38818.74322726701
 10
6531.859421931264
 20
38818.74322726701
 10
6451.66709669933
 20
38818.74322726701
 10
6451.66709669933
 20
38826.74322726701
 10
6683.293927296709
 20
38826.74322726701
 10
6683.293927296709
 20
38818.74322726701
  0
LWPOLYLINE
  5
3AD
330
17
100
AcDbEntity
  8
WALL
100
AcDbPolyline
 90
5
 70
1
 10
6451.66709669933
 20
38625.71180768931
 10
6451.66709669933
 20
38638.55819803422
 10
6451.66709669933
 20
38818.74322726701
 10
6459.66709669933
 20
38818.74322726701
 10
6459.66709669933
 20
38625.71180768931
  0
LWPOLYLINE
  5
3AE
330
17
100
AcDbEntity
  8
WALL
100
AcDbPolyline
 90
5
 70
1
 10
6464.465515681262
 20
38617.71180768931
 10
6451.66709669933
 20
38617.71180768931
 10
6451.66709669933
 20
38625.71180768931
 10
6508.702529770197
 20
38625.71180768931
 10
6508.702529770197
 20
38617.71180768931
  0
LWPOLYLINE
  5
3AF
330
17
100
AcDbEntity
  8
WALL
100
AcDbPolyline
 90
5
 70
1
 10
6691.293927296709
 20
38617.71180768931
 10
6683.293927296709
 20
38617.71180768931
 10
6634.258494225842
 20
38617.71180768931
 10
6634.258494225842
 20
38625.71180768931
 10
6691.293927296709
 20
38625.71180768931
  0
LWPOLYLINE
  5
3B0
330
17
100
AcDbEntity
  8
WALL
100
AcDbPolyline
 90
5
 70
1
 10
6528.220029916671
 20
39308.296678452294
 10
6528.186587307739
 20
39308.296678452294
 10
6528.186587307739
 20
39316.296678452294
 10
6666.3125715595
 20
39316.296678452294
 10
6666.3125715595
 20
39308.296678452294
  0
LWPOLYLINE
  5
3B1
330
17
100
AcDbEntity
  8
WALL
100
AcDbPolyline
 90
4
 70
1
 10
6528.186587307739
 20
39408.30455246815
 10
6528.186587307739
 20
39416.30455246816
 10
6658.3125715595015
 20
39416.30455246816
 10
6658.3125715595015
 20
39408.30455246815
  0
LWPOLYLINE
  5
3B2
330
17
100
AcDbEntity
  8
WALL
100
AcDbPolyline
 90
5
 70
1
 10
6528.186587307739
 20
39316.296678452294
 10
6528.186587307739
 20
39347.75707303422
 10
6528.186587307739
 20
39408.30455246815
 10
6536.186587307737
 20
39408.30455246815
 10
6536.186587307737
 20
39316.29667845257
  0
LWPOLYLINE
  5
3B3
330
17
100
AcDbEntity
  8
WALL
100
AcDbPolyline
 90
6
 70
1
 10
8984.997609431264
 20
38469.15472891675
 10
8958.040046931263
 20
38469.15472891675
 10
8756.14624354231
 20
38469.15472891675
 10
8756.14624354231
 20
38476.77972891675
 10
9195.314959063544
 20
38476.77972891675
 10
9195.314959063544
 20
38469.15472891675
  0
LWPOLYLINE
  5
3B4
330
17
100
AcDbEntity
  8
WALL
100
AcDbPolyline
 90
5
 70
1
 10
9195.314959063544
 20
38223.17308800007
 10
9195.314959063544
 20
38244.55882303422
 10
9195.314959063544
 20
38476.77972891675
 10
9203.314959063544
 20
38476.77972891675
 10
9203.314959063544
 20
38223.17308800007
  0
LWPOLYLINE
  5
3B5
330
17
100
AcDbEntity
  8
WALL
100
AcDbPolyline
 90
5
 70
1
 10
8911.279690389425
 20
39173.30816607782
 10
8904.124921931265
 20
39173.30816607782
 10
8488.103652780317
 20
39173.30816607782
 10
8488.103652780317
 20
39184.88382098818
 10
8911.279690389425
 20
39184.88382098818
  0
LWPOLYLINE
  5
3B6
330
17
100
AcDbEntity
  8
WALL
100
AcDbPolyline
 90
4
 70
1
 10
7636.155630074098
 20
39173.30816607782
 10
7636.155630074098
 20
39184.88382098818
 10
7919.452641647969
 20
39184.88382098818
 10
7919.452641647969
 20
39173.30816607782
  0
LWPOLYLINE
  5
3B7
330
17
100
AcDbEntity
  8
WALL
100
AcDbPolyline
 90
4
 70
1
 10
7955.452641647969
 20
39173.30816607782
 10
7955.452641647969
 20
39184.88382098818
 10
8227.74965322184
 20
39184.88382098818
 10
8227.74965322184
 20
39173.30816607782
  0
LWPOLYLINE
  5
3B8
330
17
100
AcDbEntity
  8
WALL
100
AcDbPolyline
 90
5
 70
1
 10
8452.103652780317
 20
39173.30816607782
 10
8445.846359431263
 20
39173.30816607782
 10
8263.74965322184
 20
39173.30816607782
 10
8263.74965322184
 20
39184.88382098818
 10
8452.103652780317
 20
39184.88382098818
  0
LWPOLYLINE
  5
3B9
330
17
100
AcDbEntity
  8
WALL
100
AcDbPolyline
 90
11
 70
1
 10
6767.657446029349
 20
38626.08680768931
 10
6767.657446029349
 20
38664.824823034214
 10
6767.657446029349
 20
39290.046678452294
 10
6770.282446029349
 20
39290.046678452294
 10
6770.282446029349
 20
39314.046678452294
 10
6767.657446029349
 20
39314.046678452294
 10
6767.657446029349
 20
39504.584132544835
 10
6769.282446029349
 20
39504.584132544835
 10
6769.282446029349
 20
39513.14663254484
 10
6775.282446029349
 20
39513.14663254484
 10
6775.282446029349
 20
38626.08680768931
  0
LWPOLYLINE
  5
3BA
330
17
100
AcDbEntity
  8
WALL
100
AcDbPolyline
 90
5
 70
1
 10
6775.282446029349
 20
39522.146632544835
 10
6774.4774844312615
 20
39522.146632544835
 10
6765.2824460293505
 20
39522.146632544835
 10
6765.2824460293505
 20
39875.251389628786
 10
6775.282446029349
 20
39873.89439949533
  0
LWPOLYLINE
  5
3BB
330
17
100
AcDbEntity
  8
WALL
100
AcDbPolyline
 90
4
 70
1
 10
6909.1375446239745
 20
38469.154728916765
 10
6901.5125446239745
 20
38469.154728916765
 10
6901.5125446239745
 20
38560.68832086758
 10
6909.1375446239745
 20
38560.68832086758
  0
LWPOLYLINE
  5
3BC
330
17
100
AcDbEntity
  8
WALL
100
AcDbPolyline
 90
6
 70
1
 10
8499.761484431263
 20
38469.15472891675
 10
8472.803921931263
 20
38469.15472891676
 10
6909.1375446239745
 20
38469.154728916765
 10
6909.1375446239745
 20
38476.77972891676
 10
8579.279690389398
 20
38476.77972891675
 10
8579.279690389398
 20
38469.15472891675
  0
LWPOLYLINE
  5
3BD
330
17
100
AcDbEntity
  8
WALL
100
AcDbPolyline
 90
6
 70
1
 10
8688.464421931263
 20
38692.77301029988
 10
8683.312776708988
 20
38692.77301029988
 10
8579.2796903894
 20
38692.77301029988
 10
8579.2796903894
 20
38700.77301029989
 10
8691.312776708988
 20
38700.77301029989
 10
8691.312776708988
 20
38692.77301029988
  0
LWPOLYLINE
  5
3BE
330
17
100
AcDbEntity
  8
WALL
100
AcDbPolyline
 90
5
 70
1
 10
8688.464421931263
 20
38476.77972891675
 10
8683.312776708988
 20
38476.77972891675
 10
8683.312776708988
 20
38646.77301029988
 10
8691.312776708988
 20
38646.77301029988
 10
8691.312776708988
 20
38476.77972891675
  0
LWPOLYLINE
  5
3BF
330
17
100
AcDbEntity
  8
WALL
100
AcDbPolyline
 90
5
 70
1
 10
8587.279690389398
 20
38476.77972891675
 10
8580.634171931264
 20
38476.77972891675
 10
8579.2796903894
 20
38476.77972891675
 10
8579.2796903894
 20
38692.77301029988
 10
8587.279690389398
 20
38692.77301029988
  0
LWPOLYLINE
  5
3C0
330
17
100
AcDbEntity
  8
WALL
100
AcDbPolyline
 90
5
 70
1
 10
8631.279690389398
 20
38468.77972891676
 10
8631.279690389398
 20
38470.02972891675
 10
8631.279690389398
 20
38476.77972891675
 10
8691.312776708988
 20
38476.77972891675
 10
8691.312776708988
 20
38468.77972891676
  0
LWPOLYLINE
  5
3C1
330
17
100
AcDbEntity
  8
WALL
100
AcDbPolyline
 90
5
 70
1
 10
8756.14624354231
 20
38469.15472891675
 10
8742.379546931263
 20
38469.15472891676
 10
8691.312776708988
 20
38469.15472891676
 10
8691.312776708988
 20
38476.77972891676
 10
8756.14624354231
 20
38476.77972891676
  0
LWPOLYLINE
  5
3C2
330
17
100
AcDbEntity
  8
WALL
100
AcDbPolyline
 90
5
 70
1
 10
6855.350171931263
 20
38618.46180768931
 10
6820.657446029347
 20
38618.46180768931
 10
6820.657446029347
 20
38626.08680768931
 10
6901.5125446239745
 20
38626.08680768931
 10
6901.5125446239745
 20
38618.46180768931
  0
LWPOLYLINE
  5
3C3
330
17
100
AcDbEntity
  8
WALL
100
AcDbPolyline
 90
5
 70
1
 10
9343.14604908056
 20
38466.77972891675
 10
9227.615671931264
 20
38466.77972891675
 10
9203.314959063544
 20
38466.77972891675
 10
9203.314959063544
 20
38476.77972891675
 10
9346.005424648396
 20
38476.77972891675
  0
LWPOLYLINE
  5
3C4
330
17
100
AcDbEntity
  8
WALL
100
AcDbPolyline
 90
4
 70
1
 10
9346.005424648396
 20
38476.77972891675
 10
9335.60465406935
 20
38476.77972891675
 10
9542.165510096638
 20
39199.17820762963
 10
9551.772145623418
 20
39196.40090526614
  0
LWPOLYLINE
  5
3C5
330
17
100
AcDbEntity
  8
WALL
100
AcDbPolyline
 90
4
 70
1
 10
9536.973234886613
 20
39200.67930738225
 10
9527.340473063738
 20
39203.464162923294
 10
9586.610113903698
 20
39484.70529770227
 10
9596.610113903695
 20
39483.663028757066
  0
LWPOLYLINE
  5
3C6
330
17
100
AcDbEntity
  8
WALL
100
AcDbPolyline
 90
4
 70
1
 10
9596.610113903698
 20
39483.66302875706
 10
9586.610113903698
 20
39484.70529770226
 10
9586.610113903698
 20
39670.770302075514
 10
9596.610113903698
 20
39670.770302075514
  0
LWPOLYLINE
  5
3C7
330
17
100
AcDbEntity
  8
WALL
100
AcDbPolyline
 90
4
 70
1
 10
9510.754187958872
 20
39673.145302075514
 10
9510.754187958872
 20
39680.770302075514
 10
9586.610113903698
 20
39680.770302075514
 10
9586.610113903698
 20
39673.145302075514
  0
LWPOLYLINE
  5
3C8
330
17
100
AcDbEntity
  8
WALL
100
AcDbPolyline
 90
4
 70
1
 10
9614.629187958873
 20
39680.770302075514
 10
9606.754187958875
 20
39680.770302075514
 10
9606.754187958875
 20
39795.99771949127
 10
9614.629187958873
 20
39795.99771949127
  0
LWPOLYLINE
  5
3C9
330
17
100
AcDbEntity
  8
WALL
100
AcDbPolyline
 90
5
 70
1
 10
7592.2806300740995
 20
39172.883820988165
 10
7583.204359431264
 20
39172.883820988165
 10
7292.155630074089
 20
39172.883820988165
 10
7292.155630074089
 20
39184.883820988165
 10
7592.2806300740995
 20
39184.883820988165
  0
LWPOLYLINE
  5
3CA
330
17
100
AcDbEntity
  8
WALL
100
AcDbPolyline
 90
6
 70
1
 10
9443.276171931262
 20
39904.99771949127
 10
9335.445921931263
 20
39904.99771949127
 10
7378.063971526732
 20
39904.997719491286
 10
7379.421016933751
 20
39914.997719491286
 10
9606.754187958875
 20
39914.99771949127
 10
9606.754187958875
 20
39904.99771949127
  0
LWPOLYLINE
  5
3CB
330
17
100
AcDbEntity
  8
WALL
100
AcDbPolyline
 90
5
 70
1
 10
7372.929121360341
 20
39792.79433532333
 10
7367.543859431264
 20
39793.52511005371
 10
7363.019940110995
 20
39794.13900144193
 10
7378.063971526732
 20
39904.997719491286
 10
7388.155630074103
 20
39904.997719491286
  0
LWPOLYLINE
  5
3CC
330
17
100
AcDbEntity
  8
WALL
100
AcDbPolyline
 90
5
 70
1
 10
7363.019940110995
 20
39794.13900144193
 10
7361.909419197318
 20
39794.28969803422
 10
6765.2824460293505
 20
39875.251389628786
 10
6765.2824460293505
 20
39885.34304074356
 10
7364.364660010775
 20
39804.04817539308
  0
LWPOLYLINE
  5
3CD
330
17
100
AcDbEntity
  8
WALL
100
AcDbPolyline
 90
4
 70
1
 10
9510.754187958872
 20
39795.99771949127
 10
9503.129187958872
 20
39795.99771949127
 10
9503.129187958872
 20
39904.99771949127
 10
9510.754187958872
 20
39904.99771949127
  0
LWPOLYLINE
  5
3CE
330
17
100
AcDbEntity
  8
WALL
100
AcDbPolyline
 90
5
 70
1
 10
9504.004187958872
 20
39726.770302075514
 10
9503.129187958872
 20
39726.770302075514
 10
9503.129187958872
 20
39795.99771949127
 10
9510.754187958872
 20
39795.99771949127
 10
9510.754187958872
 20
39726.770302075514
  0
LWPOLYLINE
  5
3CF
330
17
100
AcDbEntity
  8
WALL
100
AcDbPolyline
 90
5
 70
1
 10
9616.754187958875
 20
39670.770302075514
 10
9605.021546931264
 20
39670.770302075514
 10
9586.610113903698
 20
39670.770302075514
 10
9586.610113903698
 20
39680.770302075514
 10
9616.754187958875
 20
39680.770302075514
  0
LWPOLYLINE
  5
3D0
330
17
100
AcDbEntity
  8
WALL
100
AcDbPolyline
 90
5
 70
1
 10
3752.447346860934
 20
39039.712042278785
 10
3744.1285302597134
 20
39045.31146531169
 10
3977.383597124217
 20
39341.61971028847
 10
3982.9460694594345
 20
39337.24090923086
 10
3961.017430281747
 20
39304.66249417607
  0
LWPOLYLINE
  5
3D1
330
17
100
AcDbEntity
  8
BOUNDARY
100
AcDbPolyline
 90
165
 70
1
 10
5047.303373037497
 20
38303.72501379367
 10
4939.217720004339
 20
38315.1359717968
 10
4907.281247666517
 20
38336.75076233891
 10
4904.825347388953
 20
38359.738320123615
 10
4826.216925287181
 20
38368.11606715289
 10
4631.145185342379
 20
38437.024122196985
 10
4343.749006009681
 20
38580.47133416956
 10
4355.261456698461
 20
38603.536725334474
 10
4325.8920255933135
 20
38618.28241984606
 10
4227.002457160073
 20
38624.12055558499
 10
4216.362420081992
 20
38645.47750873608
 10
4061.009937737146
 20
38750.045779628585
 10
4073.4381550332346
 20
38768.50983562404
 10
4048.228566169537
 20
38790.33510134304
 10
3989.023109434982
 20
38792.28241984606
 10
3935.2812476665167
 20
38819.34182960451
 10
3935.232415060671
 20
38867.3312524519
 10
3875.853713292967
 20
38886.836640566944
 10
3870.2201106143366
 20
38878.4670447734
 10
3714.867628269494
 20
38983.03531566591
 10
3550.7997211986294
 20
39113.7105941638
 10
3561.1080192858735
 20
39126.793996751076
 10
3539.2812476665167
 20
39149.99232481957
 10
3539.2812476665167
 20
39167.9959435602
 10
3556.2843405181648
 20
39195.1978704311
 10
3528.4421531143544
 20
39217.52745563791
 10
3503.7983021707223
 20
39194.28241984606
 10
3449.980431696631
 20
39203.578849061094
 10
3444.377493941285
 20
39196.498145915626
 10
3413.2812476665167
 20
39217.05915572427
 10
3412.0197880065716
 20
39252.543879506
 10
3372.8927372826893
 20
39271.4927682746
 10
3365.602477950755
 20
39262.23989287286
 10
3292.2812476665167
 20
39321.04391697322
 10
3294.0860536231357
 20
39584.28241984606
 10
3354.0981160919073
 20
39584.28241984606
 10
3360.281247666515
 20
39566.8786442621
 10
3840.1958220889373
 20
39566.8786442621
 10
3845.2812476665167
 20
39598.95797232199
 10
3866.996698285173
 20
39601.210505715135
 10
3853.539668832387
 20
39613.54084101193
 10
3862.7496279412335
 20
39620.28241984606
 10
4150.807527791327
 20
39620.28241984606
 10
4154.7466982851765
 20
39584.28241984606
 10
4175.847821264741
 20
39566.87864426209
 10
4456.238048253455
 20
39566.87864426209
 10
4562.200887891544
 20
39494.972231541054
 10
4825.579616725921
 20
39356.67160468406
 10
4851.087148494626
 20
39334.19730838697
 10
5385.8528265088935
 20
39130.2619017439
 10
5397.267706911698
 20
39145.29596060087
 10
5396.220301461073
 20
39126.494087817075
 10
5413.194649076171
 20
39140.28241984606
 10
5412.941850522158
 20
39121.47991250126
 10
5528.244250788619
 20
39088.41150291112
 10
5846.444868418981
 20
39027.60309538188
 10
5975.272010202361
 20
39014.55335405269
 10
5989.070315389294
 20
39032.28241984606
 10
5998.077261421306
 20
39003.19720484504
 10
6144.251521263541
 20
38988.39026079956
 10
6161.650658672883
 20
39014.28241984606
 10
6202.669751655147
 20
39016.67092383468
 10
6203.281247666517
 20
39088.43210885597
 10
6215.2267087207765
 20
39104.723399858034
 10
6215.2267087207765
 20
39283.986633628665
 10
6197.281247666517
 20
39305.71721402057
 10
6131.789208720775
 20
39305.71721402057
 10
6131.789208720775
 20
39363.70204570276
 10
6113.281247666517
 20
39369.04863954586
 10
6113.281247666517
 20
39501.07517697715
 10
6131.789208720775
 20
39505.96515707819
 10
6128.8704513370285
 20
39542.28241984606
 10
6179.005391493691
 20
39542.28241984606
 10
6179.005391493691
 20
40176.83653597585
 10
6557.266114915959
 20
40179.691708824066
 10
6560.0053914841465
 20
39902.28241984606
 10
6745.727025155438
 20
39902.28241984606
 10
6775.28244602936
 20
39883.9860506101
 10
6989.005121212267
 20
39854.984094458094
 10
6997.35369314683
 20
39872.28241984606
 10
6999.809379132086
 20
39853.51796731844
 10
7034.505823843561
 20
39848.80969400447
 10
7042.878061747608
 20
39866.28241984606
 10
7050.892237282127
 20
39836.49442275381
 10
7116.899345161419
 20
39825.12042552016
 10
7133.926798949162
 20
39854.28241984606
 10
7133.778024275236
 20
39822.21198041908
 10
7150.4587320231
 20
39819.33764870125
 10
7173.449961303062
 20
39848.28241984606
 10
7185.109358894875
 20
39847.4543086177
 10
7187.299046529375
 20
39828.075804440035
 10
7210.6159375505595
 20
39824.91172533416
 10
7224.975536150716
 20
39842.28241984606
 10
7227.386019762669
 20
39822.63604172425
 10
7256.116640181854
 20
39818.73732488054
 10
7264.498698504614
 20
39836.28241984606
 10
7368.4818173237745
 20
39834.38730252679
 10
7378.063971526741
 20
39904.99771949129
 10
7407.085073022592
 20
39914.28241984606
 10
8103.224997660316
 20
39914.28241984606
 10
8133.679690389419
 20
39904.997719491286
 10
8133.679690389419
 20
39764.28241984606
 10
8170.296653552534
 20
39764.28241984606
 10
8265.891959125129
 20
39734.28241984606
 10
8392.879690389424
 20
39734.28241984606
 10
8392.879690389424
 20
39904.997719491286
 10
8422.987739954884
 20
39914.28241984606
 10
8879.079414717531
 20
39914.28241984606
 10
8911.279690389432
 20
39904.99771949128
 10
8945.092683433177
 20
39914.28241984606
 10
9311.166264492671
 20
39914.28241984606
 10
9320.712345537233
 20
39764.28241984606
 10
9434.735264227895
 20
39764.28241984606
 10
9457.57881922174
 20
39793.57999140128
 10
9503.12918795888
 20
39794.28241984606
 10
9503.12918795888
 20
39904.99771949128
 10
9616.754187958883
 20
39914.217690743535
 10
9616.754187958883
 20
39670.77030207552
 10
9596.610113903705
 20
39665.6940268287
 10
9596.610113903705
 20
39485.82833261698
 10
9539.795650574519
 20
39214.07198835067
 10
9551.007340928856
 20
39193.726178996636
 10
9377.74658806514
 20
38587.7870543405
 10
9366.66042521881
 20
38585.390054537485
 10
9374.688821561707
 20
38577.09322825543
 10
9343.980505099158
 20
38469.69804446781
 10
9233.688413360149
 20
38466.77972891676
 10
9203.31495906355
 20
38476.77972891677
 10
9203.314959063551
 20
38127.11799434153
 10
9044.067545009217
 20
38126.49532989576
 10
9033.877261037105
 20
38059.11799434152
 10
8783.646243542265
 20
38059.11799434152
 10
8783.646243542265
 20
38110.846606489
 10
8771.281247666517
 20
38126.49532989576
 10
8634.930751785643
 20
38126.49532989576
 10
8625.54100952488
 20
38119.32662210538
 10
8625.07342683991
 20
38059.117994341526
 10
8343.667560956057
 20
38059.117994341526
 10
8343.667560956057
 20
38109.50414957272
 10
8327.281247666517
 20
38126.49532989576
 10
8036.2418462831265
 20
38126.49532989576
 10
8024.468072205396
 20
38120.253705915326
 10
8024.468072205396
 20
38059.117994341526
 10
7708.648721610363
 20
38054.28241984606
 10
7349.614558263911
 20
38059.11799434153
 10
7349.614558263911
 20
38102.27146112223
 10
7331.281247666517
 20
38126.49532989576
 10
7029.470915992979
 20
38126.49532989576
 10
7019.53025406939
 20
38116.71231636588
 10
7018.869594176245
 20
38059.11799434153
 10
6443.221610577195
 20
38059.11799434153
 10
6305.798179026342
 20
38049.11799434154
 10
6284.26543461324
 20
38090.152556610694
 10
5979.0270778781905
 20
38106.00281149389
 10
5981.400630812386
 20
38148.998264307615
 10
5953.4750653225
 20
38174.50731649446
 10
5881.679392245556
 20
38178.47077819423
 10
5846.628948938778
 20
38153.32204231251
 10
5834.523650449626
 20
38119.905213817794
 10
5651.006699868141
 20
38149.586564042824
 10
5524.026990082224
 20
38145.76438971337
 10
5507.281247666517
 20
38156.85579607576
 10
5504.75022437603
 20
38185.81344313654
 10
5240.842769063382
 20
38226.18322170275
 10
5043.533795902154
 20
38292.84218575271
  0
TEXT
  5
3D2
330
17
100
AcDbEntity
  8
COL-LABEL
100
AcDbText
 10
3404.406247666515
 20
39566.0036442621
 30
0.0
 40
18.0
  1
C1
 11
3404.406247666515
 21
39566.0036442621
 31
0.0
100
AcDbText
  0
TEXT
  5
3D3
330
17
100
AcDbEntity
  8
COL-LABEL
100
AcDbText
 10
3402.8296281209914
 20
39384.77234313716
 30
0.0
 40
18.0
  1
C2
 11
3402.8296281209914
 21
39384.77234313716
 31
0.0
100
AcDbText
  0
TEXT
  5
3D4
330
17
100
AcDbEntity
  8
COL-LABEL
100
AcDbText
 10
3627.9282912220388
 20
39202.016708183466
 30
0.0
 40
18.0
  1
C3
 11
3627.9282912220388
 21
39202.016708183466
 31
0.0
100
AcDbText
  0
TEXT
  5
3D5
330
17
100
AcDbEntity
  8
COL-LABEL
100
AcDbText
 10
3618.3624151931454
 20
39456.74726232186
 30
0.0
 40
18.0
  1
C4
 11
3618.3624151931454
 21
39456.74726232186
 31
0.0
100
AcDbText
  0
TEXT
  5
3D6
330
17
100
AcDbEntity
  8
COL-LABEL
100
AcDbText
 10
3739.673012876472
 20
39566.0036442621
 30
0.0
 40
18.0
  1
C5
 11
3739.673012876472
 21
39566.0036442621
 31
0.0
100
AcDbText
  0
TEXT
  5
3D7
330
17
100
AcDbEntity
  8
COL-LABEL
100
AcDbText
 10
3767.195448446919
 20
39379.78631519151
 30
0.0
 40
18.0
  1
C6
 11
3767.195448446919
 21
39379.78631519151
 31
0.0
100
AcDbText
  0
TEXT
  5
3D8
330
17
100
AcDbEntity
  8
COL-LABEL
100
AcDbText
 10
4036.021108087052
 20
38911.9516545131
 30
0.0
 40
18.0
  1
C7
 11
4036.021108087052
 21
38911.9516545131
 31
0.0
100
AcDbText
  0
TEXT
  5
3D9
330
17
100
AcDbEntity
  8
COL-LABEL
100
AcDbText
 10
4159.825024517228
 20
39088.46685883072
 30
0.0
 40
18.0
  1
C8
 11
4159.825024517228
 21
39088.46685883072
 31
0.0
100
AcDbText
  0
TEXT
  5
3DA
330
17
100
AcDbEntity
  8
COL-LABEL
100
AcDbText
 10
4273.297398070705
 20
39289.116540520525
 30
0.0
 40
18.0
  1
C9
 11
4273.297398070705
 21
39289.116540520525
 31
0.0
100
AcDbText
  0
TEXT
  5
3DB
330
17
100
AcDbEntity
  8
COL-LABEL
100
AcDbText
 10
4289.111475512582
 20
38741.26190903191
 30
0.0
 40
18.0
  1
C10
 11
4289.111475512582
 21
38741.26190903191
 31
0.0
100
AcDbText
  0
TEXT
  5
3DC
330
17
100
AcDbEntity
  8
COL-LABEL
100
AcDbText
 10
4357.521064705448
 20
39566.00364426209
 30
0.0
 40
18.0
  1
C11
 11
4357.521064705448
 21
39566.00364426209
 31
0.0
100
AcDbText
  0
TEXT
  5
3DD
330
17
100
AcDbEntity
  8
COL-LABEL
100
AcDbText
 10
4401.033209660232
 20
38943.83157115922
 30
0.0
 40
18.0
  1
C12
 11
4401.033209660232
 21
38943.83157115922
 31
0.0
100
AcDbText
  0
TEXT
  5
3DE
330
17
100
AcDbEntity
  8
COL-LABEL
100
AcDbText
 10
4430.487630446993
 20
39520.76142839976
 30
0.0
 40
18.0
  1
C13
 11
4430.487630446993
 21
39520.76142839976
 31
0.0
100
AcDbText
  0
TEXT
  5
3DF
330
17
100
AcDbEntity
  8
COL-LABEL
100
AcDbText
 10
4557.440692796421
 20
38593.68495372082
 30
0.0
 40
18.0
  1
C14
 11
4557.440692796421
 21
38593.68495372082
 31
0.0
100
AcDbText
  0
TEXT
  5
3E0
330
17
100
AcDbEntity
  8
COL-LABEL
100
AcDbText
 10
4635.968915722167
 20
38736.730019440656
 30
0.0
 40
18.0
  1
C15
 11
4635.968915722167
 21
38736.730019440656
 31
0.0
100
AcDbText
  0
TEXT
  5
3E1
330
17
100
AcDbEntity
  8
COL-LABEL
100
AcDbText
 10
4692.982789440486
 20
38539.11477967083
 30
0.0
 40
18.0
  1
C16
 11
4692.982789440486
 21
38539.11477967083
 31
0.0
100
AcDbText
  0
TEXT
  5
3E2
330
17
100
AcDbEntity
  8
COL-LABEL
100
AcDbText
 10
4787.606047301386
 20
38750.36687054863
 30
0.0
 40
18.0
  1
C17
 11
4787.606047301386
 21
38750.36687054863
 31
0.0
100
AcDbText
  0
TEXT
  5
3E3
330
17
100
AcDbEntity
  8
COL-LABEL
100
AcDbText
 10
4840.540346889273
 20
38972.35822970365
 30
0.0
 40
18.0
  1
C18
 11
4840.540346889273
 21
38972.35822970365
 31
0.0
100
AcDbText
  0
TEXT
  5
3E4
330
17
100
AcDbEntity
  8
COL-LABEL
100
AcDbText
 10
4842.745241396464
 20
39347.08649210822
 30
0.0
 40
18.0
  1
C19
 11
4842.745241396464
 21
39347.08649210822
 31
0.0
100
AcDbText
  0
TEXT
  5
3E5
330
17
100
AcDbEntity
  8
COL-LABEL
100
AcDbText
 10
4957.858621991274
 20
39224.56336256794
 30
0.0
 40
18.0
  1
C20
 11
4957.858621991274
 21
39224.56336256794
 31
0.0
100
AcDbText
  0
TEXT
  5
3E6
330
17
100
AcDbEntity
  8
COL-LABEL
100
AcDbText
 10
4981.215475193652
 20
38438.967290388435
 30
0.0
 40
18.0
  1
C21
 11
4981.215475193652
 21
38438.967290388435
 31
0.0
100
AcDbText
  0
TEXT
  5
3E7
330
17
100
AcDbEntity
  8
COL-LABEL
100
AcDbText
 10
5058.828856331813
 20
38636.63063312014
 30
0.0
 40
18.0
  1
C22
 11
5058.828856331813
 21
38636.63063312014
 31
0.0
100
AcDbText
  0
TEXT
  5
3E8
330
17
100
AcDbEntity
  8
COL-LABEL
100
AcDbText
 10
5156.394317497576
 20
38844.508729598485
 30
0.0
 40
18.0
  1
C23
 11
5156.394317497576
 21
38844.508729598485
 31
0.0
100
AcDbText
  0
TEXT
  5
3E9
330
17
100
AcDbEntity
  8
COL-LABEL
100
AcDbText
 10
5211.645777068641
 20
38985.31537832511
 30
0.0
 40
18.0
  1
C24
 11
5211.645777068641
 21
38985.31537832511
 31
0.0
100
AcDbText
  0
TEXT
  5
3EA
330
17
100
AcDbEntity
  8
COL-LABEL
100
AcDbText
 10
5269.35180031494
 20
38338.64226307666
 30
0.0
 40
18.0
  1
C25
 11
5269.35180031494
 21
38338.64226307666
 31
0.0
100
AcDbText
  0
TEXT
  5
3EB
330
17
100
AcDbEntity
  8
COL-LABEL
100
AcDbText
 10
5275.329871566519
 20
39171.770479164545
 30
0.0
 40
18.0
  1
C26
 11
5275.329871566519
 21
39171.770479164545
 31
0.0
100
AcDbText
  0
TEXT
  5
3EC
330
17
100
AcDbEntity
  8
COL-LABEL
100
AcDbText
 10
5314.82337715386
 20
38799.20065495172
 30
0.0
 40
18.0
  1
C27
 11
5314.82337715386
 21
38799.20065495172
 31
0.0
100
AcDbText
  0
TEXT
  5
3ED
330
17
100
AcDbEntity
  8
COL-LABEL
100
AcDbText
 10
5328.044959531389
 20
38560.166207764065
 30
0.0
 40
18.0
  1
C28
 11
5328.044959531389
 21
38560.166207764065
 31
0.0
100
AcDbText
  0
TEXT
  5
3EE
330
17
100
AcDbEntity
  8
COL-LABEL
100
AcDbText
 10
5370.003491078029
 20
38940.38741068638
 30
0.0
 40
18.0
  1
C29
 11
5370.003491078029
 21
38940.38741068638
 31
0.0
100
AcDbText
  0
TEXT
  5
3EF
330
17
100
AcDbEntity
  8
COL-LABEL
100
AcDbText
 10
5408.757691828143
 20
39126.72931700624
 30
0.0
 40
18.0
  1
C30
 11
5408.757691828143
 21
39126.72931700624
 31
0.0
100
AcDbText
  0
TEXT
  5
3F0
330
17
100
AcDbEntity
  8
COL-LABEL
100
AcDbText
 10
5569.103719848894
 20
38282.28421310884
 30
0.0
 40
18.0
  1
C31
 11
5569.103719848894
 21
38282.28421310884
 31
0.0
100
AcDbText
  0
TEXT
  5
3F1
330
17
100
AcDbEntity
  8
COL-LABEL
100
AcDbText
 10
5617.600492719508
 20
38486.17658329273
 30
0.0
 40
18.0
  1
C32
 11
5617.600492719508
 21
38486.17658329273
 31
0.0
100
AcDbText
  0
TEXT
  5
3F2
330
17
100
AcDbEntity
  8
COL-LABEL
100
AcDbText
 10
5868.77775910395
 20
38225.71716258077
 30
0.0
 40
18.0
  1
C33
 11
5868.77775910395
 21
38225.71716258077
 31
0.0
100
AcDbText
  0
TEXT
  5
3F3
330
17
100
AcDbEntity
  8
COL-LABEL
100
AcDbText
 10
5891.168643184188
 20
38456.10946325772
 30
0.0
 40
18.0
  1
C34
 11
5891.168643184188
 21
38456.10946325772
 31
0.0
100
AcDbText
  0
TEXT
  5
3F4
330
17
100
AcDbEntity
  8
COL-LABEL
100
AcDbText
 10
5957.708966303915
 20
38731.040623480505
 30
0.0
 40
18.0
  1
C35
 11
5957.708966303915
 21
38731.040623480505
 31
0.0
100
AcDbText
  0
TEXT
  5
3F5
330
17
100
AcDbEntity
  8
COL-LABEL
100
AcDbText
 10
5986.411196780511
 20
39014.38925253248
 30
0.0
 40
18.0
  1
C36
 11
5986.411196780511
 21
39014.38925253248
 31
0.0
100
AcDbText
  0
TEXT
  5
3F6
330
17
100
AcDbEntity
  8
COL-LABEL
100
AcDbText
 10
6013.2000850878285
 20
38205.419814333305
 30
0.0
 40
18.0
  1
C37
 11
6013.2000850878285
 21
38205.419814333305
 31
0.0
100
AcDbText
  0
TEXT
  5
3F7
330
17
100
AcDbEntity
  8
COL-LABEL
100
AcDbText
 10
6022.953570893458
 20
38364.71633281567
 30
0.0
 40
18.0
  1
C38
 11
6022.953570893458
 21
38364.71633281567
 31
0.0
100
AcDbText
  0
TEXT
  5
3F8
330
17
100
AcDbEntity
  8
COL-LABEL
100
AcDbText
 10
6155.351708720775
 20
39351.27971402057
 30
0.0
 40
18.0
  1
C39
 11
6155.351708720775
 21
39351.27971402057
 31
0.0
100
AcDbText
  0
TEXT
  5
3F9
330
17
100
AcDbEntity
  8
COL-LABEL
100
AcDbText
 10
6155.351708720775
 20
39521.58413254485
 30
0.0
 40
18.0
  1
C40
 11
6155.351708720775
 21
39521.58413254485
 31
0.0
100
AcDbText
  0
TEXT
  5
3FA
330
17
100
AcDbEntity
  8
COL-LABEL
100
AcDbText
 10
6205.700056763668
 20
38993.18386168622
 30
0.0
 40
18.0
  1
C41
 11
6205.700056763668
 21
38993.18386168622
 31
0.0
100
AcDbText
  0
TEXT
  5
3FB
330
17
100
AcDbEntity
  8
COL-LABEL
100
AcDbText
 10
6239.1017087207765
 20
39150.598399858034
 30
0.0
 40
18.0
  1
C42
 11
6239.1017087207765
 21
39150.598399858034
 31
0.0
100
AcDbText
  0
TEXT
  5
3FC
330
17
100
AcDbEntity
  8
COL-LABEL
100
AcDbText
 10
6272.44699674527
 20
38633.96180768932
 30
0.0
 40
18.0
  1
C43
 11
6272.44699674527
 21
38633.96180768932
 31
0.0
100
AcDbText
  0
TEXT
  5
3FD
330
17
100
AcDbEntity
  8
COL-LABEL
100
AcDbText
 10
6309.44699674527
 20
38882.88873648415
 30
0.0
 40
18.0
  1
C44
 11
6309.44699674527
 21
38882.88873648415
 31
0.0
100
AcDbText
  0
TEXT
  5
3FE
330
17
100
AcDbEntity
  8
COL-LABEL
100
AcDbText
 10
6319.159890818555
 20
38171.24299434154
 30
0.0
 40
18.0
  1
C45
 11
6319.159890818555
 21
38171.24299434154
 31
0.0
100
AcDbText
  0
TEXT
  5
3FF
330
17
100
AcDbEntity
  8
COL-LABEL
100
AcDbText
 10
6319.159890818555
 20
38354.3575629231
 30
0.0
 40
18.0
  1
C46
 11
6319.159890818555
 21
38354.3575629231
 31
0.0
100
AcDbText
  0
TEXT
  5
400
330
17
100
AcDbEntity
  8
COL-LABEL
100
AcDbText
 10
6334.631905428732
 20
38992.11822726702
 30
0.0
 40
18.0
  1
C47
 11
6334.631905428732
 21
38992.11822726702
 31
0.0
100
AcDbText
  0
TEXT
  5
401
330
17
100
AcDbEntity
  8
COL-LABEL
100
AcDbText
 10
6402.21863552725
 20
39326.21721402057
 30
0.0
 40
18.0
  1
C48
 11
6402.21863552725
 21
39326.21721402057
 31
0.0
100
AcDbText
  0
TEXT
  5
402
330
17
100
AcDbEntity
  8
COL-LABEL
100
AcDbText
 10
6402.21863552725
 20
39523.08413254484
 30
0.0
 40
18.0
  1
C49
 11
6402.21863552725
 21
39523.08413254484
 31
0.0
100
AcDbText
  0
TEXT
  5
403
330
17
100
AcDbEntity
  8
COL-LABEL
100
AcDbText
 10
6433.979629149901
 20
38833.88873648416
 30
0.0
 40
18.0
  1
C50
 11
6433.979629149901
 21
38833.88873648416
 31
0.0
100
AcDbText
  0
TEXT
  5
404
330
17
100
AcDbEntity
  8
COL-LABEL
100
AcDbText
 10
6450.5348908203905
 20
38149.24299434153
 30
0.0
 40
18.0
  1
C51
 11
6450.5348908203905
 21
38149.24299434153
 31
0.0
100
AcDbText
  0
TEXT
  5
405
330
17
100
AcDbEntity
  8
COL-LABEL
100
AcDbText
 10
6537.765913838592
 20
39141.28589985805
 30
0.0
 40
18.0
  1
C52
 11
6537.765913838592
 21
39141.28589985805
 31
0.0
100
AcDbText
  0
TEXT
  5
406
330
17
100
AcDbEntity
  8
COL-LABEL
100
AcDbText
 10
6647.718352833956
 20
38149.24299434154
 30
0.0
 40
18.0
  1
C53
 11
6647.718352833956
 21
38149.24299434154
 31
0.0
100
AcDbText
  0
TEXT
  5
407
330
17
100
AcDbEntity
  8
COL-LABEL
100
AcDbText
 10
6648.968782954436
 20
38340.18946982296
 30
0.0
 40
18.0
  1
C54
 11
6648.968782954436
 21
38340.18946982296
 31
0.0
100
AcDbText
  0
TEXT
  5
408
330
17
100
AcDbEntity
  8
COL-LABEL
100
AcDbText
 10
6663.410516397509
 20
39521.58413254484
 30
0.0
 40
18.0
  1
C55
 11
6663.410516397509
 21
39521.58413254484
 31
0.0
100
AcDbText
  0
TEXT
  5
409
330
17
100
AcDbEntity
  8
COL-LABEL
100
AcDbText
 10
6773.78244602936
 20
39523.08413254484
 30
0.0
 40
18.0
  1
C56
 11
6773.78244602936
 21
39523.08413254484
 31
0.0
100
AcDbText
  0
TEXT
  5
40A
330
17
100
AcDbEntity
  8
COL-LABEL
100
AcDbText
 10
6774.092922714151
 20
38171.24299434153
 30
0.0
 40
18.0
  1
C57
 11
6774.092922714151
 21
38171.24299434153
 31
0.0
100
AcDbText
  0
TEXT
  5
40B
330
17
100
AcDbEntity
  8
COL-LABEL
100
AcDbText
 10
6774.092922714151
 20
38534.79506292306
 30
0.0
 40
18.0
  1
C58
 11
6774.092922714151
 21
38534.79506292306
 31
0.0
100
AcDbText
  0
TEXT
  5
40C
330
17
100
AcDbEntity
  8
COL-LABEL
100
AcDbText
 10
6774.78244602936
 20
39318.5466784523
 30
0.0
 40
18.0
  1
C59
 11
6774.78244602936
 21
39318.5466784523
 31
0.0
100
AcDbText
  0
TEXT
  5
40D
330
17
100
AcDbEntity
  8
COL-LABEL
100
AcDbText
 10
6995.78244602936
 20
38999.27259381443
 30
0.0
 40
18.0
  1
C63
 11
6995.78244602936
 21
38999.27259381443
 31
0.0
100
AcDbText
  0
TEXT
  5
40E
330
17
100
AcDbEntity
  8
COL-LABEL
100
AcDbText
 10
6995.78244602936
 20
39397.27259381443
 30
0.0
 40
18.0
  1
C64
 11
6995.78244602936
 21
39397.27259381443
 31
0.0
100
AcDbText
  0
TEXT
  5
40F
330
17
100
AcDbEntity
  8
COL-LABEL
100
AcDbText
 10
6995.78244602936
 20
39717.27259381443
 30
0.0
 40
18.0
  1
C65
 11
6995.78244602936
 21
39717.27259381443
 31
0.0
100
AcDbText
  0
TEXT
  5
410
330
17
100
AcDbEntity
  8
COL-LABEL
100
AcDbText
 10
7032.655630073856
 20
38171.24299434153
 30
0.0
 40
18.0
  1
C60
 11
7032.655630073856
 21
38171.24299434153
 31
0.0
100
AcDbText
  0
TEXT
  5
411
330
17
100
AcDbEntity
  8
COL-LABEL
100
AcDbText
 10
7032.655630073859
 20
38697.279728916765
 30
0.0
 40
18.0
  1
C66
 11
7032.655630073859
 21
38697.279728916765
 31
0.0
100
AcDbText
  0
TEXT
  5
412
330
17
100
AcDbEntity
  8
COL-LABEL
100
AcDbText
 10
7298.655630074114
 20
39033.38382098819
 30
0.0
 40
18.0
  1
C67
 11
7298.655630074114
 21
39033.38382098819
 31
0.0
100
AcDbText
  0
TEXT
  5
413
330
17
100
AcDbEntity
  8
COL-LABEL
100
AcDbText
 10
7298.655630074103
 20
39405.383820988165
 30
0.0
 40
18.0
  1
C68
 11
7298.655630074103
 21
39405.383820988165
 31
0.0
100
AcDbText
  0
TEXT
  5
414
330
17
100
AcDbEntity
  8
COL-LABEL
100
AcDbText
 10
7298.655630074103
 20
39731.37271949128
 30
0.0
 40
18.0
  1
C69
 11
7298.655630074103
 21
39731.37271949128
 31
0.0
100
AcDbText
  0
TEXT
  5
415
330
17
100
AcDbEntity
  8
COL-LABEL
100
AcDbText
 10
7352.6556300738575
 20
38171.24299434153
 30
0.0
 40
18.0
  1
C61
 11
7352.6556300738575
 21
38171.24299434153
 31
0.0
100
AcDbText
  0
TEXT
  5
416
330
17
100
AcDbEntity
  8
COL-LABEL
100
AcDbText
 10
7352.6556300738575
 20
38697.279728916765
 30
0.0
 40
18.0
  1
C70
 11
7352.6556300738575
 21
38697.279728916765
 31
0.0
100
AcDbText
  0
TEXT
  5
417
330
17
100
AcDbEntity
  8
COL-LABEL
100
AcDbText
 10
7619.0518896191425
 20
38171.24299434153
 30
0.0
 40
18.0
  1
C62
 11
7619.0518896191425
 21
38171.24299434153
 31
0.0
100
AcDbText
  0
TEXT
  5
418
330
17
100
AcDbEntity
  8
COL-LABEL
100
AcDbText
 10
7618.655630073859
 20
38697.279728916765
 30
0.0
 40
18.0
  1
C71
 11
7618.655630073859
 21
38697.279728916765
 31
0.0
100
AcDbText
  0
TEXT
  5
419
330
17
100
AcDbEntity
  8
COL-LABEL
100
AcDbText
 10
7618.655630074114
 20
39033.38382098819
 30
0.0
 40
18.0
  1
C72
 11
7618.655630074114
 21
39033.38382098819
 31
0.0
100
AcDbText
  0
TEXT
  5
41A
330
17
100
AcDbEntity
  8
COL-LABEL
100
AcDbText
 10
7618.655630074101
 20
39405.383820988165
 30
0.0
 40
18.0
  1
C73
 11
7618.655630074101
 21
39405.383820988165
 31
0.0
100
AcDbText
  0
TEXT
  5
41B
330
17
100
AcDbEntity
  8
COL-LABEL
100
AcDbText
 10
7618.655630074089
 20
39729.49771949128
 30
0.0
 40
18.0
  1
C74
 11
7618.655630074089
 21
39729.49771949128
 31
0.0
100
AcDbText
  0
TEXT
  5
41C
330
17
100
AcDbEntity
  8
COL-LABEL
100
AcDbText
 10
7640.655630074109
 20
39189.383820988165
 30
0.0
 40
18.0
  1
C75
 11
7640.655630074109
 21
39189.383820988165
 31
0.0
100
AcDbText
  0
TEXT
  5
41D
330
17
100
AcDbEntity
  8
COL-LABEL
100
AcDbText
 10
7757.532123636569
 20
38171.24299434153
 30
0.0
 40
18.0
  1
C76
 11
7757.532123636569
 21
38171.24299434153
 31
0.0
100
AcDbText
  0
TEXT
  5
41E
330
17
100
AcDbEntity
  8
COL-LABEL
100
AcDbText
 10
7937.952641647731
 20
38697.279728916765
 30
0.0
 40
18.0
  1
C77
 11
7937.952641647731
 21
38697.279728916765
 31
0.0
100
AcDbText
  0
TEXT
  5
41F
330
17
100
AcDbEntity
  8
COL-LABEL
100
AcDbText
 10
7937.952641647986
 20
39033.38382098819
 30
0.0
 40
18.0
  1
C78
 11
7937.952641647986
 21
39033.38382098819
 31
0.0
100
AcDbText
  0
TEXT
  5
420
330
17
100
AcDbEntity
  8
COL-LABEL
100
AcDbText
 10
7937.952641647973
 20
39405.383820988165
 30
0.0
 40
18.0
  1
C79
 11
7937.952641647973
 21
39405.383820988165
 31
0.0
100
AcDbText
  0
TEXT
  5
421
330
17
100
AcDbEntity
  8
COL-LABEL
100
AcDbText
 10
7937.95264164796
 20
39729.49771949128
 30
0.0
 40
18.0
  1
C80
 11
7937.95264164796
 21
39729.49771949128
 31
0.0
100
AcDbText
  0
TEXT
  5
422
330
17
100
AcDbEntity
  8
COL-LABEL
100
AcDbText
 10
7959.95264164798
 20
39189.383820988165
 30
0.0
 40
18.0
  1
C81
 11
7959.95264164798
 21
39189.383820988165
 31
0.0
100
AcDbText
  0
TEXT
  5
423
330
17
100
AcDbEntity
  8
COL-LABEL
100
AcDbText
 10
8032.530572205405
 20
38171.24299434153
 30
0.0
 40
18.0
  1
C82
 11
8032.530572205405
 21
38171.24299434153
 31
0.0
100
AcDbText
  0
TEXT
  5
424
330
17
100
AcDbEntity
  8
COL-LABEL
100
AcDbText
 10
8257.249653221601
 20
38697.27972891676
 30
0.0
 40
18.0
  1
C83
 11
8257.249653221601
 21
38697.27972891676
 31
0.0
100
AcDbText
  0
TEXT
  5
425
330
17
100
AcDbEntity
  8
COL-LABEL
100
AcDbText
 10
8257.249653221856
 20
39033.38382098818
 30
0.0
 40
18.0
  1
C84
 11
8257.249653221856
 21
39033.38382098818
 31
0.0
100
AcDbText
  0
TEXT
  5
426
330
17
100
AcDbEntity
  8
COL-LABEL
100
AcDbText
 10
8268.24965322185
 20
39189.383820988165
 30
0.0
 40
18.0
  1
C85
 11
8268.24965322185
 21
39189.383820988165
 31
0.0
100
AcDbText
  0
TEXT
  5
427
330
17
100
AcDbEntity
  8
COL-LABEL
100
AcDbText
 10
8257.249653221843
 20
39405.383820988165
 30
0.0
 40
18.0
  1
C86
 11
8257.249653221843
 21
39405.383820988165
 31
0.0
100
AcDbText
  0
TEXT
  5
428
330
17
100
AcDbEntity
  8
COL-LABEL
100
AcDbText
 10
8257.24965322183
 20
39729.49771949128
 30
0.0
 40
18.0
  1
C87
 11
8257.24965322183
 21
39729.49771949128
 31
0.0
100
AcDbText
  0
TEXT
  5
429
330
17
100
AcDbEntity
  8
COL-LABEL
100
AcDbText
 10
8358.605060956053
 20
38171.24299434153
 30
0.0
 40
18.0
  1
C88
 11
8358.605060956053
 21
38171.24299434153
 31
0.0
100
AcDbText
  0
TEXT
  5
42A
330
17
100
AcDbEntity
  8
COL-LABEL
100
AcDbText
 10
8492.603652780326
 20
39189.383820988165
 30
0.0
 40
18.0
  1
C89
 11
8492.603652780326
 21
39189.383820988165
 31
0.0
100
AcDbText
  0
TEXT
  5
42B
330
17
100
AcDbEntity
  8
COL-LABEL
100
AcDbText
 10
8576.922247337516
 20
39033.38382098819
 30
0.0
 40
18.0
  1
C90
 11
8576.922247337516
 21
39033.38382098819
 31
0.0
100
AcDbText
  0
TEXT
  5
42C
330
17
100
AcDbEntity
  8
COL-LABEL
100
AcDbText
 10
8576.922247337501
 20
39405.38382098816
 30
0.0
 40
18.0
  1
C91
 11
8576.922247337501
 21
39405.38382098816
 31
0.0
100
AcDbText
  0
TEXT
  5
42D
330
17
100
AcDbEntity
  8
COL-LABEL
100
AcDbText
 10
8576.922247337488
 20
39729.49771949128
 30
0.0
 40
18.0
  1
C92
 11
8576.922247337488
 21
39729.49771949128
 31
0.0
100
AcDbText
  0
TEXT
  5
42E
330
17
100
AcDbEntity
  8
COL-LABEL
100
AcDbText
 10
8583.779690389409
 20
38697.27972891676
 30
0.0
 40
18.0
  1
C93
 11
8583.779690389409
 21
38697.27972891676
 31
0.0
100
AcDbText
  0
TEXT
  5
42F
330
17
100
AcDbEntity
  8
COL-LABEL
100
AcDbText
 10
8633.60350952489
 20
38171.24299434153
 30
0.0
 40
18.0
  1
C94
 11
8633.60350952489
 21
38171.24299434153
 31
0.0
100
AcDbText
  0
TEXT
  5
430
330
17
100
AcDbEntity
  8
COL-LABEL
100
AcDbText
 10
8772.083743542318
 20
38171.24299434153
 30
0.0
 40
18.0
  1
C106
 11
8772.083743542318
 21
38171.24299434153
 31
0.0
100
AcDbText
  0
TEXT
  5
431
330
17
100
AcDbEntity
  8
COL-LABEL
100
AcDbText
 10
8974.091529151396
 20
38697.27972891677
 30
0.0
 40
18.0
  1
C95
 11
8974.091529151396
 21
38697.27972891677
 31
0.0
100
AcDbText
  0
TEXT
  5
432
330
17
100
AcDbEntity
  8
COL-LABEL
100
AcDbText
 10
8974.922247337514
 20
39033.38382098818
 30
0.0
 40
18.0
  1
C96
 11
8974.922247337514
 21
39033.38382098818
 31
0.0
100
AcDbText
  0
TEXT
  5
433
330
17
100
AcDbEntity
  8
COL-LABEL
100
AcDbText
 10
8987.679193266264
 20
39189.38382098817
 30
0.0
 40
18.0
  1
C97
 11
8987.679193266264
 21
39189.38382098817
 31
0.0
100
AcDbText
  0
TEXT
  5
434
330
17
100
AcDbEntity
  8
COL-LABEL
100
AcDbText
 10
8998.594841453161
 20
39405.38382098816
 30
0.0
 40
18.0
  1
C98
 11
8998.594841453161
 21
39405.38382098816
 31
0.0
100
AcDbText
  0
TEXT
  5
435
330
17
100
AcDbEntity
  8
COL-LABEL
100
AcDbText
 10
8998.594841453149
 20
39729.49771949128
 30
0.0
 40
18.0
  1
C99
 11
8998.594841453149
 21
39729.49771949128
 31
0.0
100
AcDbText
  0
TEXT
  5
436
330
17
100
AcDbEntity
  8
COL-LABEL
100
AcDbText
 10
9044.254345581388
 20
38171.242994341526
 30
0.0
 40
18.0
  1
C100
 11
9044.254345581388
 21
38171.242994341526
 31
0.0
100
AcDbText
  0
TEXT
  5
437
330
17
100
AcDbEntity
  8
COL-LABEL
100
AcDbText
 10
9192.091529151396
 20
38697.27972891677
 30
0.0
 40
18.0
  1
C101
 11
9192.091529151396
 21
38697.27972891677
 31
0.0
100
AcDbText
  0
TEXT
  5
438
330
17
100
AcDbEntity
  8
COL-LABEL
100
AcDbText
 10
9204.18995906355
 20
38171.24299434153
 30
0.0
 40
18.0
  1
C107
 11
9204.18995906355
 21
38171.24299434153
 31
0.0
100
AcDbText
  0
TEXT
  5
439
330
17
100
AcDbEntity
  8
COL-LABEL
100
AcDbText
 10
9204.189959063551
 20
38477.6470970585
 30
0.0
 40
18.0
  1
C108
 11
9204.189959063551
 21
38477.6470970585
 31
0.0
100
AcDbText
  0
TEXT
  5
43A
330
17
100
AcDbEntity
  8
COL-LABEL
100
AcDbText
 10
9280.070089865283
 20
38935.95683309808
 30
0.0
 40
18.0
  1
C102
 11
9280.070089865283
 21
38935.95683309808
 31
0.0
100
AcDbText
  0
TEXT
  5
43B
330
17
100
AcDbEntity
  8
COL-LABEL
100
AcDbText
 10
9319.679193266249
 20
39729.49771949129
 30
0.0
 40
18.0
  1
C103
 11
9319.679193266249
 21
39729.49771949129
 31
0.0
100
AcDbText
  0
TEXT
  5
43C
330
17
100
AcDbEntity
  8
COL-LABEL
100
AcDbText
 10
9368.044358190242
 20
39243.62634428287
 30
0.0
 40
18.0
  1
C104
 11
9368.044358190242
 21
39243.62634428287
 31
0.0
100
AcDbText
  0
TEXT
  5
43D
330
17
100
AcDbEntity
  8
COL-LABEL
100
AcDbText
 10
9407.356779438647
 20
39473.39530207552
 30
0.0
 40
18.0
  1
C105
 11
9407.356779438647
 21
39473.39530207552
 31
0.0
100
AcDbText
  0
TEXT
  5
43E
330
17
100
AcDbEntity
  8
FLOOR NUMBER
100
AcDbText
 10
6383.38151355258
 20
39005.37934851878
 30
0.0
 40
18.0
  1
9
 11
6383.38151355258
 21
39005.37934851878
 31
0.0
100
AcDbText
  0
POINT
  5
43F
330
17
100
AcDbEntity
  8
DATUM
100
AcDbPoint
 10
6477.614917261071
 20
38680.847680299164
 30
0.0
  0
LWPOLYLINE
  5
440
330
17
100
AcDbEntity
  8
COLS
100
AcDbPolyline
 90
4
 70
1
 10
5242.09862257163
 20
46483.34299240997
 10
5255.63167227534
 20
46479.75738706124
 10
5264.85180031494
 20
46514.556657727924
 10
5251.31875061123
 20
46518.14226307666
  0
LWPOLYLINE
  5
441
330
17
100
AcDbEntity
  8
COLS
100
AcDbPolyline
 90
4
 70
1
 10
4951.703785907832
 20
46584.450154213104
 10
4964.932672198238
 20
46579.86795304822
 10
4976.715475193652
 20
46613.88508922355
 10
4963.486588903246
 20
46618.467290388435
  0
LWPOLYLINE
  5
442
330
17
100
AcDbEntity
  8
COLS
100
AcDbPolyline
 90
4
 70
1
 10
5544.233514304762
 20
46426.39589201559
 10
5557.99563917436
 20
46423.82608286438
 10
5564.603719848894
 20
46459.21440395763
 10
5550.841594979296
 20
46461.78421310884
  0
LWPOLYLINE
  5
443
330
17
100
AcDbEntity
  8
COLS
100
AcDbPolyline
 90
4
 70
1
 10
5846.406511051211
 20
46369.43518688275
 10
5860.321723822659
 20
46367.89672871781
 10
5864.27775910395
 20
46403.67870441582
 10
5850.3625463325025
 20
46405.21716258077
  0
LWPOLYLINE
  5
444
330
17
100
AcDbEntity
  8
COLS
100
AcDbPolyline
 90
4
 70
1
 10
6300.659890818555
 20
46314.74299434154
 10
6314.659890818555
 20
46314.74299434154
 10
6314.659890818555
 20
46350.74299434154
 10
6300.659890818555
 20
46350.74299434154
  0
LWPOLYLINE
  5
445
330
17
100
AcDbEntity
  8
COLS
100
AcDbPolyline
 90
4
 70
1
 10
5868.797395131449
 20
46599.82748755971
 10
5882.712607902897
 20
46598.289029394764
 10
5886.668643184188
 20
46634.071005092774
 10
5872.75343041274
 20
46635.60946325772
  0
LWPOLYLINE
  5
446
330
17
100
AcDbEntity
  8
COLS
100
AcDbPolyline
 90
4
 70
1
 10
5300.791781788079
 20
46704.86693709738
 10
5314.324831491789
 20
46701.28133174865
 10
5323.544959531389
 20
46736.080602415335
 10
5310.011909827679
 20
46739.666207764065
  0
LWPOLYLINE
  5
447
330
17
100
AcDbEntity
  8
COLS
100
AcDbPolyline
 90
4
 70
1
 10
4661.3511378792155
 20
46685.56821185195
 10
4674.202580919895
 20
46680.01479742727
 10
4688.482789440486
 20
46713.06136524616
 10
4675.631346399807
 20
46718.61477967083
  0
LWPOLYLINE
  5
448
330
17
100
AcDbEntity
  8
COLS
100
AcDbPolyline
 90
4
 70
1
 10
4755.974395740115
 20
46896.820302729735
 10
4768.825838780795
 20
46891.266888305065
 10
4783.106047301386
 20
46924.31345612396
 10
4770.254604260706
 20
46929.86687054863
  0
LWPOLYLINE
  5
449
330
17
100
AcDbEntity
  8
COLS
100
AcDbPolyline
 90
4
 70
1
 10
4254.622920467198
 20
46889.48472909118
 10
4266.786268221931
 20
46882.552704033704
 10
4284.611475512582
 20
46913.82988397444
 10
4272.448127757849
 20
46920.76190903191
  0
LWPOLYLINE
  5
44A
330
17
100
AcDbEntity
  8
COLS
100
AcDbPolyline
 90
4
 70
1
 10
4366.544654614849
 20
47092.05439121848
 10
4378.708002369582
 20
47085.122366161006
 10
4396.533209660232
 20
47116.39954610175
 10
4384.369861905499
 20
47123.33157115922
  0
LWPOLYLINE
  5
44B
330
17
100
AcDbEntity
  8
COLS
100
AcDbPolyline
 90
4
 70
1
 10
3999.8049298947717
 20
47061.58686071343
 10
4011.419016372418
 20
47053.769380602185
 10
4031.521108087052
 20
47083.63417440185
 10
4019.907021609406
 20
47091.4516545131
  0
LWPOLYLINE
  5
44C
330
17
100
AcDbEntity
  8
COLS
100
AcDbPolyline
 90
4
 70
1
 10
4147.50754440598
 20
47236.25068063843
 10
4155.325024517228
 20
47247.86476711608
 10
4125.460230717563
 20
47267.96685883072
 10
4117.6427506063155
 20
47256.352772353064
  0
LWPOLYLINE
  5
44D
330
17
100
AcDbEntity
  8
COLS
100
AcDbPolyline
 90
4
 70
1
 10
6300.659890818555
 20
46497.8575629231
 10
6314.659890818555
 20
46497.8575629231
 10
6314.659890818555
 20
46533.8575629231
 10
6300.659890818555
 20
46533.8575629231
  0
LWPOLYLINE
  5
44E
330
17
100
AcDbEntity
  8
COLS
100
AcDbPolyline
 90
4
 70
1
 10
5610.531345219724
 20
46645.3079556039
 10
5613.100492719508
 20
46659.07020400757
 10
5577.71185396721
 20
46665.67658329273
 10
5575.142706467426
 20
46651.91433488906
  0
LWPOLYLINE
  5
44F
330
17
100
AcDbEntity
  8
COLS
100
AcDbPolyline
 90
4
 70
1
 10
5049.746655166928
 20
46791.11894383432
 10
5054.328856331813
 20
46804.34783012473
 10
5020.311720156478
 20
46816.13063312014
 10
5015.729518991593
 20
46802.90174682974
  0
LWPOLYLINE
  5
450
330
17
100
AcDbEntity
  8
COLS
100
AcDbPolyline
 90
4
 70
1
 10
4394.188485356395
 20
47670.472699861035
 10
4405.772990899235
 20
47662.61145114802
 10
4425.987630446993
 20
47692.400179686745
 10
4414.403124904153
 20
47700.26142839976
  0
LWPOLYLINE
  5
451
330
17
100
AcDbEntity
  8
COLS
100
AcDbPolyline
 90
4
 70
1
 10
4925.953905988257
 20
47371.16097522618
 10
4938.7492788433865
 20
47365.479564002
 10
4953.358621991274
 20
47398.38195134376
 10
4940.563249136145
 20
47404.06336256794
  0
LWPOLYLINE
  5
452
330
17
100
AcDbEntity
  8
COLS
100
AcDbPolyline
 90
4
 70
1
 10
5380.8756102584175
 20
47271.62437139377
 10
5394.333089107708
 20
47267.76480366916
 10
5404.257691828143
 20
47302.36974928162
 10
5390.800212978853
 20
47306.22931700624
  0
LWPOLYLINE
  5
453
330
17
100
AcDbEntity
  8
COLS
100
AcDbPolyline
 90
4
 70
1
 10
5964.354367305896
 20
47158.0725409274
 10
5978.283088485645
 20
47156.661609923845
 10
5981.911196780511
 20
47192.47832152892
 10
5967.982475600762
 20
47193.88925253248
  0
LWPOLYLINE
  5
454
330
17
100
AcDbEntity
  8
COLS
100
AcDbPolyline
 90
4
 70
1
 10
6755.592922714151
 20
46314.74299434153
 10
6769.592922714151
 20
46314.74299434153
 10
6769.592922714151
 20
46350.74299434153
 10
6755.592922714151
 20
46350.74299434153
  0
LWPOLYLINE
  5
455
330
17
100
AcDbEntity
  8
COLS
100
AcDbPolyline
 90
4
 70
1
 10
6755.592922714151
 20
46678.29506292306
 10
6769.592922714151
 20
46678.29506292306
 10
6769.592922714151
 20
46714.29506292306
 10
6755.592922714151
 20
46714.29506292306
  0
LWPOLYLINE
  5
456
330
17
100
AcDbEntity
  8
COLS
100
AcDbPolyline
 90
4
 70
1
 10
7014.155630073856
 20
46314.74299434153
 10
7028.155630073856
 20
46314.74299434153
 10
7028.155630073856
 20
46350.74299434153
 10
7014.155630073856
 20
46350.74299434153
  0
LWPOLYLINE
  5
457
330
17
100
AcDbEntity
  8
COLS
100
AcDbPolyline
 90
4
 70
1
 10
4236.998094526063
 20
47438.82795805992
 10
4248.5825432607435
 20
47430.966625633824
 10
4268.797398070705
 20
47460.75520809443
 10
4257.212949336024
 20
47468.616540520525
  0
LWPOLYLINE
  5
458
330
17
100
AcDbEntity
  8
COLS
100
AcDbPolyline
 90
4
 70
1
 10
4808.635630886256
 20
47118.95584236189
 10
4821.431003741385
 20
47113.27443113771
 10
4836.040346889273
 20
47146.17681847947
 10
4823.2449740341435
 20
47151.85822970365
  0
LWPOLYLINE
  5
459
330
17
100
AcDbEntity
  8
COLS
100
AcDbPolyline
 90
4
 70
1
 10
5286.941295584134
 20
46944.09570933925
 10
5300.3987744334245
 20
46940.23614161464
 10
5310.32337715386
 20
46974.8410872271
 10
5296.86589830457
 20
46978.70065495172
  0
LWPOLYLINE
  5
45A
330
17
100
AcDbEntity
  8
COLS
100
AcDbPolyline
 90
4
 70
1
 10
5935.6521368293
 20
46874.72391187544
 10
5949.580858009049
 20
46873.31298087188
 10
5953.208966303915
 20
46909.12969247695
 10
5939.280245124166
 20
46910.540623480505
  0
LWPOLYLINE
  5
45B
330
17
100
AcDbEntity
  8
COLS
100
AcDbPolyline
 90
32
 70
1
 10
3398.3296281209914
 20
47552.27234313716
 10
3398.0990514858295
 20
47554.61342700136
 10
3397.416182511126
 20
47556.864544325545
 10
3396.3072634686214
 20
47558.9391859334
 10
3394.8149094952296
 20
47560.7576245114
 10
3392.9964709172273
 20
47562.24997848479
 10
3390.9218293093727
 20
47563.3588975273
 10
3388.6707119851853
 20
47564.041766502
 10
3386.3296281209914
 20
47564.27234313716
 10
3383.9885442567975
 20
47564.041766502
 10
3381.73742693261
 20
47563.3588975273
 10
3379.6627853247555
 20
47562.24997848479
 10
3377.844346746753
 20
47560.7576245114
 10
3376.3519927733614
 20
47558.9391859334
 10
3375.243073730857
 20
47556.864544325545
 10
3374.5602047561533
 20
47554.61342700136
 10
3374.3296281209914
 20
47552.27234313716
 10
3374.5602047561533
 20
47549.93125927297
 10
3375.243073730857
 20
47547.68014194878
 10
3376.3519927733614
 20
47545.60550034093
 10
3377.844346746753
 20
47543.78706176292
 10
3379.6627853247555
 20
47542.29470778953
 10
3381.73742693261
 20
47541.185788747025
 10
3383.9885442567975
 20
47540.50291977232
 10
3386.3296281209914
 20
47540.27234313716
 10
3388.6707119851853
 20
47540.50291977232
 10
3390.9218293093727
 20
47541.185788747025
 10
3392.9964709172273
 20
47542.29470778953
 10
3394.8149094952296
 20
47543.78706176292
 10
3396.3072634686214
 20
47545.60550034093
 10
3397.416182511126
 20
47547.68014194878
 10
3398.0990514858295
 20
47549.93125927297
  0
LWPOLYLINE
  5
45C
330
17
100
AcDbEntity
  8
COLS
100
AcDbPolyline
 90
4
 70
1
 10
6234.6017087207765
 20
47330.098399858034
 10
6220.6017087207765
 20
47330.098399858034
 10
6220.6017087207765
 20
47294.098399858034
 10
6234.6017087207765
 20
47294.098399858034
  0
LWPOLYLINE
  5
45D
330
17
100
AcDbEntity
  8
COLS
100
AcDbPolyline
 90
4
 70
1
 10
6150.851708720775
 20
47530.77971402057
 10
6136.851708720775
 20
47530.77971402057
 10
6136.851708720775
 20
47494.77971402057
 10
6150.851708720775
 20
47494.77971402057
  0
LWPOLYLINE
  5
45E
330
17
100
AcDbEntity
  8
COLS
100
AcDbPolyline
 90
4
 70
1
 10
6658.910516397509
 20
47687.08413254484
 10
6658.910516397509
 20
47701.08413254484
 10
6622.910516397509
 20
47701.08413254484
 10
6622.910516397509
 20
47687.08413254484
  0
LWPOLYLINE
  5
45F
330
17
100
AcDbEntity
  8
COLS
100
AcDbPolyline
 90
4
 70
1
 10
6150.851708720775
 20
47701.08413254485
 10
6136.851708720775
 20
47701.08413254485
 10
6136.851708720775
 20
47665.08413254485
 10
6150.851708720775
 20
47665.08413254485
  0
LWPOLYLINE
  5
460
330
17
100
AcDbEntity
  8
COLS
100
AcDbPolyline
 90
4
 70
1
 10
3363.906247666515
 20
47745.5036442621
 10
3363.906247666515
 20
47731.5036442621
 10
3399.906247666515
 20
47731.5036442621
 10
3399.906247666515
 20
47745.5036442621
  0
LWPOLYLINE
  5
461
330
17
100
AcDbEntity
  8
COLS
100
AcDbPolyline
 90
4
 70
1
 10
8753.583743542318
 20
46314.74299434153
 10
8767.583743542318
 20
46314.74299434153
 10
8767.583743542318
 20
46350.74299434153
 10
8753.583743542318
 20
46350.74299434153
  0
LWPOLYLINE
  5
462
330
17
100
AcDbEntity
  8
COLS
100
AcDbPolyline
 90
4
 70
1
 10
8014.030572205405
 20
46314.74299434153
 10
8028.030572205405
 20
46314.74299434153
 10
8028.030572205405
 20
46350.74299434153
 10
8014.030572205405
 20
46350.74299434153
  0
LWPOLYLINE
  5
463
330
17
100
AcDbEntity
  8
COLS
100
AcDbPolyline
 90
4
 70
1
 10
9185.68995906355
 20
46314.74299434153
 10
9199.68995906355
 20
46314.74299434153
 10
9199.68995906355
 20
46350.74299434153
 10
9185.68995906355
 20
46350.74299434153
  0
LWPOLYLINE
  5
464
330
17
100
AcDbEntity
  8
COLS
100
AcDbPolyline
 90
4
 70
1
 10
9271.721215626065
 20
47092.09918679719
 10
9275.570089865283
 20
47105.559727911525
 10
9240.957269856994
 20
47115.45683309808
 10
9237.108395617775
 20
47101.99629198374
  0
LWPOLYLINE
  5
465
330
17
100
AcDbEntity
  8
COLS
100
AcDbPolyline
 90
4
 70
1
 10
8955.591529151396
 20
46840.77972891677
 10
8969.591529151396
 20
46840.77972891677
 10
8969.591529151396
 20
46876.77972891677
 10
8955.591529151396
 20
46876.77972891677
  0
LWPOLYLINE
  5
466
330
17
100
AcDbEntity
  8
COLS
100
AcDbPolyline
 90
4
 70
1
 10
7919.452641647731
 20
46840.779728916765
 10
7933.452641647731
 20
46840.779728916765
 10
7933.452641647731
 20
46876.779728916765
 10
7919.452641647731
 20
46876.779728916765
  0
LWPOLYLINE
  5
467
330
17
100
AcDbEntity
  8
COLS
100
AcDbPolyline
 90
4
 70
1
 10
8238.749653221601
 20
46840.77972891676
 10
8252.749653221601
 20
46840.77972891676
 10
8252.749653221601
 20
46876.77972891676
 10
8238.749653221601
 20
46876.77972891676
  0
LWPOLYLINE
  5
468
330
17
100
AcDbEntity
  8
COLS
100
AcDbPolyline
 90
4
 70
1
 10
9359.695483951024
 20
47399.76869798198
 10
9363.544358190242
 20
47413.22923909631
 10
9328.931538181952
 20
47423.12634428287
 10
9325.082663942734
 20
47409.66580316854
  0
LWPOLYLINE
  5
469
330
17
100
AcDbEntity
  8
COLS
100
AcDbPolyline
 90
4
 70
1
 10
7919.452641647986
 20
47176.88382098819
 10
7933.452641647986
 20
47176.88382098819
 10
7933.452641647986
 20
47212.88382098819
 10
7919.452641647986
 20
47212.88382098819
  0
LWPOLYLINE
  5
46A
330
17
100
AcDbEntity
  8
COLS
100
AcDbPolyline
 90
4
 70
1
 10
8238.749653221856
 20
47176.88382098818
 10
8252.749653221856
 20
47176.88382098818
 10
8252.749653221856
 20
47212.88382098818
 10
8238.749653221856
 20
47212.88382098818
  0
LWPOLYLINE
  5
46B
330
17
100
AcDbEntity
  8
COLS
100
AcDbPolyline
 90
4
 70
1
 10
8558.422247337516
 20
47176.88382098819
 10
8572.422247337516
 20
47176.88382098819
 10
8572.422247337516
 20
47212.88382098819
 10
8558.422247337516
 20
47212.88382098819
  0
LWPOLYLINE
  5
46C
330
17
100
AcDbEntity
  8
COLS
100
AcDbPolyline
 90
4
 70
1
 10
8956.422247337514
 20
47176.88382098818
 10
8970.422247337514
 20
47176.88382098818
 10
8970.422247337514
 20
47212.88382098818
 10
8956.422247337514
 20
47212.88382098818
  0
LWPOLYLINE
  5
46D
330
17
100
AcDbEntity
  8
COLS
100
AcDbPolyline
 90
4
 70
1
 10
7919.452641647973
 20
47548.883820988165
 10
7933.452641647973
 20
47548.883820988165
 10
7933.452641647973
 20
47584.883820988165
 10
7919.452641647973
 20
47584.883820988165
  0
LWPOLYLINE
  5
46E
330
17
100
AcDbEntity
  8
COLS
100
AcDbPolyline
 90
4
 70
1
 10
8238.749653221843
 20
47548.883820988165
 10
8252.749653221843
 20
47548.883820988165
 10
8252.749653221843
 20
47584.883820988165
 10
8238.749653221843
 20
47584.883820988165
  0
LWPOLYLINE
  5
46F
330
17
100
AcDbEntity
  8
COLS
100
AcDbPolyline
 90
4
 70
1
 10
8558.422247337501
 20
47548.88382098816
 10
8572.422247337501
 20
47548.88382098816
 10
8572.422247337501
 20
47584.88382098816
 10
8558.422247337501
 20
47584.88382098816
  0
LWPOLYLINE
  5
470
330
17
100
AcDbEntity
  8
COLS
100
AcDbPolyline
 90
4
 70
1
 10
8980.094841453161
 20
47548.88382098816
 10
8994.094841453161
 20
47548.88382098816
 10
8994.094841453161
 20
47584.88382098816
 10
8980.094841453161
 20
47584.88382098816
  0
LWPOLYLINE
  5
471
330
17
100
AcDbEntity
  8
COLS
100
AcDbPolyline
 90
4
 70
1
 10
7919.45264164796
 20
47872.99771949128
 10
7933.45264164796
 20
47872.99771949128
 10
7933.45264164796
 20
47908.99771949128
 10
7919.45264164796
 20
47908.99771949128
  0
LWPOLYLINE
  5
472
330
17
100
AcDbEntity
  8
COLS
100
AcDbPolyline
 90
4
 70
1
 10
8238.74965322183
 20
47872.99771949128
 10
8252.74965322183
 20
47872.99771949128
 10
8252.74965322183
 20
47908.99771949128
 10
8238.74965322183
 20
47908.99771949128
  0
LWPOLYLINE
  5
473
330
17
100
AcDbEntity
  8
COLS
100
AcDbPolyline
 90
4
 70
1
 10
8558.422247337488
 20
47872.99771949128
 10
8572.422247337488
 20
47872.99771949128
 10
8572.422247337488
 20
47908.99771949128
 10
8558.422247337488
 20
47908.99771949128
  0
LWPOLYLINE
  5
474
330
17
100
AcDbEntity
  8
COLS
100
AcDbPolyline
 90
4
 70
1
 10
8980.094841453149
 20
47872.99771949128
 10
8994.094841453149
 20
47872.99771949128
 10
8994.094841453149
 20
47908.99771949128
 10
8980.094841453149
 20
47908.99771949128
  0
LWPOLYLINE
  5
475
330
17
100
AcDbEntity
  8
COLS
100
AcDbPolyline
 90
4
 70
1
 10
9301.179193266249
 20
47872.99771949129
 10
9315.179193266249
 20
47872.99771949129
 10
9315.179193266249
 20
47908.99771949129
 10
9301.179193266249
 20
47908.99771949129
  0
LWPOLYLINE
  5
476
330
17
100
AcDbEntity
  8
COLS
100
AcDbPolyline
 90
4
 70
1
 10
6991.28244602936
 20
47562.77259381443
 10
6991.28244602936
 20
47576.77259381443
 10
6955.28244602936
 20
47576.77259381443
 10
6955.28244602936
 20
47562.77259381443
  0
LWPOLYLINE
  5
477
330
17
100
AcDbEntity
  8
COLS
100
AcDbPolyline
 90
4
 70
1
 10
6991.28244602936
 20
47164.77259381443
 10
6991.28244602936
 20
47178.77259381443
 10
6955.28244602936
 20
47178.77259381443
 10
6955.28244602936
 20
47164.77259381443
  0
LWPOLYLINE
  5
478
330
17
100
AcDbEntity
  8
COLS
100
AcDbPolyline
 90
4
 70
1
 10
7600.155630073859
 20
46840.779728916765
 10
7614.155630073859
 20
46840.779728916765
 10
7614.155630073859
 20
46876.779728916765
 10
7600.155630073859
 20
46876.779728916765
  0
LWPOLYLINE
  5
479
330
17
100
AcDbEntity
  8
COLS
100
AcDbPolyline
 90
4
 70
1
 10
7600.155630074114
 20
47176.88382098819
 10
7614.155630074114
 20
47176.88382098819
 10
7614.155630074114
 20
47212.88382098819
 10
7600.155630074114
 20
47212.88382098819
  0
LWPOLYLINE
  5
47A
330
17
100
AcDbEntity
  8
COLS
100
AcDbPolyline
 90
4
 70
1
 10
7600.155630074101
 20
47548.883820988165
 10
7614.155630074101
 20
47548.883820988165
 10
7614.155630074101
 20
47584.883820988165
 10
7600.155630074101
 20
47584.883820988165
  0
LWPOLYLINE
  5
47B
330
17
100
AcDbEntity
  8
COLS
100
AcDbPolyline
 90
4
 70
1
 10
7600.155630074089
 20
47872.99771949128
 10
7614.155630074089
 20
47872.99771949128
 10
7614.155630074089
 20
47908.99771949128
 10
7600.155630074089
 20
47908.99771949128
  0
LWPOLYLINE
  5
47C
330
17
100
AcDbEntity
  8
COLS
100
AcDbPolyline
 90
4
 70
1
 10
7348.1556300738575
 20
46876.779728916765
 10
7334.1556300738575
 20
46876.779728916765
 10
7334.1556300738575
 20
46840.779728916765
 10
7348.1556300738575
 20
46840.779728916765
  0
LWPOLYLINE
  5
47D
330
17
100
AcDbEntity
  8
COLS
100
AcDbPolyline
 90
4
 70
1
 10
7280.155630074114
 20
47176.88382098819
 10
7294.155630074114
 20
47176.88382098819
 10
7294.155630074114
 20
47212.88382098819
 10
7280.155630074114
 20
47212.88382098819
  0
LWPOLYLINE
  5
47E
330
17
100
AcDbEntity
  8
COLS
100
AcDbPolyline
 90
4
 70
1
 10
7280.155630074103
 20
47548.883820988165
 10
7294.155630074103
 20
47548.883820988165
 10
7294.155630074103
 20
47584.883820988165
 10
7280.155630074103
 20
47584.883820988165
  0
LWPOLYLINE
  5
47F
330
17
100
AcDbEntity
  8
COLS
100
AcDbPolyline
 90
4
 70
1
 10
7280.155630074103
 20
47874.87271949128
 10
7294.155630074103
 20
47874.87271949128
 10
7294.155630074103
 20
47910.87271949128
 10
7280.155630074103
 20
47910.87271949128
  0
LWPOLYLINE
  5
480
330
17
100
AcDbEntity
  8
COLS
100
AcDbPolyline
 90
4
 70
1
 10
6991.28244602936
 20
47882.77259381443
 10
6991.28244602936
 20
47896.77259381443
 10
6955.28244602936
 20
47896.77259381443
 10
6955.28244602936
 20
47882.77259381443
  0
LWPOLYLINE
  5
481
330
17
100
AcDbEntity
  8
COLS
100
AcDbPolyline
 90
4
 70
1
 10
7028.155630073859
 20
46876.779728916765
 10
7014.155630073859
 20
46876.779728916765
 10
7014.155630073859
 20
46840.779728916765
 10
7028.155630073859
 20
46840.779728916765
  0
LWPOLYLINE
  5
482
330
17
100
AcDbEntity
  8
COLS
100
AcDbPolyline
 90
4
 70
1
 10
3590.1601778658787
 20
47353.229732985055
 10
3601.160668220813
 20
47344.57010181792
 10
3623.4282912220388
 20
47372.85707701632
 10
3612.4278008671045
 20
47381.516708183466
  0
LWPOLYLINE
  5
483
330
17
100
AcDbEntity
  8
COLS
100
AcDbPolyline
 90
4
 70
1
 10
3754.0358172797733
 20
47533.44074283576
 10
3762.695448446919
 20
47544.44123319069
 10
3743.837464981314
 20
47559.28631519151
 10
3735.1778338141685
 20
47548.285824836574
  0
LWPOLYLINE
  5
484
330
17
100
AcDbEntity
  8
COLS
100
AcDbPolyline
 90
4
 70
1
 10
3599.8624151931454
 20
47612.24726232186
 10
3613.8624151931454
 20
47612.24726232186
 10
3613.8624151931454
 20
47636.24726232186
 10
3599.8624151931454
 20
47636.24726232186
  0
LWPOLYLINE
  5
485
330
17
100
AcDbEntity
  8
COLS
100
AcDbPolyline
 90
4
 70
1
 10
3735.173012876472
 20
47731.5036442621
 10
3735.173012876472
 20
47745.5036442621
 10
3711.173012876472
 20
47745.5036442621
 10
3711.173012876472
 20
47731.5036442621
  0
LWPOLYLINE
  5
486
330
17
100
AcDbEntity
  8
COLS
100
AcDbPolyline
 90
4
 70
1
 10
6316.131905428732
 20
47147.61822726702
 10
6330.131905428732
 20
47147.61822726702
 10
6330.131905428732
 20
47171.61822726702
 10
6316.131905428732
 20
47171.61822726702
  0
LWPOLYLINE
  5
487
330
17
100
AcDbEntity
  8
COLS
100
AcDbPolyline
 90
4
 70
1
 10
6429.479629149901
 20
46999.38873648416
 10
6429.479629149901
 20
47013.38873648416
 10
6405.479629149901
 20
47013.38873648416
 10
6405.479629149901
 20
46999.38873648416
  0
LWPOLYLINE
  5
488
330
17
100
AcDbEntity
  8
COLS
100
AcDbPolyline
 90
4
 70
1
 10
6304.94699674527
 20
47048.38873648415
 10
6304.94699674527
 20
47062.38873648415
 10
6280.94699674527
 20
47062.38873648415
 10
6280.94699674527
 20
47048.38873648415
  0
LWPOLYLINE
  5
489
330
17
100
AcDbEntity
  8
COLS
100
AcDbPolyline
 90
4
 70
1
 10
6199.789125760108
 20
47156.33640164323
 10
6201.200056763668
 20
47170.26512282298
 10
6177.3222490269545
 20
47172.68386168622
 10
6175.911318023394
 20
47158.75514050647
  0
LWPOLYLINE
  5
48A
330
17
100
AcDbEntity
  8
COLS
100
AcDbPolyline
 90
4
 70
1
 10
6397.71863552725
 20
47688.58413254484
 10
6397.71863552725
 20
47702.58413254484
 10
6373.71863552725
 20
47702.58413254484
 10
6373.71863552725
 20
47688.58413254484
  0
LWPOLYLINE
  5
48B
330
17
100
AcDbEntity
  8
COLS
100
AcDbPolyline
 90
4
 70
1
 10
6769.28244602936
 20
47688.58413254484
 10
6769.28244602936
 20
47702.58413254484
 10
6745.28244602936
 20
47702.58413254484
 10
6745.28244602936
 20
47688.58413254484
  0
LWPOLYLINE
  5
48C
330
17
100
AcDbEntity
  8
COLS
100
AcDbPolyline
 90
4
 70
1
 10
6770.28244602936
 20
47498.0466784523
 10
6756.28244602936
 20
47498.0466784523
 10
6756.28244602936
 20
47474.0466784523
 10
6770.28244602936
 20
47474.0466784523
  0
LWPOLYLINE
  5
48D
330
17
100
AcDbEntity
  8
COLS
100
AcDbPolyline
 90
4
 70
1
 10
6267.94699674527
 20
46799.46180768932
 10
6267.94699674527
 20
46813.46180768932
 10
6243.94699674527
 20
46813.46180768932
 10
6243.94699674527
 20
46799.46180768932
  0
LWPOLYLINE
  5
48E
330
17
100
AcDbEntity
  8
COLS
100
AcDbPolyline
 90
4
 70
1
 10
6644.468782954436
 20
46505.68946982296
 10
6644.468782954436
 20
46519.68946982296
 10
6620.468782954436
 20
46519.68946982296
 10
6620.468782954436
 20
46505.68946982296
  0
LWPOLYLINE
  5
48F
330
17
100
AcDbEntity
  8
COLS
100
AcDbPolyline
 90
4
 70
1
 10
6643.218352833956
 20
46314.74299434154
 10
6643.218352833956
 20
46328.74299434154
 10
6619.218352833956
 20
46328.74299434154
 10
6619.218352833956
 20
46314.74299434154
  0
LWPOLYLINE
  5
490
330
17
100
AcDbEntity
  8
COLS
100
AcDbPolyline
 90
4
 70
1
 10
6446.0348908203905
 20
46314.74299434153
 10
6446.0348908203905
 20
46328.74299434153
 10
6422.0348908203905
 20
46328.74299434153
 10
6422.0348908203905
 20
46314.74299434153
  0
LWPOLYLINE
  5
491
330
17
100
AcDbEntity
  8
COLS
100
AcDbPolyline
 90
4
 70
1
 10
6017.680210406836
 20
46528.91194853143
 10
6018.453570893458
 20
46542.89057198146
 10
5994.490216407694
 20
46544.21633281567
 10
5993.716855921071
 20
46530.23770936564
  0
LWPOLYLINE
  5
492
330
17
100
AcDbEntity
  8
COLS
100
AcDbPolyline
 90
4
 70
1
 10
4625.216722623229
 20
46892.985598696585
 10
4631.468915722167
 20
46905.511974128196
 10
4609.995129267982
 20
46916.230019440656
 10
4603.742936169043
 20
46903.70364400905
  0
LWPOLYLINE
  5
493
330
17
100
AcDbEntity
  8
COLS
100
AcDbPolyline
 90
4
 70
1
 10
4552.940692796421
 20
46766.93276062189
 10
4540.4143173648135
 20
46773.18495372082
 10
4529.69627205235
 20
46751.711167266636
 10
4542.222647483957
 20
46745.4589741677
  0
LWPOLYLINE
  5
494
330
17
100
AcDbEntity
  8
COLS
100
AcDbPolyline
 90
4
 70
1
 10
4353.021064705448
 20
47731.50364426209
 10
4353.021064705448
 20
47745.50364426209
 10
4329.021064705448
 20
47745.50364426209
 10
4329.021064705448
 20
47731.50364426209
  0
LWPOLYLINE
  5
495
330
17
100
AcDbEntity
  8
COLS
100
AcDbPolyline
 90
4
 70
1
 10
4821.794047725583
 20
47526.58649210822
 10
4816.9242666762875
 20
47515.619029660964
 10
4833.375460347168
 20
47508.31435808702
 10
4838.245241396464
 20
47519.28182053427
  0
LWPOLYLINE
  5
496
330
17
100
AcDbEntity
  8
COLS
100
AcDbPolyline
 90
4
 70
1
 10
5270.829871566519
 20
47346.4885166059
 10
5257.671876503144
 20
47351.270479164545
 10
5249.474226402621
 20
47328.71391619876
 10
5262.632221465996
 20
47323.93195364012
  0
LWPOLYLINE
  5
497
330
17
100
AcDbEntity
  8
COLS
100
AcDbPolyline
 90
4
 70
1
 10
5151.894317497576
 20
47019.22676703984
 10
5138.736322434201
 20
47024.008729598485
 10
5130.538672333678
 20
47001.4521666327
 10
5143.696667397053
 20
46996.67020407406
  0
LWPOLYLINE
  5
498
330
17
100
AcDbEntity
  8
COLS
100
AcDbPolyline
 90
4
 70
1
 10
7334.1556300738575
 20
46314.74299434153
 10
7348.1556300738575
 20
46314.74299434153
 10
7348.1556300738575
 20
46350.74299434153
 10
7334.1556300738575
 20
46350.74299434153
  0
LWPOLYLINE
  5
499
330
17
100
AcDbEntity
  8
COLS
100
AcDbPolyline
 90
4
 70
1
 10
7739.032123636569
 20
46314.74299434153
 10
7753.032123636569
 20
46314.74299434153
 10
7753.032123636569
 20
46350.74299434153
 10
7739.032123636569
 20
46350.74299434153
  0
LWPOLYLINE
  5
49A
330
17
100
AcDbEntity
  8
COLS
100
AcDbPolyline
 90
4
 70
1
 10
8340.105060956053
 20
46314.74299434153
 10
8354.105060956053
 20
46314.74299434153
 10
8354.105060956053
 20
46350.74299434153
 10
8340.105060956053
 20
46350.74299434153
  0
LWPOLYLINE
  5
49B
330
17
100
AcDbEntity
  8
COLS
100
AcDbPolyline
 90
4
 70
1
 10
8615.10350952489
 20
46314.74299434153
 10
8629.10350952489
 20
46314.74299434153
 10
8629.10350952489
 20
46350.74299434153
 10
8615.10350952489
 20
46350.74299434153
  0
LWPOLYLINE
  5
49C
330
17
100
AcDbEntity
  8
COLS
100
AcDbPolyline
 90
4
 70
1
 10
9025.754345581388
 20
46314.742994341526
 10
9039.754345581388
 20
46314.742994341526
 10
9039.754345581388
 20
46350.742994341526
 10
9025.754345581388
 20
46350.742994341526
  0
LWPOLYLINE
  5
49D
330
17
100
AcDbEntity
  8
COLS
100
AcDbPolyline
 90
4
 70
1
 10
9173.591529151396
 20
46840.77972891677
 10
9187.591529151396
 20
46840.77972891677
 10
9187.591529151396
 20
46876.77972891677
 10
9173.591529151396
 20
46876.77972891677
  0
LWPOLYLINE
  5
49E
330
17
100
AcDbEntity
  8
COLS
100
AcDbPolyline
 90
4
 70
1
 10
9402.856779438647
 20
47638.89530207552
 10
9402.856779438647
 20
47652.89530207552
 10
9366.856779438647
 20
47652.89530207552
 10
9366.856779438647
 20
47638.89530207552
  0
LWPOLYLINE
  5
49F
330
17
100
AcDbEntity
  8
COLS
100
AcDbPolyline
 90
4
 70
1
 10
8983.179193266264
 20
47354.88382098817
 10
8983.179193266264
 20
47368.88382098817
 10
8947.179193266264
 20
47368.88382098817
 10
8947.179193266264
 20
47354.88382098817
  0
LWPOLYLINE
  5
4A0
330
17
100
AcDbEntity
  8
COLS
100
AcDbPolyline
 90
4
 70
1
 10
8263.74965322185
 20
47354.883820988165
 10
8263.74965322185
 20
47368.883820988165
 10
8227.74965322185
 20
47368.883820988165
 10
8227.74965322185
 20
47354.883820988165
  0
LWPOLYLINE
  5
4A1
330
17
100
AcDbEntity
  8
COLS
100
AcDbPolyline
 90
4
 70
1
 10
7955.45264164798
 20
47354.883820988165
 10
7955.45264164798
 20
47368.883820988165
 10
7919.45264164798
 20
47368.883820988165
 10
7919.45264164798
 20
47354.883820988165
  0
LWPOLYLINE
  5
4A2
330
17
100
AcDbEntity
  8
COLS
100
AcDbPolyline
 90
4
 70
1
 10
8488.103652780326
 20
47354.883820988165
 10
8488.103652780326
 20
47368.883820988165
 10
8452.103652780326
 20
47368.883820988165
 10
8452.103652780326
 20
47354.883820988165
  0
LWPOLYLINE
  5
4A3
330
17
100
AcDbEntity
  8
COLS
100
AcDbPolyline
 90
4
 70
1
 10
6771.65744602936
 20
48050.01570269602
 10
6771.65744602936
 20
48064.01570269602
 10
6735.65744602936
 20
48064.01570269602
 10
6735.65744602936
 20
48050.01570269602
  0
LWPOLYLINE
  5
4A4
330
17
100
AcDbEntity
  8
COLS
100
AcDbPolyline
 90
4
 70
1
 10
6594.942891474548
 20
48050.01570269602
 10
6594.942891474548
 20
48064.01570269602
 10
6558.942891474548
 20
48064.01570269602
 10
6558.942891474548
 20
48050.01570269602
  0
LWPOLYLINE
  5
4A5
330
17
100
AcDbEntity
  8
COLS
100
AcDbPolyline
 90
4
 70
1
 10
8565.279690389409
 20
46840.77972891676
 10
8579.279690389409
 20
46840.77972891676
 10
8579.279690389409
 20
46876.77972891676
 10
8565.279690389409
 20
46876.77972891676
  0
LWPOLYLINE
  5
4A6
330
17
100
AcDbEntity
  8
COLS
100
AcDbPolyline
 90
4
 70
1
 10
6397.71863552725
 20
47491.71721402057
 10
6397.71863552725
 20
47505.71721402057
 10
6373.71863552725
 20
47505.71721402057
 10
6373.71863552725
 20
47491.71721402057
  0
LWPOLYLINE
  5
4A7
330
17
100
AcDbEntity
  8
COLS
100
AcDbPolyline
 90
4
 70
1
 10
5362.857263514232
 20
47101.60338515558
 10
5365.503491078029
 20
47115.351020577014
 10
5341.936116069859
 20
47119.88741068638
 10
5339.289888506062
 20
47106.13977526494
  0
LWPOLYLINE
  5
4A8
330
17
100
AcDbEntity
  8
COLS
100
AcDbPolyline
 90
4
 70
1
 10
6008.7000850878285
 20
46384.14812292241
 10
5994.721369396953
 20
46384.919814333305
 10
5993.398469835425
 20
46360.95630172037
 10
6007.3771855263
 20
46360.18461030948
  0
LWPOLYLINE
  5
4A9
330
17
100
AcDbEntity
  8
COLS
100
AcDbPolyline
 90
4
 70
1
 10
5184.589214102854
 20
47164.81537832511
 10
5179.807251544216
 20
47151.657383261736
 10
5202.363814510003
 20
47143.45973316121
 10
5207.145777068641
 20
47156.617728224584
  0
LWPOLYLINE
  5
4AA
330
17
100
AcDbEntity
  8
COLS
100
AcDbPolyline
 90
4
 70
1
 10
7636.155630074109
 20
47354.883820988165
 10
7636.155630074109
 20
47368.883820988165
 10
7600.155630074109
 20
47368.883820988165
 10
7600.155630074109
 20
47354.883820988165
  0
LWPOLYLINE
  5
4AB
330
17
100
AcDbEntity
  8
COLS
100
AcDbPolyline
 90
4
 70
1
 10
7600.5518896191425
 20
46314.74299434153
 10
7614.5518896191425
 20
46314.74299434153
 10
7614.5518896191425
 20
46350.74299434153
 10
7600.5518896191425
 20
46350.74299434153
  0
LWPOLYLINE
  5
4AC
330
17
100
AcDbEntity
  8
COLS
100
AcDbPolyline
 90
4
 70
1
 10
6533.265913838592
 20
47320.78589985805
 10
6519.265913838592
 20
47320.78589985805
 10
6519.265913838592
 20
47296.78589985805
 10
6533.265913838592
 20
47296.78589985805
  0
LWPOLYLINE
  5
4AD
330
17
100
AcDbEntity
  8
COLS
100
AcDbPolyline
 90
4
 70
1
 10
9199.689959063551
 20
46657.1470970585
 10
9199.689959063551
 20
46621.1470970585
 10
9185.68995906355
 20
46621.1470970585
 10
9185.68995906355
 20
46657.1470970585
  0
LWPOLYLINE
  5
4AE
330
17
100
AcDbEntity
  8
WALL
100
AcDbPolyline
 90
5
 70
1
 10
5620.920340506775
 20
46882.8836558538
 10
5615.302296931262
 20
46883.964853372556
 10
5611.100536915084
 20
46884.773485851605
 10
5667.158704099686
 20
47176.059047040035
 10
5676.978507691378
 20
47174.16921704222
  0
LWPOLYLINE
  5
4AF
330
17
100
AcDbEntity
  8
WALL
100
AcDbPolyline
 90
4
 70
1
 10
4534.822672332732
 20
47275.92125378657
 10
4526.080838226317
 20
47280.777212647314
 10
4670.124450950043
 20
47540.086380499786
 10
4678.866267515128
 20
47535.23039006091
  0
LWPOLYLINE
  5
4B0
330
17
100
AcDbEntity
  8
WALL
100
AcDbPolyline
 90
5
 70
1
 10
4057.49669828516
 20
47633.12864426214
 10
4051.7636719312613
 20
47633.12864426214
 10
3869.4966982851565
 20
47633.12864426214
 10
3869.4966982851565
 20
47641.12864426214
 10
4057.49669828516
 20
47641.12864426214
  0
LWPOLYLINE
  5
4B1
330
17
100
AcDbEntity
  8
WALL
100
AcDbPolyline
 90
5
 70
1
 10
4101.49669828516
 20
47641.12864426214
 10
4101.49669828516
 20
47689.35682303422
 10
4101.49669828516
 20
47745.12864426214
 10
4109.496698285162
 20
47745.12864426214
 10
4109.496698285162
 20
47641.12864426214
  0
LWPOLYLINE
  5
4B2
330
17
100
AcDbEntity
  8
WALL
100
AcDbPolyline
 90
5
 70
1
 10
4101.49669828516
 20
47737.12864426214
 10
4051.7636719312613
 20
47737.12864426214
 10
3869.4966982851565
 20
47737.12864426214
 10
3869.4966982851565
 20
47745.12864426214
 10
4101.49669828516
 20
47745.12864426214
  0
LWPOLYLINE
  5
4B3
330
17
100
AcDbEntity
  8
WALL
100
AcDbPolyline
 90
5
 70
1
 10
3869.4966982851565
 20
47641.12864426214
 10
3869.4966982851565
 20
47689.35682303422
 10
3869.4966982851565
 20
47737.12864426214
 10
3877.49669828516
 20
47737.12864426214
 10
3877.49669828516
 20
47641.12864426214
  0
LWPOLYLINE
  5
4B4
330
17
100
AcDbEntity
  8
WALL
100
AcDbPolyline
 90
6
 70
1
 10
6565.690718746573
 20
46898.711618511974
 10
6565.690718746573
 20
46898.727555720805
 10
6459.66709669933
 20
46898.727555720805
 10
6459.66709669933
 20
46906.711618511974
 10
6683.293927296709
 20
46906.711618511974
 10
6683.293927296709
 20
46898.727555720805
  0
LWPOLYLINE
  5
4B5
330
17
100
AcDbEntity
  8
WALL
100
AcDbPolyline
 90
4
 70
1
 10
6691.293927296709
 20
46809.71180768931
 10
6683.293927296709
 20
46809.71180768931
 10
6683.293927296709
 20
46956.74322726701
 10
6691.293927296709
 20
46956.74322726701
  0
LWPOLYLINE
  5
4B6
330
17
100
AcDbEntity
  8
WALL
100
AcDbPolyline
 90
6
 70
1
 10
6639.689671931263
 20
47002.74322726701
 10
6531.859421931264
 20
47002.74322726701
 10
6451.66709669933
 20
47002.74322726701
 10
6451.66709669933
 20
47010.74322726701
 10
6683.293927296709
 20
47010.74322726701
 10
6683.293927296709
 20
47002.74322726701
  0
LWPOLYLINE
  5
4B7
330
17
100
AcDbEntity
  8
WALL
100
AcDbPolyline
 90
5
 70
1
 10
6451.66709669933
 20
46809.71180768931
 10
6451.66709669933
 20
46822.55819803422
 10
6451.66709669933
 20
47002.74322726701
 10
6459.66709669933
 20
47002.74322726701
 10
6459.66709669933
 20
46809.71180768931
  0
LWPOLYLINE
  5
4B8
330
17
100
AcDbEntity
  8
WALL
100
AcDbPolyline
 90
5
 70
1
 10
6464.465515681262
 20
46801.71180768931
 10
6451.66709669933
 20
46801.71180768931
 10
6451.66709669933
 20
46809.71180768931
 10
6508.702529770197
 20
46809.71180768931
 10
6508.702529770197
 20
46801.71180768931
  0
LWPOLYLINE
  5
4B9
330
17
100
AcDbEntity
  8
WALL
100
AcDbPolyline
 90
5
 70
1
 10
6691.293927296709
 20
46801.71180768931
 10
6683.293927296709
 20
46801.71180768931
 10
6634.258494225842
 20
46801.71180768931
 10
6634.258494225842
 20
46809.71180768931
 10
6691.293927296709
 20
46809.71180768931
  0
LWPOLYLINE
  5
4BA
330
17
100
AcDbEntity
  8
WALL
100
AcDbPolyline
 90
5
 70
1
 10
6528.220029916671
 20
47492.296678452294
 10
6528.186587307739
 20
47492.296678452294
 10
6528.186587307739
 20
47500.296678452294
 10
6666.3125715595
 20
47500.296678452294
 10
6666.3125715595
 20
47492.296678452294
  0
LWPOLYLINE
  5
4BB
330
17
100
AcDbEntity
  8
WALL
100
AcDbPolyline
 90
4
 70
1
 10
6528.186587307739
 20
47592.30455246815
 10
6528.186587307739
 20
47600.30455246816
 10
6658.3125715595015
 20
47600.30455246816
 10
6658.3125715595015
 20
47592.30455246815
  0
LWPOLYLINE
  5
4BC
330
17
100
AcDbEntity
  8
WALL
100
AcDbPolyline
 90
5
 70
1
 10
6528.186587307739
 20
47500.296678452294
 10
6528.186587307739
 20
47531.75707303422
 10
6528.186587307739
 20
47592.30455246815
 10
6536.186587307737
 20
47592.30455246815
 10
6536.186587307737
 20
47500.29667845257
  0
LWPOLYLINE
  5
4BD
330
17
100
AcDbEntity
  8
WALL
100
AcDbPolyline
 90
6
 70
1
 10
9065.870296931264
 20
46653.15472891675
 10
9062.316562662601
 20
46653.15472891675
 10
8756.14624354231
 20
46653.15472891675
 10
8756.14624354231
 20
46660.77972891675
 10
9196.064959063544
 20
46660.77972891675
 10
9196.064959063544
 20
46653.15472891675
  0
LWPOLYLINE
  5
4BE
330
17
100
AcDbEntity
  8
WALL
100
AcDbPolyline
 90
5
 70
1
 10
8911.279690389425
 20
47357.30816607782
 10
8904.124921931265
 20
47357.30816607782
 10
8488.103652780317
 20
47357.30816607782
 10
8488.103652780317
 20
47368.88382098818
 10
8911.279690389425
 20
47368.88382098818
  0
LWPOLYLINE
  5
4BF
330
17
100
AcDbEntity
  8
WALL
100
AcDbPolyline
 90
4
 70
1
 10
7636.155630074098
 20
47357.30816607782
 10
7636.155630074098
 20
47368.88382098818
 10
7919.452641647969
 20
47368.88382098818
 10
7919.452641647969
 20
47357.30816607782
  0
LWPOLYLINE
  5
4C0
330
17
100
AcDbEntity
  8
WALL
100
AcDbPolyline
 90
4
 70
1
 10
7955.452641647969
 20
47357.30816607782
 10
7955.452641647969
 20
47368.88382098818
 10
8227.74965322184
 20
47368.88382098818
 10
8227.74965322184
 20
47357.30816607782
  0
LWPOLYLINE
  5
4C1
330
17
100
AcDbEntity
  8
WALL
100
AcDbPolyline
 90
5
 70
1
 10
8452.103652780317
 20
47357.30816607782
 10
8445.846359431263
 20
47357.30816607782
 10
8263.74965322184
 20
47357.30816607782
 10
8263.74965322184
 20
47368.88382098818
 10
8452.103652780317
 20
47368.88382098818
  0
LWPOLYLINE
  5
4C2
330
17
100
AcDbEntity
  8
WALL
100
AcDbPolyline
 90
7
 70
1
 10
6774.4774844312615
 20
47706.146632544835
 10
6767.657446029349
 20
47706.146632544835
 10
6767.657446029349
 20
48050.015702696015
 10
6771.657446029347
 20
48050.015702696015
 10
6771.657446029347
 20
48058.3863084187
 10
6775.282446029349
 20
48057.89439949533
 10
6775.282446029349
 20
47706.146632544835
  0
LWPOLYLINE
  5
4C3
330
17
100
AcDbEntity
  8
WALL
100
AcDbPolyline
 90
13
 70
1
 10
6767.657446029349
 20
46810.08680768931
 10
6767.657446029349
 20
46848.824823034214
 10
6767.657446029349
 20
47474.046678452294
 10
6770.282446029349
 20
47474.046678452294
 10
6770.282446029349
 20
47498.046678452294
 10
6767.657446029349
 20
47498.046678452294
 10
6767.657446029349
 20
47688.584132544835
 10
6769.282446029349
 20
47688.584132544835
 10
6769.282446029349
 20
47702.584132544835
 10
6767.657446029349
 20
47702.584132544835
 10
6767.657446029349
 20
47706.146632544835
 10
6775.282446029349
 20
47706.146632544835
 10
6775.282446029349
 20
46810.08680768931
  0
LWPOLYLINE
  5
4C4
330
17
100
AcDbEntity
  8
WALL
100
AcDbPolyline
 90
4
 70
1
 10
6909.1375446239745
 20
46653.154728916765
 10
6901.5125446239745
 20
46653.154728916765
 10
6901.5125446239745
 20
46744.68832086758
 10
6909.1375446239745
 20
46744.68832086758
  0
LWPOLYLINE
  5
4C5
330
17
100
AcDbEntity
  8
WALL
100
AcDbPolyline
 90
6
 70
1
 10
8499.761484431263
 20
46653.15472891675
 10
8472.803921931263
 20
46653.15472891676
 10
6909.1375446239745
 20
46653.154728916765
 10
6909.1375446239745
 20
46660.77972891676
 10
8579.279690389398
 20
46660.77972891675
 10
8579.279690389398
 20
46653.15472891675
  0
LWPOLYLINE
  5
4C6
330
17
100
AcDbEntity
  8
WALL
100
AcDbPolyline
 90
6
 70
1
 10
8688.464421931263
 20
46876.77301029988
 10
8683.312776708988
 20
46876.77301029988
 10
8579.2796903894
 20
46876.77301029988
 10
8579.2796903894
 20
46884.77301029989
 10
8691.312776708988
 20
46884.77301029989
 10
8691.312776708988
 20
46876.77301029988
  0
LWPOLYLINE
  5
4C7
330
17
100
AcDbEntity
  8
WALL
100
AcDbPolyline
 90
5
 70
1
 10
8688.464421931263
 20
46660.77972891675
 10
8683.312776708988
 20
46660.77972891675
 10
8683.312776708988
 20
46876.77301029988
 10
8691.312776708988
 20
46876.77301029988
 10
8691.312776708988
 20
46660.77972891675
  0
LWPOLYLINE
  5
4C8
330
17
100
AcDbEntity
  8
WALL
100
AcDbPolyline
 90
5
 70
1
 10
8587.279690389398
 20
46660.77972891675
 10
8580.634171931264
 20
46660.77972891675
 10
8579.2796903894
 20
46660.77972891675
 10
8579.2796903894
 20
46876.77301029988
 10
8587.279690389398
 20
46876.77301029988
  0
LWPOLYLINE
  5
4C9
330
17
100
AcDbEntity
  8
WALL
100
AcDbPolyline
 90
5
 70
1
 10
8631.279690389398
 20
46652.77972891676
 10
8631.279690389398
 20
46654.02972891675
 10
8631.279690389398
 20
46660.77972891675
 10
8691.312776708988
 20
46660.77972891675
 10
8691.312776708988
 20
46652.77972891676
  0
LWPOLYLINE
  5
4CA
330
17
100
AcDbEntity
  8
WALL
100
AcDbPolyline
 90
5
 70
1
 10
8756.14624354231
 20
46653.15472891675
 10
8742.379546931263
 20
46653.15472891676
 10
8691.312776708988
 20
46653.15472891676
 10
8691.312776708988
 20
46660.77972891676
 10
8756.14624354231
 20
46660.77972891676
  0
LWPOLYLINE
  5
4CB
330
17
100
AcDbEntity
  8
WALL
100
AcDbPolyline
 90
5
 70
1
 10
6855.350171931263
 20
46802.46180768931
 10
6820.657446029347
 20
46802.46180768931
 10
6820.657446029347
 20
46810.08680768931
 10
6901.5125446239745
 20
46810.08680768931
 10
6901.5125446239745
 20
46802.46180768931
  0
LWPOLYLINE
  5
4CC
330
17
100
AcDbEntity
  8
WALL
100
AcDbPolyline
 90
5
 70
1
 10
9343.14604908056
 20
46650.77972891675
 10
9335.445921931263
 20
46650.77972891675
 10
9203.314959063544
 20
46650.77972891675
 10
9203.314959063544
 20
46660.77972891675
 10
9346.005424648396
 20
46660.77972891675
  0
LWPOLYLINE
  5
4CD
330
17
100
AcDbEntity
  8
WALL
100
AcDbPolyline
 90
4
 70
1
 10
9346.005424648396
 20
46660.77972891675
 10
9335.60465406935
 20
46660.77972891675
 10
9542.165510096638
 20
47383.17820762963
 10
9551.772145623418
 20
47380.40090526614
  0
LWPOLYLINE
  5
4CE
330
17
100
AcDbEntity
  8
WALL
100
AcDbPolyline
 90
4
 70
1
 10
9536.973234886613
 20
47384.67930738225
 10
9527.340473063738
 20
47387.464162923294
 10
9586.610113903698
 20
47668.70529770227
 10
9596.610113903695
 20
47667.663028757066
  0
LWPOLYLINE
  5
4CF
330
17
100
AcDbEntity
  8
WALL
100
AcDbPolyline
 90
4
 70
1
 10
9596.610113903698
 20
47667.66302875706
 10
9586.610113903698
 20
47668.70529770226
 10
9586.610113903698
 20
47854.770302075514
 10
9596.610113903698
 20
47854.770302075514
  0
LWPOLYLINE
  5
4D0
330
17
100
AcDbEntity
  8
WALL
100
AcDbPolyline
 90
4
 70
1
 10
9510.754187958872
 20
47857.145302075514
 10
9510.754187958872
 20
47864.770302075514
 10
9586.610113903698
 20
47864.770302075514
 10
9586.610113903698
 20
47857.145302075514
  0
LWPOLYLINE
  5
4D1
330
17
100
AcDbEntity
  8
WALL
100
AcDbPolyline
 90
4
 70
1
 10
9614.629187958873
 20
47864.770302075514
 10
9606.754187958875
 20
47864.770302075514
 10
9606.754187958875
 20
47979.99771949127
 10
9614.629187958873
 20
47979.99771949127
  0
LWPOLYLINE
  5
4D2
330
17
100
AcDbEntity
  8
WALL
100
AcDbPolyline
 90
5
 70
1
 10
7592.2806300740995
 20
47356.883820988165
 10
7583.204359431264
 20
47356.883820988165
 10
7292.155630074089
 20
47356.883820988165
 10
7292.155630074089
 20
47368.883820988165
 10
7592.2806300740995
 20
47368.883820988165
  0
LWPOLYLINE
  5
4D3
330
17
100
AcDbEntity
  8
WALL
100
AcDbPolyline
 90
6
 70
1
 10
9443.276171931262
 20
48088.99771949127
 10
9335.445921931263
 20
48088.99771949127
 10
7378.063971526732
 20
48088.997719491286
 10
7379.421016933751
 20
48098.997719491286
 10
9606.754187958875
 20
48098.99771949127
 10
9606.754187958875
 20
48088.99771949127
  0
LWPOLYLINE
  5
4D4
330
17
100
AcDbEntity
  8
WALL
100
AcDbPolyline
 90
5
 70
1
 10
7372.929121360341
 20
47976.79433532333
 10
7367.543859431264
 20
47977.52511005371
 10
7363.019940110995
 20
47978.13900144193
 10
7378.063971526732
 20
48088.997719491286
 10
7388.155630074103
 20
48088.997719491286
  0
LWPOLYLINE
  5
4D5
330
17
100
AcDbEntity
  8
WALL
100
AcDbPolyline
 90
6
 70
1
 10
7363.019940110995
 20
47978.13900144193
 10
7361.909419197318
 20
47978.28969803422
 10
6771.657446029347
 20
48058.3863084187
 10
6771.657446029347
 20
48063.517396952295
 10
6775.524510531319
 20
48067.953202696015
 10
7364.364660010775
 20
47988.04817539308
  0
LWPOLYLINE
  5
4D6
330
17
100
AcDbEntity
  8
WALL
100
AcDbPolyline
 90
4
 70
1
 10
9510.754187958872
 20
47979.99771949127
 10
9503.129187958872
 20
47979.99771949127
 10
9503.129187958872
 20
48088.99771949127
 10
9510.754187958872
 20
48088.99771949127
  0
LWPOLYLINE
  5
4D7
330
17
100
AcDbEntity
  8
WALL
100
AcDbPolyline
 90
5
 70
1
 10
9504.004187958872
 20
47910.770302075514
 10
9503.129187958872
 20
47910.770302075514
 10
9503.129187958872
 20
47979.99771949127
 10
9510.754187958872
 20
47979.99771949127
 10
9510.754187958872
 20
47910.770302075514
  0
LWPOLYLINE
  5
4D8
330
17
100
AcDbEntity
  8
WALL
100
AcDbPolyline
 90
5
 70
1
 10
9616.754187958875
 20
47854.770302075514
 10
9605.021546931264
 20
47854.770302075514
 10
9586.610113903698
 20
47854.770302075514
 10
9586.610113903698
 20
47864.770302075514
 10
9616.754187958875
 20
47864.770302075514
  0
LWPOLYLINE
  5
4D9
330
17
100
AcDbEntity
  8
WALL
100
AcDbPolyline
 90
5
 70
1
 10
3752.447346860934
 20
47223.712042278785
 10
3744.1285302597134
 20
47229.31146531169
 10
3977.383597124217
 20
47525.61971028847
 10
3982.9460694594345
 20
47521.24090923086
 10
3961.017430281747
 20
47488.66249417607
  0
LWPOLYLINE
  5
4DA
330
17
100
AcDbEntity
  8
BOUNDARY
100
AcDbPolyline
 90
135
 70
1
 10
7378.063971526741
 20
48088.99771949129
 10
7408.043269617772
 20
48098.28241984606
 10
8068.128751321301
 20
48098.28241984606
 10
8101.262125200037
 20
48088.99771949128
 10
8133.593674498305
 20
48096.96999301427
 10
8137.848953621073
 20
47960.714713891495
 10
8288.294680923927
 20
47918.28241984606
 10
8425.269151275765
 20
47918.28241984606
 10
8425.269151275765
 20
48088.99771949128
 10
8457.368413240007
 20
48098.28241984606
 10
8877.422810687707
 20
48098.28241984606
 10
8911.279690389432
 20
48088.99771949128
 10
8943.43135885806
 20
48098.28241984606
 10
9321.12911741291
 20
48097.434550099664
 10
9323.281247666517
 20
47960.3081181916
 10
9331.014462846646
 20
47954.28241984606
 10
9439.028450761769
 20
47954.28241984606
 10
9456.36869671421
 20
47976.369868893744
 10
9503.12918795888
 20
47978.28241984606
 10
9503.12918795888
 20
48088.99771949128
 10
9528.630019720824
 20
48098.28241984606
 10
9616.754187958883
 20
48095.16463188293
 10
9616.754187958883
 20
47854.77030207552
 10
9596.610113903705
 20
47844.932312614575
 10
9596.30588830736
 20
47666.21944396844
 10
9540.156008049935
 20
47399.781925240386
 10
9551.479735989915
 20
47379.37827068537
 10
9378.18778989805
 20
46773.33005497977
 10
9367.130827825626
 20
46771.03517808161
 10
9375.174261424796
 20
46762.79094110068
 10
9365.93020126972
 20
46730.46199397298
 10
9354.86333252831
 20
46728.13247080765
 10
9362.891842304267
 20
46719.836041231305
 10
9353.672612641392
 20
46687.59393296619
 10
9342.58091340778
 20
46685.17757093827
 10
9350.609423183738
 20
46676.881141361926
 10
9344.468213623473
 20
46655.40369142724
 10
9203.314959063553
 20
46650.77972891676
 10
9196.06495906355
 20
46311.11799434153
 10
6773.281247666517
 20
46310.49532989577
 10
6771.592922714151
 20
46276.90474530109
 10
6753.592922714151
 20
46243.11799434153
 10
6306.080936871433
 20
46233.11799434154
 10
6288.8081536127465
 20
46272.90023668894
 10
5840.90021802593
 20
46298.13709073809
 10
5651.006699868141
 20
46333.586564042824
 10
5524.026990082224
 20
46329.76438971337
 10
5507.281247666517
 20
46344.01389815837
 10
5501.788524509344
 20
46370.28241984606
 10
5240.842769063334
 20
46410.18322170283
 10
5043.533795902154
 20
46476.84218575271
 10
5047.235839401959
 20
46487.53004313353
 10
4921.972921802004
 20
46505.109198316415
 10
4904.387768370645
 20
46544.17589914193
 10
4826.216925287137
 20
46552.116067152965
 10
4631.145185342379
 20
46621.02412219698
 10
4343.749006009677
 20
46764.47133416955
 10
4355.341867290957
 20
46787.69782932701
 10
4325.324263128276
 20
46802.28241984606
 10
4227.002457160073
 20
46808.12055558499
 10
4216.362420081965
 20
46829.47750873617
 10
4061.009937737119
 20
46934.04577962867
 10
4073.688635298824
 20
46952.88196314169
 10
4047.846518161645
 20
46974.71714935092
 10
3965.8840180539046
 20
46982.31446158972
 10
3935.2812476665167
 20
47003.87268598817
 10
3934.8594704971074
 20
47051.70419701547
 10
3875.6900650334355
 20
47070.59351554342
 10
3870.2201106142984
 20
47062.46704477349
 10
3714.867628269456
 20
47167.035315666
 10
3550.7997211986294
 20
47297.7105941638
 10
3556.6306934607765
 20
47305.11132675178
 10
3533.2812476665167
 20
47329.50892730022
 10
3533.2812476665167
 20
47353.512035725806
 10
3551.8932047949456
 20
47382.71958508175
 10
3531.174194029096
 20
47399.33634401621
 10
3508.288055622719
 20
47378.28241984606
 10
3444.182167935869
 20
47380.65479843065
 10
3413.2812476665167
 20
47402.56245485001
 10
3410.9586156894766
 20
47437.60505182309
 10
3372.3184375306773
 20
47454.76386086449
 10
3365.602477950755
 20
47446.23989287286
 10
3292.2812476665167
 20
47505.04391697322
 10
3290.58531704286
 20
47768.28241984606
 10
3350.593088106818
 20
47768.28241984606
 10
3360.281247666515
 20
47750.8786442621
 10
3842.546810927075
 20
47750.8786442621
 10
3846.791649603003
 20
47790.79282178254
 10
3866.996698285171
 20
47790.62864426215
 10
3851.2812476665167
 20
47800.93472358782
 10
3859.521769653167
 20
47809.52294183271
 10
4153.245261773103
 20
47810.28241984606
 10
4154.7466982851765
 20
47768.28265445753
 10
4172.281692982184
 20
47750.87864426209
 10
4456.238048253455
 20
47750.87864426209
 10
4564.154769200657
 20
47677.64632713626
 10
4825.579616725921
 20
47540.67160468406
 10
4850.1379917538525
 20
47518.61875368767
 10
5384.81006451997
 20
47314.64086896228
 10
5396.432671916684
 20
47330.130995595886
 10
5401.555700660276
 20
47308.745428799426
 10
5527.142774656331
 20
47272.72740322033
 10
5845.24068802134
 20
47211.72507466734
 10
5974.05848460509
 20
47198.67627997437
 10
5987.843479542798
 20
47216.28241984606
 10
5998.077261421306
 20
47187.19720484504
 10
6144.251521263541
 20
47172.39026079956
 10
6160.4109486119505
 20
47198.28241984606
 10
6203.281247666517
 20
47205.175696955535
 10
6203.281247666517
 20
47271.184245125885
 10
6215.2267087207765
 20
47288.723399858034
 10
6215.2267087207765
 20
47466.72460826271
 10
6197.281247666517
 20
47489.71721402057
 10
6131.789208720775
 20
47489.71721402057
 10
6131.789208720775
 20
47546.80176935671
 10
6113.281247666517
 20
47551.77502738691
 10
6113.281247666517
 20
47683.79212372762
 10
6131.789208720775
 20
47689.05759797668
 10
6127.788194338911
 20
47725.78936651845
 10
6555.005391474548
 20
47726.28241984606
 10
6554.714426046608
 20
48086.28241984606
 10
6746.739293451272
 20
48086.28241984606
 10
6775.524510531339
 20
48067.95320269602
 10
7120.5806863366815
 20
48021.129420090256
 10
7134.909885692257
 20
48038.28241984606
 10
7137.362282786522
 20
48018.85217400964
 10
7166.078017919357
 20
48014.95547708461
 10
7174.4300440627885
 20
48032.28241984606
 10
7177.4468872584075
 20
48013.41273273244
 10
7211.575349502042
 20
48008.78153407895
 10
7225.951756646111
 20
48026.28241984606
 10
7228.155470395461
 20
48006.53162803256
 10
7257.072681084721
 20
48002.607591073305
 10
7265.471915016642
 20
48020.28241984606
 10
7368.499299321271
 20
48018.51612649544
  0
TEXT
  5
4DB
330
17
100
AcDbEntity
  8
COL-LABEL
100
AcDbText
 10
3404.406247666515
 20
47750.0036442621
 30
0.0
 40
18.0
  1
C1
 11
3404.406247666515
 21
47750.0036442621
 31
0.0
100
AcDbText
  0
TEXT
  5
4DC
330
17
100
AcDbEntity
  8
COL-LABEL
100
AcDbText
 10
3402.8296281209914
 20
47568.77234313716
 30
0.0
 40
18.0
  1
C2
 11
3402.8296281209914
 21
47568.77234313716
 31
0.0
100
AcDbText
  0
TEXT
  5
4DD
330
17
100
AcDbEntity
  8
COL-LABEL
100
AcDbText
 10
3627.9282912220388
 20
47386.016708183466
 30
0.0
 40
18.0
  1
C3
 11
3627.9282912220388
 21
47386.016708183466
 31
0.0
100
AcDbText
  0
TEXT
  5
4DE
330
17
100
AcDbEntity
  8
COL-LABEL
100
AcDbText
 10
3618.3624151931454
 20
47640.74726232186
 30
0.0
 40
18.0
  1
C4
 11
3618.3624151931454
 21
47640.74726232186
 31
0.0
100
AcDbText
  0
TEXT
  5
4DF
330
17
100
AcDbEntity
  8
COL-LABEL
100
AcDbText
 10
3739.673012876472
 20
47750.0036442621
 30
0.0
 40
18.0
  1
C5
 11
3739.673012876472
 21
47750.0036442621
 31
0.0
100
AcDbText
  0
TEXT
  5
4E0
330
17
100
AcDbEntity
  8
COL-LABEL
100
AcDbText
 10
3767.195448446919
 20
47563.78631519151
 30
0.0
 40
18.0
  1
C6
 11
3767.195448446919
 21
47563.78631519151
 31
0.0
100
AcDbText
  0
TEXT
  5
4E1
330
17
100
AcDbEntity
  8
COL-LABEL
100
AcDbText
 10
4036.021108087052
 20
47095.9516545131
 30
0.0
 40
18.0
  1
C7
 11
4036.021108087052
 21
47095.9516545131
 31
0.0
100
AcDbText
  0
TEXT
  5
4E2
330
17
100
AcDbEntity
  8
COL-LABEL
100
AcDbText
 10
4159.825024517228
 20
47272.46685883072
 30
0.0
 40
18.0
  1
C8
 11
4159.825024517228
 21
47272.46685883072
 31
0.0
100
AcDbText
  0
TEXT
  5
4E3
330
17
100
AcDbEntity
  8
COL-LABEL
100
AcDbText
 10
4273.297398070705
 20
47473.116540520525
 30
0.0
 40
18.0
  1
C9
 11
4273.297398070705
 21
47473.116540520525
 31
0.0
100
AcDbText
  0
TEXT
  5
4E4
330
17
100
AcDbEntity
  8
COL-LABEL
100
AcDbText
 10
4289.111475512582
 20
46925.26190903191
 30
0.0
 40
18.0
  1
C10
 11
4289.111475512582
 21
46925.26190903191
 31
0.0
100
AcDbText
  0
TEXT
  5
4E5
330
17
100
AcDbEntity
  8
COL-LABEL
100
AcDbText
 10
4357.521064705448
 20
47750.00364426209
 30
0.0
 40
18.0
  1
C11
 11
4357.521064705448
 21
47750.00364426209
 31
0.0
100
AcDbText
  0
TEXT
  5
4E6
330
17
100
AcDbEntity
  8
COL-LABEL
100
AcDbText
 10
4401.033209660232
 20
47127.83157115922
 30
0.0
 40
18.0
  1
C12
 11
4401.033209660232
 21
47127.83157115922
 31
0.0
100
AcDbText
  0
TEXT
  5
4E7
330
17
100
AcDbEntity
  8
COL-LABEL
100
AcDbText
 10
4430.487630446993
 20
47704.76142839976
 30
0.0
 40
18.0
  1
C13
 11
4430.487630446993
 21
47704.76142839976
 31
0.0
100
AcDbText
  0
TEXT
  5
4E8
330
17
100
AcDbEntity
  8
COL-LABEL
100
AcDbText
 10
4557.440692796421
 20
46777.68495372082
 30
0.0
 40
18.0
  1
C14
 11
4557.440692796421
 21
46777.68495372082
 31
0.0
100
AcDbText
  0
TEXT
  5
4E9
330
17
100
AcDbEntity
  8
COL-LABEL
100
AcDbText
 10
4635.968915722167
 20
46920.730019440656
 30
0.0
 40
18.0
  1
C15
 11
4635.968915722167
 21
46920.730019440656
 31
0.0
100
AcDbText
  0
TEXT
  5
4EA
330
17
100
AcDbEntity
  8
COL-LABEL
100
AcDbText
 10
4692.982789440486
 20
46723.11477967083
 30
0.0
 40
18.0
  1
C16
 11
4692.982789440486
 21
46723.11477967083
 31
0.0
100
AcDbText
  0
TEXT
  5
4EB
330
17
100
AcDbEntity
  8
COL-LABEL
100
AcDbText
 10
4787.606047301386
 20
46934.36687054863
 30
0.0
 40
18.0
  1
C17
 11
4787.606047301386
 21
46934.36687054863
 31
0.0
100
AcDbText
  0
TEXT
  5
4EC
330
17
100
AcDbEntity
  8
COL-LABEL
100
AcDbText
 10
4840.540346889273
 20
47156.35822970365
 30
0.0
 40
18.0
  1
C18
 11
4840.540346889273
 21
47156.35822970365
 31
0.0
100
AcDbText
  0
TEXT
  5
4ED
330
17
100
AcDbEntity
  8
COL-LABEL
100
AcDbText
 10
4842.745241396464
 20
47531.08649210822
 30
0.0
 40
18.0
  1
C19
 11
4842.745241396464
 21
47531.08649210822
 31
0.0
100
AcDbText
  0
TEXT
  5
4EE
330
17
100
AcDbEntity
  8
COL-LABEL
100
AcDbText
 10
4957.858621991274
 20
47408.56336256794
 30
0.0
 40
18.0
  1
C20
 11
4957.858621991274
 21
47408.56336256794
 31
0.0
100
AcDbText
  0
TEXT
  5
4EF
330
17
100
AcDbEntity
  8
COL-LABEL
100
AcDbText
 10
4981.215475193652
 20
46622.967290388435
 30
0.0
 40
18.0
  1
C21
 11
4981.215475193652
 21
46622.967290388435
 31
0.0
100
AcDbText
  0
TEXT
  5
4F0
330
17
100
AcDbEntity
  8
COL-LABEL
100
AcDbText
 10
5058.828856331813
 20
46820.63063312014
 30
0.0
 40
18.0
  1
C22
 11
5058.828856331813
 21
46820.63063312014
 31
0.0
100
AcDbText
  0
TEXT
  5
4F1
330
17
100
AcDbEntity
  8
COL-LABEL
100
AcDbText
 10
5156.394317497576
 20
47028.508729598485
 30
0.0
 40
18.0
  1
C23
 11
5156.394317497576
 21
47028.508729598485
 31
0.0
100
AcDbText
  0
TEXT
  5
4F2
330
17
100
AcDbEntity
  8
COL-LABEL
100
AcDbText
 10
5211.645777068641
 20
47169.31537832511
 30
0.0
 40
18.0
  1
C24
 11
5211.645777068641
 21
47169.31537832511
 31
0.0
100
AcDbText
  0
TEXT
  5
4F3
330
17
100
AcDbEntity
  8
COL-LABEL
100
AcDbText
 10
5269.35180031494
 20
46522.64226307666
 30
0.0
 40
18.0
  1
C25
 11
5269.35180031494
 21
46522.64226307666
 31
0.0
100
AcDbText
  0
TEXT
  5
4F4
330
17
100
AcDbEntity
  8
COL-LABEL
100
AcDbText
 10
5275.329871566519
 20
47355.770479164545
 30
0.0
 40
18.0
  1
C26
 11
5275.329871566519
 21
47355.770479164545
 31
0.0
100
AcDbText
  0
TEXT
  5
4F5
330
17
100
AcDbEntity
  8
COL-LABEL
100
AcDbText
 10
5314.82337715386
 20
46983.20065495172
 30
0.0
 40
18.0
  1
C27
 11
5314.82337715386
 21
46983.20065495172
 31
0.0
100
AcDbText
  0
TEXT
  5
4F6
330
17
100
AcDbEntity
  8
COL-LABEL
100
AcDbText
 10
5328.044959531389
 20
46744.166207764065
 30
0.0
 40
18.0
  1
C28
 11
5328.044959531389
 21
46744.166207764065
 31
0.0
100
AcDbText
  0
TEXT
  5
4F7
330
17
100
AcDbEntity
  8
COL-LABEL
100
AcDbText
 10
5370.003491078029
 20
47124.38741068638
 30
0.0
 40
18.0
  1
C29
 11
5370.003491078029
 21
47124.38741068638
 31
0.0
100
AcDbText
  0
TEXT
  5
4F8
330
17
100
AcDbEntity
  8
COL-LABEL
100
AcDbText
 10
5408.757691828143
 20
47310.72931700624
 30
0.0
 40
18.0
  1
C30
 11
5408.757691828143
 21
47310.72931700624
 31
0.0
100
AcDbText
  0
TEXT
  5
4F9
330
17
100
AcDbEntity
  8
COL-LABEL
100
AcDbText
 10
5569.103719848894
 20
46466.28421310884
 30
0.0
 40
18.0
  1
C31
 11
5569.103719848894
 21
46466.28421310884
 31
0.0
100
AcDbText
  0
TEXT
  5
4FA
330
17
100
AcDbEntity
  8
COL-LABEL
100
AcDbText
 10
5617.600492719508
 20
46670.17658329273
 30
0.0
 40
18.0
  1
C32
 11
5617.600492719508
 21
46670.17658329273
 31
0.0
100
AcDbText
  0
TEXT
  5
4FB
330
17
100
AcDbEntity
  8
COL-LABEL
100
AcDbText
 10
5868.77775910395
 20
46409.71716258077
 30
0.0
 40
18.0
  1
C33
 11
5868.77775910395
 21
46409.71716258077
 31
0.0
100
AcDbText
  0
TEXT
  5
4FC
330
17
100
AcDbEntity
  8
COL-LABEL
100
AcDbText
 10
5891.168643184188
 20
46640.10946325772
 30
0.0
 40
18.0
  1
C34
 11
5891.168643184188
 21
46640.10946325772
 31
0.0
100
AcDbText
  0
TEXT
  5
4FD
330
17
100
AcDbEntity
  8
COL-LABEL
100
AcDbText
 10
5957.708966303915
 20
46915.040623480505
 30
0.0
 40
18.0
  1
C35
 11
5957.708966303915
 21
46915.040623480505
 31
0.0
100
AcDbText
  0
TEXT
  5
4FE
330
17
100
AcDbEntity
  8
COL-LABEL
100
AcDbText
 10
5986.411196780511
 20
47198.38925253248
 30
0.0
 40
18.0
  1
C36
 11
5986.411196780511
 21
47198.38925253248
 31
0.0
100
AcDbText
  0
TEXT
  5
4FF
330
17
100
AcDbEntity
  8
COL-LABEL
100
AcDbText
 10
6013.2000850878285
 20
46389.419814333305
 30
0.0
 40
18.0
  1
C37
 11
6013.2000850878285
 21
46389.419814333305
 31
0.0
100
AcDbText
  0
TEXT
  5
500
330
17
100
AcDbEntity
  8
COL-LABEL
100
AcDbText
 10
6022.953570893458
 20
46548.71633281567
 30
0.0
 40
18.0
  1
C38
 11
6022.953570893458
 21
46548.71633281567
 31
0.0
100
AcDbText
  0
TEXT
  5
501
330
17
100
AcDbEntity
  8
COL-LABEL
100
AcDbText
 10
6155.351708720775
 20
47535.27971402057
 30
0.0
 40
18.0
  1
C39
 11
6155.351708720775
 21
47535.27971402057
 31
0.0
100
AcDbText
  0
TEXT
  5
502
330
17
100
AcDbEntity
  8
COL-LABEL
100
AcDbText
 10
6155.351708720775
 20
47705.58413254485
 30
0.0
 40
18.0
  1
C40
 11
6155.351708720775
 21
47705.58413254485
 31
0.0
100
AcDbText
  0
TEXT
  5
503
330
17
100
AcDbEntity
  8
COL-LABEL
100
AcDbText
 10
6205.700056763668
 20
47177.18386168622
 30
0.0
 40
18.0
  1
C41
 11
6205.700056763668
 21
47177.18386168622
 31
0.0
100
AcDbText
  0
TEXT
  5
504
330
17
100
AcDbEntity
  8
COL-LABEL
100
AcDbText
 10
6239.1017087207765
 20
47334.598399858034
 30
0.0
 40
18.0
  1
C42
 11
6239.1017087207765
 21
47334.598399858034
 31
0.0
100
AcDbText
  0
TEXT
  5
505
330
17
100
AcDbEntity
  8
COL-LABEL
100
AcDbText
 10
6272.44699674527
 20
46817.96180768932
 30
0.0
 40
18.0
  1
C43
 11
6272.44699674527
 21
46817.96180768932
 31
0.0
100
AcDbText
  0
TEXT
  5
506
330
17
100
AcDbEntity
  8
COL-LABEL
100
AcDbText
 10
6309.44699674527
 20
47066.88873648415
 30
0.0
 40
18.0
  1
C44
 11
6309.44699674527
 21
47066.88873648415
 31
0.0
100
AcDbText
  0
TEXT
  5
507
330
17
100
AcDbEntity
  8
COL-LABEL
100
AcDbText
 10
6319.159890818555
 20
46355.24299434154
 30
0.0
 40
18.0
  1
C45
 11
6319.159890818555
 21
46355.24299434154
 31
0.0
100
AcDbText
  0
TEXT
  5
508
330
17
100
AcDbEntity
  8
COL-LABEL
100
AcDbText
 10
6319.159890818555
 20
46538.3575629231
 30
0.0
 40
18.0
  1
C46
 11
6319.159890818555
 21
46538.3575629231
 31
0.0
100
AcDbText
  0
TEXT
  5
509
330
17
100
AcDbEntity
  8
COL-LABEL
100
AcDbText
 10
6334.631905428732
 20
47176.11822726702
 30
0.0
 40
18.0
  1
C47
 11
6334.631905428732
 21
47176.11822726702
 31
0.0
100
AcDbText
  0
TEXT
  5
50A
330
17
100
AcDbEntity
  8
COL-LABEL
100
AcDbText
 10
6402.21863552725
 20
47510.21721402057
 30
0.0
 40
18.0
  1
C48
 11
6402.21863552725
 21
47510.21721402057
 31
0.0
100
AcDbText
  0
TEXT
  5
50B
330
17
100
AcDbEntity
  8
COL-LABEL
100
AcDbText
 10
6402.21863552725
 20
47707.08413254484
 30
0.0
 40
18.0
  1
C49
 11
6402.21863552725
 21
47707.08413254484
 31
0.0
100
AcDbText
  0
TEXT
  5
50C
330
17
100
AcDbEntity
  8
COL-LABEL
100
AcDbText
 10
6433.979629149901
 20
47017.88873648416
 30
0.0
 40
18.0
  1
C50
 11
6433.979629149901
 21
47017.88873648416
 31
0.0
100
AcDbText
  0
TEXT
  5
50D
330
17
100
AcDbEntity
  8
COL-LABEL
100
AcDbText
 10
6450.5348908203905
 20
46333.24299434153
 30
0.0
 40
18.0
  1
C51
 11
6450.5348908203905
 21
46333.24299434153
 31
0.0
100
AcDbText
  0
TEXT
  5
50E
330
17
100
AcDbEntity
  8
COL-LABEL
100
AcDbText
 10
6537.765913838592
 20
47325.28589985805
 30
0.0
 40
18.0
  1
C52
 11
6537.765913838592
 21
47325.28589985805
 31
0.0
100
AcDbText
  0
TEXT
  5
50F
330
17
100
AcDbEntity
  8
COL-LABEL
100
AcDbText
 10
6599.442891474548
 20
48068.51570269602
 30
0.0
 40
18.0
  1
C109
 11
6599.442891474548
 21
48068.51570269602
 31
0.0
100
AcDbText
  0
TEXT
  5
510
330
17
100
AcDbEntity
  8
COL-LABEL
100
AcDbText
 10
6647.718352833956
 20
46333.24299434154
 30
0.0
 40
18.0
  1
C53
 11
6647.718352833956
 21
46333.24299434154
 31
0.0
100
AcDbText
  0
TEXT
  5
511
330
17
100
AcDbEntity
  8
COL-LABEL
100
AcDbText
 10
6648.968782954436
 20
46524.18946982296
 30
0.0
 40
18.0
  1
C54
 11
6648.968782954436
 21
46524.18946982296
 31
0.0
100
AcDbText
  0
TEXT
  5
512
330
17
100
AcDbEntity
  8
COL-LABEL
100
AcDbText
 10
6663.410516397509
 20
47705.58413254484
 30
0.0
 40
18.0
  1
C55
 11
6663.410516397509
 21
47705.58413254484
 31
0.0
100
AcDbText
  0
TEXT
  5
513
330
17
100
AcDbEntity
  8
COL-LABEL
100
AcDbText
 10
6776.15744602936
 20
48068.51570269602
 30
0.0
 40
18.0
  1
C110
 11
6776.15744602936
 21
48068.51570269602
 31
0.0
100
AcDbText
  0
TEXT
  5
514
330
17
100
AcDbEntity
  8
COL-LABEL
100
AcDbText
 10
6773.78244602936
 20
47707.08413254484
 30
0.0
 40
18.0
  1
C56
 11
6773.78244602936
 21
47707.08413254484
 31
0.0
100
AcDbText
  0
TEXT
  5
515
330
17
100
AcDbEntity
  8
COL-LABEL
100
AcDbText
 10
6774.092922714151
 20
46355.24299434153
 30
0.0
 40
18.0
  1
C57
 11
6774.092922714151
 21
46355.24299434153
 31
0.0
100
AcDbText
  0
TEXT
  5
516
330
17
100
AcDbEntity
  8
COL-LABEL
100
AcDbText
 10
6774.092922714151
 20
46718.79506292306
 30
0.0
 40
18.0
  1
C58
 11
6774.092922714151
 21
46718.79506292306
 31
0.0
100
AcDbText
  0
TEXT
  5
517
330
17
100
AcDbEntity
  8
COL-LABEL
100
AcDbText
 10
6774.78244602936
 20
47502.5466784523
 30
0.0
 40
18.0
  1
C59
 11
6774.78244602936
 21
47502.5466784523
 31
0.0
100
AcDbText
  0
TEXT
  5
518
330
17
100
AcDbEntity
  8
COL-LABEL
100
AcDbText
 10
6995.78244602936
 20
47183.27259381443
 30
0.0
 40
18.0
  1
C63
 11
6995.78244602936
 21
47183.27259381443
 31
0.0
100
AcDbText
  0
TEXT
  5
519
330
17
100
AcDbEntity
  8
COL-LABEL
100
AcDbText
 10
6995.78244602936
 20
47581.27259381443
 30
0.0
 40
18.0
  1
C64
 11
6995.78244602936
 21
47581.27259381443
 31
0.0
100
AcDbText
  0
TEXT
  5
51A
330
17
100
AcDbEntity
  8
COL-LABEL
100
AcDbText
 10
6995.78244602936
 20
47901.27259381443
 30
0.0
 40
18.0
  1
C65
 11
6995.78244602936
 21
47901.27259381443
 31
0.0
100
AcDbText
  0
TEXT
  5
51B
330
17
100
AcDbEntity
  8
COL-LABEL
100
AcDbText
 10
7032.655630073856
 20
46355.24299434153
 30
0.0
 40
18.0
  1
C60
 11
7032.655630073856
 21
46355.24299434153
 31
0.0
100
AcDbText
  0
TEXT
  5
51C
330
17
100
AcDbEntity
  8
COL-LABEL
100
AcDbText
 10
7032.655630073859
 20
46881.279728916765
 30
0.0
 40
18.0
  1
C66
 11
7032.655630073859
 21
46881.279728916765
 31
0.0
100
AcDbText
  0
TEXT
  5
51D
330
17
100
AcDbEntity
  8
COL-LABEL
100
AcDbText
 10
7298.655630074114
 20
47217.38382098819
 30
0.0
 40
18.0
  1
C67
 11
7298.655630074114
 21
47217.38382098819
 31
0.0
100
AcDbText
  0
TEXT
  5
51E
330
17
100
AcDbEntity
  8
COL-LABEL
100
AcDbText
 10
7298.655630074103
 20
47589.383820988165
 30
0.0
 40
18.0
  1
C68
 11
7298.655630074103
 21
47589.383820988165
 31
0.0
100
AcDbText
  0
TEXT
  5
51F
330
17
100
AcDbEntity
  8
COL-LABEL
100
AcDbText
 10
7298.655630074103
 20
47915.37271949128
 30
0.0
 40
18.0
  1
C69
 11
7298.655630074103
 21
47915.37271949128
 31
0.0
100
AcDbText
  0
TEXT
  5
520
330
17
100
AcDbEntity
  8
COL-LABEL
100
AcDbText
 10
7352.6556300738575
 20
46355.24299434153
 30
0.0
 40
18.0
  1
C61
 11
7352.6556300738575
 21
46355.24299434153
 31
0.0
100
AcDbText
  0
TEXT
  5
521
330
17
100
AcDbEntity
  8
COL-LABEL
100
AcDbText
 10
7352.6556300738575
 20
46881.279728916765
 30
0.0
 40
18.0
  1
C70
 11
7352.6556300738575
 21
46881.279728916765
 31
0.0
100
AcDbText
  0
TEXT
  5
522
330
17
100
AcDbEntity
  8
COL-LABEL
100
AcDbText
 10
7619.0518896191425
 20
46355.24299434153
 30
0.0
 40
18.0
  1
C62
 11
7619.0518896191425
 21
46355.24299434153
 31
0.0
100
AcDbText
  0
TEXT
  5
523
330
17
100
AcDbEntity
  8
COL-LABEL
100
AcDbText
 10
7618.655630073859
 20
46881.279728916765
 30
0.0
 40
18.0
  1
C71
 11
7618.655630073859
 21
46881.279728916765
 31
0.0
100
AcDbText
  0
TEXT
  5
524
330
17
100
AcDbEntity
  8
COL-LABEL
100
AcDbText
 10
7618.655630074114
 20
47217.38382098819
 30
0.0
 40
18.0
  1
C72
 11
7618.655630074114
 21
47217.38382098819
 31
0.0
100
AcDbText
  0
TEXT
  5
525
330
17
100
AcDbEntity
  8
COL-LABEL
100
AcDbText
 10
7618.655630074101
 20
47589.383820988165
 30
0.0
 40
18.0
  1
C73
 11
7618.655630074101
 21
47589.383820988165
 31
0.0
100
AcDbText
  0
TEXT
  5
526
330
17
100
AcDbEntity
  8
COL-LABEL
100
AcDbText
 10
7618.655630074089
 20
47913.49771949128
 30
0.0
 40
18.0
  1
C74
 11
7618.655630074089
 21
47913.49771949128
 31
0.0
100
AcDbText
  0
TEXT
  5
527
330
17
100
AcDbEntity
  8
COL-LABEL
100
AcDbText
 10
7640.655630074109
 20
47373.383820988165
 30
0.0
 40
18.0
  1
C75
 11
7640.655630074109
 21
47373.383820988165
 31
0.0
100
AcDbText
  0
TEXT
  5
528
330
17
100
AcDbEntity
  8
COL-LABEL
100
AcDbText
 10
7757.532123636569
 20
46355.24299434153
 30
0.0
 40
18.0
  1
C76
 11
7757.532123636569
 21
46355.24299434153
 31
0.0
100
AcDbText
  0
TEXT
  5
529
330
17
100
AcDbEntity
  8
COL-LABEL
100
AcDbText
 10
7937.952641647731
 20
46881.279728916765
 30
0.0
 40
18.0
  1
C77
 11
7937.952641647731
 21
46881.279728916765
 31
0.0
100
AcDbText
  0
TEXT
  5
52A
330
17
100
AcDbEntity
  8
COL-LABEL
100
AcDbText
 10
7937.952641647986
 20
47217.38382098819
 30
0.0
 40
18.0
  1
C78
 11
7937.952641647986
 21
47217.38382098819
 31
0.0
100
AcDbText
  0
TEXT
  5
52B
330
17
100
AcDbEntity
  8
COL-LABEL
100
AcDbText
 10
7937.952641647973
 20
47589.383820988165
 30
0.0
 40
18.0
  1
C79
 11
7937.952641647973
 21
47589.383820988165
 31
0.0
100
AcDbText
  0
TEXT
  5
52C
330
17
100
AcDbEntity
  8
COL-LABEL
100
AcDbText
 10
7937.95264164796
 20
47913.49771949128
 30
0.0
 40
18.0
  1
C80
 11
7937.95264164796
 21
47913.49771949128
 31
0.0
100
AcDbText
  0
TEXT
  5
52D
330
17
100
AcDbEntity
  8
COL-LABEL
100
AcDbText
 10
7959.95264164798
 20
47373.383820988165
 30
0.0
 40
18.0
  1
C81
 11
7959.95264164798
 21
47373.383820988165
 31
0.0
100
AcDbText
  0
TEXT
  5
52E
330
17
100
AcDbEntity
  8
COL-LABEL
100
AcDbText
 10
8032.530572205405
 20
46355.24299434153
 30
0.0
 40
18.0
  1
C82
 11
8032.530572205405
 21
46355.24299434153
 31
0.0
100
AcDbText
  0
TEXT
  5
52F
330
17
100
AcDbEntity
  8
COL-LABEL
100
AcDbText
 10
8257.249653221601
 20
46881.27972891676
 30
0.0
 40
18.0
  1
C83
 11
8257.249653221601
 21
46881.27972891676
 31
0.0
100
AcDbText
  0
TEXT
  5
530
330
17
100
AcDbEntity
  8
COL-LABEL
100
AcDbText
 10
8257.249653221856
 20
47217.38382098818
 30
0.0
 40
18.0
  1
C84
 11
8257.249653221856
 21
47217.38382098818
 31
0.0
100
AcDbText
  0
TEXT
  5
531
330
17
100
AcDbEntity
  8
COL-LABEL
100
AcDbText
 10
8268.24965322185
 20
47373.383820988165
 30
0.0
 40
18.0
  1
C85
 11
8268.24965322185
 21
47373.383820988165
 31
0.0
100
AcDbText
  0
TEXT
  5
532
330
17
100
AcDbEntity
  8
COL-LABEL
100
AcDbText
 10
8257.249653221843
 20
47589.383820988165
 30
0.0
 40
18.0
  1
C86
 11
8257.249653221843
 21
47589.383820988165
 31
0.0
100
AcDbText
  0
TEXT
  5
533
330
17
100
AcDbEntity
  8
COL-LABEL
100
AcDbText
 10
8257.24965322183
 20
47913.49771949128
 30
0.0
 40
18.0
  1
C87
 11
8257.24965322183
 21
47913.49771949128
 31
0.0
100
AcDbText
  0
TEXT
  5
534
330
17
100
AcDbEntity
  8
COL-LABEL
100
AcDbText
 10
8358.605060956053
 20
46355.24299434153
 30
0.0
 40
18.0
  1
C88
 11
8358.605060956053
 21
46355.24299434153
 31
0.0
100
AcDbText
  0
TEXT
  5
535
330
17
100
AcDbEntity
  8
COL-LABEL
100
AcDbText
 10
8492.603652780326
 20
47373.383820988165
 30
0.0
 40
18.0
  1
C89
 11
8492.603652780326
 21
47373.383820988165
 31
0.0
100
AcDbText
  0
TEXT
  5
536
330
17
100
AcDbEntity
  8
COL-LABEL
100
AcDbText
 10
8576.922247337516
 20
47217.38382098819
 30
0.0
 40
18.0
  1
C90
 11
8576.922247337516
 21
47217.38382098819
 31
0.0
100
AcDbText
  0
TEXT
  5
537
330
17
100
AcDbEntity
  8
COL-LABEL
100
AcDbText
 10
8576.922247337501
 20
47589.38382098816
 30
0.0
 40
18.0
  1
C91
 11
8576.922247337501
 21
47589.38382098816
 31
0.0
100
AcDbText
  0
TEXT
  5
538
330
17
100
AcDbEntity
  8
COL-LABEL
100
AcDbText
 10
8576.922247337488
 20
47913.49771949128
 30
0.0
 40
18.0
  1
C92
 11
8576.922247337488
 21
47913.49771949128
 31
0.0
100
AcDbText
  0
TEXT
  5
539
330
17
100
AcDbEntity
  8
COL-LABEL
100
AcDbText
 10
8583.779690389409
 20
46881.27972891676
 30
0.0
 40
18.0
  1
C93
 11
8583.779690389409
 21
46881.27972891676
 31
0.0
100
AcDbText
  0
TEXT
  5
53A
330
17
100
AcDbEntity
  8
COL-LABEL
100
AcDbText
 10
8633.60350952489
 20
46355.24299434153
 30
0.0
 40
18.0
  1
C94
 11
8633.60350952489
 21
46355.24299434153
 31
0.0
100
AcDbText
  0
TEXT
  5
53B
330
17
100
AcDbEntity
  8
COL-LABEL
100
AcDbText
 10
8772.083743542318
 20
46355.24299434153
 30
0.0
 40
18.0
  1
C106
 11
8772.083743542318
 21
46355.24299434153
 31
0.0
100
AcDbText
  0
TEXT
  5
53C
330
17
100
AcDbEntity
  8
COL-LABEL
100
AcDbText
 10
8974.091529151396
 20
46881.27972891677
 30
0.0
 40
18.0
  1
C95
 11
8974.091529151396
 21
46881.27972891677
 31
0.0
100
AcDbText
  0
TEXT
  5
53D
330
17
100
AcDbEntity
  8
COL-LABEL
100
AcDbText
 10
8974.922247337514
 20
47217.38382098818
 30
0.0
 40
18.0
  1
C96
 11
8974.922247337514
 21
47217.38382098818
 31
0.0
100
AcDbText
  0
TEXT
  5
53E
330
17
100
AcDbEntity
  8
COL-LABEL
100
AcDbText
 10
8987.679193266264
 20
47373.38382098817
 30
0.0
 40
18.0
  1
C97
 11
8987.679193266264
 21
47373.38382098817
 31
0.0
100
AcDbText
  0
TEXT
  5
53F
330
17
100
AcDbEntity
  8
COL-LABEL
100
AcDbText
 10
8998.594841453161
 20
47589.38382098816
 30
0.0
 40
18.0
  1
C98
 11
8998.594841453161
 21
47589.38382098816
 31
0.0
100
AcDbText
  0
TEXT
  5
540
330
17
100
AcDbEntity
  8
COL-LABEL
100
AcDbText
 10
8998.594841453149
 20
47913.49771949128
 30
0.0
 40
18.0
  1
C99
 11
8998.594841453149
 21
47913.49771949128
 31
0.0
100
AcDbText
  0
TEXT
  5
541
330
17
100
AcDbEntity
  8
COL-LABEL
100
AcDbText
 10
9044.254345581388
 20
46355.242994341526
 30
0.0
 40
18.0
  1
C100
 11
9044.254345581388
 21
46355.242994341526
 31
0.0
100
AcDbText
  0
TEXT
  5
542
330
17
100
AcDbEntity
  8
COL-LABEL
100
AcDbText
 10
9192.091529151396
 20
46881.27972891677
 30
0.0
 40
18.0
  1
C101
 11
9192.091529151396
 21
46881.27972891677
 31
0.0
100
AcDbText
  0
TEXT
  5
543
330
17
100
AcDbEntity
  8
COL-LABEL
100
AcDbText
 10
9204.18995906355
 20
46355.24299434153
 30
0.0
 40
18.0
  1
C107
 11
9204.18995906355
 21
46355.24299434153
 31
0.0
100
AcDbText
  0
TEXT
  5
544
330
17
100
AcDbEntity
  8
COL-LABEL
100
AcDbText
 10
9204.189959063551
 20
46661.6470970585
 30
0.0
 40
18.0
  1
C108
 11
9204.189959063551
 21
46661.6470970585
 31
0.0
100
AcDbText
  0
TEXT
  5
545
330
17
100
AcDbEntity
  8
COL-LABEL
100
AcDbText
 10
9280.070089865283
 20
47119.95683309808
 30
0.0
 40
18.0
  1
C102
 11
9280.070089865283
 21
47119.95683309808
 31
0.0
100
AcDbText
  0
TEXT
  5
546
330
17
100
AcDbEntity
  8
COL-LABEL
100
AcDbText
 10
9319.679193266249
 20
47913.49771949129
 30
0.0
 40
18.0
  1
C103
 11
9319.679193266249
 21
47913.49771949129
 31
0.0
100
AcDbText
  0
TEXT
  5
547
330
17
100
AcDbEntity
  8
COL-LABEL
100
AcDbText
 10
9368.044358190242
 20
47427.62634428287
 30
0.0
 40
18.0
  1
C104
 11
9368.044358190242
 21
47427.62634428287
 31
0.0
100
AcDbText
  0
TEXT
  5
548
330
17
100
AcDbEntity
  8
COL-LABEL
100
AcDbText
 10
9407.356779438647
 20
47657.39530207552
 30
0.0
 40
18.0
  1
C105
 11
9407.356779438647
 21
47657.39530207552
 31
0.0
100
AcDbText
  0
TEXT
  5
549
330
17
100
AcDbEntity
  8
FLOOR NUMBER
100
AcDbText
 10
6383.38151355258
 20
47189.37934851878
 30
0.0
 40
18.0
  1
10
 11
6383.38151355258
 21
47189.37934851878
 31
0.0
100
AcDbText
  0
POINT
  5
54A
330
17
100
AcDbEntity
  8
DATUM
100
AcDbPoint
 10
6477.614917261071
 20
46864.847680299164
 30
0.0
  0
LWPOLYLINE
  5
54B
330
17
100
AcDbEntity
  8
COLS
100
AcDbPolyline
 90
4
 70
1
 10
5242.09862257163
 20
54667.34299240997
 10
5255.63167227534
 20
54663.75738706124
 10
5264.85180031494
 20
54698.556657727924
 10
5251.31875061123
 20
54702.14226307666
  0
LWPOLYLINE
  5
54C
330
17
100
AcDbEntity
  8
COLS
100
AcDbPolyline
 90
4
 70
1
 10
4951.703785907832
 20
54768.450154213104
 10
4964.932672198238
 20
54763.86795304822
 10
4976.715475193652
 20
54797.88508922355
 10
4963.486588903246
 20
54802.467290388435
  0
LWPOLYLINE
  5
54D
330
17
100
AcDbEntity
  8
COLS
100
AcDbPolyline
 90
4
 70
1
 10
5544.233514304762
 20
54610.39589201559
 10
5557.99563917436
 20
54607.82608286438
 10
5564.603719848894
 20
54643.21440395763
 10
5550.841594979296
 20
54645.78421310884
  0
LWPOLYLINE
  5
54E
330
17
100
AcDbEntity
  8
COLS
100
AcDbPolyline
 90
4
 70
1
 10
5846.406511051211
 20
54553.43518688275
 10
5860.321723822659
 20
54551.89672871781
 10
5864.27775910395
 20
54587.67870441582
 10
5850.3625463325025
 20
54589.21716258077
  0
LWPOLYLINE
  5
54F
330
17
100
AcDbEntity
  8
COLS
100
AcDbPolyline
 90
4
 70
1
 10
6300.659890818555
 20
54498.74299434154
 10
6314.659890818555
 20
54498.74299434154
 10
6314.659890818555
 20
54534.74299434154
 10
6300.659890818555
 20
54534.74299434154
  0
LWPOLYLINE
  5
550
330
17
100
AcDbEntity
  8
COLS
100
AcDbPolyline
 90
4
 70
1
 10
5868.797395131449
 20
54783.82748755971
 10
5882.712607902897
 20
54782.289029394764
 10
5886.668643184188
 20
54818.071005092774
 10
5872.75343041274
 20
54819.60946325772
  0
LWPOLYLINE
  5
551
330
17
100
AcDbEntity
  8
COLS
100
AcDbPolyline
 90
4
 70
1
 10
5300.791781788079
 20
54888.86693709738
 10
5314.324831491789
 20
54885.28133174865
 10
5323.544959531389
 20
54920.080602415335
 10
5310.011909827679
 20
54923.666207764065
  0
LWPOLYLINE
  5
552
330
17
100
AcDbEntity
  8
COLS
100
AcDbPolyline
 90
4
 70
1
 10
4661.3511378792155
 20
54869.56821185195
 10
4674.202580919895
 20
54864.01479742727
 10
4688.482789440486
 20
54897.06136524616
 10
4675.631346399807
 20
54902.61477967083
  0
LWPOLYLINE
  5
553
330
17
100
AcDbEntity
  8
COLS
100
AcDbPolyline
 90
4
 70
1
 10
4755.974395740115
 20
55080.820302729735
 10
4768.825838780795
 20
55075.266888305065
 10
4783.106047301386
 20
55108.31345612396
 10
4770.254604260706
 20
55113.86687054863
  0
LWPOLYLINE
  5
554
330
17
100
AcDbEntity
  8
COLS
100
AcDbPolyline
 90
4
 70
1
 10
4254.622920467198
 20
55073.48472909118
 10
4266.786268221931
 20
55066.552704033704
 10
4284.611475512582
 20
55097.82988397444
 10
4272.448127757849
 20
55104.76190903191
  0
LWPOLYLINE
  5
555
330
17
100
AcDbEntity
  8
COLS
100
AcDbPolyline
 90
4
 70
1
 10
4366.544654614849
 20
55276.05439121848
 10
4378.708002369582
 20
55269.122366161006
 10
4396.533209660232
 20
55300.39954610175
 10
4384.369861905499
 20
55307.33157115922
  0
LWPOLYLINE
  5
556
330
17
100
AcDbEntity
  8
COLS
100
AcDbPolyline
 90
4
 70
1
 10
3999.8049298947717
 20
55245.58686071343
 10
4011.419016372418
 20
55237.769380602185
 10
4031.521108087052
 20
55267.63417440185
 10
4019.907021609406
 20
55275.4516545131
  0
LWPOLYLINE
  5
557
330
17
100
AcDbEntity
  8
COLS
100
AcDbPolyline
 90
4
 70
1
 10
4147.50754440598
 20
55420.25068063843
 10
4155.325024517228
 20
55431.86476711608
 10
4125.460230717563
 20
55451.96685883072
 10
4117.6427506063155
 20
55440.352772353064
  0
LWPOLYLINE
  5
558
330
17
100
AcDbEntity
  8
COLS
100
AcDbPolyline
 90
4
 70
1
 10
6300.659890818555
 20
54681.8575629231
 10
6314.659890818555
 20
54681.8575629231
 10
6314.659890818555
 20
54717.8575629231
 10
6300.659890818555
 20
54717.8575629231
  0
LWPOLYLINE
  5
559
330
17
100
AcDbEntity
  8
COLS
100
AcDbPolyline
 90
4
 70
1
 10
5610.531345219724
 20
54829.3079556039
 10
5613.100492719508
 20
54843.07020400757
 10
5577.71185396721
 20
54849.67658329273
 10
5575.142706467426
 20
54835.91433488906
  0
LWPOLYLINE
  5
55A
330
17
100
AcDbEntity
  8
COLS
100
AcDbPolyline
 90
4
 70
1
 10
5049.746655166928
 20
54975.11894383432
 10
5054.328856331813
 20
54988.34783012473
 10
5020.311720156478
 20
55000.13063312014
 10
5015.729518991593
 20
54986.90174682974
  0
LWPOLYLINE
  5
55B
330
17
100
AcDbEntity
  8
COLS
100
AcDbPolyline
 90
4
 70
1
 10
4394.188485356395
 20
55854.472699861035
 10
4405.772990899235
 20
55846.61145114802
 10
4425.987630446993
 20
55876.400179686745
 10
4414.403124904153
 20
55884.26142839976
  0
LWPOLYLINE
  5
55C
330
17
100
AcDbEntity
  8
COLS
100
AcDbPolyline
 90
4
 70
1
 10
4925.953905988257
 20
55555.16097522618
 10
4938.7492788433865
 20
55549.479564002
 10
4953.358621991274
 20
55582.38195134376
 10
4940.563249136145
 20
55588.06336256794
  0
LWPOLYLINE
  5
55D
330
17
100
AcDbEntity
  8
COLS
100
AcDbPolyline
 90
4
 70
1
 10
5380.8756102584175
 20
55455.62437139377
 10
5394.333089107708
 20
55451.76480366916
 10
5404.257691828143
 20
55486.36974928162
 10
5390.800212978853
 20
55490.22931700624
  0
LWPOLYLINE
  5
55E
330
17
100
AcDbEntity
  8
COLS
100
AcDbPolyline
 90
4
 70
1
 10
5964.354367305896
 20
55342.0725409274
 10
5978.283088485645
 20
55340.661609923845
 10
5981.911196780511
 20
55376.47832152892
 10
5967.982475600762
 20
55377.88925253248
  0
LWPOLYLINE
  5
55F
330
17
100
AcDbEntity
  8
COLS
100
AcDbPolyline
 90
4
 70
1
 10
6755.592922714151
 20
54498.74299434153
 10
6769.592922714151
 20
54498.74299434153
 10
6769.592922714151
 20
54534.74299434153
 10
6755.592922714151
 20
54534.74299434153
  0
LWPOLYLINE
  5
560
330
17
100
AcDbEntity
  8
COLS
100
AcDbPolyline
 90
4
 70
1
 10
6755.592922714151
 20
54862.29506292306
 10
6769.592922714151
 20
54862.29506292306
 10
6769.592922714151
 20
54898.29506292306
 10
6755.592922714151
 20
54898.29506292306
  0
LWPOLYLINE
  5
561
330
17
100
AcDbEntity
  8
COLS
100
AcDbPolyline
 90
4
 70
1
 10
7014.155630073856
 20
54498.74299434153
 10
7028.155630073856
 20
54498.74299434153
 10
7028.155630073856
 20
54534.74299434153
 10
7014.155630073856
 20
54534.74299434153
  0
LWPOLYLINE
  5
562
330
17
100
AcDbEntity
  8
COLS
100
AcDbPolyline
 90
4
 70
1
 10
4236.998094526063
 20
55622.82795805992
 10
4248.5825432607435
 20
55614.966625633824
 10
4268.797398070705
 20
55644.75520809443
 10
4257.212949336024
 20
55652.616540520525
  0
LWPOLYLINE
  5
563
330
17
100
AcDbEntity
  8
COLS
100
AcDbPolyline
 90
4
 70
1
 10
4808.635630886256
 20
55302.95584236189
 10
4821.431003741385
 20
55297.27443113771
 10
4836.040346889273
 20
55330.17681847947
 10
4823.2449740341435
 20
55335.85822970365
  0
LWPOLYLINE
  5
564
330
17
100
AcDbEntity
  8
COLS
100
AcDbPolyline
 90
4
 70
1
 10
5286.941295584134
 20
55128.09570933925
 10
5300.3987744334245
 20
55124.23614161464
 10
5310.32337715386
 20
55158.8410872271
 10
5296.86589830457
 20
55162.70065495172
  0
LWPOLYLINE
  5
565
330
17
100
AcDbEntity
  8
COLS
100
AcDbPolyline
 90
4
 70
1
 10
5935.6521368293
 20
55058.72391187544
 10
5949.580858009049
 20
55057.31298087188
 10
5953.208966303915
 20
55093.12969247695
 10
5939.280245124166
 20
55094.540623480505
  0
LWPOLYLINE
  5
566
330
17
100
AcDbEntity
  8
COLS
100
AcDbPolyline
 90
4
 70
1
 10
6234.6017087207765
 20
55514.098399858034
 10
6220.6017087207765
 20
55514.098399858034
 10
6220.6017087207765
 20
55478.098399858034
 10
6234.6017087207765
 20
55478.098399858034
  0
LWPOLYLINE
  5
567
330
17
100
AcDbEntity
  8
COLS
100
AcDbPolyline
 90
4
 70
1
 10
6150.851708720775
 20
55714.77971402057
 10
6136.851708720775
 20
55714.77971402057
 10
6136.851708720775
 20
55678.77971402057
 10
6150.851708720775
 20
55678.77971402057
  0
LWPOLYLINE
  5
568
330
17
100
AcDbEntity
  8
COLS
100
AcDbPolyline
 90
4
 70
1
 10
6658.910516397509
 20
55871.08413254484
 10
6658.910516397509
 20
55885.08413254484
 10
6622.910516397509
 20
55885.08413254484
 10
6622.910516397509
 20
55871.08413254484
  0
LWPOLYLINE
  5
569
330
17
100
AcDbEntity
  8
COLS
100
AcDbPolyline
 90
4
 70
1
 10
6150.851708720775
 20
55885.08413254485
 10
6136.851708720775
 20
55885.08413254485
 10
6136.851708720775
 20
55849.08413254485
 10
6150.851708720775
 20
55849.08413254485
  0
LWPOLYLINE
  5
56A
330
17
100
AcDbEntity
  8
COLS
100
AcDbPolyline
 90
4
 70
1
 10
3363.906247666515
 20
55929.5036442621
 10
3363.906247666515
 20
55915.5036442621
 10
3399.906247666515
 20
55915.5036442621
 10
3399.906247666515
 20
55929.5036442621
  0
LWPOLYLINE
  5
56B
330
17
100
AcDbEntity
  8
COLS
100
AcDbPolyline
 90
4
 70
1
 10
8753.583743542318
 20
54498.74299434153
 10
8767.583743542318
 20
54498.74299434153
 10
8767.583743542318
 20
54534.74299434153
 10
8753.583743542318
 20
54534.74299434153
  0
LWPOLYLINE
  5
56C
330
17
100
AcDbEntity
  8
COLS
100
AcDbPolyline
 90
4
 70
1
 10
8014.030572205405
 20
54498.74299434153
 10
8028.030572205405
 20
54498.74299434153
 10
8028.030572205405
 20
54534.74299434153
 10
8014.030572205405
 20
54534.74299434153
  0
LWPOLYLINE
  5
56D
330
17
100
AcDbEntity
  8
COLS
100
AcDbPolyline
 90
4
 70
1
 10
9185.68995906355
 20
54498.74299434153
 10
9199.68995906355
 20
54498.74299434153
 10
9199.68995906355
 20
54534.74299434153
 10
9185.68995906355
 20
54534.74299434153
  0
LWPOLYLINE
  5
56E
330
17
100
AcDbEntity
  8
COLS
100
AcDbPolyline
 90
4
 70
1
 10
9271.721215626065
 20
55276.09918679719
 10
9275.570089865283
 20
55289.559727911525
 10
9240.957269856994
 20
55299.45683309808
 10
9237.108395617775
 20
55285.99629198374
  0
LWPOLYLINE
  5
56F
330
17
100
AcDbEntity
  8
COLS
100
AcDbPolyline
 90
4
 70
1
 10
8955.591529151396
 20
55024.77972891677
 10
8969.591529151396
 20
55024.77972891677
 10
8969.591529151396
 20
55060.77972891677
 10
8955.591529151396
 20
55060.77972891677
  0
LWPOLYLINE
  5
570
330
17
100
AcDbEntity
  8
COLS
100
AcDbPolyline
 90
4
 70
1
 10
7919.452641647731
 20
55024.779728916765
 10
7933.452641647731
 20
55024.779728916765
 10
7933.452641647731
 20
55060.779728916765
 10
7919.452641647731
 20
55060.779728916765
  0
LWPOLYLINE
  5
571
330
17
100
AcDbEntity
  8
COLS
100
AcDbPolyline
 90
4
 70
1
 10
8238.749653221601
 20
55024.77972891676
 10
8252.749653221601
 20
55024.77972891676
 10
8252.749653221601
 20
55060.77972891676
 10
8238.749653221601
 20
55060.77972891676
  0
LWPOLYLINE
  5
572
330
17
100
AcDbEntity
  8
COLS
100
AcDbPolyline
 90
4
 70
1
 10
9359.695483951024
 20
55583.76869798198
 10
9363.544358190242
 20
55597.22923909631
 10
9328.931538181952
 20
55607.12634428287
 10
9325.082663942734
 20
55593.66580316854
  0
LWPOLYLINE
  5
573
330
17
100
AcDbEntity
  8
COLS
100
AcDbPolyline
 90
4
 70
1
 10
7919.452641647986
 20
55360.88382098819
 10
7933.452641647986
 20
55360.88382098819
 10
7933.452641647986
 20
55396.88382098819
 10
7919.452641647986
 20
55396.88382098819
  0
LWPOLYLINE
  5
574
330
17
100
AcDbEntity
  8
COLS
100
AcDbPolyline
 90
4
 70
1
 10
8238.749653221856
 20
55360.88382098818
 10
8252.749653221856
 20
55360.88382098818
 10
8252.749653221856
 20
55396.88382098818
 10
8238.749653221856
 20
55396.88382098818
  0
LWPOLYLINE
  5
575
330
17
100
AcDbEntity
  8
COLS
100
AcDbPolyline
 90
4
 70
1
 10
8558.422247337516
 20
55360.88382098819
 10
8572.422247337516
 20
55360.88382098819
 10
8572.422247337516
 20
55396.88382098819
 10
8558.422247337516
 20
55396.88382098819
  0
LWPOLYLINE
  5
576
330
17
100
AcDbEntity
  8
COLS
100
AcDbPolyline
 90
4
 70
1
 10
8956.422247337514
 20
55360.88382098818
 10
8970.422247337514
 20
55360.88382098818
 10
8970.422247337514
 20
55396.88382098818
 10
8956.422247337514
 20
55396.88382098818
  0
LWPOLYLINE
  5
577
330
17
100
AcDbEntity
  8
COLS
100
AcDbPolyline
 90
4
 70
1
 10
7919.452641647973
 20
55732.883820988165
 10
7933.452641647973
 20
55732.883820988165
 10
7933.452641647973
 20
55768.883820988165
 10
7919.452641647973
 20
55768.883820988165
  0
LWPOLYLINE
  5
578
330
17
100
AcDbEntity
  8
COLS
100
AcDbPolyline
 90
4
 70
1
 10
8238.749653221843
 20
55732.883820988165
 10
8252.749653221843
 20
55732.883820988165
 10
8252.749653221843
 20
55768.883820988165
 10
8238.749653221843
 20
55768.883820988165
  0
LWPOLYLINE
  5
579
330
17
100
AcDbEntity
  8
COLS
100
AcDbPolyline
 90
4
 70
1
 10
8558.422247337501
 20
55732.88382098816
 10
8572.422247337501
 20
55732.88382098816
 10
8572.422247337501
 20
55768.88382098816
 10
8558.422247337501
 20
55768.88382098816
  0
LWPOLYLINE
  5
57A
330
17
100
AcDbEntity
  8
COLS
100
AcDbPolyline
 90
4
 70
1
 10
8980.094841453161
 20
55732.88382098816
 10
8994.094841453161
 20
55732.88382098816
 10
8994.094841453161
 20
55768.88382098816
 10
8980.094841453161
 20
55768.88382098816
  0
LWPOLYLINE
  5
57B
330
17
100
AcDbEntity
  8
COLS
100
AcDbPolyline
 90
4
 70
1
 10
7919.45264164796
 20
56056.99771949128
 10
7933.45264164796
 20
56056.99771949128
 10
7933.45264164796
 20
56092.99771949128
 10
7919.45264164796
 20
56092.99771949128
  0
LWPOLYLINE
  5
57C
330
17
100
AcDbEntity
  8
COLS
100
AcDbPolyline
 90
4
 70
1
 10
8238.74965322183
 20
56056.99771949128
 10
8252.74965322183
 20
56056.99771949128
 10
8252.74965322183
 20
56092.99771949128
 10
8238.74965322183
 20
56092.99771949128
  0
LWPOLYLINE
  5
57D
330
17
100
AcDbEntity
  8
COLS
100
AcDbPolyline
 90
4
 70
1
 10
8558.422247337488
 20
56056.99771949128
 10
8572.422247337488
 20
56056.99771949128
 10
8572.422247337488
 20
56092.99771949128
 10
8558.422247337488
 20
56092.99771949128
  0
LWPOLYLINE
  5
57E
330
17
100
AcDbEntity
  8
COLS
100
AcDbPolyline
 90
4
 70
1
 10
8980.094841453149
 20
56056.99771949128
 10
8994.094841453149
 20
56056.99771949128
 10
8994.094841453149
 20
56092.99771949128
 10
8980.094841453149
 20
56092.99771949128
  0
LWPOLYLINE
  5
57F
330
17
100
AcDbEntity
  8
COLS
100
AcDbPolyline
 90
4
 70
1
 10
9301.179193266249
 20
56056.99771949129
 10
9315.179193266249
 20
56056.99771949129
 10
9315.179193266249
 20
56092.99771949129
 10
9301.179193266249
 20
56092.99771949129
  0
LWPOLYLINE
  5
580
330
17
100
AcDbEntity
  8
COLS
100
AcDbPolyline
 90
4
 70
1
 10
6991.28244602936
 20
55746.77259381443
 10
6991.28244602936
 20
55760.77259381443
 10
6955.28244602936
 20
55760.77259381443
 10
6955.28244602936
 20
55746.77259381443
  0
LWPOLYLINE
  5
581
330
17
100
AcDbEntity
  8
COLS
100
AcDbPolyline
 90
4
 70
1
 10
6991.28244602936
 20
55348.77259381443
 10
6991.28244602936
 20
55362.77259381443
 10
6955.28244602936
 20
55362.77259381443
 10
6955.28244602936
 20
55348.77259381443
  0
LWPOLYLINE
  5
582
330
17
100
AcDbEntity
  8
COLS
100
AcDbPolyline
 90
4
 70
1
 10
7600.155630073859
 20
55024.779728916765
 10
7614.155630073859
 20
55024.779728916765
 10
7614.155630073859
 20
55060.779728916765
 10
7600.155630073859
 20
55060.779728916765
  0
LWPOLYLINE
  5
583
330
17
100
AcDbEntity
  8
COLS
100
AcDbPolyline
 90
4
 70
1
 10
7600.155630074114
 20
55360.88382098819
 10
7614.155630074114
 20
55360.88382098819
 10
7614.155630074114
 20
55396.88382098819
 10
7600.155630074114
 20
55396.88382098819
  0
LWPOLYLINE
  5
584
330
17
100
AcDbEntity
  8
COLS
100
AcDbPolyline
 90
4
 70
1
 10
7600.155630074101
 20
55732.883820988165
 10
7614.155630074101
 20
55732.883820988165
 10
7614.155630074101
 20
55768.883820988165
 10
7600.155630074101
 20
55768.883820988165
  0
LWPOLYLINE
  5
585
330
17
100
AcDbEntity
  8
COLS
100
AcDbPolyline
 90
4
 70
1
 10
7600.155630074089
 20
56056.99771949128
 10
7614.155630074089
 20
56056.99771949128
 10
7614.155630074089
 20
56092.99771949128
 10
7600.155630074089
 20
56092.99771949128
  0
LWPOLYLINE
  5
586
330
17
100
AcDbEntity
  8
COLS
100
AcDbPolyline
 90
4
 70
1
 10
7348.1556300738575
 20
55060.779728916765
 10
7334.1556300738575
 20
55060.779728916765
 10
7334.1556300738575
 20
55024.779728916765
 10
7348.1556300738575
 20
55024.779728916765
  0
LWPOLYLINE
  5
587
330
17
100
AcDbEntity
  8
COLS
100
AcDbPolyline
 90
4
 70
1
 10
7280.155630074114
 20
55360.88382098819
 10
7294.155630074114
 20
55360.88382098819
 10
7294.155630074114
 20
55396.88382098819
 10
7280.155630074114
 20
55396.88382098819
  0
LWPOLYLINE
  5
588
330
17
100
AcDbEntity
  8
COLS
100
AcDbPolyline
 90
4
 70
1
 10
7280.155630074103
 20
55732.883820988165
 10
7294.155630074103
 20
55732.883820988165
 10
7294.155630074103
 20
55768.883820988165
 10
7280.155630074103
 20
55768.883820988165
  0
LWPOLYLINE
  5
589
330
17
100
AcDbEntity
  8
COLS
100
AcDbPolyline
 90
4
 70
1
 10
7280.155630074103
 20
56058.87271949128
 10
7294.155630074103
 20
56058.87271949128
 10
7294.155630074103
 20
56094.87271949128
 10
7280.155630074103
 20
56094.87271949128
  0
LWPOLYLINE
  5
58A
330
17
100
AcDbEntity
  8
COLS
100
AcDbPolyline
 90
4
 70
1
 10
6991.28244602936
 20
56066.77259381443
 10
6991.28244602936
 20
56080.77259381443
 10
6955.28244602936
 20
56080.77259381443
 10
6955.28244602936
 20
56066.77259381443
  0
LWPOLYLINE
  5
58B
330
17
100
AcDbEntity
  8
COLS
100
AcDbPolyline
 90
4
 70
1
 10
7028.155630073859
 20
55060.779728916765
 10
7014.155630073859
 20
55060.779728916765
 10
7014.155630073859
 20
55024.779728916765
 10
7028.155630073859
 20
55024.779728916765
  0
LWPOLYLINE
  5
58C
330
17
100
AcDbEntity
  8
COLS
100
AcDbPolyline
 90
4
 70
1
 10
3590.1601778658787
 20
55537.229732985055
 10
3601.160668220813
 20
55528.57010181792
 10
3623.4282912220388
 20
55556.85707701632
 10
3612.4278008671045
 20
55565.516708183466
  0
LWPOLYLINE
  5
58D
330
17
100
AcDbEntity
  8
COLS
100
AcDbPolyline
 90
4
 70
1
 10
3754.0358172797733
 20
55717.44074283576
 10
3762.695448446919
 20
55728.44123319069
 10
3743.837464981314
 20
55743.28631519151
 10
3735.1778338141685
 20
55732.285824836574
  0
LWPOLYLINE
  5
58E
330
17
100
AcDbEntity
  8
COLS
100
AcDbPolyline
 90
4
 70
1
 10
3599.8624151931454
 20
55796.24726232186
 10
3613.8624151931454
 20
55796.24726232186
 10
3613.8624151931454
 20
55820.24726232186
 10
3599.8624151931454
 20
55820.24726232186
  0
LWPOLYLINE
  5
58F
330
17
100
AcDbEntity
  8
COLS
100
AcDbPolyline
 90
4
 70
1
 10
3735.173012876472
 20
55915.5036442621
 10
3735.173012876472
 20
55929.5036442621
 10
3711.173012876472
 20
55929.5036442621
 10
3711.173012876472
 20
55915.5036442621
  0
LWPOLYLINE
  5
590
330
17
100
AcDbEntity
  8
COLS
100
AcDbPolyline
 90
4
 70
1
 10
6316.131905428732
 20
55331.61822726702
 10
6330.131905428732
 20
55331.61822726702
 10
6330.131905428732
 20
55355.61822726702
 10
6316.131905428732
 20
55355.61822726702
  0
LWPOLYLINE
  5
591
330
17
100
AcDbEntity
  8
COLS
100
AcDbPolyline
 90
4
 70
1
 10
6429.479629149901
 20
55183.38873648416
 10
6429.479629149901
 20
55197.38873648416
 10
6405.479629149901
 20
55197.38873648416
 10
6405.479629149901
 20
55183.38873648416
  0
LWPOLYLINE
  5
592
330
17
100
AcDbEntity
  8
COLS
100
AcDbPolyline
 90
4
 70
1
 10
6304.94699674527
 20
55232.38873648415
 10
6304.94699674527
 20
55246.38873648415
 10
6280.94699674527
 20
55246.38873648415
 10
6280.94699674527
 20
55232.38873648415
  0
LWPOLYLINE
  5
593
330
17
100
AcDbEntity
  8
COLS
100
AcDbPolyline
 90
4
 70
1
 10
6199.789125760108
 20
55340.33640164323
 10
6201.200056763668
 20
55354.26512282298
 10
6177.3222490269545
 20
55356.68386168622
 10
6175.911318023394
 20
55342.75514050647
  0
LWPOLYLINE
  5
594
330
17
100
AcDbEntity
  8
COLS
100
AcDbPolyline
 90
4
 70
1
 10
6397.71863552725
 20
55872.58413254484
 10
6397.71863552725
 20
55886.58413254484
 10
6373.71863552725
 20
55886.58413254484
 10
6373.71863552725
 20
55872.58413254484
  0
LWPOLYLINE
  5
595
330
17
100
AcDbEntity
  8
COLS
100
AcDbPolyline
 90
4
 70
1
 10
6769.28244602936
 20
55872.58413254484
 10
6769.28244602936
 20
55886.58413254484
 10
6745.28244602936
 20
55886.58413254484
 10
6745.28244602936
 20
55872.58413254484
  0
LWPOLYLINE
  5
596
330
17
100
AcDbEntity
  8
COLS
100
AcDbPolyline
 90
4
 70
1
 10
6770.28244602936
 20
55682.0466784523
 10
6756.28244602936
 20
55682.0466784523
 10
6756.28244602936
 20
55658.0466784523
 10
6770.28244602936
 20
55658.0466784523
  0
LWPOLYLINE
  5
597
330
17
100
AcDbEntity
  8
COLS
100
AcDbPolyline
 90
4
 70
1
 10
6267.94699674527
 20
54983.46180768932
 10
6267.94699674527
 20
54997.46180768932
 10
6243.94699674527
 20
54997.46180768932
 10
6243.94699674527
 20
54983.46180768932
  0
LWPOLYLINE
  5
598
330
17
100
AcDbEntity
  8
COLS
100
AcDbPolyline
 90
4
 70
1
 10
6644.468782954436
 20
54689.68946982296
 10
6644.468782954436
 20
54703.68946982296
 10
6620.468782954436
 20
54703.68946982296
 10
6620.468782954436
 20
54689.68946982296
  0
LWPOLYLINE
  5
599
330
17
100
AcDbEntity
  8
COLS
100
AcDbPolyline
 90
4
 70
1
 10
6643.218352833956
 20
54498.74299434154
 10
6643.218352833956
 20
54512.74299434154
 10
6619.218352833956
 20
54512.74299434154
 10
6619.218352833956
 20
54498.74299434154
  0
LWPOLYLINE
  5
59A
330
17
100
AcDbEntity
  8
COLS
100
AcDbPolyline
 90
4
 70
1
 10
6446.0348908203905
 20
54498.74299434153
 10
6446.0348908203905
 20
54512.74299434153
 10
6422.0348908203905
 20
54512.74299434153
 10
6422.0348908203905
 20
54498.74299434153
  0
LWPOLYLINE
  5
59B
330
17
100
AcDbEntity
  8
COLS
100
AcDbPolyline
 90
4
 70
1
 10
6017.680210406836
 20
54712.91194853143
 10
6018.453570893458
 20
54726.89057198146
 10
5994.490216407694
 20
54728.21633281567
 10
5993.716855921071
 20
54714.23770936564
  0
LWPOLYLINE
  5
59C
330
17
100
AcDbEntity
  8
COLS
100
AcDbPolyline
 90
4
 70
1
 10
4625.216722623229
 20
55076.985598696585
 10
4631.468915722167
 20
55089.511974128196
 10
4609.995129267982
 20
55100.230019440656
 10
4603.742936169043
 20
55087.70364400905
  0
LWPOLYLINE
  5
59D
330
17
100
AcDbEntity
  8
COLS
100
AcDbPolyline
 90
4
 70
1
 10
4552.940692796421
 20
54950.93276062189
 10
4540.4143173648135
 20
54957.18495372082
 10
4529.69627205235
 20
54935.711167266636
 10
4542.222647483957
 20
54929.4589741677
  0
LWPOLYLINE
  5
59E
330
17
100
AcDbEntity
  8
COLS
100
AcDbPolyline
 90
4
 70
1
 10
4353.021064705448
 20
55915.50364426209
 10
4353.021064705448
 20
55929.50364426209
 10
4329.021064705448
 20
55929.50364426209
 10
4329.021064705448
 20
55915.50364426209
  0
LWPOLYLINE
  5
59F
330
17
100
AcDbEntity
  8
COLS
100
AcDbPolyline
 90
4
 70
1
 10
4821.794047725583
 20
55710.58649210822
 10
4816.9242666762875
 20
55699.619029660964
 10
4833.375460347168
 20
55692.31435808702
 10
4838.245241396464
 20
55703.28182053427
  0
LWPOLYLINE
  5
5A0
330
17
100
AcDbEntity
  8
COLS
100
AcDbPolyline
 90
4
 70
1
 10
5270.829871566519
 20
55530.4885166059
 10
5257.671876503144
 20
55535.270479164545
 10
5249.474226402621
 20
55512.71391619876
 10
5262.632221465996
 20
55507.93195364012
  0
LWPOLYLINE
  5
5A1
330
17
100
AcDbEntity
  8
COLS
100
AcDbPolyline
 90
4
 70
1
 10
5151.894317497576
 20
55203.22676703984
 10
5138.736322434201
 20
55208.008729598485
 10
5130.538672333678
 20
55185.4521666327
 10
5143.696667397053
 20
55180.67020407406
  0
LWPOLYLINE
  5
5A2
330
17
100
AcDbEntity
  8
COLS
100
AcDbPolyline
 90
4
 70
1
 10
7334.1556300738575
 20
54498.74299434153
 10
7348.1556300738575
 20
54498.74299434153
 10
7348.1556300738575
 20
54534.74299434153
 10
7334.1556300738575
 20
54534.74299434153
  0
LWPOLYLINE
  5
5A3
330
17
100
AcDbEntity
  8
COLS
100
AcDbPolyline
 90
4
 70
1
 10
7739.032123636569
 20
54498.74299434153
 10
7753.032123636569
 20
54498.74299434153
 10
7753.032123636569
 20
54534.74299434153
 10
7739.032123636569
 20
54534.74299434153
  0
LWPOLYLINE
  5
5A4
330
17
100
AcDbEntity
  8
COLS
100
AcDbPolyline
 90
4
 70
1
 10
8340.105060956053
 20
54498.74299434153
 10
8354.105060956053
 20
54498.74299434153
 10
8354.105060956053
 20
54534.74299434153
 10
8340.105060956053
 20
54534.74299434153
  0
LWPOLYLINE
  5
5A5
330
17
100
AcDbEntity
  8
COLS
100
AcDbPolyline
 90
4
 70
1
 10
8615.10350952489
 20
54498.74299434153
 10
8629.10350952489
 20
54498.74299434153
 10
8629.10350952489
 20
54534.74299434153
 10
8615.10350952489
 20
54534.74299434153
  0
LWPOLYLINE
  5
5A6
330
17
100
AcDbEntity
  8
COLS
100
AcDbPolyline
 90
4
 70
1
 10
9025.754345581388
 20
54498.742994341526
 10
9039.754345581388
 20
54498.742994341526
 10
9039.754345581388
 20
54534.742994341526
 10
9025.754345581388
 20
54534.742994341526
  0
LWPOLYLINE
  5
5A7
330
17
100
AcDbEntity
  8
COLS
100
AcDbPolyline
 90
4
 70
1
 10
9173.591529151396
 20
55024.77972891677
 10
9187.591529151396
 20
55024.77972891677
 10
9187.591529151396
 20
55060.77972891677
 10
9173.591529151396
 20
55060.77972891677
  0
LWPOLYLINE
  5
5A8
330
17
100
AcDbEntity
  8
COLS
100
AcDbPolyline
 90
4
 70
1
 10
9402.856779438647
 20
55822.89530207552
 10
9402.856779438647
 20
55836.89530207552
 10
9366.856779438647
 20
55836.89530207552
 10
9366.856779438647
 20
55822.89530207552
  0
LWPOLYLINE
  5
5A9
330
17
100
AcDbEntity
  8
COLS
100
AcDbPolyline
 90
4
 70
1
 10
8983.179193266264
 20
55538.88382098817
 10
8983.179193266264
 20
55552.88382098817
 10
8947.179193266264
 20
55552.88382098817
 10
8947.179193266264
 20
55538.88382098817
  0
LWPOLYLINE
  5
5AA
330
17
100
AcDbEntity
  8
COLS
100
AcDbPolyline
 90
4
 70
1
 10
7028.155630073867
 20
54855.77972891672
 10
7014.155630073867
 20
54855.77972891672
 10
7014.155630073867
 20
54819.77972891672
 10
7028.155630073867
 20
54819.77972891672
  0
LWPOLYLINE
  5
5AB
330
17
100
AcDbEntity
  8
COLS
100
AcDbPolyline
 90
4
 70
1
 10
7348.155630073867
 20
54855.779728916736
 10
7334.155630073867
 20
54855.779728916736
 10
7334.155630073867
 20
54819.779728916736
 10
7348.155630073867
 20
54819.779728916736
  0
LWPOLYLINE
  5
5AC
330
17
100
AcDbEntity
  8
COLS
100
AcDbPolyline
 90
4
 70
1
 10
7600.155630074132
 20
54819.77972891675
 10
7614.155630074132
 20
54819.77972891675
 10
7614.155630074132
 20
54855.77972891675
 10
7600.155630074132
 20
54855.77972891675
  0
LWPOLYLINE
  5
5AD
330
17
100
AcDbEntity
  8
COLS
100
AcDbPolyline
 90
4
 70
1
 10
8039.030572205407
 20
54830.779728916765
 10
8039.030572205407
 20
54844.779728916765
 10
8003.030572205407
 20
54844.779728916765
 10
8003.030572205407
 20
54830.779728916765
  0
LWPOLYLINE
  5
5AE
330
17
100
AcDbEntity
  8
COLS
100
AcDbPolyline
 90
4
 70
1
 10
8484.074264742892
 20
54830.779728916765
 10
8484.074264742892
 20
54844.779728916765
 10
8448.074264742892
 20
54844.779728916765
 10
8448.074264742892
 20
54830.779728916765
  0
LWPOLYLINE
  5
5AF
330
17
100
AcDbEntity
  8
COLS
100
AcDbPolyline
 90
4
 70
1
 10
8263.74965322185
 20
55538.883820988165
 10
8263.74965322185
 20
55552.883820988165
 10
8227.74965322185
 20
55552.883820988165
 10
8227.74965322185
 20
55538.883820988165
  0
LWPOLYLINE
  5
5B0
330
17
100
AcDbEntity
  8
COLS
100
AcDbPolyline
 90
4
 70
1
 10
7955.45264164798
 20
55538.883820988165
 10
7955.45264164798
 20
55552.883820988165
 10
7919.45264164798
 20
55552.883820988165
 10
7919.45264164798
 20
55538.883820988165
  0
LWPOLYLINE
  5
5B1
330
17
100
AcDbEntity
  8
COLS
100
AcDbPolyline
 90
4
 70
1
 10
8488.103652780326
 20
55538.883820988165
 10
8488.103652780326
 20
55552.883820988165
 10
8452.103652780326
 20
55552.883820988165
 10
8452.103652780326
 20
55538.883820988165
  0
LWPOLYLINE
  5
5B2
330
17
100
AcDbEntity
  8
COLS
100
AcDbPolyline
 90
4
 70
1
 10
6771.65744602936
 20
56234.01570269602
 10
6771.65744602936
 20
56248.01570269602
 10
6735.65744602936
 20
56248.01570269602
 10
6735.65744602936
 20
56234.01570269602
  0
LWPOLYLINE
  5
5B3
330
17
100
AcDbEntity
  8
COLS
100
AcDbPolyline
 90
4
 70
1
 10
6594.942891474548
 20
56234.01570269602
 10
6594.942891474548
 20
56248.01570269602
 10
6558.942891474548
 20
56248.01570269602
 10
6558.942891474548
 20
56234.01570269602
  0
LWPOLYLINE
  5
5B4
330
17
100
AcDbEntity
  8
COLS
100
AcDbPolyline
 90
4
 70
1
 10
8565.279690389409
 20
55024.77972891676
 10
8579.279690389409
 20
55024.77972891676
 10
8579.279690389409
 20
55060.77972891676
 10
8565.279690389409
 20
55060.77972891676
  0
LWPOLYLINE
  5
5B5
330
17
100
AcDbEntity
  8
COLS
100
AcDbPolyline
 90
4
 70
1
 10
6397.71863552725
 20
55675.71721402057
 10
6397.71863552725
 20
55689.71721402057
 10
6373.71863552725
 20
55689.71721402057
 10
6373.71863552725
 20
55675.71721402057
  0
LWPOLYLINE
  5
5B6
330
17
100
AcDbEntity
  8
COLS
100
AcDbPolyline
 90
4
 70
1
 10
5362.857263514232
 20
55285.60338515558
 10
5365.503491078029
 20
55299.351020577014
 10
5341.936116069859
 20
55303.88741068638
 10
5339.289888506062
 20
55290.13977526494
  0
LWPOLYLINE
  5
5B7
330
17
100
AcDbEntity
  8
COLS
100
AcDbPolyline
 90
4
 70
1
 10
6008.7000850878285
 20
54568.14812292241
 10
5994.721369396953
 20
54568.919814333305
 10
5993.398469835425
 20
54544.95630172037
 10
6007.3771855263
 20
54544.18461030948
  0
LWPOLYLINE
  5
5B8
330
17
100
AcDbEntity
  8
COLS
100
AcDbPolyline
 90
4
 70
1
 10
5184.589214102854
 20
55348.81537832511
 10
5179.807251544216
 20
55335.657383261736
 10
5202.363814510003
 20
55327.45973316121
 10
5207.145777068641
 20
55340.617728224584
  0
LWPOLYLINE
  5
5B9
330
17
100
AcDbEntity
  8
COLS
100
AcDbPolyline
 90
4
 70
1
 10
7636.155630074109
 20
55538.883820988165
 10
7636.155630074109
 20
55552.883820988165
 10
7600.155630074109
 20
55552.883820988165
 10
7600.155630074109
 20
55538.883820988165
  0
LWPOLYLINE
  5
5BA
330
17
100
AcDbEntity
  8
COLS
100
AcDbPolyline
 90
4
 70
1
 10
7600.5518896191425
 20
54498.74299434153
 10
7614.5518896191425
 20
54498.74299434153
 10
7614.5518896191425
 20
54534.74299434153
 10
7600.5518896191425
 20
54534.74299434153
  0
LWPOLYLINE
  5
5BB
330
17
100
AcDbEntity
  8
COLS
100
AcDbPolyline
 90
4
 70
1
 10
6533.265913838592
 20
55504.78589985805
 10
6519.265913838592
 20
55504.78589985805
 10
6519.265913838592
 20
55480.78589985805
 10
6533.265913838592
 20
55480.78589985805
  0
LWPOLYLINE
  5
5BC
330
17
100
AcDbEntity
  8
COLS
100
AcDbPolyline
 90
4
 70
1
 10
5597.1176917620305
 20
54817.46164657345
 10
5583.355443358358
 20
54820.03079407324
 10
5578.951190501584
 20
54796.43836823837
 10
5592.713438905257
 20
54793.86922073859
  0
LWPOLYLINE
  5
5BD
330
17
100
AcDbEntity
  8
COLS
100
AcDbPolyline
 90
4
 70
1
 10
5876.74938282712
 20
54780.67732113393
 10
5890.664595598568
 20
54779.13886296899
 10
5893.301952452764
 20
54802.99351343433
 10
5879.386739681317
 20
54804.531971599274
  0
LWPOLYLINE
  5
5BE
330
17
100
AcDbEntity
  8
COLS
100
AcDbPolyline
 90
4
 70
1
 10
9199.689959063551
 20
54841.1470970585
 10
9199.689959063551
 20
54805.1470970585
 10
9185.68995906355
 20
54805.1470970585
 10
9185.68995906355
 20
54841.1470970585
  0
LWPOLYLINE
  5
5BF
330
17
100
AcDbEntity
  8
WALL
100
AcDbPolyline
 90
5
 70
1
 10
5620.920340506775
 20
55066.8836558538
 10
5615.302296931262
 20
55067.964853372556
 10
5611.100536915084
 20
55068.773485851605
 10
5667.158704099686
 20
55360.059047040035
 10
5676.978507691378
 20
55358.16921704222
  0
LWPOLYLINE
  5
5C0
330
17
100
AcDbEntity
  8
WALL
100
AcDbPolyline
 90
4
 70
1
 10
4534.822672332732
 20
55459.92125378657
 10
4526.080838226317
 20
55464.777212647314
 10
4670.124450950043
 20
55724.086380499786
 10
4678.866267515128
 20
55719.23039006091
  0
LWPOLYLINE
  5
5C1
330
17
100
AcDbEntity
  8
WALL
100
AcDbPolyline
 90
5
 70
1
 10
4057.49669828516
 20
55817.12864426214
 10
4051.7636719312613
 20
55817.12864426214
 10
3869.4966982851565
 20
55817.12864426214
 10
3869.4966982851565
 20
55825.12864426214
 10
4057.49669828516
 20
55825.12864426214
  0
LWPOLYLINE
  5
5C2
330
17
100
AcDbEntity
  8
WALL
100
AcDbPolyline
 90
5
 70
1
 10
4101.49669828516
 20
55825.12864426214
 10
4101.49669828516
 20
55873.35682303422
 10
4101.49669828516
 20
55929.12864426214
 10
4109.496698285162
 20
55929.12864426214
 10
4109.496698285162
 20
55825.12864426214
  0
LWPOLYLINE
  5
5C3
330
17
100
AcDbEntity
  8
WALL
100
AcDbPolyline
 90
5
 70
1
 10
3921.49669828516
 20
55921.12864426214
 10
3921.49669828516
 20
55922.12864426214
 10
3921.49669828516
 20
55929.12864426214
 10
4101.49669828516
 20
55929.12864426214
 10
4101.49669828516
 20
55921.12864426214
  0
LWPOLYLINE
  5
5C4
330
17
100
AcDbEntity
  8
WALL
100
AcDbPolyline
 90
5
 70
1
 10
3869.4966982851565
 20
55825.12864426214
 10
3869.4966982851565
 20
55873.35682303422
 10
3869.4966982851565
 20
55921.12864426214
 10
3877.449401891463
 20
55921.12864426214
 10
3877.449401891463
 20
55825.12864426214
  0
LWPOLYLINE
  5
5C5
330
17
100
AcDbEntity
  8
WALL
100
AcDbPolyline
 90
6
 70
1
 10
6565.690718746573
 20
55082.711618511974
 10
6565.690718746573
 20
55082.727555720805
 10
6459.66709669933
 20
55082.727555720805
 10
6459.66709669933
 20
55090.711618511974
 10
6683.293927296709
 20
55090.711618511974
 10
6683.293927296709
 20
55082.727555720805
  0
LWPOLYLINE
  5
5C6
330
17
100
AcDbEntity
  8
WALL
100
AcDbPolyline
 90
4
 70
1
 10
6691.293927296709
 20
54993.71180768931
 10
6683.293927296709
 20
54993.71180768931
 10
6683.293927296709
 20
55140.74322726701
 10
6691.293927296709
 20
55140.74322726701
  0
LWPOLYLINE
  5
5C7
330
17
100
AcDbEntity
  8
WALL
100
AcDbPolyline
 90
6
 70
1
 10
6531.859421931264
 20
55186.74322726701
 10
6459.66709669933
 20
55186.74322726701
 10
6451.66709669933
 20
55186.74322726701
 10
6451.66709669933
 20
55194.74322726701
 10
6683.293927296709
 20
55194.74322726701
 10
6683.293927296709
 20
55186.74322726701
  0
LWPOLYLINE
  5
5C8
330
17
100
AcDbEntity
  8
WALL
100
AcDbPolyline
 90
5
 70
1
 10
6451.66709669933
 20
54993.71180768931
 10
6451.66709669933
 20
55006.55819803422
 10
6451.66709669933
 20
55186.74322726701
 10
6459.66709669933
 20
55186.74322726701
 10
6459.66709669933
 20
54993.71180768931
  0
LWPOLYLINE
  5
5C9
330
17
100
AcDbEntity
  8
WALL
100
AcDbPolyline
 90
5
 70
1
 10
6464.465515681262
 20
54985.71180768931
 10
6451.66709669933
 20
54985.71180768931
 10
6451.66709669933
 20
54993.71180768931
 10
6508.702529770197
 20
54993.71180768931
 10
6508.702529770197
 20
54985.71180768931
  0
LWPOLYLINE
  5
5CA
330
17
100
AcDbEntity
  8
WALL
100
AcDbPolyline
 90
5
 70
1
 10
6691.293927296709
 20
54985.71180768931
 10
6683.293927296709
 20
54985.71180768931
 10
6634.258494225842
 20
54985.71180768931
 10
6634.258494225842
 20
54993.71180768931
 10
6691.293927296709
 20
54993.71180768931
  0
LWPOLYLINE
  5
5CB
330
17
100
AcDbEntity
  8
WALL
100
AcDbPolyline
 90
5
 70
1
 10
6528.220029916671
 20
55676.296678452294
 10
6528.186587307739
 20
55676.296678452294
 10
6528.186587307739
 20
55684.296678452294
 10
6666.3125715595
 20
55684.296678452294
 10
6666.3125715595
 20
55676.296678452294
  0
LWPOLYLINE
  5
5CC
330
17
100
AcDbEntity
  8
WALL
100
AcDbPolyline
 90
4
 70
1
 10
6528.186587307739
 20
55776.30455246815
 10
6528.186587307739
 20
55784.30455246816
 10
6658.3125715595015
 20
55784.30455246816
 10
6658.3125715595015
 20
55776.30455246815
  0
LWPOLYLINE
  5
5CD
330
17
100
AcDbEntity
  8
WALL
100
AcDbPolyline
 90
5
 70
1
 10
6528.186587307739
 20
55684.296678452294
 10
6528.186587307739
 20
55715.75707303422
 10
6528.186587307739
 20
55776.30455246815
 10
6536.186587307737
 20
55776.30455246815
 10
6536.186587307737
 20
55684.29667845257
  0
LWPOLYLINE
  5
5CE
330
17
100
AcDbEntity
  8
WALL
100
AcDbPolyline
 90
5
 70
1
 10
8911.279690389425
 20
55541.30816607782
 10
8904.124921931265
 20
55541.30816607782
 10
8488.103652780317
 20
55541.30816607782
 10
8488.103652780317
 20
55552.88382098818
 10
8911.279690389425
 20
55552.88382098818
  0
LWPOLYLINE
  5
5CF
330
17
100
AcDbEntity
  8
WALL
100
AcDbPolyline
 90
4
 70
1
 10
7636.155630074098
 20
55541.30816607782
 10
7636.155630074098
 20
55552.88382098818
 10
7919.452641647969
 20
55552.88382098818
 10
7919.452641647969
 20
55541.30816607782
  0
LWPOLYLINE
  5
5D0
330
17
100
AcDbEntity
  8
WALL
100
AcDbPolyline
 90
4
 70
1
 10
7955.452641647969
 20
55541.30816607782
 10
7955.452641647969
 20
55552.88382098818
 10
8227.74965322184
 20
55552.88382098818
 10
8227.74965322184
 20
55541.30816607782
  0
LWPOLYLINE
  5
5D1
330
17
100
AcDbEntity
  8
WALL
100
AcDbPolyline
 90
5
 70
1
 10
8452.103652780317
 20
55541.30816607782
 10
8445.846359431263
 20
55541.30816607782
 10
8263.74965322184
 20
55541.30816607782
 10
8263.74965322184
 20
55552.88382098818
 10
8452.103652780317
 20
55552.88382098818
  0
LWPOLYLINE
  5
5D2
330
17
100
AcDbEntity
  8
WALL
100
AcDbPolyline
 90
6
 70
1
 10
8688.464421931263
 20
55060.77301029988
 10
8683.312776708988
 20
55060.77301029988
 10
8579.2796903894
 20
55060.77301029988
 10
8579.2796903894
 20
55068.77301029989
 10
8691.312776708988
 20
55068.77301029989
 10
8691.312776708988
 20
55060.77301029988
  0
LWPOLYLINE
  5
5D3
330
17
100
AcDbEntity
  8
WALL
100
AcDbPolyline
 90
5
 70
1
 10
8688.464421931263
 20
54844.77972891675
 10
8683.312776708988
 20
54844.77972891675
 10
8683.312776708988
 20
55014.77301029988
 10
8691.312776708988
 20
55014.77301029988
 10
8691.312776708988
 20
54844.77972891675
  0
LWPOLYLINE
  5
5D4
330
17
100
AcDbEntity
  8
WALL
100
AcDbPolyline
 90
5
 70
1
 10
8579.2796903894
 20
54911.16204775744
 10
8579.2796903894
 20
54927.75832303421
 10
8579.2796903894
 20
55060.77301029988
 10
8587.279690389398
 20
55060.77301029988
 10
8587.279690389398
 20
54911.16204775744
  0
LWPOLYLINE
  5
5D5
330
17
100
AcDbEntity
  8
WALL
100
AcDbPolyline
 90
5
 70
1
 10
8580.634171931264
 20
54836.77972891676
 10
8579.2796903894
 20
54836.77972891676
 10
8579.2796903894
 20
54844.77972891675
 10
8691.312776708988
 20
54844.77972891675
 10
8691.312776708988
 20
54836.77972891676
  0
LWPOLYLINE
  5
5D6
330
17
100
AcDbEntity
  8
WALL
100
AcDbPolyline
 90
5
 70
1
 10
8579.2796903894
 20
54940.77972891676
 10
8364.973671931262
 20
54940.77972891676
 10
8259.279690389356
 20
54940.77972891676
 10
8259.279690389356
 20
54948.77972891676
 10
8579.2796903894
 20
54948.77972891676
  0
LWPOLYLINE
  5
5D7
330
17
100
AcDbEntity
  8
WALL
100
AcDbPolyline
 90
9
 70
1
 10
8251.279690389356
 20
54844.03736077502
 10
8251.279690389356
 20
54875.22507303422
 10
8251.279690389356
 20
55024.77972891675
 10
8252.749653221594
 20
55024.77972891675
 10
8252.749653221594
 20
55060.77972891675
 10
8251.279690389356
 20
55060.77972891675
 10
8251.279690389356
 20
55068.77301029989
 10
8259.279690389356
 20
55068.77301029989
 10
8259.279690389356
 20
54844.03736077502
  0
LWPOLYLINE
  5
5D8
330
17
100
AcDbEntity
  8
WALL
100
AcDbPolyline
 90
5
 70
1
 10
9343.14604908056
 20
54834.77972891675
 10
9335.445921931263
 20
54834.77972891675
 10
9203.314959063544
 20
54834.77972891675
 10
9203.314959063544
 20
54844.77972891675
 10
9346.005424648396
 20
54844.77972891675
  0
LWPOLYLINE
  5
5D9
330
17
100
AcDbEntity
  8
WALL
100
AcDbPolyline
 90
4
 70
1
 10
9346.005424648396
 20
54844.77972891675
 10
9335.60465406935
 20
54844.77972891675
 10
9542.165510096638
 20
55567.17820762963
 10
9551.772145623418
 20
55564.40090526614
  0
LWPOLYLINE
  5
5DA
330
17
100
AcDbEntity
  8
WALL
100
AcDbPolyline
 90
4
 70
1
 10
9536.973234886613
 20
55568.67930738225
 10
9527.340473063738
 20
55571.464162923294
 10
9586.610113903698
 20
55852.70529770227
 10
9596.610113903695
 20
55851.663028757066
  0
LWPOLYLINE
  5
5DB
330
17
100
AcDbEntity
  8
WALL
100
AcDbPolyline
 90
4
 70
1
 10
9596.610113903698
 20
55851.66302875706
 10
9586.610113903698
 20
55852.70529770226
 10
9586.610113903698
 20
56038.770302075514
 10
9596.610113903698
 20
56038.770302075514
  0
LWPOLYLINE
  5
5DC
330
17
100
AcDbEntity
  8
WALL
100
AcDbPolyline
 90
4
 70
1
 10
9510.754187958872
 20
56041.145302075514
 10
9510.754187958872
 20
56048.770302075514
 10
9586.610113903698
 20
56048.770302075514
 10
9586.610113903698
 20
56041.145302075514
  0
LWPOLYLINE
  5
5DD
330
17
100
AcDbEntity
  8
WALL
100
AcDbPolyline
 90
4
 70
1
 10
9614.629187958873
 20
56048.770302075514
 10
9606.754187958875
 20
56048.770302075514
 10
9606.754187958875
 20
56163.99771949127
 10
9614.629187958873
 20
56163.99771949127
  0
LWPOLYLINE
  5
5DE
330
17
100
AcDbEntity
  8
WALL
100
AcDbPolyline
 90
6
 70
1
 10
9503.129187958872
 20
56272.99771949127
 10
9443.276171931262
 20
56272.99771949127
 10
7378.063971526732
 20
56272.997719491286
 10
7379.421016933751
 20
56282.997719491286
 10
9606.754187958875
 20
56282.99771949127
 10
9606.754187958875
 20
56272.99771949127
  0
LWPOLYLINE
  5
5DF
330
17
100
AcDbEntity
  8
WALL
100
AcDbPolyline
 90
5
 70
1
 10
7372.929121360341
 20
56160.79433532333
 10
7367.543859431264
 20
56161.52511005371
 10
7363.019940110995
 20
56162.13900144193
 10
7378.063971526732
 20
56272.997719491286
 10
7388.155630074103
 20
56272.997719491286
  0
LWPOLYLINE
  5
5E0
330
17
100
AcDbEntity
  8
WALL
100
AcDbPolyline
 90
5
 70
1
 10
7363.019940110995
 20
56162.13900144193
 10
7361.909419197318
 20
56162.28969803422
 10
6777.407446029354
 20
56241.60603909197
 10
6777.407446029354
 20
56251.69769020674
 10
7364.364660010775
 20
56172.04817539308
  0
LWPOLYLINE
  5
5E1
330
17
100
AcDbEntity
  8
WALL
100
AcDbPolyline
 90
4
 70
1
 10
9510.754187958872
 20
56163.99771949127
 10
9503.129187958872
 20
56163.99771949127
 10
9503.129187958872
 20
56272.99771949127
 10
9510.754187958872
 20
56272.99771949127
  0
LWPOLYLINE
  5
5E2
330
17
100
AcDbEntity
  8
WALL
100
AcDbPolyline
 90
5
 70
1
 10
9504.004187958872
 20
56094.770302075514
 10
9503.129187958872
 20
56094.770302075514
 10
9503.129187958872
 20
56163.99771949127
 10
9510.754187958872
 20
56163.99771949127
 10
9510.754187958872
 20
56094.770302075514
  0
LWPOLYLINE
  5
5E3
330
17
100
AcDbEntity
  8
WALL
100
AcDbPolyline
 90
7
 70
1
 10
8565.279690389398
 20
55060.77301029988
 10
8364.973671931262
 20
55060.77301029989
 10
8259.279690389356
 20
55060.77301029989
 10
8259.279690389356
 20
55068.77301029989
 10
8579.2796903894
 20
55068.77301029989
 10
8579.2796903894
 20
55060.77972891675
 10
8565.279690389398
 20
55060.77972891675
  0
LWPOLYLINE
  5
5E4
330
17
100
AcDbEntity
  8
WALL
100
AcDbPolyline
 90
5
 70
1
 10
9616.754187958875
 20
56038.770302075514
 10
9605.021546931264
 20
56038.770302075514
 10
9586.610113903698
 20
56038.770302075514
 10
9586.610113903698
 20
56048.770302075514
 10
9616.754187958875
 20
56048.770302075514
  0
LWPOLYLINE
  5
5E5
330
17
100
AcDbEntity
  8
WALL
100
AcDbPolyline
 90
5
 70
1
 10
7596.6831406812635
 20
55344.27972891675
 10
7592.2806300740995
 20
55344.27972891675
 10
7592.2806300740995
 20
55540.88382098818
 10
7599.905630074098
 20
55540.88382098818
 10
7599.904554290013
 20
55344.30746708765
  0
LWPOLYLINE
  5
5E6
330
17
100
AcDbEntity
  8
WALL
100
AcDbPolyline
 90
13
 70
1
 10
3752.447346860934
 20
55407.712042278785
 10
3744.1285302597134
 20
55413.31146531169
 10
3947.23050176807
 20
55671.31567305704
 10
3948.118805404183
 20
55670.72636107374
 10
3948.582714216709
 20
55671.31567305704
 10
3947.9934022334037
 20
55671.77958186957
 10
3970.261025234642
 20
55700.06655706796
 10
3970.850337217942
 20
55699.60264825544
 10
3971.314246030466
 20
55700.19196023874
 10
3970.479387387508
 20
55700.84916438978
 10
3977.383597124217
 20
55709.61971028847
 10
3982.9460694594345
 20
55705.24090923086
 10
3961.017430281747
 20
55672.66249417607
  0
LWPOLYLINE
  5
5E7
330
17
100
AcDbEntity
  8
BOUNDARY
100
AcDbPolyline
 90
111
 70
1
 10
8911.279690389432
 20
56280.87271949128
 10
9485.302440736652
 20
56280.87271949128
 10
9514.040320820053
 20
56300.28241984606
 10
9598.062406927857
 20
56300.28241984606
 10
9616.754187958883
 20
56282.99771949128
 10
9616.754187958883
 20
56038.77030207552
 10
9596.610113903705
 20
56025.99110445914
 10
9596.610113903705
 20
55851.94535466441
 10
9540.871410859054
 20
55587.17659230786
 10
9551.772145623427
 20
55564.40090526615
 10
9353.202483835536
 20
54869.94976697714
 10
9335.701105499478
 20
54845.1170453267
 10
9209.12204843603
 20
54845.1170453267
 10
9209.12204843603
 20
54622.91122824433
 10
9196.064959063551
 20
54590.77223439426
 10
9203.314959063551
 20
54401.28241984606
 10
8175.067816580728
 20
54401.28241984606
 10
8175.067816580728
 20
54460.5495674708
 10
8159.122048436029
 20
54494.49532989577
 10
6316.659890818555
 20
54494.11799434154
 10
6288.746963549813
 20
54523.9987174288
 10
5857.208177026816
 20
54547.82170534775
 10
5559.236585347744
 20
54602.89895165338
 10
5535.658298832439
 20
54576.05365479056
 10
5511.719415690519
 20
54578.28241984606
 10
5512.1878524102485
 20
54620.57609576467
 10
5265.36838441512
 20
54666.664830866255
 10
5237.912977125436
 20
54588.58514808923
 10
5223.553818355525
 20
54584.64807398404
 10
4921.972921802004
 20
54689.109198316415
 10
4907.122048436029
 20
54704.476560108946
 10
4916.328162944577
 20
54785.068954611896
 10
4722.200187786955
 20
54852.31070228583
 10
4706.49021710261
 20
54824.28241984606
 10
4662.044230351166
 20
54830.52146601361
 10
4647.476341008956
 20
54796.809161152516
 10
4629.032782346512
 20
54791.458261978085
 10
4193.122048436029
 20
55005.84925304427
 10
4193.122048436029
 20
55083.86976157295
 10
4207.457978341907
 20
55111.03039294565
 10
4084.50008566661
 20
55194.3382642694
 10
4063.5549740924016
 20
55172.28241984606
 10
3997.537620721985
 20
55172.28241984606
 10
3976.646876555027
 20
55182.30436723705
 10
3960.1217860910983
 20
55170.1930390269
 10
3690.593681475126
 20
55351.61329978633
 10
3677.122048436029
 20
55369.65989997991
 10
3677.122048436029
 20
55435.677253350324
 10
3699.1970184117436
 20
55463.22404112836
 10
3670.972136073002
 20
55472.49951535058
 10
3551.398947025871
 20
55568.39786107154
 10
3535.680719916334
 20
55556.28241984606
 10
3444.377493941285
 20
55564.498145915626
 10
3290.122048436029
 20
55688.21184929918
 10
3293.554930523702
 20
55952.28241984606
 10
3347.5691287358623
 20
55952.28241984606
 10
3367.5312476665167
 20
55925.878644262055
 10
3393.096467994652
 20
55934.8786442621
 10
3675.170614213708
 20
55934.8786442621
 10
3705.178502109353
 20
55925.3786442621
 10
3845.122048436029
 20
55925.37864426209
 10
3847.1429491527633
 20
55975.30332056279
 10
3866.996698285171
 20
55974.62864426215
 10
3851.3878208736787
 20
55985.548192283706
 10
3859.875333281716
 20
55994.03570469174
 10
4153.850441896073
 20
55994.28241984606
 10
4153.2466982851765
 20
55925.87864426209
 10
4178.897232518009
 20
55934.87864426209
 10
4456.238048253455
 20
55934.87864426209
 10
4593.7060442725
 20
55841.59282357778
 10
4587.095049758185
 20
55829.69152473818
 10
4602.103100410162
 20
55804.30136787192
 10
4714.3669359183805
 20
55800.037532363705
 10
4722.865603495415
 20
55731.53886478667
 10
4806.36725306844
 20
55730.28241984606
 10
4974.728767858025
 20
55647.29786215901
 10
4967.251722686993
 20
55630.45845782037
 10
4984.121698368475
 20
55622.28241984606
 10
5068.143784476279
 20
55622.28241984606
 10
5083.709311040682
 20
55608.06882683735
 10
5394.177429550018
 20
55495.23652136745
 10
5557.927300928935
 20
55447.89848620326
 10
5664.73259485999
 20
55448.28241984606
 10
5689.676643656958
 20
55429.772589472166
 10
5814.070469606348
 20
55405.836789154884
 10
5839.092601802191
 20
55387.301797826134
 10
5953.507097154898
 20
55375.712007445065
 10
5986.940265876416
 20
55400.28241984606
 10
5997.999948876144
 20
55371.20503633694
 10
6144.251521263544
 20
55356.39026079957
 10
6159.531749127562
 20
55382.28241984606
 10
6203.122048436029
 20
55388.4621004835
 10
6203.122048436029
 20
55454.47945385391
 10
6224.2267087207765
 20
55516.223399858034
 10
6224.2267087207765
 20
55670.28241984606
 10
6131.789208720775
 20
55673.71721402057
 10
6140.789208720775
 20
55846.95913254485
 10
6128.247861129887
 20
55910.28241984606
 10
6555.005391474548
 20
55910.44835352113
 10
6555.482383668159
 20
56270.28241984606
 10
6753.53444377941
 20
56270.28241984606
 10
6765.28244602936
 20
56253.343040743566
 10
7299.975096481794
 20
56180.785775633754
 10
7308.3509514174
 20
56198.28241984606
 10
7367.607183491777
 20
56195.942169390706
 10
7372.891145352867
 20
56234.87942111232
 10
7355.129067164633
 20
56243.28943857466
 10
7374.332820738238
 20
56245.50305520673
 10
7378.063971526739
 20
56272.99771949129
 10
7408.940857089416
 20
56282.28241984606
 10
8876.842082601745
 20
56288.28241984606
  0
TEXT
  5
5E8
330
17
100
AcDbEntity
  8
COL-LABEL
100
AcDbText
 10
3404.406247666515
 20
55934.0036442621
 30
0.0
 40
18.0
  1
C1
 11
3404.406247666515
 21
55934.0036442621
 31
0.0
100
AcDbText
  0
TEXT
  5
5E9
330
17
100
AcDbEntity
  8
COL-LABEL
100
AcDbText
 10
3627.9282912220388
 20
55570.016708183466
 30
0.0
 40
18.0
  1
C3
 11
3627.9282912220388
 21
55570.016708183466
 31
0.0
100
AcDbText
  0
TEXT
  5
5EA
330
17
100
AcDbEntity
  8
COL-LABEL
100
AcDbText
 10
3618.3624151931454
 20
55824.74726232186
 30
0.0
 40
18.0
  1
C4
 11
3618.3624151931454
 21
55824.74726232186
 31
0.0
100
AcDbText
  0
TEXT
  5
5EB
330
17
100
AcDbEntity
  8
COL-LABEL
100
AcDbText
 10
3739.673012876472
 20
55934.0036442621
 30
0.0
 40
18.0
  1
C5
 11
3739.673012876472
 21
55934.0036442621
 31
0.0
100
AcDbText
  0
TEXT
  5
5EC
330
17
100
AcDbEntity
  8
COL-LABEL
100
AcDbText
 10
3767.195448446919
 20
55747.78631519151
 30
0.0
 40
18.0
  1
C6
 11
3767.195448446919
 21
55747.78631519151
 31
0.0
100
AcDbText
  0
TEXT
  5
5ED
330
17
100
AcDbEntity
  8
COL-LABEL
100
AcDbText
 10
4036.021108087052
 20
55279.9516545131
 30
0.0
 40
18.0
  1
C7
 11
4036.021108087052
 21
55279.9516545131
 31
0.0
100
AcDbText
  0
TEXT
  5
5EE
330
17
100
AcDbEntity
  8
COL-LABEL
100
AcDbText
 10
4159.825024517228
 20
55456.46685883072
 30
0.0
 40
18.0
  1
C8
 11
4159.825024517228
 21
55456.46685883072
 31
0.0
100
AcDbText
  0
TEXT
  5
5EF
330
17
100
AcDbEntity
  8
COL-LABEL
100
AcDbText
 10
4273.297398070705
 20
55657.116540520525
 30
0.0
 40
18.0
  1
C9
 11
4273.297398070705
 21
55657.116540520525
 31
0.0
100
AcDbText
  0
TEXT
  5
5F0
330
17
100
AcDbEntity
  8
COL-LABEL
100
AcDbText
 10
4289.111475512582
 20
55109.26190903191
 30
0.0
 40
18.0
  1
C10
 11
4289.111475512582
 21
55109.26190903191
 31
0.0
100
AcDbText
  0
TEXT
  5
5F1
330
17
100
AcDbEntity
  8
COL-LABEL
100
AcDbText
 10
4357.521064705448
 20
55934.00364426209
 30
0.0
 40
18.0
  1
C11
 11
4357.521064705448
 21
55934.00364426209
 31
0.0
100
AcDbText
  0
TEXT
  5
5F2
330
17
100
AcDbEntity
  8
COL-LABEL
100
AcDbText
 10
4401.033209660232
 20
55311.83157115922
 30
0.0
 40
18.0
  1
C12
 11
4401.033209660232
 21
55311.83157115922
 31
0.0
100
AcDbText
  0
TEXT
  5
5F3
330
17
100
AcDbEntity
  8
COL-LABEL
100
AcDbText
 10
4430.487630446993
 20
55888.76142839976
 30
0.0
 40
18.0
  1
C13
 11
4430.487630446993
 21
55888.76142839976
 31
0.0
100
AcDbText
  0
TEXT
  5
5F4
330
17
100
AcDbEntity
  8
COL-LABEL
100
AcDbText
 10
4557.440692796421
 20
54961.68495372082
 30
0.0
 40
18.0
  1
C14
 11
4557.440692796421
 21
54961.68495372082
 31
0.0
100
AcDbText
  0
TEXT
  5
5F5
330
17
100
AcDbEntity
  8
COL-LABEL
100
AcDbText
 10
4635.968915722167
 20
55104.730019440656
 30
0.0
 40
18.0
  1
C15
 11
4635.968915722167
 21
55104.730019440656
 31
0.0
100
AcDbText
  0
TEXT
  5
5F6
330
17
100
AcDbEntity
  8
COL-LABEL
100
AcDbText
 10
4692.982789440486
 20
54907.11477967083
 30
0.0
 40
18.0
  1
C16
 11
4692.982789440486
 21
54907.11477967083
 31
0.0
100
AcDbText
  0
TEXT
  5
5F7
330
17
100
AcDbEntity
  8
COL-LABEL
100
AcDbText
 10
4787.606047301386
 20
55118.36687054863
 30
0.0
 40
18.0
  1
C17
 11
4787.606047301386
 21
55118.36687054863
 31
0.0
100
AcDbText
  0
TEXT
  5
5F8
330
17
100
AcDbEntity
  8
COL-LABEL
100
AcDbText
 10
4840.540346889273
 20
55340.35822970365
 30
0.0
 40
18.0
  1
C18
 11
4840.540346889273
 21
55340.35822970365
 31
0.0
100
AcDbText
  0
TEXT
  5
5F9
330
17
100
AcDbEntity
  8
COL-LABEL
100
AcDbText
 10
4842.745241396464
 20
55715.08649210822
 30
0.0
 40
18.0
  1
C19
 11
4842.745241396464
 21
55715.08649210822
 31
0.0
100
AcDbText
  0
TEXT
  5
5FA
330
17
100
AcDbEntity
  8
COL-LABEL
100
AcDbText
 10
4957.858621991274
 20
55592.56336256794
 30
0.0
 40
18.0
  1
C20
 11
4957.858621991274
 21
55592.56336256794
 31
0.0
100
AcDbText
  0
TEXT
  5
5FB
330
17
100
AcDbEntity
  8
COL-LABEL
100
AcDbText
 10
4981.215475193652
 20
54806.967290388435
 30
0.0
 40
18.0
  1
C21
 11
4981.215475193652
 21
54806.967290388435
 31
0.0
100
AcDbText
  0
TEXT
  5
5FC
330
17
100
AcDbEntity
  8
COL-LABEL
100
AcDbText
 10
5058.828856331813
 20
55004.63063312014
 30
0.0
 40
18.0
  1
C22
 11
5058.828856331813
 21
55004.63063312014
 31
0.0
100
AcDbText
  0
TEXT
  5
5FD
330
17
100
AcDbEntity
  8
COL-LABEL
100
AcDbText
 10
5156.394317497576
 20
55212.508729598485
 30
0.0
 40
18.0
  1
C23
 11
5156.394317497576
 21
55212.508729598485
 31
0.0
100
AcDbText
  0
TEXT
  5
5FE
330
17
100
AcDbEntity
  8
COL-LABEL
100
AcDbText
 10
5211.645777068641
 20
55353.31537832511
 30
0.0
 40
18.0
  1
C24
 11
5211.645777068641
 21
55353.31537832511
 31
0.0
100
AcDbText
  0
TEXT
  5
5FF
330
17
100
AcDbEntity
  8
COL-LABEL
100
AcDbText
 10
5269.35180031494
 20
54706.64226307666
 30
0.0
 40
18.0
  1
C25
 11
5269.35180031494
 21
54706.64226307666
 31
0.0
100
AcDbText
  0
TEXT
  5
600
330
17
100
AcDbEntity
  8
COL-LABEL
100
AcDbText
 10
5275.329871566519
 20
55539.770479164545
 30
0.0
 40
18.0
  1
C26
 11
5275.329871566519
 21
55539.770479164545
 31
0.0
100
AcDbText
  0
TEXT
  5
601
330
17
100
AcDbEntity
  8
COL-LABEL
100
AcDbText
 10
5314.82337715386
 20
55167.20065495172
 30
0.0
 40
18.0
  1
C27
 11
5314.82337715386
 21
55167.20065495172
 31
0.0
100
AcDbText
  0
TEXT
  5
602
330
17
100
AcDbEntity
  8
COL-LABEL
100
AcDbText
 10
5328.044959531389
 20
54928.166207764065
 30
0.0
 40
18.0
  1
C28
 11
5328.044959531389
 21
54928.166207764065
 31
0.0
100
AcDbText
  0
TEXT
  5
603
330
17
100
AcDbEntity
  8
COL-LABEL
100
AcDbText
 10
5370.003491078029
 20
55308.38741068638
 30
0.0
 40
18.0
  1
C29
 11
5370.003491078029
 21
55308.38741068638
 31
0.0
100
AcDbText
  0
TEXT
  5
604
330
17
100
AcDbEntity
  8
COL-LABEL
100
AcDbText
 10
5408.757691828143
 20
55494.72931700624
 30
0.0
 40
18.0
  1
C30
 11
5408.757691828143
 21
55494.72931700624
 31
0.0
100
AcDbText
  0
TEXT
  5
605
330
17
100
AcDbEntity
  8
COL-LABEL
100
AcDbText
 10
5569.103719848894
 20
54650.28421310884
 30
0.0
 40
18.0
  1
C31
 11
5569.103719848894
 21
54650.28421310884
 31
0.0
100
AcDbText
  0
TEXT
  5
606
330
17
100
AcDbEntity
  8
COL-LABEL
100
AcDbText
 10
5601.6176917620305
 20
54824.53079407324
 30
0.0
 40
18.0
  1
C111
 11
5601.6176917620305
 21
54824.53079407324
 31
0.0
100
AcDbText
  0
TEXT
  5
607
330
17
100
AcDbEntity
  8
COL-LABEL
100
AcDbText
 10
5617.600492719508
 20
54854.17658329273
 30
0.0
 40
18.0
  1
C32
 11
5617.600492719508
 21
54854.17658329273
 31
0.0
100
AcDbText
  0
TEXT
  5
608
330
17
100
AcDbEntity
  8
COL-LABEL
100
AcDbText
 10
5868.77775910395
 20
54593.71716258077
 30
0.0
 40
18.0
  1
C33
 11
5868.77775910395
 21
54593.71716258077
 31
0.0
100
AcDbText
  0
TEXT
  5
609
330
17
100
AcDbEntity
  8
COL-LABEL
100
AcDbText
 10
5891.168643184188
 20
54824.10946325772
 30
0.0
 40
18.0
  1
C34
 11
5891.168643184188
 21
54824.10946325772
 31
0.0
100
AcDbText
  0
TEXT
  5
60A
330
17
100
AcDbEntity
  8
COL-LABEL
100
AcDbText
 10
5897.801952452764
 20
54809.031971599274
 30
0.0
 40
18.0
  1
C112
 11
5897.801952452764
 21
54809.031971599274
 31
0.0
100
AcDbText
  0
TEXT
  5
60B
330
17
100
AcDbEntity
  8
COL-LABEL
100
AcDbText
 10
5957.708966303915
 20
55099.040623480505
 30
0.0
 40
18.0
  1
C35
 11
5957.708966303915
 21
55099.040623480505
 31
0.0
100
AcDbText
  0
TEXT
  5
60C
330
17
100
AcDbEntity
  8
COL-LABEL
100
AcDbText
 10
5986.411196780511
 20
55382.38925253248
 30
0.0
 40
18.0
  1
C36
 11
5986.411196780511
 21
55382.38925253248
 31
0.0
100
AcDbText
  0
TEXT
  5
60D
330
17
100
AcDbEntity
  8
COL-LABEL
100
AcDbText
 10
6013.2000850878285
 20
54573.419814333305
 30
0.0
 40
18.0
  1
C37
 11
6013.2000850878285
 21
54573.419814333305
 31
0.0
100
AcDbText
  0
TEXT
  5
60E
330
17
100
AcDbEntity
  8
COL-LABEL
100
AcDbText
 10
6022.953570893458
 20
54732.71633281567
 30
0.0
 40
18.0
  1
C38
 11
6022.953570893458
 21
54732.71633281567
 31
0.0
100
AcDbText
  0
TEXT
  5
60F
330
17
100
AcDbEntity
  8
COL-LABEL
100
AcDbText
 10
6155.351708720775
 20
55719.27971402057
 30
0.0
 40
18.0
  1
C39
 11
6155.351708720775
 21
55719.27971402057
 31
0.0
100
AcDbText
  0
TEXT
  5
610
330
17
100
AcDbEntity
  8
COL-LABEL
100
AcDbText
 10
6155.351708720775
 20
55889.58413254485
 30
0.0
 40
18.0
  1
C40
 11
6155.351708720775
 21
55889.58413254485
 31
0.0
100
AcDbText
  0
TEXT
  5
611
330
17
100
AcDbEntity
  8
COL-LABEL
100
AcDbText
 10
6205.700056763668
 20
55361.18386168622
 30
0.0
 40
18.0
  1
C41
 11
6205.700056763668
 21
55361.18386168622
 31
0.0
100
AcDbText
  0
TEXT
  5
612
330
17
100
AcDbEntity
  8
COL-LABEL
100
AcDbText
 10
6239.1017087207765
 20
55518.598399858034
 30
0.0
 40
18.0
  1
C42
 11
6239.1017087207765
 21
55518.598399858034
 31
0.0
100
AcDbText
  0
TEXT
  5
613
330
17
100
AcDbEntity
  8
COL-LABEL
100
AcDbText
 10
6272.44699674527
 20
55001.96180768932
 30
0.0
 40
18.0
  1
C43
 11
6272.44699674527
 21
55001.96180768932
 31
0.0
100
AcDbText
  0
TEXT
  5
614
330
17
100
AcDbEntity
  8
COL-LABEL
100
AcDbText
 10
6309.44699674527
 20
55250.88873648415
 30
0.0
 40
18.0
  1
C44
 11
6309.44699674527
 21
55250.88873648415
 31
0.0
100
AcDbText
  0
TEXT
  5
615
330
17
100
AcDbEntity
  8
COL-LABEL
100
AcDbText
 10
6319.159890818555
 20
54539.24299434154
 30
0.0
 40
18.0
  1
C45
 11
6319.159890818555
 21
54539.24299434154
 31
0.0
100
AcDbText
  0
TEXT
  5
616
330
17
100
AcDbEntity
  8
COL-LABEL
100
AcDbText
 10
6319.159890818555
 20
54722.3575629231
 30
0.0
 40
18.0
  1
C46
 11
6319.159890818555
 21
54722.3575629231
 31
0.0
100
AcDbText
  0
TEXT
  5
617
330
17
100
AcDbEntity
  8
COL-LABEL
100
AcDbText
 10
6334.631905428732
 20
55360.11822726702
 30
0.0
 40
18.0
  1
C47
 11
6334.631905428732
 21
55360.11822726702
 31
0.0
100
AcDbText
  0
TEXT
  5
618
330
17
100
AcDbEntity
  8
COL-LABEL
100
AcDbText
 10
6402.21863552725
 20
55694.21721402057
 30
0.0
 40
18.0
  1
C48
 11
6402.21863552725
 21
55694.21721402057
 31
0.0
100
AcDbText
  0
TEXT
  5
619
330
17
100
AcDbEntity
  8
COL-LABEL
100
AcDbText
 10
6402.21863552725
 20
55891.08413254484
 30
0.0
 40
18.0
  1
C49
 11
6402.21863552725
 21
55891.08413254484
 31
0.0
100
AcDbText
  0
TEXT
  5
61A
330
17
100
AcDbEntity
  8
COL-LABEL
100
AcDbText
 10
6433.979629149901
 20
55201.88873648416
 30
0.0
 40
18.0
  1
C50
 11
6433.979629149901
 21
55201.88873648416
 31
0.0
100
AcDbText
  0
TEXT
  5
61B
330
17
100
AcDbEntity
  8
COL-LABEL
100
AcDbText
 10
6450.5348908203905
 20
54517.24299434153
 30
0.0
 40
18.0
  1
C51
 11
6450.5348908203905
 21
54517.24299434153
 31
0.0
100
AcDbText
  0
TEXT
  5
61C
330
17
100
AcDbEntity
  8
COL-LABEL
100
AcDbText
 10
6537.765913838592
 20
55509.28589985805
 30
0.0
 40
18.0
  1
C52
 11
6537.765913838592
 21
55509.28589985805
 31
0.0
100
AcDbText
  0
TEXT
  5
61D
330
17
100
AcDbEntity
  8
COL-LABEL
100
AcDbText
 10
6599.442891474548
 20
56252.51570269602
 30
0.0
 40
18.0
  1
C109
 11
6599.442891474548
 21
56252.51570269602
 31
0.0
100
AcDbText
  0
TEXT
  5
61E
330
17
100
AcDbEntity
  8
COL-LABEL
100
AcDbText
 10
6647.718352833956
 20
54517.24299434154
 30
0.0
 40
18.0
  1
C53
 11
6647.718352833956
 21
54517.24299434154
 31
0.0
100
AcDbText
  0
TEXT
  5
61F
330
17
100
AcDbEntity
  8
COL-LABEL
100
AcDbText
 10
6648.968782954436
 20
54708.18946982296
 30
0.0
 40
18.0
  1
C54
 11
6648.968782954436
 21
54708.18946982296
 31
0.0
100
AcDbText
  0
TEXT
  5
620
330
17
100
AcDbEntity
  8
COL-LABEL
100
AcDbText
 10
6663.410516397509
 20
55889.58413254484
 30
0.0
 40
18.0
  1
C55
 11
6663.410516397509
 21
55889.58413254484
 31
0.0
100
AcDbText
  0
TEXT
  5
621
330
17
100
AcDbEntity
  8
COL-LABEL
100
AcDbText
 10
6776.15744602936
 20
56252.51570269602
 30
0.0
 40
18.0
  1
C110
 11
6776.15744602936
 21
56252.51570269602
 31
0.0
100
AcDbText
  0
TEXT
  5
622
330
17
100
AcDbEntity
  8
COL-LABEL
100
AcDbText
 10
6773.78244602936
 20
55891.08413254484
 30
0.0
 40
18.0
  1
C56
 11
6773.78244602936
 21
55891.08413254484
 31
0.0
100
AcDbText
  0
TEXT
  5
623
330
17
100
AcDbEntity
  8
COL-LABEL
100
AcDbText
 10
6774.092922714151
 20
54539.24299434153
 30
0.0
 40
18.0
  1
C57
 11
6774.092922714151
 21
54539.24299434153
 31
0.0
100
AcDbText
  0
TEXT
  5
624
330
17
100
AcDbEntity
  8
COL-LABEL
100
AcDbText
 10
6774.092922714151
 20
54902.79506292306
 30
0.0
 40
18.0
  1
C58
 11
6774.092922714151
 21
54902.79506292306
 31
0.0
100
AcDbText
  0
TEXT
  5
625
330
17
100
AcDbEntity
  8
COL-LABEL
100
AcDbText
 10
6774.78244602936
 20
55686.5466784523
 30
0.0
 40
18.0
  1
C59
 11
6774.78244602936
 21
55686.5466784523
 31
0.0
100
AcDbText
  0
TEXT
  5
626
330
17
100
AcDbEntity
  8
COL-LABEL
100
AcDbText
 10
6995.78244602936
 20
55367.27259381443
 30
0.0
 40
18.0
  1
C63
 11
6995.78244602936
 21
55367.27259381443
 31
0.0
100
AcDbText
  0
TEXT
  5
627
330
17
100
AcDbEntity
  8
COL-LABEL
100
AcDbText
 10
6995.78244602936
 20
55765.27259381443
 30
0.0
 40
18.0
  1
C64
 11
6995.78244602936
 21
55765.27259381443
 31
0.0
100
AcDbText
  0
TEXT
  5
628
330
17
100
AcDbEntity
  8
COL-LABEL
100
AcDbText
 10
6995.78244602936
 20
56085.27259381443
 30
0.0
 40
18.0
  1
C65
 11
6995.78244602936
 21
56085.27259381443
 31
0.0
100
AcDbText
  0
TEXT
  5
629
330
17
100
AcDbEntity
  8
COL-LABEL
100
AcDbText
 10
7032.655630073856
 20
54539.24299434153
 30
0.0
 40
18.0
  1
C60
 11
7032.655630073856
 21
54539.24299434153
 31
0.0
100
AcDbText
  0
TEXT
  5
62A
330
17
100
AcDbEntity
  8
COL-LABEL
100
AcDbText
 10
7032.655630073867
 20
54860.27972891672
 30
0.0
 40
18.0
  1
C113
 11
7032.655630073867
 21
54860.27972891672
 31
0.0
100
AcDbText
  0
TEXT
  5
62B
330
17
100
AcDbEntity
  8
COL-LABEL
100
AcDbText
 10
7032.655630073859
 20
55065.279728916765
 30
0.0
 40
18.0
  1
C66
 11
7032.655630073859
 21
55065.279728916765
 31
0.0
100
AcDbText
  0
TEXT
  5
62C
330
17
100
AcDbEntity
  8
COL-LABEL
100
AcDbText
 10
7298.655630074114
 20
55401.38382098819
 30
0.0
 40
18.0
  1
C67
 11
7298.655630074114
 21
55401.38382098819
 31
0.0
100
AcDbText
  0
TEXT
  5
62D
330
17
100
AcDbEntity
  8
COL-LABEL
100
AcDbText
 10
7298.655630074103
 20
55773.383820988165
 30
0.0
 40
18.0
  1
C68
 11
7298.655630074103
 21
55773.383820988165
 31
0.0
100
AcDbText
  0
TEXT
  5
62E
330
17
100
AcDbEntity
  8
COL-LABEL
100
AcDbText
 10
7298.655630074103
 20
56099.37271949128
 30
0.0
 40
18.0
  1
C69
 11
7298.655630074103
 21
56099.37271949128
 31
0.0
100
AcDbText
  0
TEXT
  5
62F
330
17
100
AcDbEntity
  8
COL-LABEL
100
AcDbText
 10
7352.6556300738575
 20
54539.24299434153
 30
0.0
 40
18.0
  1
C61
 11
7352.6556300738575
 21
54539.24299434153
 31
0.0
100
AcDbText
  0
TEXT
  5
630
330
17
100
AcDbEntity
  8
COL-LABEL
100
AcDbText
 10
7352.655630073867
 20
54860.279728916736
 30
0.0
 40
18.0
  1
C114
 11
7352.655630073867
 21
54860.279728916736
 31
0.0
100
AcDbText
  0
TEXT
  5
631
330
17
100
AcDbEntity
  8
COL-LABEL
100
AcDbText
 10
7352.6556300738575
 20
55065.279728916765
 30
0.0
 40
18.0
  1
C70
 11
7352.6556300738575
 21
55065.279728916765
 31
0.0
100
AcDbText
  0
TEXT
  5
632
330
17
100
AcDbEntity
  8
COL-LABEL
100
AcDbText
 10
7619.0518896191425
 20
54539.24299434153
 30
0.0
 40
18.0
  1
C62
 11
7619.0518896191425
 21
54539.24299434153
 31
0.0
100
AcDbText
  0
TEXT
  5
633
330
17
100
AcDbEntity
  8
COL-LABEL
100
AcDbText
 10
7618.655630074132
 20
54860.27972891675
 30
0.0
 40
18.0
  1
C115
 11
7618.655630074132
 21
54860.27972891675
 31
0.0
100
AcDbText
  0
TEXT
  5
634
330
17
100
AcDbEntity
  8
COL-LABEL
100
AcDbText
 10
7618.655630073859
 20
55065.279728916765
 30
0.0
 40
18.0
  1
C71
 11
7618.655630073859
 21
55065.279728916765
 31
0.0
100
AcDbText
  0
TEXT
  5
635
330
17
100
AcDbEntity
  8
COL-LABEL
100
AcDbText
 10
7618.655630074114
 20
55401.38382098819
 30
0.0
 40
18.0
  1
C72
 11
7618.655630074114
 21
55401.38382098819
 31
0.0
100
AcDbText
  0
TEXT
  5
636
330
17
100
AcDbEntity
  8
COL-LABEL
100
AcDbText
 10
7618.655630074101
 20
55773.383820988165
 30
0.0
 40
18.0
  1
C73
 11
7618.655630074101
 21
55773.383820988165
 31
0.0
100
AcDbText
  0
TEXT
  5
637
330
17
100
AcDbEntity
  8
COL-LABEL
100
AcDbText
 10
7618.655630074089
 20
56097.49771949128
 30
0.0
 40
18.0
  1
C74
 11
7618.655630074089
 21
56097.49771949128
 31
0.0
100
AcDbText
  0
TEXT
  5
638
330
17
100
AcDbEntity
  8
COL-LABEL
100
AcDbText
 10
7640.655630074109
 20
55557.383820988165
 30
0.0
 40
18.0
  1
C75
 11
7640.655630074109
 21
55557.383820988165
 31
0.0
100
AcDbText
  0
TEXT
  5
639
330
17
100
AcDbEntity
  8
COL-LABEL
100
AcDbText
 10
7757.532123636569
 20
54539.24299434153
 30
0.0
 40
18.0
  1
C76
 11
7757.532123636569
 21
54539.24299434153
 31
0.0
100
AcDbText
  0
TEXT
  5
63A
330
17
100
AcDbEntity
  8
COL-LABEL
100
AcDbText
 10
7937.952641647731
 20
55065.279728916765
 30
0.0
 40
18.0
  1
C77
 11
7937.952641647731
 21
55065.279728916765
 31
0.0
100
AcDbText
  0
TEXT
  5
63B
330
17
100
AcDbEntity
  8
COL-LABEL
100
AcDbText
 10
7937.952641647986
 20
55401.38382098819
 30
0.0
 40
18.0
  1
C78
 11
7937.952641647986
 21
55401.38382098819
 31
0.0
100
AcDbText
  0
TEXT
  5
63C
330
17
100
AcDbEntity
  8
COL-LABEL
100
AcDbText
 10
7937.952641647973
 20
55773.383820988165
 30
0.0
 40
18.0
  1
C79
 11
7937.952641647973
 21
55773.383820988165
 31
0.0
100
AcDbText
  0
TEXT
  5
63D
330
17
100
AcDbEntity
  8
COL-LABEL
100
AcDbText
 10
7937.95264164796
 20
56097.49771949128
 30
0.0
 40
18.0
  1
C80
 11
7937.95264164796
 21
56097.49771949128
 31
0.0
100
AcDbText
  0
TEXT
  5
63E
330
17
100
AcDbEntity
  8
COL-LABEL
100
AcDbText
 10
7959.95264164798
 20
55557.383820988165
 30
0.0
 40
18.0
  1
C81
 11
7959.95264164798
 21
55557.383820988165
 31
0.0
100
AcDbText
  0
TEXT
  5
63F
330
17
100
AcDbEntity
  8
COL-LABEL
100
AcDbText
 10
8032.530572205405
 20
54539.24299434153
 30
0.0
 40
18.0
  1
C82
 11
8032.530572205405
 21
54539.24299434153
 31
0.0
100
AcDbText
  0
TEXT
  5
640
330
17
100
AcDbEntity
  8
COL-LABEL
100
AcDbText
 10
8043.530572205407
 20
54849.279728916765
 30
0.0
 40
18.0
  1
C116
 11
8043.530572205407
 21
54849.279728916765
 31
0.0
100
AcDbText
  0
TEXT
  5
641
330
17
100
AcDbEntity
  8
COL-LABEL
100
AcDbText
 10
8257.249653221601
 20
55065.27972891676
 30
0.0
 40
18.0
  1
C83
 11
8257.249653221601
 21
55065.27972891676
 31
0.0
100
AcDbText
  0
TEXT
  5
642
330
17
100
AcDbEntity
  8
COL-LABEL
100
AcDbText
 10
8257.249653221856
 20
55401.38382098818
 30
0.0
 40
18.0
  1
C84
 11
8257.249653221856
 21
55401.38382098818
 31
0.0
100
AcDbText
  0
TEXT
  5
643
330
17
100
AcDbEntity
  8
COL-LABEL
100
AcDbText
 10
8268.24965322185
 20
55557.383820988165
 30
0.0
 40
18.0
  1
C85
 11
8268.24965322185
 21
55557.383820988165
 31
0.0
100
AcDbText
  0
TEXT
  5
644
330
17
100
AcDbEntity
  8
COL-LABEL
100
AcDbText
 10
8257.249653221843
 20
55773.383820988165
 30
0.0
 40
18.0
  1
C86
 11
8257.249653221843
 21
55773.383820988165
 31
0.0
100
AcDbText
  0
TEXT
  5
645
330
17
100
AcDbEntity
  8
COL-LABEL
100
AcDbText
 10
8257.24965322183
 20
56097.49771949128
 30
0.0
 40
18.0
  1
C87
 11
8257.24965322183
 21
56097.49771949128
 31
0.0
100
AcDbText
  0
TEXT
  5
646
330
17
100
AcDbEntity
  8
COL-LABEL
100
AcDbText
 10
8358.605060956053
 20
54539.24299434153
 30
0.0
 40
18.0
  1
C88
 11
8358.605060956053
 21
54539.24299434153
 31
0.0
100
AcDbText
  0
TEXT
  5
647
330
17
100
AcDbEntity
  8
COL-LABEL
100
AcDbText
 10
8488.574264742892
 20
54849.279728916765
 30
0.0
 40
18.0
  1
C117
 11
8488.574264742892
 21
54849.279728916765
 31
0.0
100
AcDbText
  0
TEXT
  5
648
330
17
100
AcDbEntity
  8
COL-LABEL
100
AcDbText
 10
8492.603652780326
 20
55557.383820988165
 30
0.0
 40
18.0
  1
C89
 11
8492.603652780326
 21
55557.383820988165
 31
0.0
100
AcDbText
  0
TEXT
  5
649
330
17
100
AcDbEntity
  8
COL-LABEL
100
AcDbText
 10
8576.922247337516
 20
55401.38382098819
 30
0.0
 40
18.0
  1
C90
 11
8576.922247337516
 21
55401.38382098819
 31
0.0
100
AcDbText
  0
TEXT
  5
64A
330
17
100
AcDbEntity
  8
COL-LABEL
100
AcDbText
 10
8576.922247337501
 20
55773.38382098816
 30
0.0
 40
18.0
  1
C91
 11
8576.922247337501
 21
55773.38382098816
 31
0.0
100
AcDbText
  0
TEXT
  5
64B
330
17
100
AcDbEntity
  8
COL-LABEL
100
AcDbText
 10
8576.922247337488
 20
56097.49771949128
 30
0.0
 40
18.0
  1
C92
 11
8576.922247337488
 21
56097.49771949128
 31
0.0
100
AcDbText
  0
TEXT
  5
64C
330
17
100
AcDbEntity
  8
COL-LABEL
100
AcDbText
 10
8583.779690389409
 20
55065.27972891676
 30
0.0
 40
18.0
  1
C93
 11
8583.779690389409
 21
55065.27972891676
 31
0.0
100
AcDbText
  0
TEXT
  5
64D
330
17
100
AcDbEntity
  8
COL-LABEL
100
AcDbText
 10
8633.60350952489
 20
54539.24299434153
 30
0.0
 40
18.0
  1
C94
 11
8633.60350952489
 21
54539.24299434153
 31
0.0
100
AcDbText
  0
TEXT
  5
64E
330
17
100
AcDbEntity
  8
COL-LABEL
100
AcDbText
 10
8772.083743542318
 20
54539.24299434153
 30
0.0
 40
18.0
  1
C106
 11
8772.083743542318
 21
54539.24299434153
 31
0.0
100
AcDbText
  0
TEXT
  5
64F
330
17
100
AcDbEntity
  8
COL-LABEL
100
AcDbText
 10
8974.091529151396
 20
55065.27972891677
 30
0.0
 40
18.0
  1
C95
 11
8974.091529151396
 21
55065.27972891677
 31
0.0
100
AcDbText
  0
TEXT
  5
650
330
17
100
AcDbEntity
  8
COL-LABEL
100
AcDbText
 10
8974.922247337514
 20
55401.38382098818
 30
0.0
 40
18.0
  1
C96
 11
8974.922247337514
 21
55401.38382098818
 31
0.0
100
AcDbText
  0
TEXT
  5
651
330
17
100
AcDbEntity
  8
COL-LABEL
100
AcDbText
 10
8987.679193266264
 20
55557.38382098817
 30
0.0
 40
18.0
  1
C97
 11
8987.679193266264
 21
55557.38382098817
 31
0.0
100
AcDbText
  0
TEXT
  5
652
330
17
100
AcDbEntity
  8
COL-LABEL
100
AcDbText
 10
8998.594841453161
 20
55773.38382098816
 30
0.0
 40
18.0
  1
C98
 11
8998.594841453161
 21
55773.38382098816
 31
0.0
100
AcDbText
  0
TEXT
  5
653
330
17
100
AcDbEntity
  8
COL-LABEL
100
AcDbText
 10
8998.594841453149
 20
56097.49771949128
 30
0.0
 40
18.0
  1
C99
 11
8998.594841453149
 21
56097.49771949128
 31
0.0
100
AcDbText
  0
TEXT
  5
654
330
17
100
AcDbEntity
  8
COL-LABEL
100
AcDbText
 10
9044.254345581388
 20
54539.242994341526
 30
0.0
 40
18.0
  1
C100
 11
9044.254345581388
 21
54539.242994341526
 31
0.0
100
AcDbText
  0
TEXT
  5
655
330
17
100
AcDbEntity
  8
COL-LABEL
100
AcDbText
 10
9192.091529151396
 20
55065.27972891677
 30
0.0
 40
18.0
  1
C101
 11
9192.091529151396
 21
55065.27972891677
 31
0.0
100
AcDbText
  0
TEXT
  5
656
330
17
100
AcDbEntity
  8
COL-LABEL
100
AcDbText
 10
9204.18995906355
 20
54539.24299434153
 30
0.0
 40
18.0
  1
C107
 11
9204.18995906355
 21
54539.24299434153
 31
0.0
100
AcDbText
  0
TEXT
  5
657
330
17
100
AcDbEntity
  8
COL-LABEL
100
AcDbText
 10
9204.189959063551
 20
54845.6470970585
 30
0.0
 40
18.0
  1
C108
 11
9204.189959063551
 21
54845.6470970585
 31
0.0
100
AcDbText
  0
TEXT
  5
658
330
17
100
AcDbEntity
  8
COL-LABEL
100
AcDbText
 10
9280.070089865283
 20
55303.95683309808
 30
0.0
 40
18.0
  1
C102
 11
9280.070089865283
 21
55303.95683309808
 31
0.0
100
AcDbText
  0
TEXT
  5
659
330
17
100
AcDbEntity
  8
COL-LABEL
100
AcDbText
 10
9319.679193266249
 20
56097.49771949129
 30
0.0
 40
18.0
  1
C103
 11
9319.679193266249
 21
56097.49771949129
 31
0.0
100
AcDbText
  0
TEXT
  5
65A
330
17
100
AcDbEntity
  8
COL-LABEL
100
AcDbText
 10
9368.044358190242
 20
55611.62634428287
 30
0.0
 40
18.0
  1
C104
 11
9368.044358190242
 21
55611.62634428287
 31
0.0
100
AcDbText
  0
TEXT
  5
65B
330
17
100
AcDbEntity
  8
COL-LABEL
100
AcDbText
 10
9407.356779438647
 20
55841.39530207552
 30
0.0
 40
18.0
  1
C105
 11
9407.356779438647
 21
55841.39530207552
 31
0.0
100
AcDbText
  0
TEXT
  5
65C
330
17
100
AcDbEntity
  8
FLOOR NUMBER
100
AcDbText
 10
7473.545146871704
 20
55373.37934851878
 30
0.0
 40
18.0
  1
11
 11
7473.545146871704
 21
55373.37934851878
 31
0.0
100
AcDbText
  0
POINT
  5
65D
330
17
100
AcDbEntity
  8
DATUM
100
AcDbPoint
 10
6477.614917261071
 20
55048.847680299164
 30
0.0
  0
ENDSEC
  0
SECTION
  2
OBJECTS
  0
DICTIONARY
  5
A
330
0
100
AcDbDictionary
281
1
  3
ACAD_COLOR
350
B
  3
ACAD_GROUP
350
C
  3
ACAD_LAYOUT
350
D
  3
ACAD_MATERIAL
350
E
  3
ACAD_MLEADERSTYLE
350
F
  3
ACAD_MLINESTYLE
350
10
  3
ACAD_PLOTSETTINGS
350
11
  3
ACAD_PLOTSTYLENAME
350
12
  3
ACAD_SCALELIST
350
14
  3
ACAD_TABLESTYLE
350
15
  3
ACAD_VISUALSTYLE
350
16
  3
EZDXF_META
350
2D
  0
DICTIONARY
  5
B
330
A
100
AcDbDictionary
281
1
  0
DICTIONARY
  5
C
330
A
100
AcDbDictionary
281
1
  0
DICTIONARY
  5
D
330
A
100
AcDbDictionary
281
1
  3
Model
350
1A
  3
Layout1
350
1E
  0
DICTIONARY
  5
E
330
A
100
AcDbDictionary
281
1
  3
ByBlock
350
1F
  3
ByLayer
350
20
  3
Global
350
21
  0
DICTIONARY
  5
F
330
A
100
AcDbDictionary
281
1
  3
Standard
350
2C
  0
DICTIONARY
  5
10
330
A
100
AcDbDictionary
281
1
  3
Standard
350
22
  0
DICTIONARY
  5
11
330
A
100
AcDbDictionary
281
1
  0
ACDBDICTIONARYWDFLT
  5
12
330
A
100
AcDbDictionary
281
1
  3
Normal
350
13
100
AcDbDictionaryWithDefault
340
13
  0
ACDBPLACEHOLDER
  5
13
330
12
  0
DICTIONARY
  5
14
330
A
100
AcDbDictionary
281
1
  0
DICTIONARY
  5
15
330
A
100
AcDbDictionary
281
1
  0
DICTIONARY
  5
16
330
A
100
AcDbDictionary
281
1
  0
LAYOUT
  5
1A
330
D
100
AcDbPlotSettings
  1

  4
A3
  6

 40
7.5
 41
20.0
 42
7.5
 43
20.0
 44
420.0
 45
297.0
 46
0.0
 47
0.0
 48
0.0
 49
0.0
140
0.0
141
0.0
142
1.0
143
1.0
 70
1024
 72
1
 73
0
 74
5
  7

 75
16
 76
0
 77
2
 78
300
147
1.0
148
0.0
149
0.0
100
AcDbLayout
  1
Model
 70
1
 71
0
 10
0.0
 20
0.0
 11
420.0
 21
297.0
 12
0.0
 22
0.0
 32
0.0
 14
1e+20
 24
1e+20
 34
1e+20
 15
-1e+20
 25
-1e+20
 35
-1e+20
146
0.0
 13
0.0
 23
0.0
 33
0.0
 16
1.0
 26
0.0
 36
0.0
 17
0.0
 27
1.0
 37
0.0
 76
1
330
17
  0
LAYOUT
  5
1E
330
D
100
AcDbPlotSettings
  1

  4
A3
  6

 40
7.5
 41
20.0
 42
7.5
 43
20.0
 44
420.0
 45
297.0
 46
0.0
 47
0.0
 48
0.0
 49
0.0
140
0.0
141
0.0
142
1.0
143
1.0
 70
0
 72
1
 73
0
 74
5
  7

 75
16
 76
0
 77
2
 78
300
147
1.0
148
0.0
149
0.0
100
AcDbLayout
  1
Layout1
 70
1
 71
1
 10
0.0
 20
0.0
 11
420.0
 21
297.0
 12
0.0
 22
0.0
 32
0.0
 14
1e+20
 24
1e+20
 34
1e+20
 15
-1e+20
 25
-1e+20
 35
-1e+20
146
0.0
 13
0.0
 23
0.0
 33
0.0
 16
1.0
 26
0.0
 36
0.0
 17
0.0
 27
1.0
 37
0.0
 76
1
330
1B
  0
MATERIAL
  5
1F
102
{ACAD_REACTORS
330
E
102
}
330
E
100
AcDbMaterial
  1
ByBlock
  2

 70
0
 40
1.0
 71
1
 41
1.0
 91
-1023410177
 42
1.0
 72
1
  3

 73
1
 74
1
 75
1
 44
0.5
 73
0
 45
1.0
 46
1.0
 77
1
  4

 78
1
 79
1
170
1
 48
1.0
171
1
  6

172
1
173
1
174
1
140
1.0
141
1.0
175
1
  7

176
1
177
1
178
1
143
1.0
179
1
  8

270
1
271
1
272
1
145
1.0
146
1.0
273
1
  9

274
1
275
1
276
1
 42
1.0
 72
1
  3

 73
1
 74
1
 75
1
 94
63
  0
MATERIAL
  5
20
102
{ACAD_REACTORS
330
E
102
}
330
E
100
AcDbMaterial
  1
ByLayer
  2

 70
0
 40
1.0
 71
1
 41
1.0
 91
-1023410177
 42
1.0
 72
1
  3

 73
1
 74
1
 75
1
 44
0.5
 73
0
 45
1.0
 46
1.0
 77
1
  4

 78
1
 79
1
170
1
 48
1.0
171
1
  6

172
1
173
1
174
1
140
1.0
141
1.0
175
1
  7

176
1
177
1
178
1
143
1.0
179
1
  8

270
1
271
1
272
1
145
1.0
146
1.0
273
1
  9

274
1
275
1
276
1
 42
1.0
 72
1
  3

 73
1
 74
1
 75
1
 94
63
  0
MATERIAL
  5
21
102
{ACAD_REACTORS
330
E
102
}
330
E
100
AcDbMaterial
  1
Global
  2

 70
0
 40
1.0
 71
1
 41
1.0
 91
-1023410177
 42
1.0
 72
1
  3

 73
1
 74
1
 75
1
 44
0.5
 73
0
 45
1.0
 46
1.0
 77
1
  4

 78
1
 79
1
170
1
 48
1.0
171
1
  6

172
1
173
1
174
1
140
1.0
141
1.0
175
1
  7

176
1
177
1
178
1
143
1.0
179
1
  8

270
1
271
1
272
1
145
1.0
146
1.0
273
1
  9

274
1
275
1
276
1
 42
1.0
 72
1
  3

 73
1
 74
1
 75
1
 94
63
  0
MLINESTYLE
  5
22
102
{ACAD_REACTORS
330
10
102
}
330
10
100
AcDbMlineStyle
  2
Standard
 70
0
  3

 62
256
 51
90.0
 52
90.0
 71
2
 49
0.5
 62
256
  6
BYLAYER
 49
-0.5
 62
256
  6
BYLAYER
  0
MLEADERSTYLE
  5
2C
102
{ACAD_REACTORS
330
F
102
}
330
F
100
AcDbMLeaderStyle
179
2
170
2
171
1
172
0
 90
2
 40
0.0
 41
0.0
173
1
 91
-1056964608
 92
-2
290
1
 42
2.0
291
1
 43
8.0
  3
Standard
 44
4.0
300

342
29
174
1
175
1
176
0
178
1
 93
-1056964608
 45
4.0
292
0
297
0
 46
4.0
 94
-1056964608
 47
1.0
 49
1.0
140
1.0
294
1
141
0.0
177
0
142
1.0
295
0
296
0
143
3.75
271
0
272
9
273
9
  0
DICTIONARY
  5
2D
330
A
100
AcDbDictionary
280
1
281
1
  3
CREATED_BY_EZDXF
350
2E
  3
WRITTEN_BY_EZDXF
350
660
  0
DICTIONARYVAR
  5
2E
330
2D
100
DictionaryVariables
280
0
  1
1.4.2 @ 2026-10-06T16:31:37.941786+00:00
  0
DICTIONARYVAR
  5
660
330
2D
100
DictionaryVariables
280
0
  1
1.4.2 @ 2026-10-06T16:31:38.130743+00:00
  0
ENDSEC
  0
EOF
