  0
SECTION
  2
HEADER
  9
$ACADVER
  1
AC1024
  9
$ACADMAINTVER
 70
6
  9
$DWGCODEPAGE
  3
ANSI_1252
  9
$LASTSAVEDBY
  1
ezdxf
  9
$INSBASE
 10
0.0
 20
0.0
 30
0.0
  9
$EXTMIN
 10
12722.40868516503
 20
7344.930875178643
 30
0.0
  9
$EXTMAX
 10
16387.947573157708
 20
23478.910793766387
 30
0.0
  9
$LIMMIN
 10
0.0
 20
0.0
  9
$LIMMAX
 10
420.0
 20
297.0
  9
$ORTHOMODE
 70
0
  9
$REGENMODE
 70
1
  9
$FILLMODE
 70
1
  9
$QTEXTMODE
 70
0
  9
$MIRRTEXT
 70
1
  9
$LTSCALE
 40
1.0
  9
$ATTMODE
 70
1
  9
$TEXTSIZE
 40
2.5
  9
$TRACEWID
 40
1.0
  9
$TEXTSTYLE
  7
Standard
  9
$CLAYER
  8
0
  9
$CELTYPE
  6
ByLayer
  9
$CECOLOR
 62
256
  9
$CELTSCALE
 40
1.0
  9
$DISPSILH
 70
0
  9
$DIMSCALE
 40
1.0
  9
$DIMASZ
 40
2.5
  9
$DIMEXO
 40
0.625
  9
$DIMDLI
 40
3.75
  9
$DIMRND
 40
0.0
  9
$DIMDLE
 40
0.0
  9
$DIMEXE
 40
1.25
  9
$DIMTP
 40
0.0
  9
$DIMTM
 40
0.0
  9
$DIMTXT
 40
2.5
  9
$DIMCEN
 40
2.5
  9
$DIMTSZ
 40
0.0
  9
$DIMTOL
 70
0
  9
$DIMLIM
 70
0
  9
$DIMTIH
 70
0
  9
$DIMTOH
 70
0
  9
$DIMSE1
 70
0
  9
$DIMSE2
 70
0
  9
$DIMTAD
 70
1
  9
$DIMZIN
 70
8
  9
$DIMBLK
  1

  9
$DIMASO
 70
1
  9
$DIMSHO
 70
1
  9
$DIMPOST
  1

  9
$DIMAPOST
  1

  9
$DIMALT
 70
0
  9
$DIMALTD
 70
3
  9
$DIMALTF
 40
0.03937007874
  9
$DIMLFAC
 40
1.0
  9
$DIMTOFL
 70
1
  9
$DIMTVP
 40
0.0
  9
$DIMTIX
 70
0
  9
$DIMSOXD
 70
0
  9
$DIMSAH
 70
0
  9
$DIMBLK1
  1

  9
$DIMBLK2
  1

  9
$DIMSTYLE
  2
ISO-25
  9
$DIMCLRD
 70
0
  9
$DIMCLRE
 70
0
  9
$DIMCLRT
 70
0
  9
$DIMTFAC
 40
1.0
  9
$DIMGAP
 40
0.625
  9
$DIMJUST
 70
0
  9
$DIMSD1
 70
0
  9
$DIMSD2
 70
0
  9
$DIMTOLJ
 70
0
  9
$DIMTZIN
 70
8
  9
$DIMALTZ
 70
0
  9
$DIMALTTZ
 70
0
  9
$DIMUPT
 70
0
  9
$DIMDEC
 70
2
  9
$DIMTDEC
 70
2
  9
$DIMALTU
 70
2
  9
$DIMALTTD
 70
3
  9
$DIMTXSTY
  7
Standard
  9
$DIMAUNIT
 70
0
  9
$DIMADEC
 70
0
  9
$DIMALTRND
 40
0.0
  9
$DIMAZIN
 70
0
  9
$DIMDSEP
 70
44
  9
$DIMATFIT
 70
3
  9
$DIMFRAC
 70
0
  9
$DIMLDRBLK
  1

  9
$DIMLUNIT
 70
2
  9
$DIMLWD
 70
-2
  9
$DIMLWE
 70
-2
  9
$DIMTMOVE
 70
0
  9
$DIMFXL
 40
1.0
  9
$DIMFXLON
 70
0
  9
$DIMJOGANG
 40
0.785398163397
  9
$DIMTFILL
 70
0
  9
$DIMTFILLCLR
 70
0
  9
$DIMARCSYM
 70
0
  9
$DIMLTYPE
  6

  9
$DIMLTEX1
  6

  9
$DIMLTEX2
  6

  9
$DIMTXTDIRECTION
 70
0
  9
$LUNITS
 70
2
  9
$LUPREC
 70
4
  9
$SKETCHINC
 40
1.0
  9
$FILLETRAD
 40
10.0
  9
$AUNITS
 70
0
  9
$AUPREC
 70
2
  9
$MENU
  1
.
  9
$ELEVATION
 40
0.0
  9
$PELEVATION
 40
0.0
  9
$THICKNESS
 40
0.0
  9
$LIMCHECK
 70
0
  9
$CHAMFERA
 40
0.0
  9
$CHAMFERB
 40
0.0
  9
$CHAMFERC
 40
0.0
  9
$CHAMFERD
 40
0.0
  9
$SKPOLY
 70
0
  9
$TDCREATE
 40
2461321.720324074
  9
$TDUCREATE
 40
2458532.153996898
  9
$TDUPDATE
 40
2461321.720324074
  9
$TDUUPDATE
 40
2458532.1544311
  9
$TDINDWG
 40
0.0
  9
$TDUSRTIMER
 40
0.0
  9
$USRTIMER
 70
1
  9
$ANGBASE
 50
0.0
  9
$ANGDIR
 70
0
  9
$PDMODE
 70
0
  9
$PDSIZE
 40
0.0
  9
$PLINEWID
 40
0.0
  9
$SPLFRAME
 70
0
  9
$SPLINETYPE
 70
6
  9
$SPLINESEGS
 70
8
  9
$HANDSEED
  5
546
  9
$SURFTAB1
 70
6
  9
$SURFTAB2
 70
6
  9
$SURFTYPE
 70
6
  9
$SURFU
 70
6
  9
$SURFV
 70
6
  9
$UCSBASE
  2

  9
$UCSNAME
  2

  9
$UCSORG
 10
0.0
 20
0.0
 30
0.0
  9
$UCSXDIR
 10
1.0
 20
0.0
 30
0.0
  9
$UCSYDIR
 10
0.0
 20
1.0
 30
0.0
  9
$UCSORTHOREF
  2

  9
$UCSORTHOVIEW
 70
0
  9
$UCSORGTOP
 10
0.0
 20
0.0
 30
0.0
  9
$UCSORGBOTTOM
 10
0.0
 20
0.0
 30
0.0
  9
$UCSORGLEFT
 10
0.0
 20
0.0
 30
0.0
  9
$UCSORGRIGHT
 10
0.0
 20
0.0
 30
0.0
  9
$UCSORGFRONT
 10
0.0
 20
0.0
 30
0.0
  9
$UCSORGBACK
 10
0.0
 20
0.0
 30
0.0
  9
$PUCSBASE
  2

  9
$PUCSNAME
  2

  9
$PUCSORG
 10
0.0
 20
0.0
 30
0.0
  9
$PUCSXDIR
 10
1.0
 20
0.0
 30
0.0
  9
$PUCSYDIR
 10
0.0
 20
1.0
 30
0.0
  9
$PUCSORTHOREF
  2

  9
$PUCSORTHOVIEW
 70
0
  9
$PUCSORGTOP
 10
0.0
 20
0.0
 30
0.0
  9
$PUCSORGBOTTOM
 10
0.0
 20
0.0
 30
0.0
  9
$PUCSORGLEFT
 10
0.0
 20
0.0
 30
0.0
  9
$PUCSORGRIGHT
 10
0.0
 20
0.0
 30
0.0
  9
$PUCSORGFRONT
 10
0.0
 20
0.0
 30
0.0
  9
$PUCSORGBACK
 10
0.0
 20
0.0
 30
0.0
  9
$USERI1
 70
0
  9
$USERI2
 70
0
  9
$USERI3
 70
0
  9
$USERI4
 70
0
  9
$USERI5
 70
0
  9
$USERR1
 40
0.0
  9
$USERR2
 40
0.0
  9
$USERR3
 40
0.0
  9
$USERR4
 40
0.0
  9
$USERR5
 40
0.0
  9
$WORLDVIEW
 70
1
  9
$SHADEDGE
 70
3
  9
$SHADEDIF
 70
70
  9
$TILEMODE
 70
1
  9
$MAXACTVP
 70
64
  9
$PINSBASE
 10
0.0
 20
0.0
 30
0.0
  9
$PLIMCHECK
 70
0
  9
$PEXTMIN
 10
12722.40868516503
 20
7344.930875178643
 30
0.0
  9
$PEXTMAX
 10
16387.947573157708
 20
23478.910793766387
 30
0.0
  9
$PLIMMIN
 10
0.0
 20
0.0
  9
$PLIMMAX
 10
420.0
 20
297.0
  9
$UNITMODE
 70
0
  9
$VISRETAIN
 70
1
  9
$PLINEGEN
 70
0
  9
$PSLTSCALE
 70
1
  9
$TREEDEPTH
 70
3020
  9
$CMLSTYLE
  2
Standard
  9
$CMLJUST
 70
0
  9
$CMLSCALE
 40
20.0
  9
$PROXYGRAPHICS
 70
1
  9
$MEASUREMENT
 70
1
  9
$CELWEIGHT
370
-1
  9
$ENDCAPS
280
0
  9
$JOINSTYLE
280
0
  9
$LWDISPLAY
290
0
  9
$INSUNITS
 70
6
  9
$HYPERLINKBASE
  1

  9
$STYLESHEET
  1

  9
$XEDIT
290
1
  9
$CEPSNTYPE
380
0
  9
$PSTYLEMODE
290
1
  9
$FINGERPRINTGUID
  2
{5C51E570-40E1-4607-BCE9-58A774A1F209}
  9
$VERSIONGUID
  2
{6DE9E5BD-2FC6-4E7C-AA5A-68D81D61FD99}
  9
$EXTNAMES
290
1
  9
$PSVPSCALE
 40
0.0
  9
$OLESTARTUP
290
0
  9
$SORTENTS
280
127
  9
$INDEXCTL
280
0
  9
$HIDETEXT
280
1
  9
$XCLIPFRAME
280
1
  9
$HALOGAP
280
0
  9
$OBSCOLOR
 70
257
  9
$OBSLTYPE
280
0
  9
$INTERSECTIONDISPLAY
280
0
  9
$INTERSECTIONCOLOR
 70
257
  9
$DIMASSOC
280
2
  9
$PROJECTNAME
  1

  9
$CAMERADISPLAY
290
0
  9
$LENSLENGTH
 40
50.0
  9
$CAMERAHEIGHT
 40
0.0
  9
$STEPSPERSEC
 40
24.0
  9
$STEPSIZE
 40
100.0
  9
$3DDWFPREC
 40
2.0
  9
$PSOLWIDTH
 40
0.005
  9
$PSOLHEIGHT
 40
0.08
  9
$LOFTANG1
 40
1.570796326795
  9
$LOFTANG2
 40
1.570796326795
  9
$LOFTMAG1
 40
0.0
  9
$LOFTMAG2
 40
0.0
  9
$LOFTPARAM
 70
7
  9
$LOFTNORMALS
280
1
  9
$LATITUDE
 40
37.795
  9
$LONGITUDE
 40
-122.394
  9
$NORTHDIRECTION
 40
0.0
  9
$TIMEZONE
 70
-8000
  9
$LIGHTGLYPHDISPLAY
280
1
  9
$TILEMODELIGHTSYNCH
280
1
  9
$CMATERIAL
347
20
  9
$SOLIDHIST
280
0
  9
$SHOWHIST
280
1
  9
$DWFFRAME
280
2
  9
$DGNFRAME
280
2
  9
$REALWORLDSCALE
290
1
  9
$INTERFERECOLOR
 62
256
  9
$CSHADOW
280
0
  9
$SHADOWPLANELOCATION
 40
0.0
  0
ENDSEC
  0
SECTION
  2
CLASSES
  0
CLASS
  1
ACDBDICTIONARYWDFLT
  2
AcDbDictionaryWithDefault
  3
ObjectDBX Classes
 90
0
 91
0
280
0
281
0
  0
CLASS
  1
SUN
  2
AcDbSun
  3
SCENEOE
 90
1153
 91
0
280
0
281
0
  0
CLASS
  1
VISUALSTYLE
  2
AcDbVisualStyle
  3
ObjectDBX Classes
 90
4095
 91
0
280
0
281
0
  0
CLASS
  1
MATERIAL
  2
AcDbMaterial
  3
ObjectDBX Classes
 90
1153
 91
0
280
0
281
0
  0
CLASS
  1
SCALE
  2
AcDbScale
  3
ObjectDBX Classes
 90
1153
 91
0
280
0
281
0
  0
CLASS
  1
TABLESTYLE
  2
AcDbTableStyle
  3
ObjectDBX Classes
 90
4095
 91
0
280
0
281
0
  0
CLASS
  1
MLEADERSTYLE
  2
AcDbMLeaderStyle
  3
ACDB_MLEADERSTYLE_CLASS
 90
4095
 91
0
280
0
281
0
  0
CLASS
  1
DICTIONARYVAR
  2
AcDbDictionaryVar
  3
ObjectDBX Classes
 90
0
 91
0
280
0
281
0
  0
CLASS
  1
CELLSTYLEMAP
  2
AcDbCellStyleMap
  3
ObjectDBX Classes
 90
1152
 91
0
280
0
281
0
  0
CLASS
  1
MENTALRAYRENDERSETTINGS
  2
AcDbMentalRayRenderSettings
  3
SCENEOE
 90
1024
 91
0
280
0
281
0
  0
CLASS
  1
ACDBDETAILVIEWSTYLE
  2
AcDbDetailViewStyle
  3
ObjectDBX Classes
 90
1025
 91
0
280
0
281
0
  0
CLASS
  1
ACDBSECTIONVIEWSTYLE
  2
AcDbSectionViewStyle
  3
ObjectDBX Classes
 90
1025
 91
0
280
0
281
0
  0
CLASS
  1
RASTERVARIABLES
  2
AcDbRasterVariables
  3
ISM
 90
0
 91
0
280
0
281
0
  0
CLASS
  1
LAYOUT
  2
AcDbLayout
  3
ObjectDBX Classes
 90
0
 91
0
280
0
281
0
  0
CLASS
  1
ACDBPLACEHOLDER
  2
AcDbPlaceHolder
  3
ObjectDBX Classes
 90
0
 91
0
280
0
281
0
  0
ENDSEC
  0
SECTION
  2
TABLES
  0
TABLE
  2
VPORT
  5
8
330
0
100
AcDbSymbolTable
 70
1
  0
VPORT
  5
542
330
8
100
AcDbSymbolTableRecord
100
AcDbViewportTableRecord
  2
*Active
 70
0
 10
0.0
 20
0.0
 11
1.0
 21
1.0
 12
14555.17812916137
 22
15411.920834472516
 13
0.0
 23
0.0
 14
0.5
 24
0.5
 15
0.5
 25
0.5
 16
0.0
 26
0.0
 36
1.0
 17
0.0
 27
0.0
 37
0.0
 40
16133.979918587744
 41
1.34
 42
50.0
 43
0.0
 44
0.0
 50
0.0
 51
0.0
 71
0
 72
1000
 73
1
 74
3
 75
0
 76
0
 77
0
 78
0
281
0
 65
1
110
0.0
120
0.0
130
0.0
111
1.0
121
0.0
131
0.0
112
0.0
122
1.0
132
0.0
 79
0
146
0.0
  0
ENDTAB
  0
TABLE
  2
LTYPE
  5
2
330
0
100
AcDbSymbolTable
 70
3
  0
LTYPE
  5
24
330
2
100
AcDbSymbolTableRecord
100
AcDbLinetypeTableRecord
  2
ByBlock
 70
0
  3

 72
65
 73
0
 40
0.0
  0
LTYPE
  5
25
330
2
100
AcDbSymbolTableRecord
100
AcDbLinetypeTableRecord
  2
ByLayer
 70
0
  3

 72
65
 73
0
 40
0.0
  0
LTYPE
  5
26
330
2
100
AcDbSymbolTableRecord
100
AcDbLinetypeTableRecord
  2
Continuous
 70
0
  3

 72
65
 73
0
 40
0.0
  0
ENDTAB
  0
TABLE
  2
LAYER
  5
1
330
0
100
AcDbSymbolTable
 70
190
  0
LAYER
  5
27
330
1
100
AcDbSymbolTableRecord
100
AcDbLayerTableRecord
  2
0
 70
0
 62
7
  6
Continuous
370
-3
390
13
347
21
  0
LAYER
  5
28
330
1
100
AcDbSymbolTableRecord
100
AcDbLayerTableRecord
  2
Defpoints
 70
0
 62
7
  6
Continuous
290
0
370
-3
390
13
347
21
  0
LAYER
  5
2F
330
1
100
AcDbSymbolTableRecord
100
AcDbLayerTableRecord
  2
COLUMN NUMBER
 70
0
 62
6
  6
Continuous
370
9
390
13
347
21
  0
LAYER
  5
30
330
1
100
AcDbSymbolTableRecord
100
AcDbLayerTableRecord
  2
COLS
 70
0
 62
92
  6
Continuous
370
-3
390
13
347
21
  0
LAYER
  5
31
330
1
100
AcDbSymbolTableRecord
100
AcDbLayerTableRecord
  2
WALL
 70
0
 62
4
  6
Continuous
370
-3
390
13
347
21
  0
LAYER
  5
32
330
1
100
AcDbSymbolTableRecord
100
AcDbLayerTableRecord
  2
BOUNDARY
 70
0
 62
5
  6
Continuous
370
-3
390
13
347
21
  0
LAYER
  5
33
330
1
100
AcDbSymbolTableRecord
100
AcDbLayerTableRecord
  2
FLOOR NUMBER
 70
0
 62
1
  6
Continuous
370
-3
390
13
347
21
  0
LAYER
  5
34
330
1
100
AcDbSymbolTableRecord
100
AcDbLayerTableRecord
  2
POINT
 70
0
 62
6
  6
Continuous
370
-3
390
13
347
21
  0
LAYER
  5
149
330
1
100
AcDbSymbolTableRecord
100
AcDbLayerTableRecord
  2
FLOOR_0_BOUNDARY
 70
0
 62
5
  6
Continuous
370
-3
390
13
347
21
  0
LAYER
  5
14A
330
1
100
AcDbSymbolTableRecord
100
AcDbLayerTableRecord
  2
FLOOR_0_COLUMNS
 70
0
 62
7
  6
Continuous
370
-3
390
13
347
21
  0
LAYER
  5
14B
330
1
100
AcDbSymbolTableRecord
100
AcDbLayerTableRecord
  2
FLOOR_0_AREA_LABELS
 70
0
 62
3
  6
Continuous
370
-3
390
13
347
21
  0
LAYER
  5
14C
330
1
100
AcDbSymbolTableRecord
100
AcDbLayerTableRecord
  2
FLOOR_0_LARGE_TRIBUTARY
 70
0
 62
6
  6
Continuous
370
-3
390
13
347
21
  0
LAYER
  5
14D
330
1
100
AcDbSymbolTableRecord
100
AcDbLayerTableRecord
  2
FLOOR_0_WALL
 70
0
 62
4
  6
Continuous
370
-3
390
13
347
21
  0
LAYER
  5
14E
330
1
100
AcDbSymbolTableRecord
100
AcDbLayerTableRecord
  2
FLOOR_0_DATUM
 70
0
 62
4
  6
Continuous
370
-3
390
13
347
21
  0
LAYER
  5
168
330
1
100
AcDbSymbolTableRecord
100
AcDbLayerTableRecord
  2
FLOOR_0_TRIBUTARY_COL_0
 70
0
 62
2
  6
Continuous
370
-3
390
13
347
21
  0
LAYER
  5
16B
330
1
100
AcDbSymbolTableRecord
100
AcDbLayerTableRecord
  2
FLOOR_0_TRIBUTARY_COL_1
 70
0
 62
2
  6
Continuous
370
-3
390
13
347
21
  0
LAYER
  5
16E
330
1
100
AcDbSymbolTableRecord
100
AcDbLayerTableRecord
  2
FLOOR_0_TRIBUTARY_COL_2
 70
0
 62
2
  6
Continuous
370
-3
390
13
347
21
  0
LAYER
  5
171
330
1
100
AcDbSymbolTableRecord
100
AcDbLayerTableRecord
  2
FLOOR_0_TRIBUTARY_COL_3
 70
0
 62
2
  6
Continuous
370
-3
390
13
347
21
  0
LAYER
  5
173
330
1
100
AcDbSymbolTableRecord
100
AcDbLayerTableRecord
  2
FLOOR_0_TRIBUTARY_COL_4
 70
0
 62
2
  6
Continuous
370
-3
390
13
347
21
  0
LAYER
  5
175
330
1
100
AcDbSymbolTableRecord
100
AcDbLayerTableRecord
  2
FLOOR_0_TRIBUTARY_COL_5
 70
0
 62
2
  6
Continuous
370
-3
390
13
347
21
  0
LAYER
  5
177
330
1
100
AcDbSymbolTableRecord
100
AcDbLayerTableRecord
  2
FLOOR_0_TRIBUTARY_COL_6
 70
0
 62
2
  6
Continuous
370
-3
390
13
347
21
  0
LAYER
  5
179
330
1
100
AcDbSymbolTableRecord
100
AcDbLayerTableRecord
  2
FLOOR_0_TRIBUTARY_COL_7
 70
0
 62
2
  6
Continuous
370
-3
390
13
347
21
  0
LAYER
  5
17B
330
1
100
AcDbSymbolTableRecord
100
AcDbLayerTableRecord
  2
FLOOR_0_TRIBUTARY_COL_8
 70
0
 62
2
  6
Continuous
370
-3
390
13
347
21
  0
LAYER
  5
17D
330
1
100
AcDbSymbolTableRecord
100
AcDbLayerTableRecord
  2
FLOOR_0_TRIBUTARY_COL_9
 70
0
 62
2
  6
Continuous
370
-3
390
13
347
21
  0
LAYER
  5
180
330
1
100
AcDbSymbolTableRecord
100
AcDbLayerTableRecord
  2
FLOOR_0_TRIBUTARY_COL_10
 70
0
 62
2
  6
Continuous
370
-3
390
13
347
21
  0
LAYER
  5
183
330
1
100
AcDbSymbolTableRecord
100
AcDbLayerTableRecord
  2
FLOOR_0_TRIBUTARY_COL_11
 70
0
 62
2
  6
Continuous
370
-3
390
13
347
21
  0
LAYER
  5
185
330
1
100
AcDbSymbolTableRecord
100
AcDbLayerTableRecord
  2
FLOOR_0_TRIBUTARY_COL_12
 70
0
 62
2
  6
Continuous
370
-3
390
13
347
21
  0
LAYER
  5
188
330
1
100
AcDbSymbolTableRecord
100
AcDbLayerTableRecord
  2
FLOOR_0_TRIBUTARY_COL_13
 70
0
 62
2
  6
Continuous
370
-3
390
13
347
21
  0
LAYER
  5
18B
330
1
100
AcDbSymbolTableRecord
100
AcDbLayerTableRecord
  2
FLOOR_0_TRIBUTARY_COL_14
 70
0
 62
2
  6
Continuous
370
-3
390
13
347
21
  0
LAYER
  5
18E
330
1
100
AcDbSymbolTableRecord
100
AcDbLayerTableRecord
  2
FLOOR_0_TRIBUTARY_COL_15
 70
0
 62
2
  6
Continuous
370
-3
390
13
347
21
  0
LAYER
  5
191
330
1
100
AcDbSymbolTableRecord
100
AcDbLayerTableRecord
  2
FLOOR_0_TRIBUTARY_COL_16
 70
0
 62
2
  6
Continuous
370
-3
390
13
347
21
  0
LAYER
  5
194
330
1
100
AcDbSymbolTableRecord
100
AcDbLayerTableRecord
  2
FLOOR_0_TRIBUTARY_COL_17
 70
0
 62
2
  6
Continuous
370
-3
390
13
347
21
  0
LAYER
  5
197
330
1
100
AcDbSymbolTableRecord
100
AcDbLayerTableRecord
  2
FLOOR_0_TRIBUTARY_COL_18
 70
0
 62
2
  6
Continuous
370
-3
390
13
347
21
  0
LAYER
  5
19A
330
1
100
AcDbSymbolTableRecord
100
AcDbLayerTableRecord
  2
FLOOR_0_TRIBUTARY_COL_19
 70
0
 62
2
  6
Continuous
370
-3
390
13
347
21
  0
LAYER
  5
19D
330
1
100
AcDbSymbolTableRecord
100
AcDbLayerTableRecord
  2
FLOOR_0_WALL_TRIBUTARY_0
 70
0
 62
1
  6
Continuous
370
-3
390
13
347
21
  0
LAYER
  5
1D3
330
1
100
AcDbSymbolTableRecord
100
AcDbLayerTableRecord
  2
FLOOR_0_WALL_TRIBUTARY_1
 70
0
 62
1
  6
Continuous
370
-3
390
13
347
21
  0
LAYER
  5
1DB
330
1
100
AcDbSymbolTableRecord
100
AcDbLayerTableRecord
  2
FLOOR_0_WALL_TRIBUTARY_2
 70
0
 62
1
  6
Continuous
370
-3
390
13
347
21
  0
LAYER
  5
1E7
330
1
100
AcDbSymbolTableRecord
100
AcDbLayerTableRecord
  2
FLOOR_0_WALL_TRIBUTARY_3
 70
0
 62
1
  6
Continuous
370
-3
390
13
347
21
  0
LAYER
  5
1ED
330
1
100
AcDbSymbolTableRecord
100
AcDbLayerTableRecord
  2
FLOOR_0_WALL_TRIBUTARY_4
 70
0
 62
1
  6
Continuous
370
-3
390
13
347
21
  0
LAYER
  5
1F7
330
1
100
AcDbSymbolTableRecord
100
AcDbLayerTableRecord
  2
FLOOR_0_WALL_TRIBUTARY_5
 70
0
 62
1
  6
Continuous
370
-3
390
13
347
21
  0
LAYER
  5
201
330
1
100
AcDbSymbolTableRecord
100
AcDbLayerTableRecord
  2
FLOOR_0_WALL_TRIBUTARY_6
 70
0
 62
1
  6
Continuous
370
-3
390
13
347
21
  0
LAYER
  5
205
330
1
100
AcDbSymbolTableRecord
100
AcDbLayerTableRecord
  2
FLOOR_0_WALL_TRIBUTARY_7
 70
0
 62
1
  6
Continuous
370
-3
390
13
347
21
  0
LAYER
  5
21D
330
1
100
AcDbSymbolTableRecord
100
AcDbLayerTableRecord
  2
FLOOR_0_FASCADE_COLUMNS
 70
0
 62
30
  6
Continuous
370
-3
390
13
347
21
  0
LAYER
  5
21E
330
1
100
AcDbSymbolTableRecord
100
AcDbLayerTableRecord
  2
FLOOR_0_FASCADE_WALLS
 70
0
 62
4
  6
Continuous
370
-3
390
13
347
21
  0
LAYER
  5
257
330
1
100
AcDbSymbolTableRecord
100
AcDbLayerTableRecord
  2
FLOOR_1_BOUNDARY
 70
0
 62
5
  6
Continuous
370
-3
390
13
347
21
  0
LAYER
  5
258
330
1
100
AcDbSymbolTableRecord
100
AcDbLayerTableRecord
  2
FLOOR_1_COLUMNS
 70
0
 62
7
  6
Continuous
370
-3
390
13
347
21
  0
LAYER
  5
259
330
1
100
AcDbSymbolTableRecord
100
AcDbLayerTableRecord
  2
FLOOR_1_AREA_LABELS
 70
0
 62
3
  6
Continuous
370
-3
390
13
347
21
  0
LAYER
  5
25A
330
1
100
AcDbSymbolTableRecord
100
AcDbLayerTableRecord
  2
FLOOR_1_LARGE_TRIBUTARY
 70
0
 62
6
  6
Continuous
370
-3
390
13
347
21
  0
LAYER
  5
25B
330
1
100
AcDbSymbolTableRecord
100
AcDbLayerTableRecord
  2
FLOOR_1_WALL
 70
0
 62
4
  6
Continuous
370
-3
390
13
347
21
  0
LAYER
  5
25C
330
1
100
AcDbSymbolTableRecord
100
AcDbLayerTableRecord
  2
FLOOR_1_DATUM
 70
0
 62
4
  6
Continuous
370
-3
390
13
347
21
  0
LAYER
  5
277
330
1
100
AcDbSymbolTableRecord
100
AcDbLayerTableRecord
  2
FLOOR_1_TRIBUTARY_COL_0
 70
0
 62
2
  6
Continuous
370
-3
390
13
347
21
  0
LAYER
  5
27A
330
1
100
AcDbSymbolTableRecord
100
AcDbLayerTableRecord
  2
FLOOR_1_TRIBUTARY_COL_1
 70
0
 62
2
  6
Continuous
370
-3
390
13
347
21
  0
LAYER
  5
27D
330
1
100
AcDbSymbolTableRecord
100
AcDbLayerTableRecord
  2
FLOOR_1_TRIBUTARY_COL_2
 70
0
 62
2
  6
Continuous
370
-3
390
13
347
21
  0
LAYER
  5
280
330
1
100
AcDbSymbolTableRecord
100
AcDbLayerTableRecord
  2
FLOOR_1_TRIBUTARY_COL_3
 70
0
 62
2
  6
Continuous
370
-3
390
13
347
21
  0
LAYER
  5
283
330
1
100
AcDbSymbolTableRecord
100
AcDbLayerTableRecord
  2
FLOOR_1_TRIBUTARY_COL_4
 70
0
 62
2
  6
Continuous
370
-3
390
13
347
21
  0
LAYER
  5
286
330
1
100
AcDbSymbolTableRecord
100
AcDbLayerTableRecord
  2
FLOOR_1_TRIBUTARY_COL_5
 70
0
 62
2
  6
Continuous
370
-3
390
13
347
21
  0
LAYER
  5
289
330
1
100
AcDbSymbolTableRecord
100
AcDbLayerTableRecord
  2
FLOOR_1_TRIBUTARY_COL_6
 70
0
 62
2
  6
Continuous
370
-3
390
13
347
21
  0
LAYER
  5
28C
330
1
100
AcDbSymbolTableRecord
100
AcDbLayerTableRecord
  2
FLOOR_1_TRIBUTARY_COL_7
 70
0
 62
2
  6
Continuous
370
-3
390
13
347
21
  0
LAYER
  5
28F
330
1
100
AcDbSymbolTableRecord
100
AcDbLayerTableRecord
  2
FLOOR_1_TRIBUTARY_COL_8
 70
0
 62
2
  6
Continuous
370
-3
390
13
347
21
  0
LAYER
  5
292
330
1
100
AcDbSymbolTableRecord
100
AcDbLayerTableRecord
  2
FLOOR_1_TRIBUTARY_COL_9
 70
0
 62
2
  6
Continuous
370
-3
390
13
347
21
  0
LAYER
  5
295
330
1
100
AcDbSymbolTableRecord
100
AcDbLayerTableRecord
  2
FLOOR_1_TRIBUTARY_COL_10
 70
0
 62
2
  6
Continuous
370
-3
390
13
347
21
  0
LAYER
  5
298
330
1
100
AcDbSymbolTableRecord
100
AcDbLayerTableRecord
  2
FLOOR_1_TRIBUTARY_COL_11
 70
0
 62
2
  6
Continuous
370
-3
390
13
347
21
  0
LAYER
  5
29B
330
1
100
AcDbSymbolTableRecord
100
AcDbLayerTableRecord
  2
FLOOR_1_TRIBUTARY_COL_12
 70
0
 62
2
  6
Continuous
370
-3
390
13
347
21
  0
LAYER
  5
29E
330
1
100
AcDbSymbolTableRecord
100
AcDbLayerTableRecord
  2
FLOOR_1_TRIBUTARY_COL_13
 70
0
 62
2
  6
Continuous
370
-3
390
13
347
21
  0
LAYER
  5
2A1
330
1
100
AcDbSymbolTableRecord
100
AcDbLayerTableRecord
  2
FLOOR_1_TRIBUTARY_COL_14
 70
0
 62
2
  6
Continuous
370
-3
390
13
347
21
  0
LAYER
  5
2A4
330
1
100
AcDbSymbolTableRecord
100
AcDbLayerTableRecord
  2
FLOOR_1_TRIBUTARY_COL_15
 70
0
 62
2
  6
Continuous
370
-3
390
13
347
21
  0
LAYER
  5
2A7
330
1
100
AcDbSymbolTableRecord
100
AcDbLayerTableRecord
  2
FLOOR_1_TRIBUTARY_COL_16
 70
0
 62
2
  6
Continuous
370
-3
390
13
347
21
  0
LAYER
  5
2AA
330
1
100
AcDbSymbolTableRecord
100
AcDbLayerTableRecord
  2
FLOOR_1_TRIBUTARY_COL_17
 70
0
 62
2
  6
Continuous
370
-3
390
13
347
21
  0
LAYER
  5
2AD
330
1
100
AcDbSymbolTableRecord
100
AcDbLayerTableRecord
  2
FLOOR_1_TRIBUTARY_COL_18
 70
0
 62
2
  6
Continuous
370
-3
390
13
347
21
  0
LAYER
  5
2B0
330
1
100
AcDbSymbolTableRecord
100
AcDbLayerTableRecord
  2
FLOOR_1_TRIBUTARY_COL_19
 70
0
 62
2
  6
Continuous
370
-3
390
13
347
21
  0
LAYER
  5
2B3
330
1
100
AcDbSymbolTableRecord
100
AcDbLayerTableRecord
  2
FLOOR_1_WALL_TRIBUTARY_10
 70
0
 62
1
  6
Continuous
370
-3
390
13
347
21
  0
LAYER
  5
2B7
330
1
100
AcDbSymbolTableRecord
100
AcDbLayerTableRecord
  2
FLOOR_1_WALL_TRIBUTARY_11
 70
0
 62
1
  6
Continuous
370
-3
390
13
347
21
  0
LAYER
  5
2CF
330
1
100
AcDbSymbolTableRecord
100
AcDbLayerTableRecord
  2
FLOOR_1_FASCADE_COLUMNS
 70
0
 62
30
  6
Continuous
370
-3
390
13
347
21
  0
LAYER
  5
2D0
330
1
100
AcDbSymbolTableRecord
100
AcDbLayerTableRecord
  2
FLOOR_1_FASCADE_WALLS
 70
0
 62
4
  6
Continuous
370
-3
390
13
347
21
  0
LAYER
  5
2F1
330
1
100
AcDbSymbolTableRecord
100
AcDbLayerTableRecord
  2
FLOOR_2_BOUNDARY
 70
0
 62
5
  6
Continuous
370
-3
390
13
347
21
  0
LAYER
  5
2F2
330
1
100
AcDbSymbolTableRecord
100
AcDbLayerTableRecord
  2
FLOOR_2_COLUMNS
 70
0
 62
7
  6
Continuous
370
-3
390
13
347
21
  0
LAYER
  5
2F3
330
1
100
AcDbSymbolTableRecord
100
AcDbLayerTableRecord
  2
FLOOR_2_AREA_LABELS
 70
0
 62
3
  6
Continuous
370
-3
390
13
347
21
  0
LAYER
  5
2F4
330
1
100
AcDbSymbolTableRecord
100
AcDbLayerTableRecord
  2
FLOOR_2_LARGE_TRIBUTARY
 70
0
 62
6
  6
Continuous
370
-3
390
13
347
21
  0
LAYER
  5
2F5
330
1
100
AcDbSymbolTableRecord
100
AcDbLayerTableRecord
  2
FLOOR_2_WALL
 70
0
 62
4
  6
Continuous
370
-3
390
13
347
21
  0
LAYER
  5
2F6
330
1
100
AcDbSymbolTableRecord
100
AcDbLayerTableRecord
  2
FLOOR_2_DATUM
 70
0
 62
4
  6
Continuous
370
-3
390
13
347
21
  0
LAYER
  5
310
330
1
100
AcDbSymbolTableRecord
100
AcDbLayerTableRecord
  2
FLOOR_2_TRIBUTARY_COL_0
 70
0
 62
2
  6
Continuous
370
-3
390
13
347
21
  0
LAYER
  5
313
330
1
100
AcDbSymbolTableRecord
100
AcDbLayerTableRecord
  2
FLOOR_2_TRIBUTARY_COL_1
 70
0
 62
2
  6
Continuous
370
-3
390
13
347
21
  0
LAYER
  5
316
330
1
100
AcDbSymbolTableRecord
100
AcDbLayerTableRecord
  2
FLOOR_2_TRIBUTARY_COL_2
 70
0
 62
2
  6
Continuous
370
-3
390
13
347
21
  0
LAYER
  5
319
330
1
100
AcDbSymbolTableRecord
100
AcDbLayerTableRecord
  2
FLOOR_2_TRIBUTARY_COL_3
 70
0
 62
2
  6
Continuous
370
-3
390
13
347
21
  0
LAYER
  5
31C
330
1
100
AcDbSymbolTableRecord
100
AcDbLayerTableRecord
  2
FLOOR_2_TRIBUTARY_COL_4
 70
0
 62
2
  6
Continuous
370
-3
390
13
347
21
  0
LAYER
  5
31F
330
1
100
AcDbSymbolTableRecord
100
AcDbLayerTableRecord
  2
FLOOR_2_TRIBUTARY_COL_5
 70
0
 62
2
  6
Continuous
370
-3
390
13
347
21
  0
LAYER
  5
322
330
1
100
AcDbSymbolTableRecord
100
AcDbLayerTableRecord
  2
FLOOR_2_TRIBUTARY_COL_6
 70
0
 62
2
  6
Continuous
370
-3
390
13
347
21
  0
LAYER
  5
325
330
1
100
AcDbSymbolTableRecord
100
AcDbLayerTableRecord
  2
FLOOR_2_TRIBUTARY_COL_7
 70
0
 62
2
  6
Continuous
370
-3
390
13
347
21
  0
LAYER
  5
328
330
1
100
AcDbSymbolTableRecord
100
AcDbLayerTableRecord
  2
FLOOR_2_TRIBUTARY_COL_8
 70
0
 62
2
  6
Continuous
370
-3
390
13
347
21
  0
LAYER
  5
32B
330
1
100
AcDbSymbolTableRecord
100
AcDbLayerTableRecord
  2
FLOOR_2_TRIBUTARY_COL_9
 70
0
 62
2
  6
Continuous
370
-3
390
13
347
21
  0
LAYER
  5
32E
330
1
100
AcDbSymbolTableRecord
100
AcDbLayerTableRecord
  2
FLOOR_2_TRIBUTARY_COL_10
 70
0
 62
2
  6
Continuous
370
-3
390
13
347
21
  0
LAYER
  5
331
330
1
100
AcDbSymbolTableRecord
100
AcDbLayerTableRecord
  2
FLOOR_2_TRIBUTARY_COL_11
 70
0
 62
2
  6
Continuous
370
-3
390
13
347
21
  0
LAYER
  5
334
330
1
100
AcDbSymbolTableRecord
100
AcDbLayerTableRecord
  2
FLOOR_2_TRIBUTARY_COL_12
 70
0
 62
2
  6
Continuous
370
-3
390
13
347
21
  0
LAYER
  5
337
330
1
100
AcDbSymbolTableRecord
100
AcDbLayerTableRecord
  2
FLOOR_2_TRIBUTARY_COL_13
 70
0
 62
2
  6
Continuous
370
-3
390
13
347
21
  0
LAYER
  5
33A
330
1
100
AcDbSymbolTableRecord
100
AcDbLayerTableRecord
  2
FLOOR_2_TRIBUTARY_COL_14
 70
0
 62
2
  6
Continuous
370
-3
390
13
347
21
  0
LAYER
  5
33D
330
1
100
AcDbSymbolTableRecord
100
AcDbLayerTableRecord
  2
FLOOR_2_TRIBUTARY_COL_15
 70
0
 62
2
  6
Continuous
370
-3
390
13
347
21
  0
LAYER
  5
340
330
1
100
AcDbSymbolTableRecord
100
AcDbLayerTableRecord
  2
FLOOR_2_TRIBUTARY_COL_16
 70
0
 62
2
  6
Continuous
370
-3
390
13
347
21
  0
LAYER
  5
343
330
1
100
AcDbSymbolTableRecord
100
AcDbLayerTableRecord
  2
FLOOR_2_TRIBUTARY_COL_17
 70
0
 62
2
  6
Continuous
370
-3
390
13
347
21
  0
LAYER
  5
346
330
1
100
AcDbSymbolTableRecord
100
AcDbLayerTableRecord
  2
FLOOR_2_TRIBUTARY_COL_18
 70
0
 62
2
  6
Continuous
370
-3
390
13
347
21
  0
LAYER
  5
349
330
1
100
AcDbSymbolTableRecord
100
AcDbLayerTableRecord
  2
FLOOR_2_TRIBUTARY_COL_19
 70
0
 62
2
  6
Continuous
370
-3
390
13
347
21
  0
LAYER
  5
34C
330
1
100
AcDbSymbolTableRecord
100
AcDbLayerTableRecord
  2
FLOOR_2_WALL_TRIBUTARY_8
 70
0
 62
1
  6
Continuous
370
-3
390
13
347
21
  0
LAYER
  5
350
330
1
100
AcDbSymbolTableRecord
100
AcDbLayerTableRecord
  2
FLOOR_2_WALL_TRIBUTARY_9
 70
0
 62
1
  6
Continuous
370
-3
390
13
347
21
  0
LAYER
  5
368
330
1
100
AcDbSymbolTableRecord
100
AcDbLayerTableRecord
  2
FLOOR_2_FASCADE_COLUMNS
 70
0
 62
30
  6
Continuous
370
-3
390
13
347
21
  0
LAYER
  5
369
330
1
100
AcDbSymbolTableRecord
100
AcDbLayerTableRecord
  2
FLOOR_2_FASCADE_WALLS
 70
0
 62
4
  6
Continuous
370
-3
390
13
347
21
  0
LAYER
  5
388
330
1
100
AcDbSymbolTableRecord
100
AcDbLayerTableRecord
  2
FLOOR_3_BOUNDARY
 70
0
 62
5
  6
Continuous
370
-3
390
13
347
21
  0
LAYER
  5
389
330
1
100
AcDbSymbolTableRecord
100
AcDbLayerTableRecord
  2
FLOOR_3_COLUMNS
 70
0
 62
7
  6
Continuous
370
-3
390
13
347
21
  0
LAYER
  5
38A
330
1
100
AcDbSymbolTableRecord
100
AcDbLayerTableRecord
  2
FLOOR_3_AREA_LABELS
 70
0
 62
3
  6
Continuous
370
-3
390
13
347
21
  0
LAYER
  5
38B
330
1
100
AcDbSymbolTableRecord
100
AcDbLayerTableRecord
  2
FLOOR_3_LARGE_TRIBUTARY
 70
0
 62
6
  6
Continuous
370
-3
390
13
347
21
  0
LAYER
  5
38C
330
1
100
AcDbSymbolTableRecord
100
AcDbLayerTableRecord
  2
FLOOR_3_WALL
 70
0
 62
4
  6
Continuous
370
-3
390
13
347
21
  0
LAYER
  5
38D
330
1
100
AcDbSymbolTableRecord
100
AcDbLayerTableRecord
  2
FLOOR_3_DATUM
 70
0
 62
4
  6
Continuous
370
-3
390
13
347
21
  0
LAYER
  5
3A5
330
1
100
AcDbSymbolTableRecord
100
AcDbLayerTableRecord
  2
FLOOR_3_TRIBUTARY_COL_0
 70
0
 62
2
  6
Continuous
370
-3
390
13
347
21
  0
LAYER
  5
3A8
330
1
100
AcDbSymbolTableRecord
100
AcDbLayerTableRecord
  2
FLOOR_3_TRIBUTARY_COL_1
 70
0
 62
2
  6
Continuous
370
-3
390
13
347
21
  0
LAYER
  5
3AB
330
1
100
AcDbSymbolTableRecord
100
AcDbLayerTableRecord
  2
FLOOR_3_TRIBUTARY_COL_2
 70
0
 62
2
  6
Continuous
370
-3
390
13
347
21
  0
LAYER
  5
3AE
330
1
100
AcDbSymbolTableRecord
100
AcDbLayerTableRecord
  2
FLOOR_3_TRIBUTARY_COL_3
 70
0
 62
2
  6
Continuous
370
-3
390
13
347
21
  0
LAYER
  5
3B1
330
1
100
AcDbSymbolTableRecord
100
AcDbLayerTableRecord
  2
FLOOR_3_TRIBUTARY_COL_4
 70
0
 62
2
  6
Continuous
370
-3
390
13
347
21
  0
LAYER
  5
3B4
330
1
100
AcDbSymbolTableRecord
100
AcDbLayerTableRecord
  2
FLOOR_3_TRIBUTARY_COL_5
 70
0
 62
2
  6
Continuous
370
-3
390
13
347
21
  0
LAYER
  5
3B7
330
1
100
AcDbSymbolTableRecord
100
AcDbLayerTableRecord
  2
FLOOR_3_TRIBUTARY_COL_6
 70
0
 62
2
  6
Continuous
370
-3
390
13
347
21
  0
LAYER
  5
3BA
330
1
100
AcDbSymbolTableRecord
100
AcDbLayerTableRecord
  2
FLOOR_3_TRIBUTARY_COL_7
 70
0
 62
2
  6
Continuous
370
-3
390
13
347
21
  0
LAYER
  5
3BD
330
1
100
AcDbSymbolTableRecord
100
AcDbLayerTableRecord
  2
FLOOR_3_TRIBUTARY_COL_8
 70
0
 62
2
  6
Continuous
370
-3
390
13
347
21
  0
LAYER
  5
3C0
330
1
100
AcDbSymbolTableRecord
100
AcDbLayerTableRecord
  2
FLOOR_3_TRIBUTARY_COL_9
 70
0
 62
2
  6
Continuous
370
-3
390
13
347
21
  0
LAYER
  5
3C3
330
1
100
AcDbSymbolTableRecord
100
AcDbLayerTableRecord
  2
FLOOR_3_TRIBUTARY_COL_10
 70
0
 62
2
  6
Continuous
370
-3
390
13
347
21
  0
LAYER
  5
3C6
330
1
100
AcDbSymbolTableRecord
100
AcDbLayerTableRecord
  2
FLOOR_3_TRIBUTARY_COL_11
 70
0
 62
2
  6
Continuous
370
-3
390
13
347
21
  0
LAYER
  5
3C9
330
1
100
AcDbSymbolTableRecord
100
AcDbLayerTableRecord
  2
FLOOR_3_TRIBUTARY_COL_12
 70
0
 62
2
  6
Continuous
370
-3
390
13
347
21
  0
LAYER
  5
3CC
330
1
100
AcDbSymbolTableRecord
100
AcDbLayerTableRecord
  2
FLOOR_3_TRIBUTARY_COL_13
 70
0
 62
2
  6
Continuous
370
-3
390
13
347
21
  0
LAYER
  5
3CF
330
1
100
AcDbSymbolTableRecord
100
AcDbLayerTableRecord
  2
FLOOR_3_TRIBUTARY_COL_14
 70
0
 62
2
  6
Continuous
370
-3
390
13
347
21
  0
LAYER
  5
3D2
330
1
100
AcDbSymbolTableRecord
100
AcDbLayerTableRecord
  2
FLOOR_3_TRIBUTARY_COL_15
 70
0
 62
2
  6
Continuous
370
-3
390
13
347
21
  0
LAYER
  5
3D5
330
1
100
AcDbSymbolTableRecord
100
AcDbLayerTableRecord
  2
FLOOR_3_TRIBUTARY_COL_16
 70
0
 62
2
  6
Continuous
370
-3
390
13
347
21
  0
LAYER
  5
3D8
330
1
100
AcDbSymbolTableRecord
100
AcDbLayerTableRecord
  2
FLOOR_3_TRIBUTARY_COL_17
 70
0
 62
2
  6
Continuous
370
-3
390
13
347
21
  0
LAYER
  5
3DB
330
1
100
AcDbSymbolTableRecord
100
AcDbLayerTableRecord
  2
FLOOR_3_WALL_TRIBUTARY_12
 70
0
 62
1
  6
Continuous
370
-3
390
13
347
21
  0
LAYER
  5
3DF
330
1
100
AcDbSymbolTableRecord
100
AcDbLayerTableRecord
  2
FLOOR_3_WALL_TRIBUTARY_13
 70
0
 62
1
  6
Continuous
370
-3
390
13
347
21
  0
LAYER
  5
3F5
330
1
100
AcDbSymbolTableRecord
100
AcDbLayerTableRecord
  2
FLOOR_3_FASCADE_COLUMNS
 70
0
 62
30
  6
Continuous
370
-3
390
13
347
21
  0
LAYER
  5
3F6
330
1
100
AcDbSymbolTableRecord
100
AcDbLayerTableRecord
  2
FLOOR_3_FASCADE_WALLS
 70
0
 62
4
  6
Continuous
370
-3
390
13
347
21
  0
LAYER
  5
419
330
1
100
AcDbSymbolTableRecord
100
AcDbLayerTableRecord
  2
FLOOR_4_BOUNDARY
 70
0
 62
5
  6
Continuous
370
-3
390
13
347
21
  0
LAYER
  5
41A
330
1
100
AcDbSymbolTableRecord
100
AcDbLayerTableRecord
  2
FLOOR_4_COLUMNS
 70
0
 62
7
  6
Continuous
370
-3
390
13
347
21
  0
LAYER
  5
41B
330
1
100
AcDbSymbolTableRecord
100
AcDbLayerTableRecord
  2
FLOOR_4_AREA_LABELS
 70
0
 62
3
  6
Continuous
370
-3
390
13
347
21
  0
LAYER
  5
41C
330
1
100
AcDbSymbolTableRecord
100
AcDbLayerTableRecord
  2
FLOOR_4_LARGE_TRIBUTARY
 70
0
 62
6
  6
Continuous
370
-3
390
13
347
21
  0
LAYER
  5
41D
330
1
100
AcDbSymbolTableRecord
100
AcDbLayerTableRecord
  2
FLOOR_4_WALL
 70
0
 62
4
  6
Continuous
370
-3
390
13
347
21
  0
LAYER
  5
41E
330
1
100
AcDbSymbolTableRecord
100
AcDbLayerTableRecord
  2
FLOOR_4_DATUM
 70
0
 62
4
  6
Continuous
370
-3
390
13
347
21
  0
LAYER
  5
439
330
1
100
AcDbSymbolTableRecord
100
AcDbLayerTableRecord
  2
FLOOR_4_TRIBUTARY_COL_0
 70
0
 62
2
  6
Continuous
370
-3
390
13
347
21
  0
LAYER
  5
43C
330
1
100
AcDbSymbolTableRecord
100
AcDbLayerTableRecord
  2
FLOOR_4_TRIBUTARY_COL_1
 70
0
 62
2
  6
Continuous
370
-3
390
13
347
21
  0
LAYER
  5
43F
330
1
100
AcDbSymbolTableRecord
100
AcDbLayerTableRecord
  2
FLOOR_4_TRIBUTARY_COL_2
 70
0
 62
2
  6
Continuous
370
-3
390
13
347
21
  0
LAYER
  5
442
330
1
100
AcDbSymbolTableRecord
100
AcDbLayerTableRecord
  2
FLOOR_4_TRIBUTARY_COL_3
 70
0
 62
2
  6
Continuous
370
-3
390
13
347
21
  0
LAYER
  5
445
330
1
100
AcDbSymbolTableRecord
100
AcDbLayerTableRecord
  2
FLOOR_4_TRIBUTARY_COL_4
 70
0
 62
2
  6
Continuous
370
-3
390
13
347
21
  0
LAYER
  5
448
330
1
100
AcDbSymbolTableRecord
100
AcDbLayerTableRecord
  2
FLOOR_4_TRIBUTARY_COL_5
 70
0
 62
2
  6
Continuous
370
-3
390
13
347
21
  0
LAYER
  5
44B
330
1
100
AcDbSymbolTableRecord
100
AcDbLayerTableRecord
  2
FLOOR_4_TRIBUTARY_COL_6
 70
0
 62
2
  6
Continuous
370
-3
390
13
347
21
  0
LAYER
  5
44E
330
1
100
AcDbSymbolTableRecord
100
AcDbLayerTableRecord
  2
FLOOR_4_TRIBUTARY_COL_7
 70
0
 62
2
  6
Continuous
370
-3
390
13
347
21
  0
LAYER
  5
451
330
1
100
AcDbSymbolTableRecord
100
AcDbLayerTableRecord
  2
FLOOR_4_TRIBUTARY_COL_8
 70
0
 62
2
  6
Continuous
370
-3
390
13
347
21
  0
LAYER
  5
454
330
1
100
AcDbSymbolTableRecord
100
AcDbLayerTableRecord
  2
FLOOR_4_TRIBUTARY_COL_9
 70
0
 62
2
  6
Continuous
370
-3
390
13
347
21
  0
LAYER
  5
457
330
1
100
AcDbSymbolTableRecord
100
AcDbLayerTableRecord
  2
FLOOR_4_TRIBUTARY_COL_10
 70
0
 62
2
  6
Continuous
370
-3
390
13
347
21
  0
LAYER
  5
45A
330
1
100
AcDbSymbolTableRecord
100
AcDbLayerTableRecord
  2
FLOOR_4_TRIBUTARY_COL_11
 70
0
 62
2
  6
Continuous
370
-3
390
13
347
21
  0
LAYER
  5
45D
330
1
100
AcDbSymbolTableRecord
100
AcDbLayerTableRecord
  2
FLOOR_4_TRIBUTARY_COL_12
 70
0
 62
2
  6
Continuous
370
-3
390
13
347
21
  0
LAYER
  5
460
330
1
100
AcDbSymbolTableRecord
100
AcDbLayerTableRecord
  2
FLOOR_4_TRIBUTARY_COL_13
 70
0
 62
2
  6
Continuous
370
-3
390
13
347
21
  0
LAYER
  5
463
330
1
100
AcDbSymbolTableRecord
100
AcDbLayerTableRecord
  2
FLOOR_4_TRIBUTARY_COL_14
 70
0
 62
2
  6
Continuous
370
-3
390
13
347
21
  0
LAYER
  5
466
330
1
100
AcDbSymbolTableRecord
100
AcDbLayerTableRecord
  2
FLOOR_4_TRIBUTARY_COL_15
 70
0
 62
2
  6
Continuous
370
-3
390
13
347
21
  0
LAYER
  5
469
330
1
100
AcDbSymbolTableRecord
100
AcDbLayerTableRecord
  2
FLOOR_4_TRIBUTARY_COL_16
 70
0
 62
2
  6
Continuous
370
-3
390
13
347
21
  0
LAYER
  5
46C
330
1
100
AcDbSymbolTableRecord
100
AcDbLayerTableRecord
  2
FLOOR_4_TRIBUTARY_COL_17
 70
0
 62
2
  6
Continuous
370
-3
390
13
347
21
  0
LAYER
  5
46F
330
1
100
AcDbSymbolTableRecord
100
AcDbLayerTableRecord
  2
FLOOR_4_TRIBUTARY_COL_18
 70
0
 62
2
  6
Continuous
370
-3
390
13
347
21
  0
LAYER
  5
472
330
1
100
AcDbSymbolTableRecord
100
AcDbLayerTableRecord
  2
FLOOR_4_TRIBUTARY_COL_19
 70
0
 62
2
  6
Continuous
370
-3
390
13
347
21
  0
LAYER
  5
475
330
1
100
AcDbSymbolTableRecord
100
AcDbLayerTableRecord
  2
FLOOR_4_WALL_TRIBUTARY_14
 70
0
 62
1
  6
Continuous
370
-3
390
13
347
21
  0
LAYER
  5
479
330
1
100
AcDbSymbolTableRecord
100
AcDbLayerTableRecord
  2
FLOOR_4_WALL_TRIBUTARY_15
 70
0
 62
1
  6
Continuous
370
-3
390
13
347
21
  0
LAYER
  5
491
330
1
100
AcDbSymbolTableRecord
100
AcDbLayerTableRecord
  2
FLOOR_4_FASCADE_COLUMNS
 70
0
 62
30
  6
Continuous
370
-3
390
13
347
21
  0
LAYER
  5
492
330
1
100
AcDbSymbolTableRecord
100
AcDbLayerTableRecord
  2
FLOOR_4_FASCADE_WALLS
 70
0
 62
4
  6
Continuous
370
-3
390
13
347
21
  0
LAYER
  5
4B1
330
1
100
AcDbSymbolTableRecord
100
AcDbLayerTableRecord
  2
FLOOR_5_BOUNDARY
 70
0
 62
5
  6
Continuous
370
-3
390
13
347
21
  0
LAYER
  5
4B2
330
1
100
AcDbSymbolTableRecord
100
AcDbLayerTableRecord
  2
FLOOR_5_COLUMNS
 70
0
 62
7
  6
Continuous
370
-3
390
13
347
21
  0
LAYER
  5
4B3
330
1
100
AcDbSymbolTableRecord
100
AcDbLayerTableRecord
  2
FLOOR_5_AREA_LABELS
 70
0
 62
3
  6
Continuous
370
-3
390
13
347
21
  0
LAYER
  5
4B4
330
1
100
AcDbSymbolTableRecord
100
AcDbLayerTableRecord
  2
FLOOR_5_LARGE_TRIBUTARY
 70
0
 62
6
  6
Continuous
370
-3
390
13
347
21
  0
LAYER
  5
4B5
330
1
100
AcDbSymbolTableRecord
100
AcDbLayerTableRecord
  2
FLOOR_5_WALL
 70
0
 62
4
  6
Continuous
370
-3
390
13
347
21
  0
LAYER
  5
4B6
330
1
100
AcDbSymbolTableRecord
100
AcDbLayerTableRecord
  2
FLOOR_5_DATUM
 70
0
 62
4
  6
Continuous
370
-3
390
13
347
21
  0
LAYER
  5
4CE
330
1
100
AcDbSymbolTableRecord
100
AcDbLayerTableRecord
  2
FLOOR_5_TRIBUTARY_COL_0
 70
0
 62
2
  6
Continuous
370
-3
390
13
347
21
  0
LAYER
  5
4D1
330
1
100
AcDbSymbolTableRecord
100
AcDbLayerTableRecord
  2
FLOOR_5_TRIBUTARY_COL_1
 70
0
 62
2
  6
Continuous
370
-3
390
13
347
21
  0
LAYER
  5
4D4
330
1
100
AcDbSymbolTableRecord
100
AcDbLayerTableRecord
  2
FLOOR_5_TRIBUTARY_COL_2
 70
0
 62
2
  6
Continuous
370
-3
390
13
347
21
  0
LAYER
  5
4D7
330
1
100
AcDbSymbolTableRecord
100
AcDbLayerTableRecord
  2
FLOOR_5_TRIBUTARY_COL_3
 70
0
 62
2
  6
Continuous
370
-3
390
13
347
21
  0
LAYER
  5
4DA
330
1
100
AcDbSymbolTableRecord
100
AcDbLayerTableRecord
  2
FLOOR_5_TRIBUTARY_COL_4
 70
0
 62
2
  6
Continuous
370
-3
390
13
347
21
  0
LAYER
  5
4DD
330
1
100
AcDbSymbolTableRecord
100
AcDbLayerTableRecord
  2
FLOOR_5_TRIBUTARY_COL_5
 70
0
 62
2
  6
Continuous
370
-3
390
13
347
21
  0
LAYER
  5
4E0
330
1
100
AcDbSymbolTableRecord
100
AcDbLayerTableRecord
  2
FLOOR_5_TRIBUTARY_COL_6
 70
0
 62
2
  6
Continuous
370
-3
390
13
347
21
  0
LAYER
  5
4E3
330
1
100
AcDbSymbolTableRecord
100
AcDbLayerTableRecord
  2
FLOOR_5_TRIBUTARY_COL_7
 70
0
 62
2
  6
Continuous
370
-3
390
13
347
21
  0
LAYER
  5
4E6
330
1
100
AcDbSymbolTableRecord
100
AcDbLayerTableRecord
  2
FLOOR_5_TRIBUTARY_COL_8
 70
0
 62
2
  6
Continuous
370
-3
390
13
347
21
  0
LAYER
  5
4E9
330
1
100
AcDbSymbolTableRecord
100
AcDbLayerTableRecord
  2
FLOOR_5_TRIBUTARY_COL_9
 70
0
 62
2
  6
Continuous
370
-3
390
13
347
21
  0
LAYER
  5
4EC
330
1
100
AcDbSymbolTableRecord
100
AcDbLayerTableRecord
  2
FLOOR_5_TRIBUTARY_COL_10
 70
0
 62
2
  6
Continuous
370
-3
390
13
347
21
  0
LAYER
  5
4EF
330
1
100
AcDbSymbolTableRecord
100
AcDbLayerTableRecord
  2
FLOOR_5_TRIBUTARY_COL_11
 70
0
 62
2
  6
Continuous
370
-3
390
13
347
21
  0
LAYER
  5
4F2
330
1
100
AcDbSymbolTableRecord
100
AcDbLayerTableRecord
  2
FLOOR_5_TRIBUTARY_COL_12
 70
0
 62
2
  6
Continuous
370
-3
390
13
347
21
  0
LAYER
  5
4F5
330
1
100
AcDbSymbolTableRecord
100
AcDbLayerTableRecord
  2
FLOOR_5_TRIBUTARY_COL_13
 70
0
 62
2
  6
Continuous
370
-3
390
13
347
21
  0
LAYER
  5
4F8
330
1
100
AcDbSymbolTableRecord
100
AcDbLayerTableRecord
  2
FLOOR_5_TRIBUTARY_COL_14
 70
0
 62
2
  6
Continuous
370
-3
390
13
347
21
  0
LAYER
  5
4FB
330
1
100
AcDbSymbolTableRecord
100
AcDbLayerTableRecord
  2
FLOOR_5_TRIBUTARY_COL_15
 70
0
 62
2
  6
Continuous
370
-3
390
13
347
21
  0
LAYER
  5
4FE
330
1
100
AcDbSymbolTableRecord
100
AcDbLayerTableRecord
  2
FLOOR_5_TRIBUTARY_COL_16
 70
0
 62
2
  6
Continuous
370
-3
390
13
347
21
  0
LAYER
  5
501
330
1
100
AcDbSymbolTableRecord
100
AcDbLayerTableRecord
  2
FLOOR_5_TRIBUTARY_COL_17
 70
0
 62
2
  6
Continuous
370
-3
390
13
347
21
  0
LAYER
  5
504
330
1
100
AcDbSymbolTableRecord
100
AcDbLayerTableRecord
  2
FLOOR_5_WALL_TRIBUTARY_16
 70
0
 62
1
  6
Continuous
370
-3
390
13
347
21
  0
LAYER
  5
508
330
1
100
AcDbSymbolTableRecord
100
AcDbLayerTableRecord
  2
FLOOR_5_WALL_TRIBUTARY_17
 70
0
 62
1
  6
Continuous
370
-3
390
13
347
21
  0
LAYER
  5
51E
330
1
100
AcDbSymbolTableRecord
100
AcDbLayerTableRecord
  2
FLOOR_5_FASCADE_COLUMNS
 70
0
 62
30
  6
Continuous
370
-3
390
13
347
21
  0
LAYER
  5
51F
330
1
100
AcDbSymbolTableRecord
100
AcDbLayerTableRecord
  2
FLOOR_5_FASCADE_WALLS
 70
0
 62
4
  6
Continuous
370
-3
390
13
347
21
  0
ENDTAB
  0
TABLE
  2
STYLE
  5
5
330
0
100
AcDbSymbolTable
 70
1
  0
STYLE
  5
29
330
5
100
AcDbSymbolTableRecord
100
AcDbTextStyleTableRecord
  2
Standard
 70
0
 40
0.0
 41
1.0
 50
0.0
 71
0
 42
2.5
  3
txt
  4

  0
ENDTAB
  0
TABLE
  2
VIEW
  5
7
330
0
100
AcDbSymbolTable
 70
0
  0
ENDTAB
  0
TABLE
  2
UCS
  5
6
330
0
100
AcDbSymbolTable
 70
0
  0
ENDTAB
  0
TABLE
  2
APPID
  5
3
330
0
100
AcDbSymbolTable
 70
3
  0
APPID
  5
2A
330
3
100
AcDbSymbolTableRecord
100
AcDbRegAppTableRecord
  2
ACAD
 70
0
  0
APPID
  5
543
330
3
100
AcDbSymbolTableRecord
100
AcDbRegAppTableRecord
  2
HATCHBACKGROUNDCOLOR
 70
0
  0
APPID
  5
544
330
3
100
AcDbSymbolTableRecord
100
AcDbRegAppTableRecord
  2
EZDXF
 70
0
  0
ENDTAB
  0
TABLE
  2
DIMSTYLE
  5
4
330
0
100
AcDbSymbolTable
 70
1
100
AcDbDimStyleTable
  0
DIMSTYLE
105
2B
330
4
100
AcDbSymbolTableRecord
100
AcDbDimStyleTableRecord
  2
Standard
 70
0
 40
1.0
 41
2.5
 42
0.625
 43
3.75
 44
1.25
 45
0.0
 46
0.0
 47
0.0
 48
0.0
 49
2.5
140
2.5
141
2.5
142
0.0
143
0.03937007874
144
1.0
145
0.0
146
1.0
147
0.625
148
0.0
 69
0
 70
0
 71
0
 72
0
 73
0
 74
0
 75
0
 76
0
 77
1
 78
8
 79
3
170
0
171
3
172
1
173
0
174
0
175
0
176
0
177
0
178
0
179
2
271
2
272
2
273
2
274
3
275
0
276
0
277
2
278
44
279
0
280
0
281
0
282
0
283
0
284
8
285
0
286
0
288
0
289
3
290
0
371
-2
372
-2
  0
ENDTAB
  0
TABLE
  2
BLOCK_RECORD
  5
9
330
0
100
AcDbSymbolTable
 70
2
  0
BLOCK_RECORD
  5
17
330
9
100
AcDbSymbolTableRecord
100
AcDbBlockTableRecord
  2
*Model_Space
340
1A
 70
0
280
1
281
0
  0
BLOCK_RECORD
  5
1B
330
9
100
AcDbSymbolTableRecord
100
AcDbBlockTableRecord
  2
*Paper_Space
340
1E
 70
0
280
1
281
0
  0
ENDTAB
  0
ENDSEC
  0
SECTION
  2
BLOCKS
  0
BLOCK
  5
18
330
17
100
AcDbEntity
  8
0
100
AcDbBlockBegin
  2
*Model_Space
 70
0
 10
0.0
 20
0.0
 30
0.0
  3
*Model_Space
  1

  0
ENDBLK
  5
19
330
17
100
AcDbEntity
  8
0
100
AcDbBlockEnd
  0
BLOCK
  5
1C
330
1B
100
AcDbEntity
  8
0
100
AcDbBlockBegin
  2
*Paper_Space
 70
0
 10
0.0
 20
0.0
 30
0.0
  3
*Paper_Space
  1

  0
ENDBLK
  5
1D
330
1B
100
AcDbEntity
  8
0
100
AcDbBlockEnd
  0
ENDSEC
  0
SECTION
  2
ENTITIES
  0
LINE
  5
35
330
17
100
AcDbEntity
  8
WALL
100
AcDbLine
 10
15183.41312308175
 20
7492.95051240845
 30
0.0
 11
15506.57516230216
 21
7492.944722281234
 31
0.0
  0
TEXT
  5
36
330
17
100
AcDbEntity
  8
FLOOR NUMBER
100
AcDbText
 10
12822.40868516503
 20
20020.48475490678
 30
0.0
 40
349.2169850502524
  1
10-11
100
AcDbText
  0
TEXT
  5
37
330
17
100
AcDbEntity
  8
FLOOR NUMBER
100
AcDbText
 10
12822.40868516503
 20
17020.48475490678
 30
0.0
 40
349.2169850502524
  1
9
100
AcDbText
  0
TEXT
  5
38
330
17
100
AcDbEntity
  8
FLOOR NUMBER
100
AcDbText
 10
12822.40868516503
 20
14020.48475490678
 30
0.0
 40
349.2169850502524
  1
4-8
100
AcDbText
  0
TEXT
  5
39
330
17
100
AcDbEntity
  8
FLOOR NUMBER
100
AcDbText
 10
12822.40868516503
 20
11020.48475490677
 30
0.0
 40
349.2169850502524
  1
2-3
100
AcDbText
  0
TEXT
  5
3A
330
17
100
AcDbEntity
  8
FLOOR NUMBER
100
AcDbText
 10
12822.40868516503
 20
8020.484754906776
 30
0.0
 40
349.2169850502524
  1
1
100
AcDbText
  0
LWPOLYLINE
  5
3B
330
17
100
AcDbEntity
  8
WALL
100
AcDbPolyline
 90
4
 70
1
 10
15183.41312308175
 20
7486.950619951953
 10
15171.41312308175
 20
7486.950619951953
 10
15171.41312308175
 20
7739.879807926796
 10
15183.41312308175
 20
7739.879807926796
  0
LWPOLYLINE
  5
3C
330
17
100
AcDbEntity
  8
WALL
100
AcDbPolyline
 90
4
 70
1
 10
15177.41312308175
 20
7480.960438606786
 10
16273.41781689375
 20
7480.950727495455
 10
16273.41781689375
 20
7492.931090185789
 10
15177.41312308175
 20
7492.940801297122
  0
LWPOLYLINE
  5
3D
330
17
100
AcDbEntity
  8
WALL
100
AcDbPolyline
 90
4
 70
1
 10
16267.41781689376
 20
7486.940908840622
 10
16279.41781689376
 20
7486.940908840622
 10
16279.41781689376
 20
8026.342311633094
 10
16267.41781689376
 20
8026.342311633094
  0
LWPOLYLINE
  5
3E
330
17
100
AcDbEntity
  8
WALL
100
AcDbPolyline
 90
4
 70
1
 10
16276.75365914179
 20
8031.329510896831
 10
16270.08197464571
 20
8021.355112369359
 10
15645.2413091852
 20
8439.299088518677
 10
15651.91299368128
 20
8449.273487046152
  0
LWPOLYLINE
  5
3F
330
17
100
AcDbEntity
  8
WALL
100
AcDbPolyline
 90
4
 70
1
 10
15643.5899521695
 20
8447.622130030453
 10
15653.56435069698
 20
8440.95044553438
 10
15182.40032234549
 20
7736.54396567876
 10
15172.42592381801
 20
7743.215650174834
  0
LWPOLYLINE
  5
40
330
17
100
AcDbEntity
  8
BOUNDARY
100
AcDbPolyline
 90
6
 70
1
 10
15171.41312308175
 20
7741.701478127525
 10
15646.92579441754
 20
8452.60932929419
 10
16279.41781689376
 20
8029.547506706817
 10
16279.41781689376
 20
7480.930875178643
 10
15171.41312308175
 20
7480.930875178644
 10
15171.41312308175
 20
7741.701478127525
  0
MTEXT
  5
41
330
17
100
AcDbEntity
  8
COLUMN NUMBER
100
AcDbMText
 10
15992.27885025434
 20
13500.19842475715
 30
0.0
 40
4.499999999999995
 41
4.393499999999995
 71
1
  1
\fSegoe UI|b1|i0|c0|p34|;4
  0
MTEXT
  5
42
330
17
100
AcDbEntity
  8
COLUMN NUMBER
100
AcDbMText
 10
15516.68619566274
 20
13494.19842475716
 30
0.0
 40
4.499999999999995
 41
4.393499999999995
 71
1
  1
\fSegoe UI|b1|i0|c0|p34|;2
  0
MTEXT
  5
43
330
17
100
AcDbEntity
  8
COLUMN NUMBER
100
AcDbMText
 10
15176.91692017903
 20
13579.67822721846
 30
0.0
 40
4.499999999999995
 41
4.393499999999995
 71
1
  1
\fSegoe UI|b1|i0|c0|p34|;1
  0
MTEXT
  5
44
330
17
100
AcDbEntity
  8
COLUMN NUMBER
100
AcDbMText
 10
16224.83531358757
 20
13494.19842475716
 30
0.0
 40
4.499999999999995
 41
4.393499999999995
 71
1
  1
\fSegoe UI|b1|i0|c0|p34|;5
  0
MTEXT
  5
45
330
17
100
AcDbEntity
  8
COLUMN NUMBER
100
AcDbMText
 10
15176.77415644233
 20
13723.05271126318
 30
0.0
 40
4.499999999999995
 41
4.393499999999995
 71
1
  1
\fSegoe UI|b1|i0|c0|p34|;9
  0
MTEXT
  5
46
330
17
100
AcDbEntity
  8
COLUMN NUMBER
100
AcDbMText
 10
15337.70848429234
 20
13984.69253932535
 30
0.0
 40
4.499999999999995
 41
8.78699999999999
 71
1
  1
15
  0
MTEXT
  5
47
330
17
100
AcDbEntity
  8
COLUMN NUMBER
100
AcDbMText
 10
15493.79540464905
 20
14218.04787102303
 30
0.0
 40
4.499999999999995
 41
8.78699999999999
 71
1
  1
16
  0
MTEXT
  5
48
330
17
100
AcDbEntity
  8
COLUMN NUMBER
100
AcDbMText
 10
15618.30884751251
 20
14406.72837396903
 30
0.0
 40
4.499999999999995
 41
12.87749999999999
 71
1
  1
20a
  0
MTEXT
  5
49
330
17
100
AcDbEntity
  8
COLUMN NUMBER
100
AcDbMText
 10
15454.89591695047
 20
13835.75099914443
 30
0.0
 40
4.499999999999995
 41
8.78699999999999
 71
1
  1
10
  0
MTEXT
  5
4A
330
17
100
AcDbEntity
  8
COLUMN NUMBER
100
AcDbMText
 10
16233.35709956809
 20
14042.18270235162
 30
0.0
 40
4.499999999999995
 41
8.78699999999999
 71
1
  1
13
  0
MTEXT
  5
4B
330
17
100
AcDbEntity
  8
COLUMN NUMBER
100
AcDbMText
 10
16081.40406525763
 20
13642.46320541784
 30
0.0
 40
4.499999999999995
 41
4.393499999999995
 71
1
  1
\fSegoe UI|b1|i0|c0|p34|;6
  0
MTEXT
  5
4C
330
17
100
AcDbEntity
  8
COLUMN NUMBER
100
AcDbMText
 10
16246.40778726221
 20
13762.21714924802
 30
0.0
 40
4.499999999999995
 41
12.87749999999999
 71
1
  1
12a
  0
MTEXT
  5
4D
330
17
100
AcDbEntity
  8
COLUMN NUMBER
100
AcDbMText
 10
15764.02415644233
 20
13494.19842475716
 30
0.0
 40
4.499999999999995
 41
4.393499999999995
 71
1
  1
\fSegoe UI|b1|i0|c0|p34|;3
  0
MTEXT
  5
4E
330
17
100
AcDbEntity
  8
COLUMN NUMBER
100
AcDbMText
 10
15955.40406525763
 20
13638.20592245411
 30
0.0
 40
4.499999999999995
 41
4.393499999999995
 71
1
  1
\fSegoe UI|b1|i0|c0|p34|;7
  0
MTEXT
  5
4F
330
17
100
AcDbEntity
  8
COLUMN NUMBER
100
AcDbMText
 10
15357.02415644233
 20
13644.46190613007
 30
0.0
 40
4.499999999999995
 41
4.393499999999995
 71
1
  1
\fSegoe UI|b1|i0|c0|p34|;8
  0
MTEXT
  5
50
330
17
100
AcDbEntity
  8
COLUMN NUMBER
100
AcDbMText
 10
16117.97772019018
 20
13817.45592245575
 30
0.0
 40
4.499999999999995
 41
8.78699999999999
 71
1
  1
11
  0
MTEXT
  5
51
330
17
100
AcDbEntity
  8
COLUMN NUMBER
100
AcDbMText
 10
16105.34707409686
 20
13989.56599649462
 30
0.0
 40
4.499999999999995
 41
8.78699999999999
 71
1
  1
14
  0
MTEXT
  5
52
330
17
100
AcDbEntity
  8
COLUMN NUMBER
100
AcDbMText
 10
15679.06406376374
 20
14081.79280806391
 30
0.0
 40
4.499999999999995
 41
8.78699999999999
 71
1
  1
17
  0
MTEXT
  5
53
330
17
100
AcDbEntity
  8
COLUMN NUMBER
100
AcDbMText
 10
16012.47890094223
 20
14156.23743569088
 30
0.0
 40
4.499999999999995
 41
8.78699999999999
 71
1
  1
18
  0
MTEXT
  5
54
330
17
100
AcDbEntity
  8
COLUMN NUMBER
100
AcDbMText
 10
15825.0113572811
 20
14315.76636578473
 30
0.0
 40
4.499999999999995
 41
8.78699999999999
 71
1
  1
19
  0
MTEXT
  5
55
330
17
100
AcDbEntity
  8
COLUMN NUMBER
100
AcDbMText
 10
15764.02415644233
 20
13494.19842475716
 30
0.0
 40
4.499999999999995
 41
4.393499999999995
 71
1
  1
\fSegoe UI|b1|i0|c0|p34|;3
  0
MTEXT
  5
56
330
17
100
AcDbEntity
  8
COLUMN NUMBER
100
AcDbMText
 10
15992.27885025433
 20
10500.19842475716
 30
0.0
 40
4.499999999999995
 41
4.393499999999995
 71
1
  1
\fSegoe UI|b1|i0|c0|p34|;4
  0
MTEXT
  5
57
330
17
100
AcDbEntity
  8
COLUMN NUMBER
100
AcDbMText
 10
15516.68619566274
 20
10494.19842475716
 30
0.0
 40
4.499999999999995
 41
4.393499999999995
 71
1
  1
\fSegoe UI|b1|i0|c0|p34|;2
  0
MTEXT
  5
58
330
17
100
AcDbEntity
  8
COLUMN NUMBER
100
AcDbMText
 10
15176.91692017903
 20
10579.67822721847
 30
0.0
 40
4.499999999999995
 41
4.393499999999995
 71
1
  1
\fSegoe UI|b1|i0|c0|p34|;1
  0
MTEXT
  5
59
330
17
100
AcDbEntity
  8
COLUMN NUMBER
100
AcDbMText
 10
16224.83531358757
 20
10494.19842475716
 30
0.0
 40
4.499999999999995
 41
4.393499999999995
 71
1
  1
\fSegoe UI|b1|i0|c0|p34|;5
  0
MTEXT
  5
5A
330
17
100
AcDbEntity
  8
COLUMN NUMBER
100
AcDbMText
 10
15176.77415644233
 20
10723.05271126319
 30
0.0
 40
4.499999999999995
 41
4.393499999999995
 71
1
  1
\fSegoe UI|b1|i0|c0|p34|;9
  0
MTEXT
  5
5B
330
17
100
AcDbEntity
  8
COLUMN NUMBER
100
AcDbMText
 10
16081.40406525763
 20
10642.46320541785
 30
0.0
 40
4.499999999999995
 41
4.393499999999995
 71
1
  1
\fSegoe UI|b1|i0|c0|p34|;6
  0
MTEXT
  5
5C
330
17
100
AcDbEntity
  8
COLUMN NUMBER
100
AcDbMText
 10
15337.70848429234
 20
10984.69253932536
 30
0.0
 40
4.499999999999995
 41
8.78699999999999
 71
1
  1
15
  0
MTEXT
  5
5D
330
17
100
AcDbEntity
  8
COLUMN NUMBER
100
AcDbMText
 10
15493.79540464905
 20
11218.04787102304
 30
0.0
 40
4.499999999999995
 41
8.78699999999999
 71
1
  1
16
  0
MTEXT
  5
5E
330
17
100
AcDbEntity
  8
COLUMN NUMBER
100
AcDbMText
 10
15618.30884751251
 20
11406.72837396904
 30
0.0
 40
4.499999999999995
 41
12.87749999999999
 71
1
  1
20a
  0
MTEXT
  5
5F
330
17
100
AcDbEntity
  8
COLUMN NUMBER
100
AcDbMText
 10
16233.35709956809
 20
11042.18270235163
 30
0.0
 40
4.499999999999995
 41
8.78699999999999
 71
1
  1
13
  0
MTEXT
  5
60
330
17
100
AcDbEntity
  8
COLUMN NUMBER
100
AcDbMText
 10
16246.40778726221
 20
10762.21714924803
 30
0.0
 40
4.499999999999995
 41
12.87749999999999
 71
1
  1
12a
  0
MTEXT
  5
61
330
17
100
AcDbEntity
  8
COLUMN NUMBER
100
AcDbMText
 10
15764.02415644233
 20
10494.19842475716
 30
0.0
 40
4.499999999999995
 41
4.393499999999995
 71
1
  1
\fSegoe UI|b1|i0|c0|p34|;3
  0
MTEXT
  5
62
330
17
100
AcDbEntity
  8
COLUMN NUMBER
100
AcDbMText
 10
15955.40406525763
 20
10638.20592245411
 30
0.0
 40
4.499999999999995
 41
4.393499999999995
 71
1
  1
\fSegoe UI|b1|i0|c0|p34|;7
  0
MTEXT
  5
63
330
17
100
AcDbEntity
  8
COLUMN NUMBER
100
AcDbMText
 10
15357.02415644233
 20
10644.46190613008
 30
0.0
 40
4.499999999999995
 41
4.393499999999995
 71
1
  1
\fSegoe UI|b1|i0|c0|p34|;8
  0
MTEXT
  5
64
330
17
100
AcDbEntity
  8
COLUMN NUMBER
100
AcDbMText
 10
15448.89580944882
 20
10829.75110664801
 30
0.0
 40
4.499999999999995
 41
8.78699999999999
 71
1
  1
10
  0
MTEXT
  5
65
330
17
100
AcDbEntity
  8
COLUMN NUMBER
100
AcDbMText
 10
16117.09912584485
 20
10817.45592245575
 30
0.0
 40
4.499999999999995
 41
8.78699999999999
 71
1
  1
11
  0
MTEXT
  5
66
330
17
100
AcDbEntity
  8
COLUMN NUMBER
100
AcDbMText
 10
15679.06406376374
 20
11081.79280806393
 30
0.0
 40
4.499999999999995
 41
8.78699999999999
 71
1
  1
17
  0
MTEXT
  5
67
330
17
100
AcDbEntity
  8
COLUMN NUMBER
100
AcDbMText
 10
16012.47890094223
 20
11156.23743569088
 30
0.0
 40
4.499999999999995
 41
8.78699999999999
 71
1
  1
18
  0
MTEXT
  5
68
330
17
100
AcDbEntity
  8
COLUMN NUMBER
100
AcDbMText
 10
15825.0113572811
 20
11315.76636578474
 30
0.0
 40
4.499999999999995
 41
8.78699999999999
 71
1
  1
19
  0
MTEXT
  5
69
330
17
100
AcDbEntity
  8
COLUMN NUMBER
100
AcDbMText
 10
16105.34707409686
 20
10989.56599649463
 30
0.0
 40
4.499999999999995
 41
8.78699999999999
 71
1
  1
14
  0
MTEXT
  5
6A
330
17
100
AcDbEntity
  8
COLUMN NUMBER
100
AcDbMText
 10
15764.02415644233
 20
7500.198424757162
 30
0.0
 40
4.499999999999995
 41
4.393499999999995
 71
1
  1
\fSegoe UI|b1|i0|c0|p34|;3
  0
MTEXT
  5
6B
330
17
100
AcDbEntity
  8
COLUMN NUMBER
100
AcDbMText
 10
15516.68619566274
 20
7494.19842475716
 30
0.0
 40
4.499999999999995
 41
4.393499999999995
 71
1
  1
\fSegoe UI|b1|i0|c0|p34|;2
  0
MTEXT
  5
6C
330
17
100
AcDbEntity
  8
COLUMN NUMBER
100
AcDbMText
 10
15176.91692017903
 20
7579.67822721847
 30
0.0
 40
4.499999999999995
 41
4.393499999999995
 71
1
  1
\fSegoe UI|b1|i0|c0|p34|;1
  0
MTEXT
  5
6D
330
17
100
AcDbEntity
  8
COLUMN NUMBER
100
AcDbMText
 10
16224.83531358757
 20
7494.19842475716
 30
0.0
 40
4.499999999999995
 41
4.393499999999995
 71
1
  1
\fSegoe UI|b1|i0|c0|p34|;5
  0
MTEXT
  5
6E
330
17
100
AcDbEntity
  8
COLUMN NUMBER
100
AcDbMText
 10
15176.77415644233
 20
7723.052711263187
 30
0.0
 40
4.499999999999995
 41
4.393499999999995
 71
1
  1
\fSegoe UI|b1|i0|c0|p34|;9
  0
MTEXT
  5
6F
330
17
100
AcDbEntity
  8
COLUMN NUMBER
100
AcDbMText
 10
15337.70848429234
 20
7984.692539325362
 30
0.0
 40
4.499999999999995
 41
8.78699999999999
 71
1
  1
15
  0
MTEXT
  5
70
330
17
100
AcDbEntity
  8
COLUMN NUMBER
100
AcDbMText
 10
15493.79540464905
 20
8218.047871023035
 30
0.0
 40
4.499999999999995
 41
8.78699999999999
 71
1
  1
16
  0
MTEXT
  5
71
330
17
100
AcDbEntity
  8
COLUMN NUMBER
100
AcDbMText
 10
15618.30884751251
 20
8406.728373969043
 30
0.0
 40
4.499999999999995
 41
12.87749999999999
 71
1
  1
20a
  0
MTEXT
  5
72
330
17
100
AcDbEntity
  8
COLUMN NUMBER
100
AcDbMText
 10
16233.35709956809
 20
8042.182702351622
 30
0.0
 40
4.499999999999995
 41
8.78699999999999
 71
1
  1
13
  0
MTEXT
  5
73
330
17
100
AcDbEntity
  8
COLUMN NUMBER
100
AcDbMText
 10
16246.40778726221
 20
7762.217149248029
 30
0.0
 40
4.499999999999995
 41
12.87749999999999
 71
1
  1
12a
  0
MTEXT
  5
74
330
17
100
AcDbEntity
  8
COLUMN NUMBER
100
AcDbMText
 10
15986.27885025433
 20
7500.198424757162
 30
0.0
 40
4.499999999999995
 41
4.393499999999995
 71
1
  1
\fSegoe UI|b1|i0|c0|p34|;4
  0
MTEXT
  5
75
330
17
100
AcDbEntity
  8
COLUMN NUMBER
100
AcDbMText
 10
16081.40406525763
 20
7642.463205417853
 30
0.0
 40
4.499999999999995
 41
4.393499999999995
 71
1
  1
\fSegoe UI|b1|i0|c0|p34|;6
  0
MTEXT
  5
76
330
17
100
AcDbEntity
  8
COLUMN NUMBER
100
AcDbMText
 10
15955.40406525763
 20
7638.205922454114
 30
0.0
 40
4.499999999999995
 41
4.393499999999995
 71
1
  1
\fSegoe UI|b1|i0|c0|p34|;7
  0
MTEXT
  5
77
330
17
100
AcDbEntity
  8
COLUMN NUMBER
100
AcDbMText
 10
15357.02415644233
 20
7644.461906130081
 30
0.0
 40
4.499999999999995
 41
4.393499999999995
 71
1
  1
\fSegoe UI|b1|i0|c0|p34|;8
  0
MTEXT
  5
78
330
17
100
AcDbEntity
  8
COLUMN NUMBER
100
AcDbMText
 10
16117.09912584485
 20
7817.455922455756
 30
0.0
 40
4.499999999999995
 41
8.78699999999999
 71
1
  1
11
  0
MTEXT
  5
79
330
17
100
AcDbEntity
  8
COLUMN NUMBER
100
AcDbMText
 10
15679.06406376374
 20
8081.792808063928
 30
0.0
 40
4.499999999999995
 41
8.78699999999999
 71
1
  1
17
  0
MTEXT
  5
7A
330
17
100
AcDbEntity
  8
COLUMN NUMBER
100
AcDbMText
 10
16012.47890094222
 20
8156.237435690881
 30
0.0
 40
4.499999999999995
 41
8.78699999999999
 71
1
  1
18
  0
MTEXT
  5
7B
330
17
100
AcDbEntity
  8
COLUMN NUMBER
100
AcDbMText
 10
16105.34707409685
 20
7989.565996494629
 30
0.0
 40
4.499999999999995
 41
8.78699999999999
 71
1
  1
14
  0
MTEXT
  5
7C
330
17
100
AcDbEntity
  8
COLUMN NUMBER
100
AcDbMText
 10
15825.0113572811
 20
8315.766365784739
 30
0.0
 40
4.499999999999995
 41
8.78699999999999
 71
1
  1
19
  0
MTEXT
  5
7D
330
17
100
AcDbEntity
  8
COLUMN NUMBER
100
AcDbMText
 10
15448.89580944882
 20
7829.751106648011
 30
0.0
 40
4.499999999999995
 41
8.78699999999999
 71
1
  1
10
  0
LWPOLYLINE
  5
7E
330
17
100
AcDbEntity
  8
COLS
100
AcDbPolyline
 90
4
 70
1
 10
16000.16781689375
 20
13510.30667715691
 10
15988.16781689376
 20
13510.30667715691
 10
15988.16781689376
 20
13486.30667715691
 10
16000.16781689375
 20
13486.30667715691
  0
LWPOLYLINE
  5
7F
330
17
100
AcDbEntity
  8
COLS
100
AcDbPolyline
 90
4
 70
1
 10
15530.57516230216
 20
13486.3066771569
 10
15530.57516230216
 20
13498.3066771569
 10
15506.57516230216
 20
13498.3066771569
 10
15506.57516230216
 20
13486.3066771569
  0
LWPOLYLINE
  5
80
330
17
100
AcDbEntity
  8
COLS
100
AcDbPolyline
 90
4
 70
1
 10
15184.80588681845
 20
13589.78647961821
 10
15172.80588681845
 20
13589.78647961821
 10
15172.80588681845
 20
13565.78647961821
 10
15184.80588681845
 20
13565.78647961821
  0
LWPOLYLINE
  5
81
330
17
100
AcDbEntity
  8
COLS
100
AcDbPolyline
 90
4
 70
1
 10
16217.72428022699
 20
13486.3066771569
 10
16235.724280227
 20
13486.3066771569
 10
16235.724280227
 20
13498.3066771569
 10
16217.72428022699
 20
13498.3066771569
  0
LWPOLYLINE
  5
82
330
17
100
AcDbEntity
  8
COLS
100
AcDbPolyline
 90
4
 70
1
 10
15184.66312308175
 20
13733.16096366293
 10
15172.66312308175
 20
13733.16096366293
 10
15172.66312308175
 20
13709.16096366293
 10
15184.66312308175
 20
13709.16096366293
  0
LWPOLYLINE
  5
83
330
17
100
AcDbEntity
  8
COLS
100
AcDbPolyline
 90
4
 70
1
 10
15353.06105910102
 20
13989.43934800453
 10
15343.08666057355
 20
13996.11103250061
 10
15329.7432915814
 20
13976.16223544567
 10
15339.71769010887
 20
13969.49055094959
  0
LWPOLYLINE
  5
84
330
17
100
AcDbEntity
  8
COLS
100
AcDbPolyline
 90
4
 70
1
 10
15509.14797945773
 20
14222.79467970222
 10
15499.17358093026
 20
14229.46636419829
 10
15485.83021193811
 20
14209.51756714335
 10
15495.80461046558
 20
14202.84588264727
  0
LWPOLYLINE
  5
85
330
17
100
AcDbEntity
  8
COLS
100
AcDbPolyline
 90
4
 70
1
 10
15635.35276090387
 20
14411.47518264821
 10
15625.3783623764
 20
14418.14686714429
 10
15612.03499338425
 20
14398.19807008935
 10
15622.00939191172
 20
14391.52638559327
  0
LWPOLYLINE
  5
86
330
17
100
AcDbEntity
  8
COLS
100
AcDbPolyline
 90
4
 70
1
 10
15464.5898230036
 20
13845.85914403964
 10
15452.58982300552
 20
13845.85935904486
 10
15452.58939299508
 20
13821.85935904871
 10
15464.58939299315
 20
13821.8591440435
  0
LWPOLYLINE
  5
87
330
17
100
AcDbEntity
  8
COLS
100
AcDbPolyline
 90
4
 70
1
 10
16237.06735472528
 20
14051.10759589501
 10
16227.05982798118
 20
14036.1459981038
 10
16237.03422650865
 20
14029.47431360773
 10
16247.04175325276
 20
14044.43591139894
  0
LWPOLYLINE
  5
88
330
17
100
AcDbEntity
  8
COLS
100
AcDbPolyline
 90
4
 70
1
 10
16071.29303189705
 20
13646.5714578176
 10
16071.29303189705
 20
13634.5714578176
 10
16095.29303189705
 20
13634.5714578176
 10
16095.29303189705
 20
13646.5714578176
  0
LWPOLYLINE
  5
89
330
17
100
AcDbEntity
  8
COLS
100
AcDbPolyline
 90
4
 70
1
 10
16239.79281689376
 20
13766.32540164777
 10
16239.79281689376
 20
13754.32540164777
 10
16263.79281689376
 20
13754.32540164777
 10
16263.79281689376
 20
13766.32540164777
  0
LWPOLYLINE
  5
8A
330
17
100
AcDbEntity
  8
COLS
100
AcDbPolyline
 90
4
 70
1
 10
15753.91312308176
 20
13498.3066771569
 10
15753.91312308176
 20
13486.3066771569
 10
15777.91312308176
 20
13486.3066771569
 10
15777.91312308176
 20
13498.3066771569
  0
LWPOLYLINE
  5
8B
330
17
100
AcDbEntity
  8
COLS
100
AcDbPolyline
 90
4
 70
1
 10
15945.29303189706
 20
13642.31417485386
 10
15945.29303189706
 20
13630.31417485386
 10
15969.29303189706
 20
13630.31417485386
 10
15969.29303189706
 20
13642.31417485386
  0
LWPOLYLINE
  5
8C
330
17
100
AcDbEntity
  8
COLS
100
AcDbPolyline
 90
4
 70
1
 10
15352.91312308175
 20
13630.57015852983
 10
15364.91312308175
 20
13630.57015852983
 10
15364.91312308175
 20
13654.57015852983
 10
15352.91312308175
 20
13654.57015852983
  0
LWPOLYLINE
  5
8D
330
17
100
AcDbEntity
  8
COLS
100
AcDbPolyline
 90
4
 70
1
 10
16114.79281689372
 20
13803.5641748555
 10
16126.79281689372
 20
13803.5641748555
 10
16126.79281689372
 20
13827.5641748555
 10
16114.79281689372
 20
13827.5641748555
  0
LWPOLYLINE
  5
8E
330
17
100
AcDbEntity
  8
COLS
100
AcDbPolyline
 90
4
 70
1
 10
16109.02444927445
 20
13976.85760737344
 10
16119.031632654
 20
13991.81943482894
 10
16109.057081017
 20
13998.4908904153
 10
16099.04989763745
 20
13983.52906295981
  0
LWPOLYLINE
  5
8F
330
17
100
AcDbEntity
  8
COLS
100
AcDbPolyline
 90
4
 70
1
 10
15689.39631109205
 20
14068.24217670386
 10
15696.06799558813
 20
14078.21657523133
 10
15676.11919853318
 20
14091.55994422348
 10
15669.4475140371
 20
14081.58554569601
  0
LWPOLYLINE
  5
90
330
17
100
AcDbEntity
  8
COLS
100
AcDbPolyline
 90
4
 70
1
 10
16016.15602788278
 20
14143.52904694699
 10
16026.16355462689
 20
14158.4906447382
 10
16016.18915609941
 20
14165.16232923427
 10
16006.1816293553
 20
14150.20073144306
  0
CIRCLE
  5
91
330
17
100
AcDbEntity
  8
COLS
100
AcDbCircle
 10
15828.70504832997
 20
14313.87461818448
 30
0.0
 40
8.999999999999849
  0
LWPOLYLINE
  5
92
330
17
100
AcDbEntity
  8
COLS
100
AcDbPolyline
 90
4
 70
1
 10
16000.16781689375
 20
10510.30667715691
 10
15988.16781689376
 20
10510.30667715691
 10
15988.16781689376
 20
10486.30667715691
 10
16000.16781689375
 20
10486.30667715691
  0
LWPOLYLINE
  5
93
330
17
100
AcDbEntity
  8
COLS
100
AcDbPolyline
 90
4
 70
1
 10
15530.57516230216
 20
10486.30667715691
 10
15530.57516230216
 20
10498.30667715691
 10
15506.57516230216
 20
10498.30667715691
 10
15506.57516230216
 20
10486.30667715691
  0
LWPOLYLINE
  5
94
330
17
100
AcDbEntity
  8
COLS
100
AcDbPolyline
 90
4
 70
1
 10
15184.80588681845
 20
10589.78647961822
 10
15172.80588681845
 20
10589.78647961822
 10
15172.80588681845
 20
10565.78647961822
 10
15184.80588681845
 20
10565.78647961822
  0
LWPOLYLINE
  5
95
330
17
100
AcDbEntity
  8
COLS
100
AcDbPolyline
 90
4
 70
1
 10
16217.72428022699
 20
10486.30667715691
 10
16235.724280227
 20
10486.30667715691
 10
16235.724280227
 20
10498.30667715691
 10
16217.72428022699
 20
10498.30667715691
  0
LWPOLYLINE
  5
96
330
17
100
AcDbEntity
  8
COLS
100
AcDbPolyline
 90
4
 70
1
 10
15184.66312308175
 20
10733.16096366294
 10
15172.66312308175
 20
10733.16096366294
 10
15172.66312308175
 20
10709.16096366294
 10
15184.66312308175
 20
10709.16096366294
  0
LWPOLYLINE
  5
97
330
17
100
AcDbEntity
  8
COLS
100
AcDbPolyline
 90
4
 70
1
 10
15353.06105910102
 20
10989.43934800455
 10
15343.08666057355
 20
10996.11103250062
 10
15329.7432915814
 20
10976.16223544568
 10
15339.71769010887
 20
10969.4905509496
  0
LWPOLYLINE
  5
98
330
17
100
AcDbEntity
  8
COLS
100
AcDbPolyline
 90
4
 70
1
 10
15509.14797945773
 20
11222.79467970223
 10
15499.17358093026
 20
11229.4663641983
 10
15485.83021193811
 20
11209.51756714335
 10
15495.80461046558
 20
11202.84588264728
  0
LWPOLYLINE
  5
99
330
17
100
AcDbEntity
  8
COLS
100
AcDbPolyline
 90
4
 70
1
 10
15635.35276090387
 20
11411.47518264822
 10
15625.3783623764
 20
11418.1468671443
 10
15612.03499338425
 20
11398.19807008935
 10
15622.00939191172
 20
11391.52638559328
  0
LWPOLYLINE
  5
9A
330
17
100
AcDbEntity
  8
COLS
100
AcDbPolyline
 90
4
 70
1
 10
16237.06735472529
 20
11051.10759589502
 10
16227.05982798118
 20
11036.14599810381
 10
16237.03422650865
 20
11029.47431360774
 10
16247.04175325276
 20
11044.43591139895
  0
LWPOLYLINE
  5
9B
330
17
100
AcDbEntity
  8
COLS
100
AcDbPolyline
 90
4
 70
1
 10
16071.29303189705
 20
10646.5714578176
 10
16071.29303189705
 20
10634.5714578176
 10
16095.29303189705
 20
10634.5714578176
 10
16095.29303189705
 20
10646.5714578176
  0
LWPOLYLINE
  5
9C
330
17
100
AcDbEntity
  8
COLS
100
AcDbPolyline
 90
4
 70
1
 10
16239.79281689376
 20
10766.32540164778
 10
16239.79281689376
 20
10754.32540164778
 10
16263.79281689376
 20
10754.32540164778
 10
16263.79281689376
 20
10766.32540164778
  0
LWPOLYLINE
  5
9D
330
17
100
AcDbEntity
  8
COLS
100
AcDbPolyline
 90
4
 70
1
 10
15753.91312308176
 20
10498.30667715691
 10
15753.91312308176
 20
10486.30667715691
 10
15777.91312308176
 20
10486.30667715691
 10
15777.91312308176
 20
10498.30667715691
  0
LWPOLYLINE
  5
9E
330
17
100
AcDbEntity
  8
COLS
100
AcDbPolyline
 90
4
 70
1
 10
15945.29303189706
 20
10642.31417485386
 10
15945.29303189706
 20
10630.31417485386
 10
15969.29303189706
 20
10630.31417485386
 10
15969.29303189706
 20
10642.31417485386
  0
LWPOLYLINE
  5
9F
330
17
100
AcDbEntity
  8
COLS
100
AcDbPolyline
 90
4
 70
1
 10
15352.91312308175
 20
10630.57015852983
 10
15364.91312308175
 20
10630.57015852983
 10
15364.91312308175
 20
10654.57015852983
 10
15352.91312308175
 20
10654.57015852983
  0
LWPOLYLINE
  5
A0
330
17
100
AcDbEntity
  8
COLS
100
AcDbPolyline
 90
4
 70
1
 10
15464.58939299315
 20
10821.8591440435
 10
15464.58960799838
 20
10833.85914404158
 10
15440.58960800223
 20
10833.85957405202
 10
15440.589392997
 20
10821.85957405395
  0
LWPOLYLINE
  5
A1
330
17
100
AcDbEntity
  8
COLS
100
AcDbPolyline
 90
4
 70
1
 10
16114.79281689372
 20
10803.56417485551
 10
16126.79281689372
 20
10803.56417485551
 10
16126.79281689372
 20
10827.56417485551
 10
16114.79281689372
 20
10827.56417485551
  0
LWPOLYLINE
  5
A2
330
17
100
AcDbEntity
  8
COLS
100
AcDbPolyline
 90
4
 70
1
 10
16109.02444927445
 20
10976.85760737344
 10
16119.031632654
 20
10991.81943482894
 10
16109.057081017
 20
10998.49089041532
 10
16099.04989763745
 20
10983.52906295982
  0
LWPOLYLINE
  5
A3
330
17
100
AcDbEntity
  8
COLS
100
AcDbPolyline
 90
4
 70
1
 10
15689.39631109205
 20
11068.24217670387
 10
15696.06799558813
 20
11078.21657523134
 10
15676.11919853318
 20
11091.55994422349
 10
15669.4475140371
 20
11081.58554569602
  0
LWPOLYLINE
  5
A4
330
17
100
AcDbEntity
  8
COLS
100
AcDbPolyline
 90
4
 70
1
 10
16016.15602788278
 20
11143.52904694699
 10
16026.16355462689
 20
11158.4906447382
 10
16016.18915609941
 20
11165.16232923427
 10
16006.1816293553
 20
11150.20073144306
  0
CIRCLE
  5
A5
330
17
100
AcDbEntity
  8
COLS
100
AcDbCircle
 10
15828.70504832997
 20
11313.87461818449
 30
0.0
 40
8.999999999999849
  0
LWPOLYLINE
  5
A6
330
17
100
AcDbEntity
  8
COLS
100
AcDbPolyline
 90
4
 70
1
 10
15753.91312308176
 20
7504.306677156908
 10
15753.91312308176
 20
7492.30667715691
 10
15777.91312308176
 20
7492.30667715691
 10
15777.91312308176
 20
7504.306677156908
  0
LWPOLYLINE
  5
A7
330
17
100
AcDbEntity
  8
COLS
100
AcDbPolyline
 90
4
 70
1
 10
15530.57516230216
 20
7486.30667715691
 10
15530.57516230216
 20
7498.30667715691
 10
15506.57516230216
 20
7498.30667715691
 10
15506.57516230216
 20
7486.30667715691
  0
LWPOLYLINE
  5
A8
330
17
100
AcDbEntity
  8
COLS
100
AcDbPolyline
 90
4
 70
1
 10
15184.80588681845
 20
7589.786479618222
 10
15172.80588681845
 20
7589.786479618222
 10
15172.80588681845
 20
7565.786479618221
 10
15184.80588681845
 20
7565.786479618221
  0
LWPOLYLINE
  5
A9
330
17
100
AcDbEntity
  8
COLS
100
AcDbPolyline
 90
4
 70
1
 10
16217.72428022699
 20
7486.306677156907
 10
16235.724280227
 20
7486.306677156907
 10
16235.724280227
 20
7498.306677156907
 10
16217.72428022699
 20
7498.306677156907
  0
LWPOLYLINE
  5
AA
330
17
100
AcDbEntity
  8
COLS
100
AcDbPolyline
 90
4
 70
1
 10
15184.66312308175
 20
7733.160963662938
 10
15172.66312308175
 20
7733.160963662938
 10
15172.66312308175
 20
7709.160963662938
 10
15184.66312308175
 20
7709.160963662938
  0
LWPOLYLINE
  5
AB
330
17
100
AcDbEntity
  8
COLS
100
AcDbPolyline
 90
4
 70
1
 10
15353.06105910102
 20
7989.439348004548
 10
15343.08666057355
 20
7996.111032500625
 10
15329.7432915814
 20
7976.162235445679
 10
15339.71769010887
 20
7969.490550949605
  0
LWPOLYLINE
  5
AC
330
17
100
AcDbEntity
  8
COLS
100
AcDbPolyline
 90
4
 70
1
 10
15509.14797945773
 20
8222.794679702223
 10
15499.17358093026
 20
8229.4663641983
 10
15485.83021193811
 20
8209.517567143355
 10
15495.80461046558
 20
8202.84588264728
  0
LWPOLYLINE
  5
AD
330
17
100
AcDbEntity
  8
COLS
100
AcDbPolyline
 90
4
 70
1
 10
15635.35276090387
 20
8411.475182648226
 10
15625.3783623764
 20
8418.1468671443
 10
15612.03499338425
 20
8398.198070089358
 10
15622.00939191172
 20
8391.526385593286
  0
LWPOLYLINE
  5
AE
330
17
100
AcDbEntity
  8
COLS
100
AcDbPolyline
 90
4
 70
1
 10
16237.06735472528
 20
8051.107595895016
 10
16227.05982798117
 20
8036.145998103807
 10
16237.03422650864
 20
8029.474313607734
 10
16247.04175325276
 20
8044.435911398942
  0
LWPOLYLINE
  5
AF
330
17
100
AcDbEntity
  8
COLS
100
AcDbPolyline
 90
4
 70
1
 10
16071.29303189705
 20
7646.571457817602
 10
16071.29303189705
 20
7634.571457817603
 10
16095.29303189705
 20
7634.571457817603
 10
16095.29303189705
 20
7646.571457817602
  0
LWPOLYLINE
  5
B0
330
17
100
AcDbEntity
  8
COLS
100
AcDbPolyline
 90
4
 70
1
 10
16239.79281689376
 20
7766.32540164778
 10
16239.79281689376
 20
7754.325401647776
 10
16263.79281689376
 20
7754.325401647776
 10
16263.79281689376
 20
7766.32540164778
  0
LWPOLYLINE
  5
B1
330
17
100
AcDbEntity
  8
COLS
100
AcDbPolyline
 90
4
 70
1
 10
15976.16781689375
 20
7504.306677156908
 10
15976.16781689375
 20
7492.30667715691
 10
16000.16781689375
 20
7492.30667715691
 10
16000.16781689375
 20
7504.306677156908
  0
LWPOLYLINE
  5
B2
330
17
100
AcDbEntity
  8
COLS
100
AcDbPolyline
 90
4
 70
1
 10
15945.29303189705
 20
7642.314174853867
 10
15945.29303189705
 20
7630.314174853868
 10
15969.29303189705
 20
7630.314174853868
 10
15969.29303189705
 20
7642.314174853867
  0
LWPOLYLINE
  5
B3
330
17
100
AcDbEntity
  8
COLS
100
AcDbPolyline
 90
4
 70
1
 10
15352.91312308175
 20
7630.570158529834
 10
15364.91312308175
 20
7630.570158529834
 10
15364.91312308175
 20
7654.570158529833
 10
15352.91312308175
 20
7654.570158529833
  0
LWPOLYLINE
  5
B4
330
17
100
AcDbEntity
  8
COLS
100
AcDbPolyline
 90
4
 70
1
 10
15464.58939299315
 20
7821.859144043497
 10
15464.58960799838
 20
7833.859144041571
 10
15440.58960800223
 20
7833.859574052019
 10
15440.589392997
 20
7821.859574053945
  0
LWPOLYLINE
  5
B5
330
17
100
AcDbEntity
  8
COLS
100
AcDbPolyline
 90
4
 70
1
 10
16114.79281689372
 20
7803.564174855505
 10
16126.79281689372
 20
7803.564174855505
 10
16126.79281689372
 20
7827.564174855504
 10
16114.79281689372
 20
7827.564174855504
  0
LWPOLYLINE
  5
B6
330
17
100
AcDbEntity
  8
COLS
100
AcDbPolyline
 90
4
 70
1
 10
16109.02444927445
 20
7976.85760737345
 10
16119.031632654
 20
7991.819434828943
 10
16109.057081017
 20
7998.490890415311
 10
16099.04989763745
 20
7983.529062959816
  0
LWPOLYLINE
  5
B7
330
17
100
AcDbEntity
  8
COLS
100
AcDbPolyline
 90
4
 70
1
 10
15689.39631109205
 20
8068.242176703867
 10
15696.06799558813
 20
8078.216575231337
 10
15676.11919853318
 20
8091.559944223488
 10
15669.4475140371
 20
8081.585545696015
  0
LWPOLYLINE
  5
B8
330
17
100
AcDbEntity
  8
COLS
100
AcDbPolyline
 90
4
 70
1
 10
16016.15602788277
 20
8143.529046946991
 10
16026.16355462689
 20
8158.490644738199
 10
16016.18915609941
 20
8165.162329234275
 10
16006.1816293553
 20
8150.200731443067
  0
CIRCLE
  5
B9
330
17
100
AcDbEntity
  8
COLS
100
AcDbCircle
 10
15828.70504832997
 20
8313.87461818449
 30
0.0
 40
8.999999999999849
  0
LWPOLYLINE
  5
BA
330
17
100
AcDbEntity
  8
WALL
100
AcDbPolyline
 90
9
 70
1
 10
15754.76862245771
 20
7705.072101756717
 10
15749.2088853774
 20
7696.760102983455
 10
15667.128412651
 20
7751.663276824944
 10
15782.77094392138
 20
7924.552851308745
 10
15788.33068956282
 20
7932.864844355504
 10
15870.41115372809
 20
7877.961676240516
 10
15864.85141664778
 20
7869.649677467257
 10
15791.08289052658
 20
7918.993036236193
 10
15681.00009633651
 20
7754.415460525653
  0
LWPOLYLINE
  5
BB
330
17
100
AcDbEntity
  8
WALL
100
AcDbPolyline
 90
6
 70
1
 10
15605.20109154185
 20
7798.800785271216
 10
15596.88914493664
 20
7804.360600343767
 10
15755.49170127974
 20
8041.476894642876
 10
15833.35864170919
 20
7989.391309269386
 10
15827.79890462913
 20
7981.079310496497
 10
15758.24309533705
 20
8027.603861644887
  0
LWPOLYLINE
  5
BC
330
17
100
AcDbEntity
  8
WALL
100
AcDbPolyline
 90
9
 70
1
 10
15754.76862245771
 20
10705.07210175671
 10
15749.2088853774
 20
10696.76010298345
 10
15667.128412651
 20
10751.66327682494
 10
15782.77094392138
 20
10924.55285130874
 10
15788.33068956282
 20
10932.8648443555
 10
15870.41115372809
 20
10877.96167624051
 10
15864.85141664778
 20
10869.64967746725
 10
15791.08289052658
 20
10918.99303623619
 10
15681.00009633651
 20
10754.41546052565
  0
LWPOLYLINE
  5
BD
330
17
100
AcDbEntity
  8
WALL
100
AcDbPolyline
 90
6
 70
1
 10
15605.20109154185
 20
10798.80078527121
 10
15596.88914493664
 20
10804.36060034376
 10
15755.49170127974
 20
11041.47689464287
 10
15833.35864170919
 20
10989.39130926938
 10
15827.79890462913
 20
10981.07931049649
 10
15758.24309533705
 20
11027.60386164488
  0
LWPOLYLINE
  5
BE
330
17
100
AcDbEntity
  8
WALL
100
AcDbPolyline
 90
9
 70
1
 10
15754.76862245771
 20
13705.07210175671
 10
15749.2088853774
 20
13696.76010298345
 10
15667.128412651
 20
13751.66327682494
 10
15782.77094392138
 20
13924.55285130874
 10
15788.33068956282
 20
13932.8648443555
 10
15870.41115372809
 20
13877.96167624051
 10
15864.85141664778
 20
13869.64967746725
 10
15791.08289052658
 20
13918.99303623619
 10
15681.00009633651
 20
13754.41546052565
  0
LWPOLYLINE
  5
BF
330
17
100
AcDbEntity
  8
WALL
100
AcDbPolyline
 90
6
 70
1
 10
15605.20109154185
 20
13798.80078527121
 10
15596.88914493664
 20
13804.36060034377
 10
15755.49170127974
 20
14041.47689464287
 10
15833.35864170919
 20
13989.39130926938
 10
15827.79890462913
 20
13981.07931049649
 10
15758.24309533705
 20
14027.60386164488
  0
LWPOLYLINE
  5
C0
330
17
100
AcDbEntity
  8
BOUNDARY
100
AcDbPolyline
 90
4
 70
1
 10
16096.47719683631
 20
13487.34567700357
 10
16216.47719683631
 20
13487.34567700357
 10
16216.47719683631
 20
13436.98767951275
 10
16096.47719683631
 20
13436.98767951275
  0
LWPOLYLINE
  5
C1
330
17
100
AcDbEntity
  8
BOUNDARY
100
AcDbPolyline
 90
4
 70
1
 10
15647.75038961838
 20
13487.34567700357
 10
15767.75038961838
 20
13487.34567700357
 10
15767.75038961838
 20
13436.97831376323
 10
15647.75038961838
 20
13436.97831376323
  0
LWPOLYLINE
  5
C2
330
17
100
AcDbEntity
  8
BOUNDARY
100
AcDbPolyline
 90
4
 70
1
 10
15224.02358240062
 20
13487.34567700357
 10
15344.02358240046
 20
13487.34567700357
 10
15344.02358240046
 20
13436.98767951275
 10
15224.02358240062
 20
13436.98767951275
  0
LWPOLYLINE
  5
C3
330
17
100
AcDbEntity
  8
BOUNDARY
100
AcDbPolyline
 90
4
 70
1
 10
16197.85417844786
 20
14127.05264894275
 10
16256.96937257503
 20
14087.51162568661
 10
16234.82838670592
 20
14054.41008783968
 10
16175.71319257875
 20
14093.95111109581
  0
LWPOLYLINE
  5
C4
330
17
100
AcDbEntity
  8
BOUNDARY
100
AcDbPolyline
 90
4
 70
1
 10
16065.40238434041
 20
14215.64272234965
 10
16124.51757846758
 20
14176.10169909353
 10
16102.37659259846
 20
14143.00016124659
 10
16043.2613984713
 20
14182.54118450273
  0
LWPOLYLINE
  5
C5
330
17
100
AcDbEntity
  8
BOUNDARY
100
AcDbPolyline
 90
4
 70
1
 10
15727.50952031374
 20
14440.47025524441
 10
15817.86851049719
 20
14380.03084430109
 10
15796.27682651213
 20
14347.7505725086
 10
15705.91783632868
 20
14408.18998345192
  0
LWPOLYLINE
  5
C6
330
17
100
AcDbEntity
  8
BOUNDARY
100
AcDbPolyline
 90
28
 70
1
 10
15214.15433521812
 20
13487.34567700357
 10
15204.33824652353
 20
13488.20447348452
 10
15196.2435951659
 20
13491.15068563546
 10
15188.56392266562
 20
13496.52805021113
 10
15183.02685503061
 20
13503.1268704576
 10
15179.06474584045
 20
13511.62364103569
 10
15177.52721632616
 20
13521.80155089419
 10
15177.52721632616
 20
13521.80155089419
 10
15173.35809021679
 20
13521.80155089419
 10
15173.35809021679
 20
13742.36096334903
 10
15626.07328517999
 20
14419.18580071425
 10
15627.78763492705
 20
14418.03910494138
 10
15636.47406317609
 20
14426.30095498631
 10
15650.97295515742
 20
14432.25465831578
 10
15664.36109013601
 20
14432.25465831578
 10
15677.6725979942
 20
14427.08067490702
 10
15705.91783632868
 20
14408.18998345192
 10
16248.34609754586
 20
14045.36808052907
 10
16274.73778402879
 20
14030.13083323378
 10
16274.73778402879
 20
13524.6024051985
 10
16274.73778402879
 20
13523.34567700357
 10
16272.56671837709
 20
13511.03295184385
 10
16269.91469856504
 20
13505.34567700357
 10
16264.19362815151
 20
13497.88983288086
 10
16259.38653573743
 20
13493.85620340917
 10
16253.95204145146
 20
13490.71859667026
 10
16248.05526965249
 20
13488.57234725717
 10
16238.73778402879
 20
13487.34567700357
  0
LWPOLYLINE
  5
C7
330
17
100
AcDbEntity
  8
BOUNDARY
100
AcDbPolyline
 90
28
 70
1
 10
15214.15433521812
 20
10487.34567700358
 10
15204.33824652353
 20
10488.20447348452
 10
15196.2435951659
 20
10491.15068563545
 10
15188.56392266562
 20
10496.52805021113
 10
15183.02685503061
 20
10503.12687045759
 10
15179.06474584045
 20
10511.62364103569
 10
15177.52721632616
 20
10521.8015508942
 10
15177.52721632616
 20
10521.8015508942
 10
15173.35809021679
 20
10521.8015508942
 10
15173.35809021679
 20
10742.36096334903
 10
15626.07328517999
 20
11419.18580071425
 10
15627.78763492705
 20
11418.03910494138
 10
15636.47406317609
 20
11426.30095498631
 10
15650.97295515742
 20
11432.25465831578
 10
15664.36109013601
 20
11432.25465831578
 10
15677.6725979942
 20
11427.08067490703
 10
15705.91783632868
 20
11408.18998345191
 10
16248.34609754586
 20
11045.36808052906
 10
16274.73778402879
 20
11030.13083323377
 10
16274.73778402879
 20
10524.6024051985
 10
16274.73778402879
 20
10523.34567700357
 10
16272.56671837709
 20
10511.03295184385
 10
16269.91469856504
 20
10505.34567700357
 10
16264.19362815151
 20
10497.88983288086
 10
16259.38653573743
 20
10493.85620340917
 10
16253.95204145146
 20
10490.71859667026
 10
16248.05526965249
 20
10488.57234725717
 10
16238.73778402879
 20
10487.34567700358
  0
TEXT
  5
C8
330
17
100
AcDbEntity
  8
FLOOR NUMBER
100
AcDbText
 10
12822.40868516503
 20
23020.48475490678
 30
0.0
 40
349.2169850502524
  1
ROOF
100
AcDbText
  0
MTEXT
  5
C9
330
17
100
AcDbEntity
  8
COLUMN NUMBER
100
AcDbMText
 10
15176.77415644227
 20
19723.05271126324
 30
0.0
 40
4.499999999999995
 41
4.393499999999995
 71
1
  1
\fSegoe UI|b1|i0|c0|p34|;9
  0
MTEXT
  5
CA
330
17
100
AcDbEntity
  8
COLUMN NUMBER
100
AcDbMText
 10
15337.70848429228
 20
19984.69253932541
 30
0.0
 40
4.499999999999995
 41
8.78699999999999
 71
1
  1
15
  0
MTEXT
  5
CB
330
17
100
AcDbEntity
  8
COLUMN NUMBER
100
AcDbMText
 10
15493.79540464899
 20
20218.04787102309
 30
0.0
 40
4.499999999999995
 41
8.78699999999999
 71
1
  1
16
  0
MTEXT
  5
CC
330
17
100
AcDbEntity
  8
COLUMN NUMBER
100
AcDbMText
 10
15351.02415644227
 20
19638.20592245418
 30
0.0
 40
4.499999999999995
 41
4.393499999999995
 71
1
  1
\fSegoe UI|b1|i0|c0|p34|;8
  0
MTEXT
  5
CD
330
17
100
AcDbEntity
  8
COLUMN NUMBER
100
AcDbMText
 10
16093.40406525757
 20
19642.4632054179
 30
0.0
 40
4.499999999999995
 41
4.393499999999995
 71
1
  1
\fSegoe UI|b1|i0|c0|p34|;6
  0
MTEXT
  5
CE
330
17
100
AcDbEntity
  8
COLUMN NUMBER
100
AcDbMText
 10
16017.4661002059
 20
20152.90159344292
 30
0.0
 40
4.499999999999995
 41
8.78699999999999
 71
1
  1
18
  0
MTEXT
  5
CF
330
17
100
AcDbEntity
  8
COLUMN NUMBER
100
AcDbMText
 10
16108.34898003269
 20
19987.78063596611
 30
0.0
 40
4.499999999999995
 41
8.78699999999999
 71
1
  1
14
  0
MTEXT
  5
D0
330
17
100
AcDbEntity
  8
COLUMN NUMBER
100
AcDbMText
 10
16247.09287015759
 20
19856.32842245416
 30
0.0
 40
4.499999999999995
 41
13.63499999999999
 71
1
  1
12b
  0
MTEXT
  5
D1
330
17
100
AcDbEntity
  8
COLUMN NUMBER
100
AcDbMText
 10
15526.69249487528
 20
19494.19842475721
 30
0.0
 40
4.499999999999995
 41
9.241499999999991
 71
1
  1
2b
  0
MTEXT
  5
D2
330
17
100
AcDbEntity
  8
COLUMN NUMBER
100
AcDbMText
 10
16248.37754762856
 20
19668.70592245418
 30
0.0
 40
4.499999999999995
 41
12.42299999999999
 71
1
  1
12c
  0
MTEXT
  5
D3
330
17
100
AcDbEntity
  8
COLUMN NUMBER
100
AcDbMText
 10
16123.09898003264
 20
19855.76842245581
 30
0.0
 40
4.499999999999995
 41
8.78699999999999
 71
1
  1
11
  0
MTEXT
  5
D4
330
17
100
AcDbEntity
  8
COLUMN NUMBER
100
AcDbMText
 10
15567.40342906027
 20
20331.08918513576
 30
0.0
 40
4.499999999999995
 41
13.63499999999999
 71
1
  1
20b
  0
MTEXT
  5
D5
330
17
100
AcDbEntity
  8
COLUMN NUMBER
100
AcDbMText
 10
15764.02415644227
 20
19494.19842475721
 30
0.0
 40
4.499999999999995
 41
4.393499999999995
 71
1
  1
\fSegoe UI|b1|i0|c0|p34|;3
  0
MTEXT
  5
D6
330
17
100
AcDbEntity
  8
COLUMN NUMBER
100
AcDbMText
 10
15955.40406525756
 20
19638.20592245418
 30
0.0
 40
4.499999999999995
 41
4.393499999999995
 71
1
  1
\fSegoe UI|b1|i0|c0|p34|;7
  0
MTEXT
  5
D7
330
17
100
AcDbEntity
  8
COLUMN NUMBER
100
AcDbMText
 10
15176.77415644227
 20
19723.05271126324
 30
0.0
 40
4.499999999999995
 41
4.393499999999995
 71
1
  1
\fSegoe UI|b1|i0|c0|p34|;9
  0
MTEXT
  5
D8
330
17
100
AcDbEntity
  8
COLUMN NUMBER
100
AcDbMText
 10
15452.21704367607
 20
19832.98017386359
 30
0.0
 40
4.499999999999995
 41
8.78699999999999
 71
1
  1
10
  0
MTEXT
  5
D9
330
17
100
AcDbEntity
  8
COLUMN NUMBER
100
AcDbMText
 10
15679.06406376368
 20
20081.79280806399
 30
0.0
 40
4.499999999999995
 41
8.78699999999999
 71
1
  1
17
  0
MTEXT
  5
DA
330
17
100
AcDbEntity
  8
COLUMN NUMBER
100
AcDbMText
 10
15825.01135728104
 20
20315.76636578479
 30
0.0
 40
4.499999999999995
 41
8.78699999999999
 71
1
  1
19
  0
MTEXT
  5
DB
330
17
100
AcDbEntity
  8
COLUMN NUMBER
100
AcDbMText
 10
15908.33722957166
 20
19494.19842475721
 30
0.0
 40
4.499999999999995
 41
9.241499999999991
 71
1
  1
4b
  0
LWPOLYLINE
  5
DC
330
17
100
AcDbEntity
  8
COLS
100
AcDbPolyline
 90
4
 70
1
 10
15184.66312308169
 20
19733.16096366299
 10
15172.66312308169
 20
19733.16096366299
 10
15172.66312308169
 20
19709.16096366299
 10
15184.66312308169
 20
19709.16096366299
  0
LWPOLYLINE
  5
DD
330
17
100
AcDbEntity
  8
COLS
100
AcDbPolyline
 90
4
 70
1
 10
15353.06105910096
 20
19989.4393480046
 10
15343.08666057349
 20
19996.11103250067
 10
15329.74329158134
 20
19976.16223544573
 10
15339.7176901088
 20
19969.49055094965
  0
LWPOLYLINE
  5
DE
330
17
100
AcDbEntity
  8
COLS
100
AcDbPolyline
 90
4
 70
1
 10
15509.14797945767
 20
20222.79467970228
 10
15499.1735809302
 20
20229.46636419836
 10
15485.83021193805
 20
20209.51756714341
 10
15495.80461046551
 20
20202.84588264734
  0
LWPOLYLINE
  5
DF
330
17
100
AcDbEntity
  8
COLS
100
AcDbPolyline
 90
4
 70
1
 10
15340.91312308169
 20
19642.31417485392
 10
15340.91312308169
 20
19630.31417485392
 10
15364.91312308169
 20
19630.31417485392
 10
15364.91312308169
 20
19642.31417485392
  0
LWPOLYLINE
  5
E0
330
17
100
AcDbEntity
  8
COLS
100
AcDbPolyline
 90
4
 70
1
 10
16083.29303189699
 20
19646.57145781765
 10
16083.29303189699
 20
19634.57145781765
 10
16107.29303189699
 20
19634.57145781765
 10
16107.29303189699
 20
19646.57145781765
  0
LWPOLYLINE
  5
E1
330
17
100
AcDbEntity
  8
COLS
100
AcDbPolyline
 90
4
 70
1
 10
16021.14322714645
 20
20140.19320469901
 10
16031.15075389056
 20
20155.15480249022
 10
16021.17635536309
 20
20161.82648698629
 10
16011.16882861898
 20
20146.86488919507
  0
LWPOLYLINE
  5
E2
330
17
100
AcDbEntity
  8
COLS
100
AcDbPolyline
 90
4
 70
1
 10
16106.04267108156
 20
19994.88888836586
 10
16106.04267108156
 20
19976.88888836586
 10
16118.04267108156
 20
19976.88888836586
 10
16118.04267108156
 20
19994.88888836586
  0
LWPOLYLINE
  5
E3
330
17
100
AcDbEntity
  8
COLS
100
AcDbPolyline
 90
4
 70
1
 10
16240.78971081276
 20
19860.4366748539
 10
16240.78971081276
 20
19848.43667485391
 10
16264.78971081276
 20
19848.43667485391
 10
16264.78971081276
 20
19860.4366748539
  0
LWPOLYLINE
  5
E4
330
17
100
AcDbEntity
  8
COLS
100
AcDbPolyline
 90
4
 70
1
 10
15521.5751623021
 20
19486.30667715696
 10
15539.5751623021
 20
19486.30667715696
 10
15539.5751623021
 20
19498.30667715696
 10
15521.5751623021
 20
19498.30667715696
  0
LWPOLYLINE
  5
E5
330
17
100
AcDbEntity
  8
COLS
100
AcDbPolyline
 90
4
 70
1
 10
16241.57360088216
 20
19672.81417485392
 10
16241.57360088216
 20
19660.81417485392
 10
16265.57360088216
 20
19660.81417485392
 10
16265.57360088216
 20
19672.81417485392
  0
LWPOLYLINE
  5
E6
330
17
100
AcDbEntity
  8
COLS
100
AcDbPolyline
 90
3
 70
1
 10
16114.79267108149
 20
19859.87667485556
 10
16114.79267108149
 20
19847.87667485556
 10
16115.0016653057
 20
19847.87667485556
  0
LWPOLYLINE
  5
E7
330
17
100
AcDbEntity
  8
COLS
100
AcDbPolyline
 90
4
 70
1
 10
15584.75915347524
 20
20335.83599381496
 10
15574.78475494777
 20
20342.50767831102
 10
15561.44138595563
 20
20322.55888125609
 10
15571.4157844831
 20
20315.88719676
  0
LWPOLYLINE
  5
E8
330
17
100
AcDbEntity
  8
COLS
100
AcDbPolyline
 90
4
 70
1
 10
15753.9131230817
 20
19498.30667715696
 10
15753.9131230817
 20
19486.30667715696
 10
15777.91312308169
 20
19486.30667715696
 10
15777.91312308169
 20
19498.30667715696
  0
LWPOLYLINE
  5
E9
330
17
100
AcDbEntity
  8
COLS
100
AcDbPolyline
 90
4
 70
1
 10
15945.29303189699
 20
19642.31417485392
 10
15945.29303189699
 20
19630.31417485392
 10
15969.29303189699
 20
19630.31417485392
 10
15969.29303189699
 20
19642.31417485392
  0
LWPOLYLINE
  5
EA
330
17
100
AcDbEntity
  8
COLS
100
AcDbPolyline
 90
4
 70
1
 10
15449.28169951053
 20
19842.75272616202
 10
15442.60187367736
 20
19832.78377803102
 10
15462.53976993934
 20
19819.42412636467
 10
15469.21959577252
 20
19829.39307449566
  0
LWPOLYLINE
  5
EB
330
17
100
AcDbEntity
  8
COLS
100
AcDbPolyline
 90
4
 70
1
 10
15689.39631109199
 20
20068.24217670392
 10
15696.06799558806
 20
20078.2165752314
 10
15676.11919853312
 20
20091.55994422354
 10
15669.44751403704
 20
20081.58554569607
  0
CIRCLE
  5
EC
330
17
100
AcDbEntity
  8
COLS
100
AcDbCircle
 10
15828.70504832991
 20
20313.87461818455
 30
0.0
 40
8.999999999999849
  0
LWPOLYLINE
  5
ED
330
17
100
AcDbEntity
  8
COLS
100
AcDbPolyline
 90
4
 70
1
 10
15903.21989699849
 20
19486.30667715696
 10
15921.21989699849
 20
19486.30667715696
 10
15921.21989699849
 20
19498.30667715696
 10
15903.21989699849
 20
19498.30667715696
  0
LWPOLYLINE
  5
EE
330
17
100
AcDbEntity
  8
BOUNDARY
100
AcDbPolyline
 90
27
 70
1
 10
15509.54030938687
 20
19486.95687188213
 10
15498.50278671909
 20
19508.79922013157
 10
15498.50278671909
 20
19622.97783432019
 10
15194.26834034336
 20
19622.97783432019
 10
15194.26834034336
 20
19622.97783432019
 10
15173.35809021679
 20
19632.08125712161
 10
15173.35809021679
 20
19742.36096334903
 10
15590.2239738211
 20
20365.5898432556
 10
15616.01866022378
 20
20362.89943214363
 10
15748.44729770284
 20
20273.85471542329
 10
15777.79251938489
 20
20317.49736899116
 10
15814.82661937972
 20
20335.34257719229
 10
16039.64354775927
 20
20184.96599913401
 10
16041.30307642945
 20
20159.86648033681
 10
16006.14916573514
 20
20101.94859506841
 10
16101.63323143255
 20
20037.85138029944
 10
16127.15288316931
 20
19997.44952203705
 10
16127.15288316931
 20
19869.97533432019
 10
16261.29394520962
 20
19869.97533432019
 10
16274.73778402879
 20
19869.97533432019
 10
16275.15118058989
 20
19658.9516014102
 10
16261.29388717678
 20
19653.53764389656
 10
16119.29991054275
 20
19653.53764389656
 10
16097.48741054275
 20
19622.97783432019
 10
15943.50278671909
 20
19622.97783432019
 10
15943.50278671909
 20
19507.07489568632
 10
15935.53704861356
 20
19487.34567700357
  0
LWPOLYLINE
  5
EF
330
17
100
AcDbEntity
  8
WALL
100
AcDbPolyline
 90
9
 70
1
 10
15754.76862245771
 20
19705.07210175671
 10
15749.2088853774
 20
19696.76010298345
 10
15667.128412651
 20
19751.66327682495
 10
15782.77094392138
 20
19924.55285130874
 10
15788.33068956282
 20
19932.86484435551
 10
15870.41115372809
 20
19877.96167624051
 10
15864.85141664778
 20
19869.64967746725
 10
15791.08289052658
 20
19918.99303623619
 10
15681.00009633651
 20
19754.41546052565
  0
LWPOLYLINE
  5
F0
330
17
100
AcDbEntity
  8
WALL
100
AcDbPolyline
 90
6
 70
1
 10
15605.20109154185
 20
19798.80078527122
 10
15596.88914493664
 20
19804.36060034377
 10
15755.49170127974
 20
20041.47689464288
 10
15833.35864170919
 20
19989.39130926939
 10
15827.79890462913
 20
19981.0793104965
 10
15758.24309533705
 20
20027.60386164488
  0
MTEXT
  5
F1
330
17
100
AcDbEntity
  8
COLUMN NUMBER
100
AcDbMText
 10
15992.27885025434
 20
16500.19842475716
 30
0.0
 40
4.499999999999995
 41
4.393499999999995
 71
1
  1
\fSegoe UI|b1|i0|c0|p34|;4
  0
MTEXT
  5
F2
330
17
100
AcDbEntity
  8
COLUMN NUMBER
100
AcDbMText
 10
15516.68619566274
 20
16494.19842475716
 30
0.0
 40
4.499999999999995
 41
4.393499999999995
 71
1
  1
\fSegoe UI|b1|i0|c0|p34|;2
  0
MTEXT
  5
F3
330
17
100
AcDbEntity
  8
COLUMN NUMBER
100
AcDbMText
 10
15176.91692017903
 20
16579.67822721846
 30
0.0
 40
4.499999999999995
 41
4.393499999999995
 71
1
  1
\fSegoe UI|b1|i0|c0|p34|;1
  0
MTEXT
  5
F4
330
17
100
AcDbEntity
  8
COLUMN NUMBER
100
AcDbMText
 10
16224.83531358757
 20
16494.19842475716
 30
0.0
 40
4.499999999999995
 41
4.393499999999995
 71
1
  1
\fSegoe UI|b1|i0|c0|p34|;5
  0
MTEXT
  5
F5
330
17
100
AcDbEntity
  8
COLUMN NUMBER
100
AcDbMText
 10
15176.77415644233
 20
16723.05271126318
 30
0.0
 40
4.499999999999995
 41
4.393499999999995
 71
1
  1
\fSegoe UI|b1|i0|c0|p34|;9
  0
MTEXT
  5
F6
330
17
100
AcDbEntity
  8
COLUMN NUMBER
100
AcDbMText
 10
15337.70848429234
 20
16984.69253932534
 30
0.0
 40
4.499999999999995
 41
8.78699999999999
 71
1
  1
15
  0
MTEXT
  5
F7
330
17
100
AcDbEntity
  8
COLUMN NUMBER
100
AcDbMText
 10
15493.79540464905
 20
17218.04787102304
 30
0.0
 40
4.499999999999995
 41
8.78699999999999
 71
1
  1
16
  0
MTEXT
  5
F8
330
17
100
AcDbEntity
  8
COLUMN NUMBER
100
AcDbMText
 10
15618.30884751251
 20
17406.72837396904
 30
0.0
 40
4.499999999999995
 41
12.87749999999999
 71
1
  1
20a
  0
MTEXT
  5
F9
330
17
100
AcDbEntity
  8
COLUMN NUMBER
100
AcDbMText
 10
15454.89591695047
 20
16835.75099914444
 30
0.0
 40
4.499999999999995
 41
8.78699999999999
 71
1
  1
10
  0
MTEXT
  5
FA
330
17
100
AcDbEntity
  8
COLUMN NUMBER
100
AcDbMText
 10
16233.35709956809
 20
17042.18270235163
 30
0.0
 40
4.499999999999995
 41
8.78699999999999
 71
1
  1
13
  0
MTEXT
  5
FB
330
17
100
AcDbEntity
  8
COLUMN NUMBER
100
AcDbMText
 10
16081.40406525763
 20
16642.46320541785
 30
0.0
 40
4.499999999999995
 41
4.393499999999995
 71
1
  1
\fSegoe UI|b1|i0|c0|p34|;6
  0
MTEXT
  5
FC
330
17
100
AcDbEntity
  8
COLUMN NUMBER
100
AcDbMText
 10
16246.40778726221
 20
16762.21714924802
 30
0.0
 40
4.499999999999995
 41
12.87749999999999
 71
1
  1
12a
  0
MTEXT
  5
FD
330
17
100
AcDbEntity
  8
COLUMN NUMBER
100
AcDbMText
 10
15764.02415644233
 20
16494.19842475716
 30
0.0
 40
4.499999999999995
 41
4.393499999999995
 71
1
  1
\fSegoe UI|b1|i0|c0|p34|;3
  0
MTEXT
  5
FE
330
17
100
AcDbEntity
  8
COLUMN NUMBER
100
AcDbMText
 10
15955.40406525763
 20
16638.20592245411
 30
0.0
 40
4.499999999999995
 41
4.393499999999995
 71
1
  1
\fSegoe UI|b1|i0|c0|p34|;7
  0
MTEXT
  5
FF
330
17
100
AcDbEntity
  8
COLUMN NUMBER
100
AcDbMText
 10
15357.02415644233
 20
16644.46190613007
 30
0.0
 40
4.499999999999995
 41
4.393499999999995
 71
1
  1
\fSegoe UI|b1|i0|c0|p34|;8
  0
MTEXT
  5
100
330
17
100
AcDbEntity
  8
COLUMN NUMBER
100
AcDbMText
 10
16117.97772019018
 20
16817.45592245575
 30
0.0
 40
4.499999999999995
 41
8.78699999999999
 71
1
  1
11
  0
MTEXT
  5
101
330
17
100
AcDbEntity
  8
COLUMN NUMBER
100
AcDbMText
 10
16105.34707409686
 20
16989.56599649462
 30
0.0
 40
4.499999999999995
 41
8.78699999999999
 71
1
  1
14
  0
MTEXT
  5
102
330
17
100
AcDbEntity
  8
COLUMN NUMBER
100
AcDbMText
 10
15679.06406376374
 20
17081.79280806391
 30
0.0
 40
4.499999999999995
 41
8.78699999999999
 71
1
  1
17
  0
MTEXT
  5
103
330
17
100
AcDbEntity
  8
COLUMN NUMBER
100
AcDbMText
 10
16012.47890094223
 20
17156.23743569089
 30
0.0
 40
4.499999999999995
 41
8.78699999999999
 71
1
  1
18
  0
MTEXT
  5
104
330
17
100
AcDbEntity
  8
COLUMN NUMBER
100
AcDbMText
 10
15825.0113572811
 20
17315.76636578473
 30
0.0
 40
4.499999999999995
 41
8.78699999999999
 71
1
  1
19
  0
MTEXT
  5
105
330
17
100
AcDbEntity
  8
COLUMN NUMBER
100
AcDbMText
 10
15764.02415644233
 20
16494.19842475716
 30
0.0
 40
4.499999999999995
 41
4.393499999999995
 71
1
  1
\fSegoe UI|b1|i0|c0|p34|;3
  0
LWPOLYLINE
  5
106
330
17
100
AcDbEntity
  8
COLS
100
AcDbPolyline
 90
4
 70
1
 10
16000.16781689375
 20
16510.30667715691
 10
15988.16781689376
 20
16510.30667715691
 10
15988.16781689376
 20
16486.30667715691
 10
16000.16781689375
 20
16486.30667715691
  0
LWPOLYLINE
  5
107
330
17
100
AcDbEntity
  8
COLS
100
AcDbPolyline
 90
4
 70
1
 10
15530.57516230216
 20
16486.30667715691
 10
15530.57516230216
 20
16498.3066771569
 10
15506.57516230216
 20
16498.3066771569
 10
15506.57516230216
 20
16486.30667715691
  0
LWPOLYLINE
  5
108
330
17
100
AcDbEntity
  8
COLS
100
AcDbPolyline
 90
4
 70
1
 10
15184.80588681845
 20
16589.78647961822
 10
15172.80588681845
 20
16589.78647961822
 10
15172.80588681845
 20
16565.78647961822
 10
15184.80588681845
 20
16565.78647961822
  0
LWPOLYLINE
  5
109
330
17
100
AcDbEntity
  8
COLS
100
AcDbPolyline
 90
4
 70
1
 10
16217.72428022699
 20
16486.30667715691
 10
16235.724280227
 20
16486.30667715691
 10
16235.724280227
 20
16498.3066771569
 10
16217.72428022699
 20
16498.3066771569
  0
LWPOLYLINE
  5
10A
330
17
100
AcDbEntity
  8
COLS
100
AcDbPolyline
 90
4
 70
1
 10
15184.66312308175
 20
16733.16096366293
 10
15172.66312308175
 20
16733.16096366293
 10
15172.66312308175
 20
16709.16096366293
 10
15184.66312308175
 20
16709.16096366293
  0
LWPOLYLINE
  5
10B
330
17
100
AcDbEntity
  8
COLS
100
AcDbPolyline
 90
4
 70
1
 10
15353.06105910102
 20
16989.43934800453
 10
15343.08666057355
 20
16996.11103250061
 10
15329.7432915814
 20
16976.16223544567
 10
15339.71769010887
 20
16969.49055094959
  0
LWPOLYLINE
  5
10C
330
17
100
AcDbEntity
  8
COLS
100
AcDbPolyline
 90
4
 70
1
 10
15509.14797945773
 20
17222.79467970222
 10
15499.17358093026
 20
17229.4663641983
 10
15485.83021193811
 20
17209.51756714335
 10
15495.80461046558
 20
17202.84588264728
  0
LWPOLYLINE
  5
10D
330
17
100
AcDbEntity
  8
COLS
100
AcDbPolyline
 90
4
 70
1
 10
15635.35276090387
 20
17411.47518264821
 10
15625.3783623764
 20
17418.14686714429
 10
15612.03499338425
 20
17398.19807008936
 10
15622.00939191172
 20
17391.52638559328
  0
LWPOLYLINE
  5
10E
330
17
100
AcDbEntity
  8
COLS
100
AcDbPolyline
 90
4
 70
1
 10
15464.5898230036
 20
16845.85914403965
 10
15452.58982300552
 20
16845.85935904486
 10
15452.58939299508
 20
16821.8593590487
 10
15464.58939299315
 20
16821.85914404351
  0
LWPOLYLINE
  5
10F
330
17
100
AcDbEntity
  8
COLS
100
AcDbPolyline
 90
4
 70
1
 10
16237.06735472528
 20
17051.10759589502
 10
16227.05982798118
 20
17036.1459981038
 10
16237.03422650865
 20
17029.47431360773
 10
16247.04175325276
 20
17044.43591139895
  0
LWPOLYLINE
  5
110
330
17
100
AcDbEntity
  8
COLS
100
AcDbPolyline
 90
4
 70
1
 10
16071.29303189705
 20
16646.5714578176
 10
16071.29303189705
 20
16634.5714578176
 10
16095.29303189705
 20
16634.5714578176
 10
16095.29303189705
 20
16646.5714578176
  0
LWPOLYLINE
  5
111
330
17
100
AcDbEntity
  8
COLS
100
AcDbPolyline
 90
4
 70
1
 10
16239.79281689376
 20
16766.32540164778
 10
16239.79281689376
 20
16754.32540164778
 10
16263.79281689376
 20
16754.32540164778
 10
16263.79281689376
 20
16766.32540164778
  0
LWPOLYLINE
  5
112
330
17
100
AcDbEntity
  8
COLS
100
AcDbPolyline
 90
4
 70
1
 10
15753.91312308176
 20
16498.3066771569
 10
15753.91312308176
 20
16486.30667715691
 10
15777.91312308176
 20
16486.30667715691
 10
15777.91312308176
 20
16498.3066771569
  0
LWPOLYLINE
  5
113
330
17
100
AcDbEntity
  8
COLS
100
AcDbPolyline
 90
4
 70
1
 10
15945.29303189706
 20
16642.31417485386
 10
15945.29303189706
 20
16630.31417485386
 10
15969.29303189706
 20
16630.31417485386
 10
15969.29303189706
 20
16642.31417485386
  0
LWPOLYLINE
  5
114
330
17
100
AcDbEntity
  8
COLS
100
AcDbPolyline
 90
4
 70
1
 10
15352.91312308175
 20
16630.57015852983
 10
15364.91312308175
 20
16630.57015852983
 10
15364.91312308175
 20
16654.57015852983
 10
15352.91312308175
 20
16654.57015852983
  0
LWPOLYLINE
  5
115
330
17
100
AcDbEntity
  8
COLS
100
AcDbPolyline
 90
4
 70
1
 10
16114.79281689372
 20
16803.5641748555
 10
16126.79281689372
 20
16803.5641748555
 10
16126.79281689372
 20
16827.5641748555
 10
16114.79281689372
 20
16827.5641748555
  0
LWPOLYLINE
  5
116
330
17
100
AcDbEntity
  8
COLS
100
AcDbPolyline
 90
4
 70
1
 10
16109.02444927445
 20
16976.85760737345
 10
16119.031632654
 20
16991.81943482894
 10
16109.057081017
 20
16998.4908904153
 10
16099.04989763745
 20
16983.52906295981
  0
LWPOLYLINE
  5
117
330
17
100
AcDbEntity
  8
COLS
100
AcDbPolyline
 90
4
 70
1
 10
15689.39631109205
 20
17068.24217670387
 10
15696.06799558813
 20
17078.21657523133
 10
15676.11919853318
 20
17091.55994422349
 10
15669.4475140371
 20
17081.58554569601
  0
LWPOLYLINE
  5
118
330
17
100
AcDbEntity
  8
COLS
100
AcDbPolyline
 90
4
 70
1
 10
16016.15602788278
 20
17143.529046947
 10
16026.16355462689
 20
17158.49064473821
 10
16016.18915609941
 20
17165.16232923428
 10
16006.1816293553
 20
17150.20073144307
  0
CIRCLE
  5
119
330
17
100
AcDbEntity
  8
COLS
100
AcDbCircle
 10
15828.70504832997
 20
17313.87461818449
 30
0.0
 40
8.999999999999849
  0
LWPOLYLINE
  5
11A
330
17
100
AcDbEntity
  8
BOUNDARY
100
AcDbPolyline
 90
27
 70
1
 10
15509.54030938687
 20
16486.95687188213
 10
15498.50278671909
 20
16508.79922013157
 10
15498.50278671909
 20
16622.97783432019
 10
15194.26834034336
 20
16622.97783432019
 10
15194.26834034336
 20
16622.97783432019
 10
15173.35809021679
 20
16632.08125712161
 10
15173.35809021679
 20
16742.36096334903
 10
15590.2239738211
 20
17365.58984325559
 10
15616.01866022378
 20
17362.89943214363
 10
15748.44729770284
 20
17273.85471542329
 10
15777.79251938489
 20
17317.49736899116
 10
15814.82661937972
 20
17335.34257719229
 10
16039.64354775927
 20
17184.96599913401
 10
16041.30307642945
 20
17159.86648033681
 10
16006.14916573514
 20
17101.94859506841
 10
16101.63323143255
 20
17037.85138029943
 10
16127.15288316931
 20
16997.44952203705
 10
16127.15288316931
 20
16869.97533432019
 10
16261.29394520962
 20
16869.97533432019
 10
16274.73778402879
 20
16869.97533432019
 10
16275.15118058989
 20
16658.9516014102
 10
16261.29388717678
 20
16653.53764389656
 10
16119.29991054275
 20
16653.53764389656
 10
16097.48741054275
 20
16622.97783432019
 10
15943.50278671909
 20
16622.97783432019
 10
15943.50278671909
 20
16507.07489568632
 10
15935.53704861356
 20
16487.34567700357
  0
LWPOLYLINE
  5
11B
330
17
100
AcDbEntity
  8
WALL
100
AcDbPolyline
 90
9
 70
1
 10
15754.76862245771
 20
16705.07210175671
 10
15749.2088853774
 20
16696.76010298345
 10
15667.128412651
 20
16751.66327682495
 10
15782.77094392138
 20
16924.55285130874
 10
15788.33068956282
 20
16932.86484435551
 10
15870.41115372809
 20
16877.96167624051
 10
15864.85141664778
 20
16869.64967746725
 10
15791.08289052658
 20
16918.99303623619
 10
15681.00009633651
 20
16754.41546052565
  0
LWPOLYLINE
  5
11C
330
17
100
AcDbEntity
  8
WALL
100
AcDbPolyline
 90
6
 70
1
 10
15605.20109154185
 20
16798.80078527122
 10
15596.88914493664
 20
16804.36060034377
 10
15755.49170127974
 20
17041.47689464287
 10
15833.35864170919
 20
16989.39130926938
 10
15827.79890462913
 20
16981.0793104965
 10
15758.24309533705
 20
17027.60386164488
  0
LWPOLYLINE
  5
11D
330
17
100
AcDbEntity
  8
BOUNDARY
100
AcDbPolyline
 90
8
 70
1
 10
16039.6435477593
 20
17184.965999134
 10
16041.30307642945
 20
17159.86648033681
 10
16006.14916573514
 20
17101.94859506841
 10
16101.63323143255
 20
17037.85138029943
 10
16127.15288316931
 20
16997.44952203705
 10
16127.11241054276
 20
16869.97533432019
 10
16274.73778402879
 20
16869.97533432019
 10
16274.73778402879
 20
17030.13083323378
  0
LWPOLYLINE
  5
11E
330
17
100
AcDbEntity
  8
BOUNDARY
100
AcDbPolyline
 90
9
 70
1
 10
16275.0739115259
 20
16525.25195076704
 10
16275.15118058989
 20
16658.9516014102
 10
16261.29388717678
 20
16653.53764389656
 10
16119.29991054275
 20
16653.53764389656
 10
16097.48741054275
 20
16622.97783432019
 10
15943.50278671909
 20
16622.97783432019
 10
15943.50278671909
 20
16507.07489568632
 10
15935.53704861356
 20
16487.34567700357
 10
16238.73778402879
 20
16487.34567700357
  0
LWPOLYLINE
  5
11F
330
17
100
AcDbEntity
  8
BOUNDARY
100
AcDbPolyline
 90
7
 70
1
 10
15590.2239738211
 20
17365.58984325559
 10
15626.07328517999
 20
17419.18580071425
 10
15677.6725979942
 20
17427.08067490702
 10
15814.82661937972
 20
17335.34257719229
 10
15777.79251938489
 20
17317.49736899116
 10
15748.66330513234
 20
17274.17596491037
 10
15616.01866022378
 20
17362.89943214363
  0
LWPOLYLINE
  5
120
330
17
100
AcDbEntity
  8
BOUNDARY
100
AcDbPolyline
 90
7
 70
1
 10
15173.35809021679
 20
16632.08125712161
 10
15194.26834034336
 20
16622.97783432019
 10
15498.50278671909
 20
16622.97783432019
 10
15498.50278671909
 20
16508.79922013157
 10
15509.54030938687
 20
16486.95687188213
 10
15214.15433521812
 20
16487.34567700357
 10
15173.35809021679
 20
16521.80155089419
  0
MTEXT
  5
121
330
17
100
AcDbEntity
  8
COLUMN NUMBER
100
AcDbMText
 10
15185.14975285142
 20
22731.42845949808
 30
0.0
 40
4.499999999999995
 41
4.393499999999995
 71
1
  1
\fSegoe UI|b1|i0|c0|p34|;9
  0
MTEXT
  5
122
330
17
100
AcDbEntity
  8
COLUMN NUMBER
100
AcDbMText
 10
15346.08408070142
 20
22993.06828756025
 30
0.0
 40
4.499999999999995
 41
8.78699999999999
 71
1
  1
15
  0
MTEXT
  5
123
330
17
100
AcDbEntity
  8
COLUMN NUMBER
100
AcDbMText
 10
15502.17100105814
 20
23226.42361925792
 30
0.0
 40
4.499999999999995
 41
8.78699999999999
 71
1
  1
16
  0
MTEXT
  5
124
330
17
100
AcDbEntity
  8
COLUMN NUMBER
100
AcDbMText
 10
15359.39975285141
 20
22646.58167068902
 30
0.0
 40
4.499999999999995
 41
4.393499999999995
 71
1
  1
\fSegoe UI|b1|i0|c0|p34|;8
  0
MTEXT
  5
125
330
17
100
AcDbEntity
  8
COLUMN NUMBER
100
AcDbMText
 10
16101.77966166672
 20
22650.83895365274
 30
0.0
 40
4.499999999999995
 41
4.393499999999995
 71
1
  1
\fSegoe UI|b1|i0|c0|p34|;6
  0
MTEXT
  5
126
330
17
100
AcDbEntity
  8
COLUMN NUMBER
100
AcDbMText
 10
16025.84169661505
 20
23161.27734167776
 30
0.0
 40
4.499999999999995
 41
8.78699999999999
 71
1
  1
18
  0
MTEXT
  5
127
330
17
100
AcDbEntity
  8
COLUMN NUMBER
100
AcDbMText
 10
16116.72457644184
 20
22996.15638420095
 30
0.0
 40
4.499999999999995
 41
8.78699999999999
 71
1
  1
14
  0
MTEXT
  5
128
330
17
100
AcDbEntity
  8
COLUMN NUMBER
100
AcDbMText
 10
16255.46846656674
 20
22864.704170689
 30
0.0
 40
4.499999999999995
 41
13.63499999999999
 71
1
  1
12b
  0
MTEXT
  5
129
330
17
100
AcDbEntity
  8
COLUMN NUMBER
100
AcDbMText
 10
15535.06809128442
 20
22502.57417299205
 30
0.0
 40
4.499999999999995
 41
9.241499999999991
 71
1
  1
2b
  0
MTEXT
  5
12A
330
17
100
AcDbEntity
  8
COLUMN NUMBER
100
AcDbMText
 10
16256.7531440377
 20
22677.08167068902
 30
0.0
 40
4.499999999999995
 41
12.42299999999999
 71
1
  1
12c
  0
MTEXT
  5
12B
330
17
100
AcDbEntity
  8
COLUMN NUMBER
100
AcDbMText
 10
16131.47457644179
 20
22864.14417069065
 30
0.0
 40
4.499999999999995
 41
8.78699999999999
 71
1
  1
11
  0
MTEXT
  5
12C
330
17
100
AcDbEntity
  8
COLUMN NUMBER
100
AcDbMText
 10
15575.77902546942
 20
23339.4649333706
 30
0.0
 40
4.499999999999995
 41
13.63499999999999
 71
1
  1
20b
  0
MTEXT
  5
12D
330
17
100
AcDbEntity
  8
COLUMN NUMBER
100
AcDbMText
 10
15772.39975285142
 20
22502.57417299205
 30
0.0
 40
4.499999999999995
 41
4.393499999999995
 71
1
  1
\fSegoe UI|b1|i0|c0|p34|;3
  0
MTEXT
  5
12E
330
17
100
AcDbEntity
  8
COLUMN NUMBER
100
AcDbMText
 10
15963.7796616667
 20
22646.58167068902
 30
0.0
 40
4.499999999999995
 41
4.393499999999995
 71
1
  1
\fSegoe UI|b1|i0|c0|p34|;7
  0
MTEXT
  5
12F
330
17
100
AcDbEntity
  8
COLUMN NUMBER
100
AcDbMText
 10
15185.14975285142
 20
22731.42845949808
 30
0.0
 40
4.499999999999995
 41
4.393499999999995
 71
1
  1
\fSegoe UI|b1|i0|c0|p34|;9
  0
MTEXT
  5
130
330
17
100
AcDbEntity
  8
COLUMN NUMBER
100
AcDbMText
 10
15460.59264008522
 20
22841.35592209843
 30
0.0
 40
4.499999999999995
 41
8.78699999999999
 71
1
  1
10
  0
MTEXT
  5
131
330
17
100
AcDbEntity
  8
COLUMN NUMBER
100
AcDbMText
 10
15687.43966017283
 20
23090.16855629883
 30
0.0
 40
4.499999999999995
 41
8.78699999999999
 71
1
  1
17
  0
MTEXT
  5
132
330
17
100
AcDbEntity
  8
COLUMN NUMBER
100
AcDbMText
 10
15833.38695369019
 20
23324.14211401963
 30
0.0
 40
4.499999999999995
 41
8.78699999999999
 71
1
  1
19
  0
MTEXT
  5
133
330
17
100
AcDbEntity
  8
COLUMN NUMBER
100
AcDbMText
 10
15916.71282598081
 20
22502.57417299205
 30
0.0
 40
4.499999999999995
 41
9.241499999999991
 71
1
  1
4b
  0
LWPOLYLINE
  5
134
330
17
100
AcDbEntity
  8
COLS
100
AcDbPolyline
 90
4
 70
1
 10
15193.03871949084
 20
22741.53671189783
 10
15181.03871949084
 20
22741.53671189783
 10
15181.03871949084
 20
22717.53671189783
 10
15193.03871949084
 20
22717.53671189783
  0
LWPOLYLINE
  5
135
330
17
100
AcDbEntity
  8
COLS
100
AcDbPolyline
 90
4
 70
1
 10
15361.43665551011
 20
22997.81509623944
 10
15351.46225698264
 20
23004.48678073551
 10
15338.11888799049
 20
22984.53798368057
 10
15348.09328651794
 20
22977.86629918449
  0
LWPOLYLINE
  5
136
330
17
100
AcDbEntity
  8
COLS
100
AcDbPolyline
 90
4
 70
1
 10
15517.52357586681
 20
23231.17042793712
 10
15507.54917733935
 20
23237.8421124332
 10
15494.2058083472
 20
23217.89331537825
 10
15504.18020687466
 20
23211.22163088218
  0
LWPOLYLINE
  5
137
330
17
100
AcDbEntity
  8
COLS
100
AcDbPolyline
 90
4
 70
1
 10
15349.28871949084
 20
22650.68992308876
 10
15349.28871949084
 20
22638.68992308876
 10
15373.28871949084
 20
22638.68992308876
 10
15373.28871949084
 20
22650.68992308876
  0
LWPOLYLINE
  5
138
330
17
100
AcDbEntity
  8
COLS
100
AcDbPolyline
 90
4
 70
1
 10
16091.66862830613
 20
22654.94720605249
 10
16091.66862830613
 20
22642.94720605249
 10
16115.66862830614
 20
22642.94720605249
 10
16115.66862830614
 20
22654.94720605249
  0
LWPOLYLINE
  5
139
330
17
100
AcDbEntity
  8
COLS
100
AcDbPolyline
 90
4
 70
1
 10
16029.5188235556
 20
23148.56895293385
 10
16039.5263502997
 20
23163.53055072505
 10
16029.55195177224
 20
23170.20223522113
 10
16019.54442502813
 20
23155.24063742991
  0
LWPOLYLINE
  5
13A
330
17
100
AcDbEntity
  8
COLS
100
AcDbPolyline
 90
4
 70
1
 10
16114.41826749071
 20
23003.26463660069
 10
16114.41826749071
 20
22985.2646366007
 10
16126.41826749071
 20
22985.2646366007
 10
16126.41826749071
 20
23003.26463660069
  0
LWPOLYLINE
  5
13B
330
17
100
AcDbEntity
  8
COLS
100
AcDbPolyline
 90
4
 70
1
 10
16249.1653072219
 20
22868.81242308874
 10
16249.1653072219
 20
22856.81242308875
 10
16273.16530722191
 20
22856.81242308875
 10
16273.16530722191
 20
22868.81242308874
  0
LWPOLYLINE
  5
13C
330
17
100
AcDbEntity
  8
COLS
100
AcDbPolyline
 90
4
 70
1
 10
15529.95075871125
 20
22494.6824253918
 10
15547.95075871125
 20
22494.6824253918
 10
15547.95075871125
 20
22506.6824253918
 10
15529.95075871125
 20
22506.6824253918
  0
LWPOLYLINE
  5
13D
330
17
100
AcDbEntity
  8
COLS
100
AcDbPolyline
 90
4
 70
1
 10
16249.94919729131
 20
22681.18992308876
 10
16249.94919729131
 20
22669.18992308876
 10
16273.94919729131
 20
22669.18992308876
 10
16273.94919729131
 20
22681.18992308876
  0
LWPOLYLINE
  5
13E
330
17
100
AcDbEntity
  8
COLS
100
AcDbPolyline
 90
3
 70
1
 10
16123.16826749064
 20
22868.2524230904
 10
16123.16826749064
 20
22856.2524230904
 10
16123.37726171485
 20
22856.2524230904
  0
LWPOLYLINE
  5
13F
330
17
100
AcDbEntity
  8
COLS
100
AcDbPolyline
 90
4
 70
1
 10
15593.13474988439
 20
23344.2117420498
 10
15583.16035135691
 20
23350.88342654586
 10
15569.81698236478
 20
23330.93462949093
 10
15579.79138089225
 20
23324.26294499484
  0
LWPOLYLINE
  5
140
330
17
100
AcDbEntity
  8
COLS
100
AcDbPolyline
 90
4
 70
1
 10
15762.28871949085
 20
22506.6824253918
 10
15762.28871949085
 20
22494.6824253918
 10
15786.28871949084
 20
22494.6824253918
 10
15786.28871949084
 20
22506.6824253918
  0
LWPOLYLINE
  5
141
330
17
100
AcDbEntity
  8
COLS
100
AcDbPolyline
 90
4
 70
1
 10
15953.66862830613
 20
22650.68992308876
 10
15953.66862830613
 20
22638.68992308876
 10
15977.66862830614
 20
22638.68992308876
 10
15977.66862830614
 20
22650.68992308876
  0
LWPOLYLINE
  5
142
330
17
100
AcDbEntity
  8
COLS
100
AcDbPolyline
 90
4
 70
1
 10
15457.65729591968
 20
22851.12847439686
 10
15450.97747008651
 20
22841.15952626585
 10
15470.91536634849
 20
22827.79987459951
 10
15477.59519218167
 20
22837.7688227305
  0
LWPOLYLINE
  5
143
330
17
100
AcDbEntity
  8
COLS
100
AcDbPolyline
 90
4
 70
1
 10
15697.77190750114
 20
23076.61792493876
 10
15704.4435919972
 20
23086.59232346624
 10
15684.49479494226
 20
23099.93569245838
 10
15677.82311044619
 20
23089.96129393091
  0
CIRCLE
  5
144
330
17
100
AcDbEntity
  8
COLS
100
AcDbCircle
 10
15837.08064473906
 20
23322.25036641939
 30
0.0
 40
8.999999999999849
  0
LWPOLYLINE
  5
145
330
17
100
AcDbEntity
  8
COLS
100
AcDbPolyline
 90
4
 70
1
 10
15911.59549340764
 20
22494.6824253918
 10
15929.59549340764
 20
22494.6824253918
 10
15929.59549340764
 20
22506.6824253918
 10
15911.59549340764
 20
22506.6824253918
  0
LWPOLYLINE
  5
146
330
17
100
AcDbEntity
  8
BOUNDARY
100
AcDbPolyline
 90
27
 70
1
 10
15517.91590579601
 20
22495.33262011697
 10
15506.87838312824
 20
22517.1749683664
 10
15506.87838312824
 20
22631.35358255503
 10
15202.64393675251
 20
22631.35358255503
 10
15202.64393675251
 20
22631.35358255503
 10
15181.73368662593
 20
22640.45700535644
 10
15181.73368662593
 20
22750.73671158387
 10
15598.59957023025
 20
23373.96559149044
 10
15624.39425663293
 20
23371.27518037847
 10
15756.82289411199
 20
23282.23046365813
 10
15786.16811579404
 20
23325.873117226
 10
15823.20221578886
 20
23343.71832542712
 10
16048.01914416841
 20
23193.34174736884
 10
16049.6786728386
 20
23168.24222857165
 10
16014.52476214429
 20
23110.32434330325
 10
16110.00882784169
 20
23046.22712853428
 10
16135.52847957845
 20
23005.82527027189
 10
16135.52847957845
 20
22878.35108255503
 10
16269.66954161876
 20
22878.35108255503
 10
16283.11338043794
 20
22878.35108255503
 10
16283.52677699904
 20
22667.32734964504
 10
16269.66948358593
 20
22661.9133921314
 10
16127.6755069519
 20
22661.9133921314
 10
16105.8630069519
 20
22631.35358255503
 10
15951.87838312824
 20
22631.35358255503
 10
15951.87838312824
 20
22515.45064392116
 10
15943.9126450227
 20
22495.72142523841
  0
LWPOLYLINE
  5
147
330
17
100
AcDbEntity
  8
WALL
100
AcDbPolyline
 90
9
 70
1
 10
15763.14421886686
 20
22713.44784999155
 10
15757.58448178655
 20
22705.13585121829
 10
15675.50400906015
 20
22760.03902505979
 10
15791.14654033053
 20
22932.92859954358
 10
15796.70628597197
 20
22941.24059259035
 10
15878.78675013724
 20
22886.33742447535
 10
15873.22701305693
 20
22878.02542570209
 10
15799.45848693573
 20
22927.36878447103
 10
15689.37569274566
 20
22762.79120876048
  0
LWPOLYLINE
  5
148
330
17
100
AcDbEntity
  8
WALL
100
AcDbPolyline
 90
6
 70
1
 10
15613.576687951
 20
22807.17653350606
 10
15605.26474134579
 20
22812.73634857861
 10
15763.86729768889
 20
23049.85264287772
 10
15841.73423811834
 20
22997.76705750423
 10
15836.17450103828
 20
22989.45505873134
 10
15766.6186917462
 20
23035.97960987972
  0
CIRCLE
  5
14F
330
17
100
AcDbEntity
  8
FLOOR_0_DATUM
100
AcDbCircle
 10
15171.413123081747
 20
7480.930875178643
 30
0.0
 40
24.0
  0
LINE
  5
150
330
17
100
AcDbEntity
  8
FLOOR_0_DATUM
100
AcDbLine
 10
15135.413123081747
 20
7480.930875178643
 30
0.0
 11
15207.413123081747
 21
7480.930875178643
 31
0.0
  0
LINE
  5
151
330
17
100
AcDbEntity
  8
FLOOR_0_DATUM
100
AcDbLine
 10
15171.413123081747
 20
7444.930875178643
 30
0.0
 11
15171.413123081747
 21
7516.930875178643
 31
0.0
  0
TEXT
  5
152
330
17
100
AcDbEntity
  8
FLOOR_0_DATUM
100
AcDbText
 10
15213.413123081747
 20
7474.930875178643
 30
0.0
 40
12.0
  1
DATUM·STACKED
100
AcDbText
  0
LWPOLYLINE
  5
153
330
17
100
AcDbEntity
  8
FLOOR_0_BOUNDARY
100
AcDbPolyline
 90
6
 70
1
 10
15171.413123081747
 20
7741.701478127525
 10
15646.92579441754
 20
8452.60932929419
 10
16279.417816893758
 20
8029.547506706817
 10
16279.417816893758
 20
7480.930875178643
 10
15171.413123081747
 20
7480.930875178644
 10
15171.413123081747
 20
7741.701478127525
  0
POINT
  5
154
330
17
100
AcDbEntity
  8
FLOOR_0_COLUMNS
100
AcDbPoint
 10
15765.913123081762
 20
7498.306677156908
 30
0.0
  0
POINT
  5
155
330
17
100
AcDbEntity
  8
FLOOR_0_COLUMNS
100
AcDbPoint
 10
15518.575162302159
 20
7492.30667715691
 30
0.0
  0
POINT
  5
156
330
17
100
AcDbEntity
  8
FLOOR_0_COLUMNS
100
AcDbPoint
 10
15178.805886818449
 20
7577.786479618221
 30
0.0
  0
POINT
  5
157
330
17
100
AcDbEntity
  8
FLOOR_0_COLUMNS
100
AcDbPoint
 10
16226.724280226994
 20
7492.3066771569065
 30
0.0
  0
POINT
  5
158
330
17
100
AcDbEntity
  8
FLOOR_0_COLUMNS
100
AcDbPoint
 10
15178.66312308175
 20
7721.160963662938
 30
0.0
  0
POINT
  5
159
330
17
100
AcDbEntity
  8
FLOOR_0_COLUMNS
100
AcDbPoint
 10
15341.40217534121
 20
7982.800791725114
 30
0.0
  0
POINT
  5
15A
330
17
100
AcDbEntity
  8
FLOOR_0_COLUMNS
100
AcDbPoint
 10
15497.489095697923
 20
8216.156123422788
 30
0.0
  0
POINT
  5
15B
330
17
100
AcDbEntity
  8
FLOOR_0_COLUMNS
100
AcDbPoint
 10
15623.693877144062
 20
8404.836626368793
 30
0.0
  0
POINT
  5
15C
330
17
100
AcDbEntity
  8
FLOOR_0_COLUMNS
100
AcDbPoint
 10
16237.050790616962
 20
8040.2909547513755
 30
0.0
  0
POINT
  5
15D
330
17
100
AcDbEntity
  8
FLOOR_0_COLUMNS
100
AcDbPoint
 10
16083.293031897048
 20
7640.571457817603
 30
0.0
  0
POINT
  5
15E
330
17
100
AcDbEntity
  8
FLOOR_0_COLUMNS
100
AcDbPoint
 10
16251.79281689376
 20
7760.325401647779
 30
0.0
  0
POINT
  5
15F
330
17
100
AcDbEntity
  8
FLOOR_0_COLUMNS
100
AcDbPoint
 10
15988.167816893749
 20
7498.306677156908
 30
0.0
  0
POINT
  5
160
330
17
100
AcDbEntity
  8
FLOOR_0_COLUMNS
100
AcDbPoint
 10
15957.293031897048
 20
7636.314174853867
 30
0.0
  0
POINT
  5
161
330
17
100
AcDbEntity
  8
FLOOR_0_COLUMNS
100
AcDbPoint
 10
15358.913123081747
 20
7642.570158529833
 30
0.0
  0
POINT
  5
162
330
17
100
AcDbEntity
  8
FLOOR_0_COLUMNS
100
AcDbPoint
 10
15452.58950049769
 20
7827.859359047758
 30
0.0
  0
POINT
  5
163
330
17
100
AcDbEntity
  8
FLOOR_0_COLUMNS
100
AcDbPoint
 10
16120.792816893718
 20
7815.564174855506
 30
0.0
  0
POINT
  5
164
330
17
100
AcDbEntity
  8
FLOOR_0_COLUMNS
100
AcDbPoint
 10
16109.040765145724
 20
7987.674248894378
 30
0.0
  0
POINT
  5
165
330
17
100
AcDbEntity
  8
FLOOR_0_COLUMNS
100
AcDbPoint
 10
15682.757754812616
 20
8079.901060463678
 30
0.0
  0
POINT
  5
166
330
17
100
AcDbEntity
  8
FLOOR_0_COLUMNS
100
AcDbPoint
 10
16016.172591991093
 20
8154.345688090632
 30
0.0
  0
POINT
  5
167
330
17
100
AcDbEntity
  8
FLOOR_0_COLUMNS
100
AcDbPoint
 10
15828.705048329964
 20
8313.87461818449
 30
0.0
  0
LWPOLYLINE
  5
169
330
17
100
AcDbEntity
  8
FLOOR_0_TRIBUTARY_COL_0
100
AcDbPolyline
 90
7
 70
1
 10
15732.770177936614
 20
7595.884291726476
 10
15799.812901326368
 20
7602.0544432862725
 10
15781.52940141576
 20
7494.867091122807
 10
15771.239337709801
 20
7480.930875178643
 10
15759.824712675181
 20
7480.930875178643
 10
15752.468747969873
 20
7491.317520658869
 10
15732.770177936614
 20
7595.884291726476
  0
LWPOLYLINE
  5
16A
330
17
100
AcDbEntity
  8
FLOOR_0_LARGE_TRIBUTARY
100
AcDbPolyline
 90
7
 70
1
 10
15732.770177936614
 20
7595.884291726476
 10
15799.812901326368
 20
7602.0544432862725
 10
15781.52940141576
 20
7494.867091122807
 10
15771.239337709801
 20
7480.930875178643
 10
15759.824712675181
 20
7480.930875178643
 10
15752.468747969873
 20
7491.317520658869
 10
15732.770177936614
 20
7595.884291726476
  0
LWPOLYLINE
  5
16C
330
17
100
AcDbEntity
  8
FLOOR_0_TRIBUTARY_COL_1
100
AcDbPolyline
 90
8
 70
1
 10
15504.747934851608
 20
7637.570561436774
 10
15522.688243607698
 20
7656.632986013059
 10
15528.168665603665
 20
7655.08402753243
 10
15532.24184103408
 20
7481.870709376654
 10
15531.895946541561
 20
7480.930875178644
 10
15506.212920176524
 20
7480.930875178644
 10
15501.973813210556
 20
7491.823550375488
 10
15504.747934851608
 20
7637.570561436774
  0
LWPOLYLINE
  5
16D
330
17
100
AcDbEntity
  8
FLOOR_0_LARGE_TRIBUTARY
100
AcDbPolyline
 90
8
 70
1
 10
15504.747934851608
 20
7637.570561436774
 10
15522.688243607698
 20
7656.632986013059
 10
15528.168665603665
 20
7655.08402753243
 10
15532.24184103408
 20
7481.870709376654
 10
15531.895946541561
 20
7480.930875178644
 10
15506.212920176524
 20
7480.930875178644
 10
15501.973813210556
 20
7491.823550375488
 10
15504.747934851608
 20
7637.570561436774
  0
LWPOLYLINE
  5
16F
330
17
100
AcDbEntity
  8
FLOOR_0_TRIBUTARY_COL_2
100
AcDbPolyline
 90
15
 70
1
 10
15171.413123081747
 20
7563.254741320821
 10
15171.413123081747
 20
7591.431560814363
 10
15256.304901432915
 20
7612.950619951953
 10
15267.161032635513
 20
7614.900297812945
 10
15275.836788710014
 20
7590.780543033284
 10
15274.323509289243
 20
7588.985976666298
 10
15268.816773328002
 20
7583.106020235929
 10
15262.333733381482
 20
7576.334905574584
 10
15256.766967073148
 20
7571.178162047834
 10
15250.342705810865
 20
7565.377115240488
 10
15244.723827497975
 20
7560.966782097053
 10
15238.350370968728
 20
7556.113107323801
 10
15232.687623418205
 20
7552.469231160733
 10
15228.146354874312
 20
7549.6531948356205
 10
15171.413123081747
 20
7563.254741320821
  0
LWPOLYLINE
  5
170
330
17
100
AcDbEntity
  8
FLOOR_0_LARGE_TRIBUTARY
100
AcDbPolyline
 90
15
 70
1
 10
15171.413123081747
 20
7563.254741320821
 10
15171.413123081747
 20
7591.431560814363
 10
15256.304901432915
 20
7612.950619951953
 10
15267.161032635513
 20
7614.900297812945
 10
15275.836788710014
 20
7590.780543033284
 10
15274.323509289243
 20
7588.985976666298
 10
15268.816773328002
 20
7583.106020235929
 10
15262.333733381482
 20
7576.334905574584
 10
15256.766967073148
 20
7571.178162047834
 10
15250.342705810865
 20
7565.377115240488
 10
15244.723827497975
 20
7560.966782097053
 10
15238.350370968728
 20
7556.113107323801
 10
15232.687623418205
 20
7552.469231160733
 10
15228.146354874312
 20
7549.6531948356205
 10
15171.413123081747
 20
7563.254741320821
  0
LWPOLYLINE
  5
172
330
17
100
AcDbEntity
  8
FLOOR_0_TRIBUTARY_COL_3
100
AcDbPolyline
 90
9
 70
1
 10
16211.302412066245
 20
7558.653920652538
 10
16218.526868361418
 20
7552.940908840621
 10
16230.96882655357
 20
7540.940908840621
 10
16239.169572528179
 20
7530.805243398974
 10
16240.31478681185
 20
7481.888853626797
 10
16239.960305567623
 20
7480.930875178643
 10
16214.276196352559
 20
7480.930875178643
 10
16210.049003926095
 20
7491.84244608319
 10
16211.302412066245
 20
7558.653920652538
  0
LWPOLYLINE
  5
174
330
17
100
AcDbEntity
  8
FLOOR_0_TRIBUTARY_COL_4
100
AcDbPolyline
 90
7
 70
1
 10
15274.908603460743
 20
7695.903037699979
 10
15269.635018857696
 20
7683.807937985843
 10
15262.98219147261
 20
7684.950619951953
 10
15171.413123081747
 20
7706.925733912422
 10
15171.413123081747
 20
7741.701478127525
 10
15172.403878899182
 20
7743.182692260525
 10
15274.908603460743
 20
7695.903037699979
  0
LWPOLYLINE
  5
176
330
17
100
AcDbEntity
  8
FLOOR_0_TRIBUTARY_COL_5
100
AcDbPolyline
 90
4
 70
1
 10
15418.947928724912
 20
7926.5622104069125
 10
15325.27091544286
 20
7971.724186555926
 10
15343.669896531144
 20
7999.231298138015
 10
15418.947928724912
 20
7926.5622104069125
  0
LWPOLYLINE
  5
178
330
17
100
AcDbEntity
  8
FLOOR_0_TRIBUTARY_COL_6
100
AcDbPolyline
 90
4
 70
1
 10
15579.074292054116
 20
8165.943804974988
 10
15483.166718664357
 20
8207.783860551794
 10
15501.565568206712
 20
8235.290775468171
 10
15579.074292054116
 20
8165.943804974988
  0
LWPOLYLINE
  5
17A
330
17
100
AcDbEntity
  8
FLOOR_0_TRIBUTARY_COL_7
100
AcDbPolyline
 90
7
 70
1
 10
15649.841559243832
 20
8404.99470183647
 10
15651.48220612132
 20
8402.34425854844
 10
15656.450444131915
 20
8388.188191342539
 10
15658.61347026268
 20
8375.8470660335
 10
15609.612050363616
 20
8396.823994426373
 10
15628.027078931926
 20
8424.355097544807
 10
15649.841559243832
 20
8404.99470183647
  0
LWPOLYLINE
  5
17C
330
17
100
AcDbEntity
  8
FLOOR_0_TRIBUTARY_COL_8
100
AcDbPolyline
 90
7
 70
1
 10
16180.460391114344
 20
7995.94375250009
 10
16231.898478780098
 20
8061.332283551597
 10
16254.862692735249
 20
8045.971959840135
 10
16222.339365287207
 20
7984.827656926628
 10
16205.126626870268
 20
7972.940908840621
 10
16192.833864112965
 20
7965.840602408821
 10
16180.460391114344
 20
7995.94375250009
  0
LWPOLYLINE
  5
17E
330
17
100
AcDbEntity
  8
FLOOR_0_TRIBUTARY_COL_9
100
AcDbPolyline
 90
27
 70
1
 10
16022.29059248595
 20
7579.322331193992
 10
16016.646469793002
 20
7746.367713276686
 10
16156.154876867458
 20
7716.471981848121
 10
16175.219773746056
 20
7689.64671896088
 10
16176.428336306777
 20
7684.940908840621
 10
16178.775991715469
 20
7672.940908840621
 10
16180.389420697844
 20
7660.940908840621
 10
16181.268623253909
 20
7648.940908840621
 10
16181.413599383653
 20
7636.940908840621
 10
16180.824349087086
 20
7624.940908840621
 10
16179.500872364202
 20
7612.940908840621
 10
16177.443169215001
 20
7600.940908840621
 10
16176.281111439048
 20
7595.9462651956865
 10
16175.403781031919
 20
7595.363259179585
 10
16163.403719017355
 20
7588.364293343988
 10
16151.403665644882
 20
7582.340681643478
 10
16139.403620914502
 20
7577.292424078058
 10
16127.403584826221
 20
7573.219520647727
 10
16115.403557380014
 20
7570.121971352482
 10
16103.403538575907
 20
7567.999776192328
 10
16091.403528413892
 20
7566.852935167263
 10
16079.403526893966
 20
7566.681448277288
 10
16067.40353401614
 20
7567.485315522401
 10
16055.403549780392
 20
7569.264536902603
 10
16043.40357418674
 20
7572.019112417895
 10
16031.403607235181
 20
7575.749042068275
 10
16022.29059248595
 20
7579.322331193992
  0
LWPOLYLINE
  5
17F
330
17
100
AcDbEntity
  8
FLOOR_0_LARGE_TRIBUTARY
100
AcDbPolyline
 90
27
 70
1
 10
16022.29059248595
 20
7579.322331193992
 10
16016.646469793002
 20
7746.367713276686
 10
16156.154876867458
 20
7716.471981848121
 10
16175.219773746056
 20
7689.64671896088
 10
16176.428336306777
 20
7684.940908840621
 10
16178.775991715469
 20
7672.940908840621
 10
16180.389420697844
 20
7660.940908840621
 10
16181.268623253909
 20
7648.940908840621
 10
16181.413599383653
 20
7636.940908840621
 10
16180.824349087086
 20
7624.940908840621
 10
16179.500872364202
 20
7612.940908840621
 10
16177.443169215001
 20
7600.940908840621
 10
16176.281111439048
 20
7595.9462651956865
 10
16175.403781031919
 20
7595.363259179585
 10
16163.403719017355
 20
7588.364293343988
 10
16151.403665644882
 20
7582.340681643478
 10
16139.403620914502
 20
7577.292424078058
 10
16127.403584826221
 20
7573.219520647727
 10
16115.403557380014
 20
7570.121971352482
 10
16103.403538575907
 20
7567.999776192328
 10
16091.403528413892
 20
7566.852935167263
 10
16079.403526893966
 20
7566.681448277288
 10
16067.40353401614
 20
7567.485315522401
 10
16055.403549780392
 20
7569.264536902603
 10
16043.40357418674
 20
7572.019112417895
 10
16031.403607235181
 20
7575.749042068275
 10
16022.29059248595
 20
7579.322331193992
  0
LWPOLYLINE
  5
181
330
17
100
AcDbEntity
  8
FLOOR_0_TRIBUTARY_COL_10
100
AcDbPolyline
 90
15
 70
1
 10
16156.154876867458
 20
7716.471981848121
 10
16200.044629726875
 20
7820.557523410815
 10
16208.242137623118
 20
7816.940908840621
 10
16230.228964277023
 20
7804.940908840621
 10
16247.003121247672
 20
7792.940908840621
 10
16258.56460853506
 20
7780.940908840621
 10
16264.91342613919
 20
7768.940908840621
 10
16266.049574060064
 20
7756.940908840621
 10
16261.973052297677
 20
7744.940908840621
 10
16252.683860852036
 20
7732.940908840621
 10
16238.181999723132
 20
7720.940908840621
 10
16218.467468910974
 20
7708.940908840621
 10
16193.540268415556
 20
7696.940908840621
 10
16175.219773746056
 20
7689.64671896088
 10
16156.154876867458
 20
7716.471981848121
  0
LWPOLYLINE
  5
182
330
17
100
AcDbEntity
  8
FLOOR_0_LARGE_TRIBUTARY
100
AcDbPolyline
 90
15
 70
1
 10
16156.154876867458
 20
7716.471981848121
 10
16200.044629726875
 20
7820.557523410815
 10
16208.242137623118
 20
7816.940908840621
 10
16230.228964277023
 20
7804.940908840621
 10
16247.003121247672
 20
7792.940908840621
 10
16258.56460853506
 20
7780.940908840621
 10
16264.91342613919
 20
7768.940908840621
 10
16266.049574060064
 20
7756.940908840621
 10
16261.973052297677
 20
7744.940908840621
 10
16252.683860852036
 20
7732.940908840621
 10
16238.181999723132
 20
7720.940908840621
 10
16218.467468910974
 20
7708.940908840621
 10
16193.540268415556
 20
7696.940908840621
 10
16175.219773746056
 20
7689.64671896088
 10
16156.154876867458
 20
7716.471981848121
  0
LWPOLYLINE
  5
184
330
17
100
AcDbEntity
  8
FLOOR_0_TRIBUTARY_COL_11
100
AcDbPolyline
 90
7
 70
1
 10
15960.141252938893
 20
7564.4939995902105
 10
16018.217142735117
 20
7577.486631446256
 10
16000.239734910647
 20
7493.057634643334
 10
15988.036841661635
 20
7480.930875178643
 10
15986.839601261534
 20
7480.930875178643
 10
15970.29157182889
 20
7498.815312832739
 10
15960.141252938893
 20
7564.4939995902105
  0
LWPOLYLINE
  5
186
330
17
100
AcDbEntity
  8
FLOOR_0_TRIBUTARY_COL_12
100
AcDbPolyline
 90
20
 70
1
 10
15837.184336378254
 20
7615.181365466509
 10
15880.338627936737
 20
7742.291035672294
 10
15979.480317347085
 20
7780.268175948962
 10
16016.646469793002
 20
7746.367713276686
 10
16022.29059248595
 20
7579.322331193992
 10
16019.40362674458
 20
7577.950943534647
 10
16018.217142735117
 20
7577.486631446256
 10
15960.141252938893
 20
7564.4939995902105
 10
15947.403510569126
 20
7564.839596953416
 10
15935.403522352222
 20
7566.169500176404
 10
15923.403543034066
 20
7568.503725586021
 10
15911.40357261468
 20
7571.842273182261
 10
15899.403611094054
 20
7576.185142965131
 10
15887.40365847219
 20
7581.532334934625
 10
15875.4037147491
 20
7587.88384909074
 10
15863.403779924749
 20
7595.239685433497
 10
15851.40385399917
 20
7603.599843962869
 10
15839.403936972354
 20
7612.964324678873
 10
15837.114302160986
 20
7614.9427374987645
 10
15837.184336378254
 20
7615.181365466509
  0
LWPOLYLINE
  5
187
330
17
100
AcDbEntity
  8
FLOOR_0_LARGE_TRIBUTARY
100
AcDbPolyline
 90
20
 70
1
 10
15837.184336378254
 20
7615.181365466509
 10
15880.338627936737
 20
7742.291035672294
 10
15979.480317347085
 20
7780.268175948962
 10
16016.646469793002
 20
7746.367713276686
 10
16022.29059248595
 20
7579.322331193992
 10
16019.40362674458
 20
7577.950943534647
 10
16018.217142735117
 20
7577.486631446256
 10
15960.141252938893
 20
7564.4939995902105
 10
15947.403510569126
 20
7564.839596953416
 10
15935.403522352222
 20
7566.169500176404
 10
15923.403543034066
 20
7568.503725586021
 10
15911.40357261468
 20
7571.842273182261
 10
15899.403611094054
 20
7576.185142965131
 10
15887.40365847219
 20
7581.532334934625
 10
15875.4037147491
 20
7587.88384909074
 10
15863.403779924749
 20
7595.239685433497
 10
15851.40385399917
 20
7603.599843962869
 10
15839.403936972354
 20
7612.964324678873
 10
15837.114302160986
 20
7614.9427374987645
 10
15837.184336378254
 20
7615.181365466509
  0
LWPOLYLINE
  5
189
330
17
100
AcDbEntity
  8
FLOOR_0_TRIBUTARY_COL_13
100
AcDbPolyline
 90
57
 70
1
 10
15265.894984787608
 20
7624.950619951953
 10
15265.151334318623
 20
7636.950619951953
 10
15265.17568384964
 20
7648.950619951953
 10
15265.968033380657
 20
7660.950619951953
 10
15267.52838291167
 20
7672.950619951953
 10
15269.635018857696
 20
7683.807937985843
 10
15274.908603460743
 20
7695.903037699979
 10
15279.229983629917
 20
7702.403736517165
 10
15286.474768924047
 20
7711.994798876671
 10
15294.321133152709
 20
7721.1834765872
 10
15302.769076315868
 20
7729.969769648706
 10
15311.818598413542
 20
7738.353678061203
 10
15321.469699445724
 20
7746.335201824692
 10
15331.722379412398
 20
7753.914340939161
 10
15342.576638313623
 20
7761.0910954046485
 10
15348.103763387457
 20
7764.359541572354
 10
15504.514097935313
 20
7685.283408209463
 10
15522.688243607698
 20
7656.632986013059
 10
15504.747934851608
 20
7637.570561436774
 10
15484.861837289165
 20
7620.760079264558
 10
15478.322927972731
 20
7615.319183064383
 10
15472.834060913887
 20
7611.1194189487305
 10
15466.328018104336
 20
7606.227651105323
 10
15460.808776021975
 20
7602.44726842298
 10
15454.332616578533
 20
7598.0973549603705
 10
15448.786139446078
 20
7594.74312516887
 10
15442.336692011795
 20
7590.92839850455
 10
15436.76630771875
 20
7588.006436199132
 10
15430.340213008658
 20
7584.7208956753475
 10
15424.749437059401
 20
7582.236598172018
 10
15418.34314816114
 20
7579.474970477297
 10
15412.73568336053
 20
7577.432957511677
 10
15406.345466048224
 20
7575.1907569869
 10
15400.725202175016
 20
7573.594810535458
 10
15394.347135235315
 20
7571.868399357788
 10
15388.718148702497
 20
7570.721403587131
 10
15382.348124273682
 20
7569.508051826113
 10
15376.714677776738
 20
7568.811933176801
 10
15370.348401699848
 20
7568.109878716243
 10
15364.714943852225
 20
7567.865546126853
 10
15358.34793603515
 20
7567.674054446716
 10
15352.719100991408
 20
7567.881339724339
 10
15346.346695785065
 20
7568.200763536447
 10
15340.72730285193
 20
7568.858361879489
 10
15334.344649438772
 20
7569.690200611212
 10
15328.739702673747
 20
7570.795611290403
 10
15322.341765468482
 20
7572.142570410408
 10
15316.75645326632
 20
7573.69203761392
 10
15310.338012328977
 20
7575.558087794041
 10
15304.777706996145
 20
7577.546541642516
 10
15298.333358457028
 20
7579.936977750035
 10
15292.803615774053
 20
7582.357975487328
 10
15286.327772270799
 20
7585.279475401769
 10
15280.834331043241
 20
7588.125142766885
 10
15275.836788710014
 20
7590.780543033284
 10
15267.161032635513
 20
7614.900297812945
 10
15265.894984787608
 20
7624.950619951953
  0
LWPOLYLINE
  5
18A
330
17
100
AcDbEntity
  8
FLOOR_0_LARGE_TRIBUTARY
100
AcDbPolyline
 90
57
 70
1
 10
15265.894984787608
 20
7624.950619951953
 10
15265.151334318623
 20
7636.950619951953
 10
15265.17568384964
 20
7648.950619951953
 10
15265.968033380657
 20
7660.950619951953
 10
15267.52838291167
 20
7672.950619951953
 10
15269.635018857696
 20
7683.807937985843
 10
15274.908603460743
 20
7695.903037699979
 10
15279.229983629917
 20
7702.403736517165
 10
15286.474768924047
 20
7711.994798876671
 10
15294.321133152709
 20
7721.1834765872
 10
15302.769076315868
 20
7729.969769648706
 10
15311.818598413542
 20
7738.353678061203
 10
15321.469699445724
 20
7746.335201824692
 10
15331.722379412398
 20
7753.914340939161
 10
15342.576638313623
 20
7761.0910954046485
 10
15348.103763387457
 20
7764.359541572354
 10
15504.514097935313
 20
7685.283408209463
 10
15522.688243607698
 20
7656.632986013059
 10
15504.747934851608
 20
7637.570561436774
 10
15484.861837289165
 20
7620.760079264558
 10
15478.322927972731
 20
7615.319183064383
 10
15472.834060913887
 20
7611.1194189487305
 10
15466.328018104336
 20
7606.227651105323
 10
15460.808776021975
 20
7602.44726842298
 10
15454.332616578533
 20
7598.0973549603705
 10
15448.786139446078
 20
7594.74312516887
 10
15442.336692011795
 20
7590.92839850455
 10
15436.76630771875
 20
7588.006436199132
 10
15430.340213008658
 20
7584.7208956753475
 10
15424.749437059401
 20
7582.236598172018
 10
15418.34314816114
 20
7579.474970477297
 10
15412.73568336053
 20
7577.432957511677
 10
15406.345466048224
 20
7575.1907569869
 10
15400.725202175016
 20
7573.594810535458
 10
15394.347135235315
 20
7571.868399357788
 10
15388.718148702497
 20
7570.721403587131
 10
15382.348124273682
 20
7569.508051826113
 10
15376.714677776738
 20
7568.811933176801
 10
15370.348401699848
 20
7568.109878716243
 10
15364.714943852225
 20
7567.865546126853
 10
15358.34793603515
 20
7567.674054446716
 10
15352.719100991408
 20
7567.881339724339
 10
15346.346695785065
 20
7568.200763536447
 10
15340.72730285193
 20
7568.858361879489
 10
15334.344649438772
 20
7569.690200611212
 10
15328.739702673747
 20
7570.795611290403
 10
15322.341765468482
 20
7572.142570410408
 10
15316.75645326632
 20
7573.69203761392
 10
15310.338012328977
 20
7575.558087794041
 10
15304.777706996145
 20
7577.546541642516
 10
15298.333358457028
 20
7579.936977750035
 10
15292.803615774053
 20
7582.357975487328
 10
15286.327772270799
 20
7585.279475401769
 10
15280.834331043241
 20
7588.125142766885
 10
15275.836788710014
 20
7590.780543033284
 10
15267.161032635513
 20
7614.900297812945
 10
15265.894984787608
 20
7624.950619951953
  0
LWPOLYLINE
  5
18C
330
17
100
AcDbEntity
  8
FLOOR_0_TRIBUTARY_COL_14
100
AcDbPolyline
 90
30
 70
1
 10
15348.270007617573
 20
7771.719870261841
 10
15349.27986793608
 20
7785.481354745525
 10
15350.978360843263
 20
7798.782226055106
 10
15353.365486339115
 20
7811.622484190587
 10
15356.441244423651
 20
7824.002129152021
 10
15360.205635096856
 20
7835.921160939348
 10
15364.658658358734
 20
7847.3795795525875
 10
15369.800314209288
 20
7858.37738499174
 10
15375.630602648516
 20
7868.914577256805
 10
15382.14952367641
 20
7878.991156347771
 10
15389.357077292994
 20
7888.607122264675
 10
15397.253263498245
 20
7897.762475007479
 10
15423.007719880017
 20
7923.846693713629
 10
15459.09166509191
 20
7943.021714808473
 10
15471.808279417877
 20
7948.952775332667
 10
15485.213526332494
 20
7954.423222682763
 10
15499.307405835843
 20
7959.433056858794
 10
15514.089917927839
 20
7963.982277860726
 10
15520.23361577126
 20
7965.605892118948
 10
15524.34947024774
 20
7949.127406982761
 10
15527.778778241394
 20
7932.396647677937
 10
15530.308184745654
 20
7916.267815276126
 10
15531.937689760529
 20
7900.7409097772415
 10
15532.667293286007
 20
7885.815931181371
 10
15532.496995322095
 20
7871.492879488484
 10
15531.426795868792
 20
7857.77175469858
 10
15509.29445808533
 20
7710.389195364331
 10
15504.514097935313
 20
7685.283408209463
 10
15348.103763387457
 20
7764.359541572354
 10
15348.270007617573
 20
7771.719870261841
  0
LWPOLYLINE
  5
18D
330
17
100
AcDbEntity
  8
FLOOR_0_LARGE_TRIBUTARY
100
AcDbPolyline
 90
30
 70
1
 10
15348.270007617573
 20
7771.719870261841
 10
15349.27986793608
 20
7785.481354745525
 10
15350.978360843263
 20
7798.782226055106
 10
15353.365486339115
 20
7811.622484190587
 10
15356.441244423651
 20
7824.002129152021
 10
15360.205635096856
 20
7835.921160939348
 10
15364.658658358734
 20
7847.3795795525875
 10
15369.800314209288
 20
7858.37738499174
 10
15375.630602648516
 20
7868.914577256805
 10
15382.14952367641
 20
7878.991156347771
 10
15389.357077292994
 20
7888.607122264675
 10
15397.253263498245
 20
7897.762475007479
 10
15423.007719880017
 20
7923.846693713629
 10
15459.09166509191
 20
7943.021714808473
 10
15471.808279417877
 20
7948.952775332667
 10
15485.213526332494
 20
7954.423222682763
 10
15499.307405835843
 20
7959.433056858794
 10
15514.089917927839
 20
7963.982277860726
 10
15520.23361577126
 20
7965.605892118948
 10
15524.34947024774
 20
7949.127406982761
 10
15527.778778241394
 20
7932.396647677937
 10
15530.308184745654
 20
7916.267815276126
 10
15531.937689760529
 20
7900.7409097772415
 10
15532.667293286007
 20
7885.815931181371
 10
15532.496995322095
 20
7871.492879488484
 10
15531.426795868792
 20
7857.77175469858
 10
15509.29445808533
 20
7710.389195364331
 10
15504.514097935313
 20
7685.283408209463
 10
15348.103763387457
 20
7764.359541572354
 10
15348.270007617573
 20
7771.719870261841
  0
LWPOLYLINE
  5
18F
330
17
100
AcDbEntity
  8
FLOOR_0_TRIBUTARY_COL_15
100
AcDbPolyline
 90
15
 70
1
 10
15979.480317347085
 20
7780.268175948962
 10
16004.652691133288
 20
7892.4482616248015
 10
16005.081739601697
 20
7894.119434681676
 10
16174.507917249135
 20
7905.6882241223675
 10
16177.24263224137
 20
7900.940908840621
 10
16183.247491549937
 20
7888.940908840621
 10
16188.344549440062
 20
7876.940908840621
 10
16192.53380591175
 20
7864.940908840621
 10
16195.815260964995
 20
7852.940908840621
 10
16198.188914599803
 20
7840.940908840621
 10
16199.65476681617
 20
7828.940908840621
 10
16200.044629726875
 20
7820.557523410815
 10
16156.154876867458
 20
7716.471981848121
 10
16016.646469793002
 20
7746.367713276686
 10
15979.480317347085
 20
7780.268175948962
  0
LWPOLYLINE
  5
190
330
17
100
AcDbEntity
  8
FLOOR_0_LARGE_TRIBUTARY
100
AcDbPolyline
 90
15
 70
1
 10
15979.480317347085
 20
7780.268175948962
 10
16004.652691133288
 20
7892.4482616248015
 10
16005.081739601697
 20
7894.119434681676
 10
16174.507917249135
 20
7905.6882241223675
 10
16177.24263224137
 20
7900.940908840621
 10
16183.247491549937
 20
7888.940908840621
 10
16188.344549440062
 20
7876.940908840621
 10
16192.53380591175
 20
7864.940908840621
 10
16195.815260964995
 20
7852.940908840621
 10
16198.188914599803
 20
7840.940908840621
 10
16199.65476681617
 20
7828.940908840621
 10
16200.044629726875
 20
7820.557523410815
 10
16156.154876867458
 20
7716.471981848121
 10
16016.646469793002
 20
7746.367713276686
 10
15979.480317347085
 20
7780.268175948962
  0
LWPOLYLINE
  5
192
330
17
100
AcDbEntity
  8
FLOOR_0_TRIBUTARY_COL_16
100
AcDbPolyline
 90
26
 70
1
 10
15969.609862751811
 20
8019.192785922216
 10
16037.604661004174
 20
8057.079017229544
 10
16041.656198659592
 20
8057.566398515984
 10
16056.675265070808
 20
8058.43666657189
 10
16071.013143085162
 20
8058.28853447015
 10
16084.669832702657
 20
8057.122002210766
 10
16097.645333923294
 20
8054.9370697937375
 10
16109.939646747074
 20
8051.733737219065
 10
16121.552771174001
 20
8047.5120044867435
 10
16132.484707204057
 20
8042.271871596784
 10
16142.735454837259
 20
8036.013338549175
 10
16152.305014073601
 20
8028.736405343925
 10
16161.193384913091
 20
8020.441071981026
 10
16169.400567355715
 20
8011.127338460485
 10
16180.460391114344
 20
7995.94375250009
 10
16192.833864112965
 20
7965.840602408821
 10
16192.237615898393
 20
7960.940908840621
 10
16189.932140620971
 20
7948.940908840621
 10
16186.781481097654
 20
7936.940908840621
 10
16182.785637328434
 20
7924.940908840621
 10
16177.94460931332
 20
7912.940908840621
 10
16174.507917249135
 20
7905.6882241223675
 10
16005.081739601697
 20
7894.119434681676
 10
15969.389770196207
 20
7975.506663423805
 10
15969.159880486912
 20
7991.025151961261
 10
15969.609862751811
 20
8019.192785922216
  0
LWPOLYLINE
  5
193
330
17
100
AcDbEntity
  8
FLOOR_0_LARGE_TRIBUTARY
100
AcDbPolyline
 90
26
 70
1
 10
15969.609862751811
 20
8019.192785922216
 10
16037.604661004174
 20
8057.079017229544
 10
16041.656198659592
 20
8057.566398515984
 10
16056.675265070808
 20
8058.43666657189
 10
16071.013143085162
 20
8058.28853447015
 10
16084.669832702657
 20
8057.122002210766
 10
16097.645333923294
 20
8054.9370697937375
 10
16109.939646747074
 20
8051.733737219065
 10
16121.552771174001
 20
8047.5120044867435
 10
16132.484707204057
 20
8042.271871596784
 10
16142.735454837259
 20
8036.013338549175
 10
16152.305014073601
 20
8028.736405343925
 10
16161.193384913091
 20
8020.441071981026
 10
16169.400567355715
 20
8011.127338460485
 10
16180.460391114344
 20
7995.94375250009
 10
16192.833864112965
 20
7965.840602408821
 10
16192.237615898393
 20
7960.940908840621
 10
16189.932140620971
 20
7948.940908840621
 10
16186.781481097654
 20
7936.940908840621
 10
16182.785637328434
 20
7924.940908840621
 10
16177.94460931332
 20
7912.940908840621
 10
16174.507917249135
 20
7905.6882241223675
 10
16005.081739601697
 20
7894.119434681676
 10
15969.389770196207
 20
7975.506663423805
 10
15969.159880486912
 20
7991.025151961261
 10
15969.609862751811
 20
8019.192785922216
  0
LWPOLYLINE
  5
195
330
17
100
AcDbEntity
  8
FLOOR_0_TRIBUTARY_COL_17
100
AcDbPolyline
 90
40
 70
1
 10
15548.111576010071
 20
8013.410644882981
 10
15549.280636381605
 20
8027.065643494576
 10
15550.981665811109
 20
8040.364818172876
 10
15553.214664298572
 20
8053.308168917867
 10
15555.979631843999
 20
8065.895695729529
 10
15559.2765684474
 20
8078.127398607934
 10
15563.105474108761
 20
8090.003277553006
 10
15567.466348828084
 20
8101.523332564771
 10
15572.35919260537
 20
8112.6875636432305
 10
15577.784005440626
 20
8123.495970788384
 10
15595.65435112028
 20
8154.853720423919
 10
15621.504232669391
 20
8180.874111059845
 10
15630.652828910414
 20
8189.191750671866
 10
15640.333394209385
 20
8197.153566350564
 10
15650.54592856632
 20
8204.759558095957
 10
15661.290431981219
 20
8212.009725908043
 10
15672.566904454085
 20
8218.904069786822
 10
15684.375345984885
 20
8225.44258973228
 10
15691.334522877558
 20
8228.929222118835
 10
15693.76997599793
 20
8228.144634585908
 10
15705.359421585654
 20
8223.887501171987
 10
15716.660749625651
 20
8219.199622082706
 10
15729.61367282794
 20
8213.179474413297
 10
15773.197630920122
 20
8185.992809448713
 10
15778.41824936292
 20
8182.026688364649
 10
15784.20118091682
 20
8177.228748978234
 10
15734.890093774457
 20
8085.14373634834
 10
15714.177202532923
 20
8053.146637689291
 10
15706.192586114648
 20
8044.050434225475
 10
15696.745077428288
 20
8035.932731433906
 10
15685.834676473856
 20
8028.793529314588
 10
15673.461383251322
 20
8022.632827867507
 10
15659.625197760719
 20
8017.450627092678
 10
15644.326120002032
 20
8013.246926990094
 10
15627.564149975266
 20
8010.021727559757
 10
15609.339287680443
 20
8007.775028801672
 10
15589.651533117478
 20
8006.506830715826
 10
15568.500886286467
 20
8006.217133302231
 10
15547.813130701143
 20
8006.847277632973
 10
15548.111576010071
 20
8013.410644882981
  0
LWPOLYLINE
  5
196
330
17
100
AcDbEntity
  8
FLOOR_0_LARGE_TRIBUTARY
100
AcDbPolyline
 90
40
 70
1
 10
15548.111576010071
 20
8013.410644882981
 10
15549.280636381605
 20
8027.065643494576
 10
15550.981665811109
 20
8040.364818172876
 10
15553.214664298572
 20
8053.308168917867
 10
15555.979631843999
 20
8065.895695729529
 10
15559.2765684474
 20
8078.127398607934
 10
15563.105474108761
 20
8090.003277553006
 10
15567.466348828084
 20
8101.523332564771
 10
15572.35919260537
 20
8112.6875636432305
 10
15577.784005440626
 20
8123.495970788384
 10
15595.65435112028
 20
8154.853720423919
 10
15621.504232669391
 20
8180.874111059845
 10
15630.652828910414
 20
8189.191750671866
 10
15640.333394209385
 20
8197.153566350564
 10
15650.54592856632
 20
8204.759558095957
 10
15661.290431981219
 20
8212.009725908043
 10
15672.566904454085
 20
8218.904069786822
 10
15684.375345984885
 20
8225.44258973228
 10
15691.334522877558
 20
8228.929222118835
 10
15693.76997599793
 20
8228.144634585908
 10
15705.359421585654
 20
8223.887501171987
 10
15716.660749625651
 20
8219.199622082706
 10
15729.61367282794
 20
8213.179474413297
 10
15773.197630920122
 20
8185.992809448713
 10
15778.41824936292
 20
8182.026688364649
 10
15784.20118091682
 20
8177.228748978234
 10
15734.890093774457
 20
8085.14373634834
 10
15714.177202532923
 20
8053.146637689291
 10
15706.192586114648
 20
8044.050434225475
 10
15696.745077428288
 20
8035.932731433906
 10
15685.834676473856
 20
8028.793529314588
 10
15673.461383251322
 20
8022.632827867507
 10
15659.625197760719
 20
8017.450627092678
 10
15644.326120002032
 20
8013.246926990094
 10
15627.564149975266
 20
8010.021727559757
 10
15609.339287680443
 20
8007.775028801672
 10
15589.651533117478
 20
8006.506830715826
 10
15568.500886286467
 20
8006.217133302231
 10
15547.813130701143
 20
8006.847277632973
 10
15548.111576010071
 20
8013.410644882981
  0
LWPOLYLINE
  5
198
330
17
100
AcDbEntity
  8
FLOOR_0_TRIBUTARY_COL_18
100
AcDbPolyline
 90
19
 70
1
 10
15898.104967394735
 20
8123.541162537542
 10
15924.420542584443
 20
8141.300101002289
 10
15948.1219229892
 20
8155.1507280609585
 10
15969.20910860896
 20
8165.093043713522
 10
15987.682099443733
 20
8171.127047959984
 10
16003.540895493517
 20
8173.2527408003425
 10
16016.785496758312
 20
8171.470122234601
 10
16027.415903238114
 20
8165.779192262754
 10
16035.43211493293
 20
8156.1799508848035
 10
16040.834131842756
 20
8142.672398100759
 10
16043.621953967591
 20
8125.256533910596
 10
16043.795581307437
 20
8103.932358314358
 10
16041.355013862292
 20
8078.699871311968
 10
16037.604661004174
 20
8057.079017229544
 10
15969.609862751811
 20
8019.192785922216
 10
15896.486844153942
 20
8103.463400293695
 10
15888.669667072216
 20
8113.360089035412
 10
15887.213470194753
 20
8115.3838632743245
 10
15898.104967394735
 20
8123.541162537542
  0
LWPOLYLINE
  5
199
330
17
100
AcDbEntity
  8
FLOOR_0_LARGE_TRIBUTARY
100
AcDbPolyline
 90
19
 70
1
 10
15898.104967394735
 20
8123.541162537542
 10
15924.420542584443
 20
8141.300101002289
 10
15948.1219229892
 20
8155.1507280609585
 10
15969.20910860896
 20
8165.093043713522
 10
15987.682099443733
 20
8171.127047959984
 10
16003.540895493517
 20
8173.2527408003425
 10
16016.785496758312
 20
8171.470122234601
 10
16027.415903238114
 20
8165.779192262754
 10
16035.43211493293
 20
8156.1799508848035
 10
16040.834131842756
 20
8142.672398100759
 10
16043.621953967591
 20
8125.256533910596
 10
16043.795581307437
 20
8103.932358314358
 10
16041.355013862292
 20
8078.699871311968
 10
16037.604661004174
 20
8057.079017229544
 10
15969.609862751811
 20
8019.192785922216
 10
15896.486844153942
 20
8103.463400293695
 10
15888.669667072216
 20
8113.360089035412
 10
15887.213470194753
 20
8115.3838632743245
 10
15898.104967394735
 20
8123.541162537542
  0
LWPOLYLINE
  5
19B
330
17
100
AcDbEntity
  8
FLOOR_0_TRIBUTARY_COL_19
100
AcDbPolyline
 90
5
 70
1
 10
15729.61367282794
 20
8213.179474413297
 10
15823.005017236843
 20
8334.83330322818
 10
15846.265572393744
 20
8319.274762551973
 10
15773.197630920122
 20
8185.992809448713
 10
15729.61367282794
 20
8213.179474413297
  0
LWPOLYLINE
  5
19C
330
17
100
AcDbEntity
  8
FLOOR_0_LARGE_TRIBUTARY
100
AcDbPolyline
 90
5
 70
1
 10
15729.61367282794
 20
8213.179474413297
 10
15823.005017236843
 20
8334.83330322818
 10
15846.265572393744
 20
8319.274762551973
 10
15773.197630920122
 20
8185.992809448713
 10
15729.61367282794
 20
8213.179474413297
  0
LWPOLYLINE
  5
19E
330
17
100
AcDbEntity
  8
FLOOR_0_WALL_TRIBUTARY_0
100
AcDbPolyline
 90
6
 70
1
 10
15180.398595667913
 20
7501.92140433172
 10
15181.913230625734
 20
7504.950619951953
 10
15184.475413940367
 20
7506.658731956355
 10
15184.393274151622
 20
7489.950566180201
 10
15180.417970691575
 20
7489.950566180201
 10
15180.398595667913
 20
7501.92140433172
  0
LWPOLYLINE
  5
19F
330
17
100
AcDbEntity
  8
FLOOR_0_LARGE_TRIBUTARY
100
AcDbPolyline
 90
6
 70
1
 10
15180.398595667913
 20
7501.92140433172
 10
15181.913230625734
 20
7504.950619951953
 10
15184.475413940367
 20
7506.658731956355
 10
15184.393274151622
 20
7489.950566180201
 10
15180.417970691575
 20
7489.950566180201
 10
15180.398595667913
 20
7501.92140433172
  0
LWPOLYLINE
  5
1A0
330
17
100
AcDbEntity
  8
FLOOR_0_WALL_TRIBUTARY_0
100
AcDbPolyline
 90
7
 70
1
 10
15194.663445632583
 20
7516.950619951953
 10
15196.53196701646
 20
7518.445420987396
 10
15196.373915833254
 20
7485.934813758173
 10
15195.413162897848
 20
7485.454039507695
 10
15190.412766495281
 20
7487.956330223541
 10
15190.390501184895
 20
7511.253462778315
 10
15194.663445632583
 20
7516.950619951953
  0
LWPOLYLINE
  5
1A1
330
17
100
AcDbEntity
  8
FLOOR_0_LARGE_TRIBUTARY
100
AcDbPolyline
 90
7
 70
1
 10
15194.663445632583
 20
7516.950619951953
 10
15196.53196701646
 20
7518.445420987396
 10
15196.373915833254
 20
7485.934813758173
 10
15195.413162897848
 20
7485.454039507695
 10
15190.412766495281
 20
7487.956330223541
 10
15190.390501184895
 20
7511.253462778315
 10
15194.663445632583
 20
7516.950619951953
  0
LWPOLYLINE
  5
1A2
330
17
100
AcDbEntity
  8
FLOOR_0_WALL_TRIBUTARY_0
100
AcDbPolyline
 90
7
 70
1
 10
15206.913660639659
 20
7528.950619951953
 10
15208.587970914607
 20
7530.385724676843
 10
15208.374299630525
 20
7485.93483590284
 10
15207.413162896777
 20
7485.453865234587
 10
15202.412712293131
 20
7487.956205754801
 10
15202.379119857349
 20
7523.50926851443
 10
15206.913660639659
 20
7528.950619951953
  0
LWPOLYLINE
  5
1A3
330
17
100
AcDbEntity
  8
FLOOR_0_LARGE_TRIBUTARY
100
AcDbPolyline
 90
7
 70
1
 10
15206.913660639659
 20
7528.950619951953
 10
15208.587970914607
 20
7530.385724676843
 10
15208.374299630525
 20
7485.93483590284
 10
15207.413162896777
 20
7485.453865234587
 10
15202.412712293131
 20
7487.956205754801
 10
15202.379119857349
 20
7523.50926851443
 10
15206.913660639659
 20
7528.950619951953
  0
LWPOLYLINE
  5
1A4
330
17
100
AcDbEntity
  8
FLOOR_0_WALL_TRIBUTARY_0
100
AcDbPolyline
 90
7
 70
1
 10
15214.412658091767
 20
7487.956081286324
 10
15214.368146931607
 20
7535.612739922652
 10
15219.038875646776
 20
7540.950619951953
 10
15220.642909862396
 20
7542.376408273254
 10
15220.374683407792
 20
7485.934858040813
 10
15219.4131628957
 20
7485.453690961231
 10
15214.412658091767
 20
7487.956081286324
  0
LWPOLYLINE
  5
1A5
330
17
100
AcDbEntity
  8
FLOOR_0_LARGE_TRIBUTARY
100
AcDbPolyline
 90
7
 70
1
 10
15214.412658091767
 20
7487.956081286324
 10
15214.368146931607
 20
7535.612739922652
 10
15219.038875646776
 20
7540.950619951953
 10
15220.642909862396
 20
7542.376408273254
 10
15220.374683407792
 20
7485.934858040813
 10
15219.4131628957
 20
7485.453690961231
 10
15214.412658091767
 20
7487.956081286324
  0
LWPOLYLINE
  5
1A6
330
17
100
AcDbEntity
  8
FLOOR_0_WALL_TRIBUTARY_0
100
AcDbPolyline
 90
7
 70
1
 10
15228.146354874312
 20
7549.6531948356205
 10
15232.687623418205
 20
7552.469231160733
 10
15232.375067165056
 20
7485.934880172086
 10
15231.413162894629
 20
7485.453516687627
 10
15226.412603891185
 20
7487.95595681811
 10
15226.357483545526
 20
7547.665595639638
 10
15228.146354874312
 20
7549.6531948356205
  0
LWPOLYLINE
  5
1A7
330
17
100
AcDbEntity
  8
FLOOR_0_LARGE_TRIBUTARY
100
AcDbPolyline
 90
7
 70
1
 10
15228.146354874312
 20
7549.6531948356205
 10
15232.687623418205
 20
7552.469231160733
 10
15232.375067165056
 20
7485.934880172086
 10
15231.413162894629
 20
7485.453516687627
 10
15226.412603891185
 20
7487.95595681811
 10
15226.357483545526
 20
7547.665595639638
 10
15228.146354874312
 20
7549.6531948356205
  0
LWPOLYLINE
  5
1A8
330
17
100
AcDbEntity
  8
FLOOR_0_WALL_TRIBUTARY_0
100
AcDbPolyline
 90
6
 70
1
 10
15244.723827497975
 20
7560.966782097053
 10
15244.375450902327
 20
7485.934902296671
 10
15243.413162893557
 20
7485.453342413778
 10
15238.412549691395
 20
7487.955832350161
 10
15238.350370968728
 20
7556.113107323801
 10
15244.723827497975
 20
7560.966782097053
  0
LWPOLYLINE
  5
1A9
330
17
100
AcDbEntity
  8
FLOOR_0_LARGE_TRIBUTARY
100
AcDbPolyline
 90
6
 70
1
 10
15244.723827497975
 20
7560.966782097053
 10
15244.375450902327
 20
7485.934902296671
 10
15243.413162893557
 20
7485.453342413778
 10
15238.412549691395
 20
7487.955832350161
 10
15238.350370968728
 20
7556.113107323801
 10
15244.723827497975
 20
7560.966782097053
  0
LWPOLYLINE
  5
1AA
330
17
100
AcDbEntity
  8
FLOOR_0_WALL_TRIBUTARY_0
100
AcDbPolyline
 90
6
 70
1
 10
15250.342705810865
 20
7565.377115240488
 10
15256.766967073148
 20
7571.178162047834
 10
15256.37583461959
 20
7485.934924414558
 10
15255.413162892484
 20
7485.453168139681
 10
15250.412495492386
 20
7487.955707882473
 10
15250.342705810865
 20
7565.377115240488
  0
LWPOLYLINE
  5
1AB
330
17
100
AcDbEntity
  8
FLOOR_0_LARGE_TRIBUTARY
100
AcDbPolyline
 90
6
 70
1
 10
15250.342705810865
 20
7565.377115240488
 10
15256.766967073148
 20
7571.178162047834
 10
15256.37583461959
 20
7485.934924414558
 10
15255.413162892484
 20
7485.453168139681
 10
15250.412495492386
 20
7487.955707882473
 10
15250.342705810865
 20
7565.377115240488
  0
LWPOLYLINE
  5
1AC
330
17
100
AcDbEntity
  8
FLOOR_0_WALL_TRIBUTARY_0
100
AcDbPolyline
 90
6
 70
1
 10
15328.739702673747
 20
7570.795611290403
 10
15328.37813650328
 20
7485.935056981325
 10
15327.413162886045
 20
7485.452122489921
 10
15322.412170314845
 20
7487.954961081872
 10
15322.341765468482
 20
7572.142570410408
 10
15328.739702673747
 20
7570.795611290403
  0
LWPOLYLINE
  5
1AD
330
17
100
AcDbEntity
  8
FLOOR_0_LARGE_TRIBUTARY
100
AcDbPolyline
 90
6
 70
1
 10
15328.739702673747
 20
7570.795611290403
 10
15328.37813650328
 20
7485.935056981325
 10
15327.413162886045
 20
7485.452122489921
 10
15322.412170314845
 20
7487.954961081872
 10
15322.341765468482
 20
7572.142570410408
 10
15328.739702673747
 20
7570.795611290403
  0
LWPOLYLINE
  5
1AE
330
17
100
AcDbEntity
  8
FLOOR_0_WALL_TRIBUTARY_0
100
AcDbPolyline
 90
6
 70
1
 10
15316.75645326632
 20
7573.69203761392
 10
15316.377752905983
 20
7485.935034903595
 10
15315.413162887118
 20
7485.452296765499
 10
15310.412224509135
 20
7487.955085547981
 10
15310.338012328977
 20
7575.558087794041
 10
15316.75645326632
 20
7573.69203761392
  0
LWPOLYLINE
  5
1AF
330
17
100
AcDbEntity
  8
FLOOR_0_LARGE_TRIBUTARY
100
AcDbPolyline
 90
6
 70
1
 10
15316.75645326632
 20
7573.69203761392
 10
15316.377752905983
 20
7485.935034903595
 10
15315.413162887118
 20
7485.452296765499
 10
15310.412224509135
 20
7487.955085547981
 10
15310.338012328977
 20
7575.558087794041
 10
15316.75645326632
 20
7573.69203761392
  0
LWPOLYLINE
  5
1B0
330
17
100
AcDbEntity
  8
FLOOR_0_WALL_TRIBUTARY_0
100
AcDbPolyline
 90
6
 70
1
 10
15304.777706996145
 20
7577.546541642516
 10
15304.377369288692
 20
7485.935012819173
 10
15303.413162888191
 20
7485.45247104083
 10
15298.412278704216
 20
7487.955210014354
 10
15298.333358457028
 20
7579.936977750035
 10
15304.777706996145
 20
7577.546541642516
  0
LWPOLYLINE
  5
1B1
330
17
100
AcDbEntity
  8
FLOOR_0_LARGE_TRIBUTARY
100
AcDbPolyline
 90
6
 70
1
 10
15304.777706996145
 20
7577.546541642516
 10
15304.377369288692
 20
7485.935012819173
 10
15303.413162888191
 20
7485.45247104083
 10
15298.412278704216
 20
7487.955210014354
 10
15298.333358457028
 20
7579.936977750035
 10
15304.777706996145
 20
7577.546541642516
  0
LWPOLYLINE
  5
1B2
330
17
100
AcDbEntity
  8
FLOOR_0_WALL_TRIBUTARY_0
100
AcDbPolyline
 90
6
 70
1
 10
15268.816773328002
 20
7583.106020235929
 10
15268.376218316862
 20
7485.934946525752
 10
15267.413162891411
 20
7485.452993865339
 10
15262.412441294164
 20
7487.955583415049
 10
15262.333733381482
 20
7576.334905574584
 10
15268.816773328002
 20
7583.106020235929
  0
LWPOLYLINE
  5
1B3
330
17
100
AcDbEntity
  8
FLOOR_0_LARGE_TRIBUTARY
100
AcDbPolyline
 90
6
 70
1
 10
15268.816773328002
 20
7583.106020235929
 10
15268.376218316862
 20
7485.934946525752
 10
15267.413162891411
 20
7485.452993865339
 10
15262.412441294164
 20
7487.955583415049
 10
15262.333733381482
 20
7576.334905574584
 10
15268.816773328002
 20
7583.106020235929
  0
LWPOLYLINE
  5
1B4
330
17
100
AcDbEntity
  8
FLOOR_0_WALL_TRIBUTARY_0
100
AcDbPolyline
 90
6
 70
1
 10
15292.803615774053
 20
7582.357975487328
 10
15292.376985651417
 20
7485.934990728061
 10
15291.413162889265
 20
7485.4526453159115
 10
15286.41233290008
 20
7487.955334480988
 10
15286.327772270799
 20
7585.279475401769
 10
15292.803615774053
 20
7582.357975487328
  0
LWPOLYLINE
  5
1B5
330
17
100
AcDbEntity
  8
FLOOR_0_LARGE_TRIBUTARY
100
AcDbPolyline
 90
6
 70
1
 10
15292.803615774053
 20
7582.357975487328
 10
15292.376985651417
 20
7485.934990728061
 10
15291.413162889265
 20
7485.4526453159115
 10
15286.41233290008
 20
7487.955334480988
 10
15286.327772270799
 20
7585.279475401769
 10
15292.803615774053
 20
7582.357975487328
  0
LWPOLYLINE
  5
1B6
330
17
100
AcDbEntity
  8
FLOOR_0_WALL_TRIBUTARY_0
100
AcDbPolyline
 90
7
 70
1
 10
15275.836788710014
 20
7590.780543033284
 10
15280.834331043241
 20
7588.125142766885
 10
15280.376601994138
 20
7485.934968630255
 10
15279.413162890338
 20
7485.45281959075
 10
15274.412387096729
 20
7487.9554589478885
 10
15274.323509289243
 20
7588.985976666298
 10
15275.836788710014
 20
7590.780543033284
  0
LWPOLYLINE
  5
1B7
330
17
100
AcDbEntity
  8
FLOOR_0_LARGE_TRIBUTARY
100
AcDbPolyline
 90
7
 70
1
 10
15275.836788710014
 20
7590.780543033284
 10
15280.834331043241
 20
7588.125142766885
 10
15280.376601994138
 20
7485.934968630255
 10
15279.413162890338
 20
7485.45281959075
 10
15274.412387096729
 20
7487.9554589478885
 10
15274.323509289243
 20
7588.985976666298
 10
15275.836788710014
 20
7590.780543033284
  0
LWPOLYLINE
  5
1B8
330
17
100
AcDbEntity
  8
FLOOR_0_WALL_TRIBUTARY_0
100
AcDbPolyline
 90
6
 70
1
 10
15358.41200773668
 20
7487.9545876851225
 10
15358.34793603515
 20
7567.674054446716
 10
15364.714943852225
 20
7567.865546126853
 10
15364.37928717522
 20
7485.935123174361
 10
15363.413162882825
 20
7485.45159966171
 10
15358.41200773668
 20
7487.9545876851225
  0
LWPOLYLINE
  5
1B9
330
17
100
AcDbEntity
  8
FLOOR_0_LARGE_TRIBUTARY
100
AcDbPolyline
 90
6
 70
1
 10
15358.41200773668
 20
7487.9545876851225
 10
15358.34793603515
 20
7567.674054446716
 10
15364.714943852225
 20
7567.865546126853
 10
15364.37928717522
 20
7485.935123174361
 10
15363.413162882825
 20
7485.45159966171
 10
15358.41200773668
 20
7487.9545876851225
  0
LWPOLYLINE
  5
1BA
330
17
100
AcDbEntity
  8
FLOOR_0_WALL_TRIBUTARY_0
100
AcDbPolyline
 90
6
 70
1
 10
15352.719100991408
 20
7567.881339724339
 10
15352.378903637898
 20
7485.935101116707
 10
15351.413162883899
 20
7485.451773938028
 10
15346.412061928615
 20
7487.954712150443
 10
15346.346695785065
 20
7568.200763536447
 10
15352.719100991408
 20
7567.881339724339
  0
LWPOLYLINE
  5
1BB
330
17
100
AcDbEntity
  8
FLOOR_0_LARGE_TRIBUTARY
100
AcDbPolyline
 90
6
 70
1
 10
15352.719100991408
 20
7567.881339724339
 10
15352.378903637898
 20
7485.935101116707
 10
15351.413162883899
 20
7485.451773938028
 10
15346.412061928615
 20
7487.954712150443
 10
15346.346695785065
 20
7568.200763536447
 10
15352.719100991408
 20
7567.881339724339
  0
LWPOLYLINE
  5
1BC
330
17
100
AcDbEntity
  8
FLOOR_0_WALL_TRIBUTARY_0
100
AcDbPolyline
 90
6
 70
1
 10
15370.348401699848
 20
7568.109878716243
 10
15376.714677776738
 20
7568.811933176801
 10
15376.379670692557
 20
7485.935145225326
 10
15375.413162881752
 20
7485.451425385147
 10
15370.411953545528
 20
7487.954463220065
 10
15370.348401699848
 20
7568.109878716243
  0
LWPOLYLINE
  5
1BD
330
17
100
AcDbEntity
  8
FLOOR_0_LARGE_TRIBUTARY
100
AcDbPolyline
 90
6
 70
1
 10
15370.348401699848
 20
7568.109878716243
 10
15376.714677776738
 20
7568.811933176801
 10
15376.379670692557
 20
7485.935145225326
 10
15375.413162881752
 20
7485.451425385147
 10
15370.411953545528
 20
7487.954463220065
 10
15370.348401699848
 20
7568.109878716243
  0
LWPOLYLINE
  5
1BE
330
17
100
AcDbEntity
  8
FLOOR_0_WALL_TRIBUTARY_0
100
AcDbPolyline
 90
6
 70
1
 10
15334.344649438772
 20
7569.690200611212
 10
15340.72730285193
 20
7568.858361879489
 10
15340.378520080583
 20
7485.935079052362
 10
15339.413162884972
 20
7485.451948214099
 10
15334.412116121335
 20
7487.954836616025
 10
15334.344649438772
 20
7569.690200611212
  0
LWPOLYLINE
  5
1BF
330
17
100
AcDbEntity
  8
FLOOR_0_LARGE_TRIBUTARY
100
AcDbPolyline
 90
6
 70
1
 10
15334.344649438772
 20
7569.690200611212
 10
15340.72730285193
 20
7568.858361879489
 10
15340.378520080583
 20
7485.935079052362
 10
15339.413162884972
 20
7485.451948214099
 10
15334.412116121335
 20
7487.954836616025
 10
15334.344649438772
 20
7569.690200611212
  0
LWPOLYLINE
  5
1C0
330
17
100
AcDbEntity
  8
FLOOR_0_WALL_TRIBUTARY_0
100
AcDbPolyline
 90
6
 70
1
 10
15382.348124273682
 20
7569.508051826113
 10
15388.718148702497
 20
7570.721403587131
 10
15388.38005418991
 20
7485.935167269601
 10
15387.413162880679
 20
7485.451251108337
 10
15382.411899355167
 20
7487.95433875527
 10
15382.348124273682
 20
7569.508051826113
  0
LWPOLYLINE
  5
1C1
330
17
100
AcDbEntity
  8
FLOOR_0_LARGE_TRIBUTARY
100
AcDbPolyline
 90
6
 70
1
 10
15382.348124273682
 20
7569.508051826113
 10
15388.718148702497
 20
7570.721403587131
 10
15388.38005418991
 20
7485.935167269601
 10
15387.413162880679
 20
7485.451251108337
 10
15382.411899355167
 20
7487.95433875527
 10
15382.348124273682
 20
7569.508051826113
  0
LWPOLYLINE
  5
1C2
330
17
100
AcDbEntity
  8
FLOOR_0_WALL_TRIBUTARY_0
100
AcDbPolyline
 90
6
 70
1
 10
15394.347135235315
 20
7571.868399357788
 10
15400.725202175016
 20
7573.594810535458
 10
15400.380437667267
 20
7485.9351893071835
 10
15399.413162879606
 20
7485.451076831279
 10
15394.411845165587
 20
7487.954214290739
 10
15394.347135235315
 20
7571.868399357788
  0
LWPOLYLINE
  5
1C3
330
17
100
AcDbEntity
  8
FLOOR_0_LARGE_TRIBUTARY
100
AcDbPolyline
 90
6
 70
1
 10
15394.347135235315
 20
7571.868399357788
 10
15400.725202175016
 20
7573.594810535458
 10
15400.380437667267
 20
7485.9351893071835
 10
15399.413162879606
 20
7485.451076831279
 10
15394.411845165587
 20
7487.954214290739
 10
15394.347135235315
 20
7571.868399357788
  0
LWPOLYLINE
  5
1C4
330
17
100
AcDbEntity
  8
FLOOR_0_WALL_TRIBUTARY_0
100
AcDbPolyline
 90
6
 70
1
 10
15406.411790976796
 20
7487.954089826471
 10
15406.345466048224
 20
7575.1907569869
 10
15412.73568336053
 20
7577.432957511677
 10
15412.38082112465
 20
7485.935211338078
 10
15411.413162878533
 20
7485.4509025539755
 10
15406.411790976796
 20
7487.954089826471
  0
LWPOLYLINE
  5
1C5
330
17
100
AcDbEntity
  8
FLOOR_0_LARGE_TRIBUTARY
100
AcDbPolyline
 90
6
 70
1
 10
15406.411790976796
 20
7487.954089826471
 10
15406.345466048224
 20
7575.1907569869
 10
15412.73568336053
 20
7577.432957511677
 10
15412.38082112465
 20
7485.935211338078
 10
15411.413162878533
 20
7485.4509025539755
 10
15406.411790976796
 20
7487.954089826471
  0
LWPOLYLINE
  5
1C6
330
17
100
AcDbEntity
  8
FLOOR_0_WALL_TRIBUTARY_0
100
AcDbPolyline
 90
6
 70
1
 10
15418.34314816114
 20
7579.474970477297
 10
15424.749437059401
 20
7582.236598172018
 10
15424.381204562042
 20
7485.935233362281
 10
15423.413162877461
 20
7485.4507282764225
 10
15418.41173678879
 20
7487.953965362466
 10
15418.34314816114
 20
7579.474970477297
  0
LWPOLYLINE
  5
1C7
330
17
100
AcDbEntity
  8
FLOOR_0_LARGE_TRIBUTARY
100
AcDbPolyline
 90
6
 70
1
 10
15418.34314816114
 20
7579.474970477297
 10
15424.749437059401
 20
7582.236598172018
 10
15424.381204562042
 20
7485.935233362281
 10
15423.413162877461
 20
7485.4507282764225
 10
15418.41173678879
 20
7487.953965362466
 10
15418.34314816114
 20
7579.474970477297
  0
LWPOLYLINE
  5
1C8
330
17
100
AcDbEntity
  8
FLOOR_0_WALL_TRIBUTARY_0
100
AcDbPolyline
 90
6
 70
1
 10
15436.76630771875
 20
7588.006436199132
 10
15436.381587979455
 20
7485.935255379798
 10
15435.413162876386
 20
7485.450553998626
 10
15430.411682601567
 20
7487.953840898724
 10
15430.340213008658
 20
7584.7208956753475
 10
15436.76630771875
 20
7588.006436199132
  0
LWPOLYLINE
  5
1C9
330
17
100
AcDbEntity
  8
FLOOR_0_LARGE_TRIBUTARY
100
AcDbPolyline
 90
6
 70
1
 10
15436.76630771875
 20
7588.006436199132
 10
15436.381587979455
 20
7485.935255379798
 10
15435.413162876386
 20
7485.450553998626
 10
15430.411682601567
 20
7487.953840898724
 10
15430.340213008658
 20
7584.7208956753475
 10
15436.76630771875
 20
7588.006436199132
  0
LWPOLYLINE
  5
1CA
330
17
100
AcDbEntity
  8
FLOOR_0_WALL_TRIBUTARY_0
100
AcDbPolyline
 90
6
 70
1
 10
15448.786139446078
 20
7594.74312516887
 10
15448.381971376884
 20
7485.935277390625
 10
15447.413162875313
 20
7485.450379720582
 10
15442.411628415135
 20
7487.953716435246
 10
15442.336692011795
 20
7590.92839850455
 10
15448.786139446078
 20
7594.74312516887
  0
LWPOLYLINE
  5
1CB
330
17
100
AcDbEntity
  8
FLOOR_0_LARGE_TRIBUTARY
100
AcDbPolyline
 90
6
 70
1
 10
15448.786139446078
 20
7594.74312516887
 10
15448.381971376884
 20
7485.935277390625
 10
15447.413162875313
 20
7485.450379720582
 10
15442.411628415135
 20
7487.953716435246
 10
15442.336692011795
 20
7590.92839850455
 10
15448.786139446078
 20
7594.74312516887
  0
LWPOLYLINE
  5
1CC
330
17
100
AcDbEntity
  8
FLOOR_0_WALL_TRIBUTARY_0
100
AcDbPolyline
 90
6
 70
1
 10
15454.332616578533
 20
7598.0973549603705
 10
15460.808776021975
 20
7602.44726842298
 10
15460.382354754336
 20
7485.935299394765
 10
15459.413162874242
 20
7485.45020544229
 10
15454.411574229485
 20
7487.953591972029
 10
15454.332616578533
 20
7598.0973549603705
  0
LWPOLYLINE
  5
1CD
330
17
100
AcDbEntity
  8
FLOOR_0_LARGE_TRIBUTARY
100
AcDbPolyline
 90
6
 70
1
 10
15454.332616578533
 20
7598.0973549603705
 10
15460.808776021975
 20
7602.44726842298
 10
15460.382354754336
 20
7485.935299394765
 10
15459.413162874242
 20
7485.45020544229
 10
15454.411574229485
 20
7487.953591972029
 10
15454.332616578533
 20
7598.0973549603705
  0
LWPOLYLINE
  5
1CE
330
17
100
AcDbEntity
  8
FLOOR_0_WALL_TRIBUTARY_0
100
AcDbPolyline
 90
6
 70
1
 10
15472.834060913887
 20
7611.1194189487305
 10
15472.38273811181
 20
7485.935321392219
 10
15471.413162873167
 20
7485.450031163753
 10
15466.411520044625
 20
7487.953467509078
 10
15466.328018104336
 20
7606.227651105323
 10
15472.834060913887
 20
7611.1194189487305
  0
LWPOLYLINE
  5
1CF
330
17
100
AcDbEntity
  8
FLOOR_0_LARGE_TRIBUTARY
100
AcDbPolyline
 90
6
 70
1
 10
15472.834060913887
 20
7611.1194189487305
 10
15472.38273811181
 20
7485.935321392219
 10
15471.413162873167
 20
7485.450031163753
 10
15466.411520044625
 20
7487.953467509078
 10
15466.328018104336
 20
7606.227651105323
 10
15472.834060913887
 20
7611.1194189487305
  0
LWPOLYLINE
  5
1D0
330
17
100
AcDbEntity
  8
FLOOR_0_WALL_TRIBUTARY_0
100
AcDbPolyline
 90
6
 70
1
 10
15478.322927972731
 20
7615.319183064383
 10
15484.861837289165
 20
7620.760079264558
 10
15484.383121449304
 20
7485.935343382984
 10
15483.413162872093
 20
7485.449856884967
 10
15478.411465860545
 20
7487.953343046389
 10
15478.322927972731
 20
7615.319183064383
  0
LWPOLYLINE
  5
1D1
330
17
100
AcDbEntity
  8
FLOOR_0_LARGE_TRIBUTARY
100
AcDbPolyline
 90
6
 70
1
 10
15478.322927972731
 20
7615.319183064383
 10
15484.861837289165
 20
7620.760079264558
 10
15484.383121449304
 20
7485.935343382984
 10
15483.413162872093
 20
7485.449856884967
 10
15478.411465860545
 20
7487.953343046389
 10
15478.322927972731
 20
7615.319183064383
  0
TEXT
  5
1D2
330
17
100
AcDbEntity
  8
FLOOR_0_AREA_LABELS
100
AcDbText
 10
15354.98345405996
 20
7532.993787531602
 30
0.0
 40
24.0
  1
93 SF
 72
1
 11
15354.98345405996
 21
7532.993787531602
 31
0.0
100
AcDbText
 73
2
  0
LWPOLYLINE
  5
1D4
330
17
100
AcDbEntity
  8
FLOOR_0_WALL_TRIBUTARY_1
100
AcDbPolyline
 90
6
 70
1
 10
15183.413122994914
 20
7480.950611991928
 10
15177.42293370275
 20
7486.950619951953
 10
15180.417970691575
 20
7489.950566180201
 10
15184.393274151622
 20
7489.950566180201
 10
15190.404857941401
 20
7487.953682959698
 10
15183.413122994914
 20
7480.950611991928
  0
LWPOLYLINE
  5
1D5
330
17
100
AcDbEntity
  8
FLOOR_0_LARGE_TRIBUTARY
100
AcDbPolyline
 90
6
 70
1
 10
15183.413122994914
 20
7480.950611991928
 10
15177.42293370275
 20
7486.950619951953
 10
15180.417970691575
 20
7489.950566180201
 10
15184.393274151622
 20
7489.950566180201
 10
15190.404857941401
 20
7487.953682959698
 10
15183.413122994914
 20
7480.950611991928
  0
LWPOLYLINE
  5
1D6
330
17
100
AcDbEntity
  8
FLOOR_0_WALL_TRIBUTARY_1
100
AcDbPolyline
 90
24
 70
1
 10
15171.413123081747
 20
7504.950619951953
 10
15171.413123081747
 20
7516.950619951953
 10
15171.413123081747
 20
7528.950619951953
 10
15171.413123081747
 20
7540.950619951953
 10
15171.413123081747
 20
7563.254741320821
 10
15228.146354874312
 20
7549.6531948356205
 10
15226.357483545526
 20
7547.665595639638
 10
15220.642909862396
 20
7542.376408273254
 10
15219.038875646776
 20
7540.950619951953
 10
15214.368146931607
 20
7535.612739922652
 10
15208.587970914607
 20
7530.385724676843
 10
15206.913660639659
 20
7528.950619951953
 10
15202.379119857349
 20
7523.50926851443
 10
15196.53196701646
 20
7518.445420987396
 10
15194.663445632583
 20
7516.950619951953
 10
15190.390501184895
 20
7511.253462778315
 10
15184.475413940367
 20
7506.658731956355
 10
15181.913230625734
 20
7504.950619951953
 10
15180.398595667913
 20
7501.92140433172
 10
15171.413131115582
 20
7492.950619951953
 10
15177.403312460749
 20
7486.950619951953
 10
15171.413123081747
 20
7480.950611904952
 10
15171.413123081747
 20
7492.950619951953
 10
15171.413123081747
 20
7504.950619951953
  0
LWPOLYLINE
  5
1D7
330
17
100
AcDbEntity
  8
FLOOR_0_LARGE_TRIBUTARY
100
AcDbPolyline
 90
24
 70
1
 10
15171.413123081747
 20
7504.950619951953
 10
15171.413123081747
 20
7516.950619951953
 10
15171.413123081747
 20
7528.950619951953
 10
15171.413123081747
 20
7540.950619951953
 10
15171.413123081747
 20
7563.254741320821
 10
15228.146354874312
 20
7549.6531948356205
 10
15226.357483545526
 20
7547.665595639638
 10
15220.642909862396
 20
7542.376408273254
 10
15219.038875646776
 20
7540.950619951953
 10
15214.368146931607
 20
7535.612739922652
 10
15208.587970914607
 20
7530.385724676843
 10
15206.913660639659
 20
7528.950619951953
 10
15202.379119857349
 20
7523.50926851443
 10
15196.53196701646
 20
7518.445420987396
 10
15194.663445632583
 20
7516.950619951953
 10
15190.390501184895
 20
7511.253462778315
 10
15184.475413940367
 20
7506.658731956355
 10
15181.913230625734
 20
7504.950619951953
 10
15180.398595667913
 20
7501.92140433172
 10
15171.413131115582
 20
7492.950619951953
 10
15177.403312460749
 20
7486.950619951953
 10
15171.413123081747
 20
7480.950611904952
 10
15171.413123081747
 20
7492.950619951953
 10
15171.413123081747
 20
7504.950619951953
  0
LWPOLYLINE
  5
1D8
330
17
100
AcDbEntity
  8
FLOOR_0_WALL_TRIBUTARY_1
100
AcDbPolyline
 90
19
 70
1
 10
15171.413123081747
 20
7636.950619951953
 10
15171.413123081747
 20
7648.950619951953
 10
15171.413123081747
 20
7660.950619951953
 10
15171.413123081747
 20
7672.950619951953
 10
15171.413123081747
 20
7684.950619951953
 10
15171.413123081747
 20
7706.925733912422
 10
15262.98219147261
 20
7684.950619951953
 10
15269.635018857696
 20
7683.807937985843
 10
15267.52838291167
 20
7672.950619951953
 10
15265.968033380657
 20
7660.950619951953
 10
15265.17568384964
 20
7648.950619951953
 10
15265.151334318623
 20
7636.950619951953
 10
15265.894984787608
 20
7624.950619951953
 10
15267.161032635513
 20
7614.900297812945
 10
15256.304901432915
 20
7612.950619951953
 10
15171.413123081747
 20
7591.431560814363
 10
15171.413123081747
 20
7612.950619951953
 10
15171.413123081747
 20
7624.950619951953
 10
15171.413123081747
 20
7636.950619951953
  0
LWPOLYLINE
  5
1D9
330
17
100
AcDbEntity
  8
FLOOR_0_LARGE_TRIBUTARY
100
AcDbPolyline
 90
19
 70
1
 10
15171.413123081747
 20
7636.950619951953
 10
15171.413123081747
 20
7648.950619951953
 10
15171.413123081747
 20
7660.950619951953
 10
15171.413123081747
 20
7672.950619951953
 10
15171.413123081747
 20
7684.950619951953
 10
15171.413123081747
 20
7706.925733912422
 10
15262.98219147261
 20
7684.950619951953
 10
15269.635018857696
 20
7683.807937985843
 10
15267.52838291167
 20
7672.950619951953
 10
15265.968033380657
 20
7660.950619951953
 10
15265.17568384964
 20
7648.950619951953
 10
15265.151334318623
 20
7636.950619951953
 10
15265.894984787608
 20
7624.950619951953
 10
15267.161032635513
 20
7614.900297812945
 10
15256.304901432915
 20
7612.950619951953
 10
15171.413123081747
 20
7591.431560814363
 10
15171.413123081747
 20
7612.950619951953
 10
15171.413123081747
 20
7624.950619951953
 10
15171.413123081747
 20
7636.950619951953
  0
TEXT
  5
1DA
330
17
100
AcDbEntity
  8
FLOOR_0_AREA_LABELS
100
AcDbText
 10
15210.04605667649
 20
7627.1130354112665
 30
0.0
 40
24.0
  1
76 SF
 72
1
 11
15210.04605667649
 21
7627.1130354112665
 31
0.0
100
AcDbText
 73
2
  0
LWPOLYLINE
  5
1DC
330
17
100
AcDbEntity
  8
FLOOR_0_WALL_TRIBUTARY_2
100
AcDbPolyline
 90
166
 70
1
 10
15171.413131115582
 20
7492.950619951953
 10
15180.398595667913
 20
7501.92140433172
 10
15180.417970691575
 20
7489.950566180201
 10
15177.42293370275
 20
7486.950619951953
 10
15183.413122994914
 20
7480.950611991928
 10
15190.404857941401
 20
7487.953682959698
 10
15184.393274151622
 20
7489.950566180201
 10
15184.475413940367
 20
7506.658731956355
 10
15190.390501184895
 20
7511.253462778315
 10
15190.412766495281
 20
7487.956330223541
 10
15195.413162897848
 20
7485.454039507695
 10
15196.373915833254
 20
7485.934813758173
 10
15196.53196701646
 20
7518.445420987396
 10
15202.379119857349
 20
7523.50926851443
 10
15202.412712293131
 20
7487.956205754801
 10
15207.413162896777
 20
7485.453865234587
 10
15208.374299630525
 20
7485.93483590284
 10
15208.587970914607
 20
7530.385724676843
 10
15214.368146931607
 20
7535.612739922652
 10
15214.412658091767
 20
7487.956081286324
 10
15219.4131628957
 20
7485.453690961231
 10
15220.374683407792
 20
7485.934858040813
 10
15220.642909862396
 20
7542.376408273254
 10
15226.357483545526
 20
7547.665595639638
 10
15226.412603891185
 20
7487.95595681811
 10
15231.413162894629
 20
7485.453516687627
 10
15232.375067165056
 20
7485.934880172086
 10
15232.687623418205
 20
7552.469231160733
 10
15238.350370968728
 20
7556.113107323801
 10
15238.412549691395
 20
7487.955832350161
 10
15243.413162893557
 20
7485.453342413778
 10
15244.375450902327
 20
7485.934902296671
 10
15244.723827497975
 20
7560.966782097053
 10
15250.342705810865
 20
7565.377115240488
 10
15250.412495492386
 20
7487.955707882473
 10
15255.413162892484
 20
7485.453168139681
 10
15256.37583461959
 20
7485.934924414558
 10
15256.766967073148
 20
7571.178162047834
 10
15262.333733381482
 20
7576.334905574584
 10
15262.412441294164
 20
7487.955583415049
 10
15267.413162891411
 20
7485.452993865339
 10
15268.376218316862
 20
7485.934946525752
 10
15268.816773328002
 20
7583.106020235929
 10
15274.323509289243
 20
7588.985976666298
 10
15274.412387096729
 20
7487.9554589478885
 10
15279.413162890338
 20
7485.45281959075
 10
15280.376601994138
 20
7485.934968630255
 10
15280.834331043241
 20
7588.125142766885
 10
15286.327772270799
 20
7585.279475401769
 10
15286.41233290008
 20
7487.955334480988
 10
15291.413162889265
 20
7485.4526453159115
 10
15292.376985651417
 20
7485.934990728061
 10
15292.803615774053
 20
7582.357975487328
 10
15298.333358457028
 20
7579.936977750035
 10
15298.412278704216
 20
7487.955210014354
 10
15303.413162888191
 20
7485.45247104083
 10
15304.377369288692
 20
7485.935012819173
 10
15304.777706996145
 20
7577.546541642516
 10
15310.338012328977
 20
7575.558087794041
 10
15310.412224509135
 20
7487.955085547981
 10
15315.413162887118
 20
7485.452296765499
 10
15316.377752905983
 20
7485.935034903595
 10
15316.75645326632
 20
7573.69203761392
 10
15322.341765468482
 20
7572.142570410408
 10
15322.412170314845
 20
7487.954961081872
 10
15327.413162886045
 20
7485.452122489921
 10
15328.37813650328
 20
7485.935056981325
 10
15328.739702673747
 20
7570.795611290403
 10
15334.344649438772
 20
7569.690200611212
 10
15334.412116121335
 20
7487.954836616025
 10
15339.413162884972
 20
7485.451948214099
 10
15340.378520080583
 20
7485.935079052362
 10
15340.72730285193
 20
7568.858361879489
 10
15346.346695785065
 20
7568.200763536447
 10
15346.412061928615
 20
7487.954712150443
 10
15351.413162883899
 20
7485.451773938028
 10
15352.378903637898
 20
7485.935101116707
 10
15352.719100991408
 20
7567.881339724339
 10
15358.34793603515
 20
7567.674054446716
 10
15358.41200773668
 20
7487.9545876851225
 10
15363.413162882825
 20
7485.45159966171
 10
15364.37928717522
 20
7485.935123174361
 10
15364.714943852225
 20
7567.865546126853
 10
15370.348401699848
 20
7568.109878716243
 10
15370.411953545528
 20
7487.954463220065
 10
15375.413162881752
 20
7485.451425385147
 10
15376.379670692557
 20
7485.935145225326
 10
15376.714677776738
 20
7568.811933176801
 10
15382.348124273682
 20
7569.508051826113
 10
15382.411899355167
 20
7487.95433875527
 10
15387.413162880679
 20
7485.451251108337
 10
15388.38005418991
 20
7485.935167269601
 10
15388.718148702497
 20
7570.721403587131
 10
15394.347135235315
 20
7571.868399357788
 10
15394.411845165587
 20
7487.954214290739
 10
15399.413162879606
 20
7485.451076831279
 10
15400.380437667267
 20
7485.9351893071835
 10
15400.725202175016
 20
7573.594810535458
 10
15406.345466048224
 20
7575.1907569869
 10
15406.411790976796
 20
7487.954089826471
 10
15411.413162878533
 20
7485.4509025539755
 10
15412.38082112465
 20
7485.935211338078
 10
15412.73568336053
 20
7577.432957511677
 10
15418.34314816114
 20
7579.474970477297
 10
15418.41173678879
 20
7487.953965362466
 10
15423.413162877461
 20
7485.4507282764225
 10
15424.381204562042
 20
7485.935233362281
 10
15424.749437059401
 20
7582.236598172018
 10
15430.340213008658
 20
7584.7208956753475
 10
15430.411682601567
 20
7487.953840898724
 10
15435.413162876386
 20
7485.450553998626
 10
15436.381587979455
 20
7485.935255379798
 10
15436.76630771875
 20
7588.006436199132
 10
15442.336692011795
 20
7590.92839850455
 10
15442.411628415135
 20
7487.953716435246
 10
15447.413162875313
 20
7485.450379720582
 10
15448.381971376884
 20
7485.935277390625
 10
15448.786139446078
 20
7594.74312516887
 10
15454.332616578533
 20
7598.0973549603705
 10
15454.411574229485
 20
7487.953591972029
 10
15459.413162874242
 20
7485.45020544229
 10
15460.382354754336
 20
7485.935299394765
 10
15460.808776021975
 20
7602.44726842298
 10
15466.328018104336
 20
7606.227651105323
 10
15466.411520044625
 20
7487.953467509078
 10
15471.413162873167
 20
7485.450031163753
 10
15472.38273811181
 20
7485.935321392219
 10
15472.834060913887
 20
7611.1194189487305
 10
15478.322927972731
 20
7615.319183064383
 10
15478.411465860545
 20
7487.953343046389
 10
15483.413162872093
 20
7485.449856884967
 10
15484.383121449304
 20
7485.935343382984
 10
15484.861837289165
 20
7620.760079264558
 10
15504.747934851608
 20
7637.570561436774
 10
15501.973813210556
 20
7491.823550375488
 10
15506.212920176524
 20
7480.930875178644
 10
15483.413122831815
 20
7480.930875178644
 10
15471.413122831342
 20
7480.930875178644
 10
15459.413122830872
 20
7480.930875178644
 10
15447.4131228304
 20
7480.930875178644
 10
15435.41312282993
 20
7480.930875178644
 10
15423.413122829461
 20
7480.930875178644
 10
15411.413122828988
 20
7480.930875178644
 10
15399.413122828519
 20
7480.930875178644
 10
15387.413122828046
 20
7480.930875178644
 10
15375.413122827576
 20
7480.930875178644
 10
15363.413122827104
 20
7480.930875178644
 10
15351.413122826632
 20
7480.930875178644
 10
15339.413122826163
 20
7480.930875178644
 10
15327.413122825692
 20
7480.930875178644
 10
15315.413122825219
 20
7480.930875178644
 10
15303.41312282475
 20
7480.930875178644
 10
15291.413122824277
 20
7480.930875178644
 10
15279.413122823806
 20
7480.930875178644
 10
15267.413122823336
 20
7480.930875178644
 10
15255.413122822865
 20
7480.930875178644
 10
15243.413122822392
 20
7480.930875178644
 10
15231.413122821923
 20
7480.930875178644
 10
15219.41312282145
 20
7480.930875178644
 10
15207.413122820979
 20
7480.930875178644
 10
15195.41312282051
 20
7480.930875178644
 10
15183.413122820039
 20
7480.930875178644
 10
15171.413123081747
 20
7480.930875178644
 10
15171.413123081747
 20
7480.950611904952
 10
15177.403312460749
 20
7486.950619951953
 10
15171.413131115582
 20
7492.950619951953
  0
LWPOLYLINE
  5
1DD
330
17
100
AcDbEntity
  8
FLOOR_0_LARGE_TRIBUTARY
100
AcDbPolyline
 90
166
 70
1
 10
15171.413131115582
 20
7492.950619951953
 10
15180.398595667913
 20
7501.92140433172
 10
15180.417970691575
 20
7489.950566180201
 10
15177.42293370275
 20
7486.950619951953
 10
15183.413122994914
 20
7480.950611991928
 10
15190.404857941401
 20
7487.953682959698
 10
15184.393274151622
 20
7489.950566180201
 10
15184.475413940367
 20
7506.658731956355
 10
15190.390501184895
 20
7511.253462778315
 10
15190.412766495281
 20
7487.956330223541
 10
15195.413162897848
 20
7485.454039507695
 10
15196.373915833254
 20
7485.934813758173
 10
15196.53196701646
 20
7518.445420987396
 10
15202.379119857349
 20
7523.50926851443
 10
15202.412712293131
 20
7487.956205754801
 10
15207.413162896777
 20
7485.453865234587
 10
15208.374299630525
 20
7485.93483590284
 10
15208.587970914607
 20
7530.385724676843
 10
15214.368146931607
 20
7535.612739922652
 10
15214.412658091767
 20
7487.956081286324
 10
15219.4131628957
 20
7485.453690961231
 10
15220.374683407792
 20
7485.934858040813
 10
15220.642909862396
 20
7542.376408273254
 10
15226.357483545526
 20
7547.665595639638
 10
15226.412603891185
 20
7487.95595681811
 10
15231.413162894629
 20
7485.453516687627
 10
15232.375067165056
 20
7485.934880172086
 10
15232.687623418205
 20
7552.469231160733
 10
15238.350370968728
 20
7556.113107323801
 10
15238.412549691395
 20
7487.955832350161
 10
15243.413162893557
 20
7485.453342413778
 10
15244.375450902327
 20
7485.934902296671
 10
15244.723827497975
 20
7560.966782097053
 10
15250.342705810865
 20
7565.377115240488
 10
15250.412495492386
 20
7487.955707882473
 10
15255.413162892484
 20
7485.453168139681
 10
15256.37583461959
 20
7485.934924414558
 10
15256.766967073148
 20
7571.178162047834
 10
15262.333733381482
 20
7576.334905574584
 10
15262.412441294164
 20
7487.955583415049
 10
15267.413162891411
 20
7485.452993865339
 10
15268.376218316862
 20
7485.934946525752
 10
15268.816773328002
 20
7583.106020235929
 10
15274.323509289243
 20
7588.985976666298
 10
15274.412387096729
 20
7487.9554589478885
 10
15279.413162890338
 20
7485.45281959075
 10
15280.376601994138
 20
7485.934968630255
 10
15280.834331043241
 20
7588.125142766885
 10
15286.327772270799
 20
7585.279475401769
 10
15286.41233290008
 20
7487.955334480988
 10
15291.413162889265
 20
7485.4526453159115
 10
15292.376985651417
 20
7485.934990728061
 10
15292.803615774053
 20
7582.357975487328
 10
15298.333358457028
 20
7579.936977750035
 10
15298.412278704216
 20
7487.955210014354
 10
15303.413162888191
 20
7485.45247104083
 10
15304.377369288692
 20
7485.935012819173
 10
15304.777706996145
 20
7577.546541642516
 10
15310.338012328977
 20
7575.558087794041
 10
15310.412224509135
 20
7487.955085547981
 10
15315.413162887118
 20
7485.452296765499
 10
15316.377752905983
 20
7485.935034903595
 10
15316.75645326632
 20
7573.69203761392
 10
15322.341765468482
 20
7572.142570410408
 10
15322.412170314845
 20
7487.954961081872
 10
15327.413162886045
 20
7485.452122489921
 10
15328.37813650328
 20
7485.935056981325
 10
15328.739702673747
 20
7570.795611290403
 10
15334.344649438772
 20
7569.690200611212
 10
15334.412116121335
 20
7487.954836616025
 10
15339.413162884972
 20
7485.451948214099
 10
15340.378520080583
 20
7485.935079052362
 10
15340.72730285193
 20
7568.858361879489
 10
15346.346695785065
 20
7568.200763536447
 10
15346.412061928615
 20
7487.954712150443
 10
15351.413162883899
 20
7485.451773938028
 10
15352.378903637898
 20
7485.935101116707
 10
15352.719100991408
 20
7567.881339724339
 10
15358.34793603515
 20
7567.674054446716
 10
15358.41200773668
 20
7487.9545876851225
 10
15363.413162882825
 20
7485.45159966171
 10
15364.37928717522
 20
7485.935123174361
 10
15364.714943852225
 20
7567.865546126853
 10
15370.348401699848
 20
7568.109878716243
 10
15370.411953545528
 20
7487.954463220065
 10
15375.413162881752
 20
7485.451425385147
 10
15376.379670692557
 20
7485.935145225326
 10
15376.714677776738
 20
7568.811933176801
 10
15382.348124273682
 20
7569.508051826113
 10
15382.411899355167
 20
7487.95433875527
 10
15387.413162880679
 20
7485.451251108337
 10
15388.38005418991
 20
7485.935167269601
 10
15388.718148702497
 20
7570.721403587131
 10
15394.347135235315
 20
7571.868399357788
 10
15394.411845165587
 20
7487.954214290739
 10
15399.413162879606
 20
7485.451076831279
 10
15400.380437667267
 20
7485.9351893071835
 10
15400.725202175016
 20
7573.594810535458
 10
15406.345466048224
 20
7575.1907569869
 10
15406.411790976796
 20
7487.954089826471
 10
15411.413162878533
 20
7485.4509025539755
 10
15412.38082112465
 20
7485.935211338078
 10
15412.73568336053
 20
7577.432957511677
 10
15418.34314816114
 20
7579.474970477297
 10
15418.41173678879
 20
7487.953965362466
 10
15423.413162877461
 20
7485.4507282764225
 10
15424.381204562042
 20
7485.935233362281
 10
15424.749437059401
 20
7582.236598172018
 10
15430.340213008658
 20
7584.7208956753475
 10
15430.411682601567
 20
7487.953840898724
 10
15435.413162876386
 20
7485.450553998626
 10
15436.381587979455
 20
7485.935255379798
 10
15436.76630771875
 20
7588.006436199132
 10
15442.336692011795
 20
7590.92839850455
 10
15442.411628415135
 20
7487.953716435246
 10
15447.413162875313
 20
7485.450379720582
 10
15448.381971376884
 20
7485.935277390625
 10
15448.786139446078
 20
7594.74312516887
 10
15454.332616578533
 20
7598.0973549603705
 10
15454.411574229485
 20
7487.953591972029
 10
15459.413162874242
 20
7485.45020544229
 10
15460.382354754336
 20
7485.935299394765
 10
15460.808776021975
 20
7602.44726842298
 10
15466.328018104336
 20
7606.227651105323
 10
15466.411520044625
 20
7487.953467509078
 10
15471.413162873167
 20
7485.450031163753
 10
15472.38273811181
 20
7485.935321392219
 10
15472.834060913887
 20
7611.1194189487305
 10
15478.322927972731
 20
7615.319183064383
 10
15478.411465860545
 20
7487.953343046389
 10
15483.413162872093
 20
7485.449856884967
 10
15484.383121449304
 20
7485.935343382984
 10
15484.861837289165
 20
7620.760079264558
 10
15504.747934851608
 20
7637.570561436774
 10
15501.973813210556
 20
7491.823550375488
 10
15506.212920176524
 20
7480.930875178644
 10
15483.413122831815
 20
7480.930875178644
 10
15471.413122831342
 20
7480.930875178644
 10
15459.413122830872
 20
7480.930875178644
 10
15447.4131228304
 20
7480.930875178644
 10
15435.41312282993
 20
7480.930875178644
 10
15423.413122829461
 20
7480.930875178644
 10
15411.413122828988
 20
7480.930875178644
 10
15399.413122828519
 20
7480.930875178644
 10
15387.413122828046
 20
7480.930875178644
 10
15375.413122827576
 20
7480.930875178644
 10
15363.413122827104
 20
7480.930875178644
 10
15351.413122826632
 20
7480.930875178644
 10
15339.413122826163
 20
7480.930875178644
 10
15327.413122825692
 20
7480.930875178644
 10
15315.413122825219
 20
7480.930875178644
 10
15303.41312282475
 20
7480.930875178644
 10
15291.413122824277
 20
7480.930875178644
 10
15279.413122823806
 20
7480.930875178644
 10
15267.413122823336
 20
7480.930875178644
 10
15255.413122822865
 20
7480.930875178644
 10
15243.413122822392
 20
7480.930875178644
 10
15231.413122821923
 20
7480.930875178644
 10
15219.41312282145
 20
7480.930875178644
 10
15207.413122820979
 20
7480.930875178644
 10
15195.41312282051
 20
7480.930875178644
 10
15183.413122820039
 20
7480.930875178644
 10
15171.413123081747
 20
7480.930875178644
 10
15171.413123081747
 20
7480.950611904952
 10
15177.403312460749
 20
7486.950619951953
 10
15171.413131115582
 20
7492.950619951953
  0
LWPOLYLINE
  5
1DE
330
17
100
AcDbEntity
  8
FLOOR_0_WALL_TRIBUTARY_2
100
AcDbPolyline
 90
48
 70
1
 10
15627.413122837468
 20
7480.930875178644
 10
15615.413122836995
 20
7480.930875178644
 10
15603.413122836526
 20
7480.930875178644
 10
15591.413122836053
 20
7480.930875178644
 10
15579.413122835584
 20
7480.930875178644
 10
15567.413122835113
 20
7480.930875178644
 10
15555.413122834641
 20
7480.930875178644
 10
15531.895946541561
 20
7480.930875178644
 10
15532.24184103408
 20
7481.870709376654
 10
15528.168665603665
 20
7655.08402753243
 10
15543.076080054945
 20
7652.1695327828675
 10
15551.40424938584
 20
7648.224863274642
 10
15563.404203964426
 20
7643.098510934039
 10
15575.404163482475
 20
7638.52962865857
 10
15587.404127939968
 20
7634.518216448243
 10
15595.35987283224
 20
7632.228320393444
 10
15599.404095643084
 20
7630.873108090569
 10
15607.360779107306
 20
7628.586273388542
 10
15611.404063345413
 20
7627.227909410036
 10
15619.36173698357
 20
7624.944303527606
 10
15623.404031046846
 20
7623.582612820183
 10
15631.362750836772
 20
7621.302417352454
 10
15635.403998747352
 20
7619.937209860433
 10
15643.363825551824
 20
7617.66062216607
 10
15647.403966446831
 20
7616.291691066514
 10
15655.364966599154
 20
7614.018926146622
 10
15659.403934145192
 20
7612.646045817065
 10
15667.36618012485
 20
7610.377338482678
 10
15671.403901842321
 20
7609.00026215121
 10
15679.367473058595
 20
7606.735869534143
 10
15683.403869538124
 20
7605.354326550531
 10
15695.403839372357
 20
7601.949739781337
 10
15707.403815432477
 20
7599.247810318402
 10
15719.403797718467
 20
7597.248538161728
 10
15731.403786230327
 20
7595.951923311317
 10
15732.770177936614
 20
7595.884291726476
 10
15752.468747969873
 20
7491.317520658869
 10
15759.824712675181
 20
7480.930875178643
 10
15735.413122841706
 20
7480.930875178643
 10
15723.413122841235
 20
7480.930875178644
 10
15711.413122840766
 20
7480.930875178644
 10
15699.413122840291
 20
7480.930875178644
 10
15687.413122839822
 20
7480.930875178644
 10
15675.413122839353
 20
7480.930875178644
 10
15663.413122838878
 20
7480.930875178644
 10
15651.413122838409
 20
7480.930875178644
 10
15639.41312283794
 20
7480.930875178644
 10
15627.413122837468
 20
7480.930875178644
  0
LWPOLYLINE
  5
1DF
330
17
100
AcDbEntity
  8
FLOOR_0_LARGE_TRIBUTARY
100
AcDbPolyline
 90
48
 70
1
 10
15627.413122837468
 20
7480.930875178644
 10
15615.413122836995
 20
7480.930875178644
 10
15603.413122836526
 20
7480.930875178644
 10
15591.413122836053
 20
7480.930875178644
 10
15579.413122835584
 20
7480.930875178644
 10
15567.413122835113
 20
7480.930875178644
 10
15555.413122834641
 20
7480.930875178644
 10
15531.895946541561
 20
7480.930875178644
 10
15532.24184103408
 20
7481.870709376654
 10
15528.168665603665
 20
7655.08402753243
 10
15543.076080054945
 20
7652.1695327828675
 10
15551.40424938584
 20
7648.224863274642
 10
15563.404203964426
 20
7643.098510934039
 10
15575.404163482475
 20
7638.52962865857
 10
15587.404127939968
 20
7634.518216448243
 10
15595.35987283224
 20
7632.228320393444
 10
15599.404095643084
 20
7630.873108090569
 10
15607.360779107306
 20
7628.586273388542
 10
15611.404063345413
 20
7627.227909410036
 10
15619.36173698357
 20
7624.944303527606
 10
15623.404031046846
 20
7623.582612820183
 10
15631.362750836772
 20
7621.302417352454
 10
15635.403998747352
 20
7619.937209860433
 10
15643.363825551824
 20
7617.66062216607
 10
15647.403966446831
 20
7616.291691066514
 10
15655.364966599154
 20
7614.018926146622
 10
15659.403934145192
 20
7612.646045817065
 10
15667.36618012485
 20
7610.377338482678
 10
15671.403901842321
 20
7609.00026215121
 10
15679.367473058595
 20
7606.735869534143
 10
15683.403869538124
 20
7605.354326550531
 10
15695.403839372357
 20
7601.949739781337
 10
15707.403815432477
 20
7599.247810318402
 10
15719.403797718467
 20
7597.248538161728
 10
15731.403786230327
 20
7595.951923311317
 10
15732.770177936614
 20
7595.884291726476
 10
15752.468747969873
 20
7491.317520658869
 10
15759.824712675181
 20
7480.930875178643
 10
15735.413122841706
 20
7480.930875178643
 10
15723.413122841235
 20
7480.930875178644
 10
15711.413122840766
 20
7480.930875178644
 10
15699.413122840291
 20
7480.930875178644
 10
15687.413122839822
 20
7480.930875178644
 10
15675.413122839353
 20
7480.930875178644
 10
15663.413122838878
 20
7480.930875178644
 10
15651.413122838409
 20
7480.930875178644
 10
15639.41312283794
 20
7480.930875178644
 10
15627.413122837468
 20
7480.930875178644
  0
LWPOLYLINE
  5
1E0
330
17
100
AcDbEntity
  8
FLOOR_0_WALL_TRIBUTARY_2
100
AcDbPolyline
 90
36
 70
1
 10
15903.413122848302
 20
7480.930875178643
 10
15891.413122847829
 20
7480.930875178643
 10
15879.41312284736
 20
7480.930875178643
 10
15867.413122846887
 20
7480.930875178643
 10
15855.413122846418
 20
7480.930875178643
 10
15843.413122845948
 20
7480.930875178643
 10
15831.413122845472
 20
7480.930875178643
 10
15819.413122845002
 20
7480.930875178643
 10
15807.413122844533
 20
7480.930875178643
 10
15795.413122844062
 20
7480.930875178643
 10
15771.239337709801
 20
7480.930875178643
 10
15781.52940141576
 20
7494.867091122807
 10
15799.812901326368
 20
7602.0544432862725
 10
15803.403848044785
 20
7602.928037640364
 10
15815.403880137728
 20
7606.550023933785
 10
15827.40391845655
 20
7610.874667533473
 10
15837.114302160986
 20
7614.9427374987645
 10
15839.403936972354
 20
7612.964324678873
 10
15851.40385399917
 20
7603.599843962869
 10
15863.403779924749
 20
7595.239685433497
 10
15875.4037147491
 20
7587.88384909074
 10
15887.40365847219
 20
7581.532334934625
 10
15899.403611094054
 20
7576.185142965131
 10
15911.40357261468
 20
7571.842273182261
 10
15923.403543034066
 20
7568.503725586021
 10
15935.403522352222
 20
7566.169500176404
 10
15947.403510569126
 20
7564.839596953416
 10
15960.141252938893
 20
7564.4939995902105
 10
15970.29157182889
 20
7498.815312832739
 10
15986.839601261534
 20
7480.930875178643
 10
15963.413122850656
 20
7480.930875178643
 10
15951.413122850185
 20
7480.930875178643
 10
15939.413122849715
 20
7480.930875178643
 10
15927.413122849244
 20
7480.930875178643
 10
15915.413122848771
 20
7480.930875178643
 10
15903.413122848302
 20
7480.930875178643
  0
LWPOLYLINE
  5
1E1
330
17
100
AcDbEntity
  8
FLOOR_0_LARGE_TRIBUTARY
100
AcDbPolyline
 90
36
 70
1
 10
15903.413122848302
 20
7480.930875178643
 10
15891.413122847829
 20
7480.930875178643
 10
15879.41312284736
 20
7480.930875178643
 10
15867.413122846887
 20
7480.930875178643
 10
15855.413122846418
 20
7480.930875178643
 10
15843.413122845948
 20
7480.930875178643
 10
15831.413122845472
 20
7480.930875178643
 10
15819.413122845002
 20
7480.930875178643
 10
15807.413122844533
 20
7480.930875178643
 10
15795.413122844062
 20
7480.930875178643
 10
15771.239337709801
 20
7480.930875178643
 10
15781.52940141576
 20
7494.867091122807
 10
15799.812901326368
 20
7602.0544432862725
 10
15803.403848044785
 20
7602.928037640364
 10
15815.403880137728
 20
7606.550023933785
 10
15827.40391845655
 20
7610.874667533473
 10
15837.114302160986
 20
7614.9427374987645
 10
15839.403936972354
 20
7612.964324678873
 10
15851.40385399917
 20
7603.599843962869
 10
15863.403779924749
 20
7595.239685433497
 10
15875.4037147491
 20
7587.88384909074
 10
15887.40365847219
 20
7581.532334934625
 10
15899.403611094054
 20
7576.185142965131
 10
15911.40357261468
 20
7571.842273182261
 10
15923.403543034066
 20
7568.503725586021
 10
15935.403522352222
 20
7566.169500176404
 10
15947.403510569126
 20
7564.839596953416
 10
15960.141252938893
 20
7564.4939995902105
 10
15970.29157182889
 20
7498.815312832739
 10
15986.839601261534
 20
7480.930875178643
 10
15963.413122850656
 20
7480.930875178643
 10
15951.413122850185
 20
7480.930875178643
 10
15939.413122849715
 20
7480.930875178643
 10
15927.413122849244
 20
7480.930875178643
 10
15915.413122848771
 20
7480.930875178643
 10
15903.413122848302
 20
7480.930875178643
  0
LWPOLYLINE
  5
1E2
330
17
100
AcDbEntity
  8
FLOOR_0_WALL_TRIBUTARY_2
100
AcDbPolyline
 90
13
 70
1
 10
16239.169572528179
 20
7530.805243398974
 10
16242.180150899141
 20
7528.940908840621
 10
16256.022798544953
 20
7516.940908840621
 10
16259.403042913144
 20
7512.05814273941
 10
16268.548965393707
 20
7504.940908840621
 10
16272.171767152871
 20
7496.492407363794
 10
16278.087897904994
 20
7492.940908840621
 10
16274.84314650995
 20
7483.231533956743
 10
16276.220628105966
 20
7480.930875178643
 10
16263.413122862432
 20
7480.930875178643
 10
16239.960305567623
 20
7480.930875178643
 10
16240.31478681185
 20
7481.888853626797
 10
16239.169572528179
 20
7530.805243398974
  0
LWPOLYLINE
  5
1E3
330
17
100
AcDbEntity
  8
FLOOR_0_LARGE_TRIBUTARY
100
AcDbPolyline
 90
13
 70
1
 10
16239.169572528179
 20
7530.805243398974
 10
16242.180150899141
 20
7528.940908840621
 10
16256.022798544953
 20
7516.940908840621
 10
16259.403042913144
 20
7512.05814273941
 10
16268.548965393707
 20
7504.940908840621
 10
16272.171767152871
 20
7496.492407363794
 10
16278.087897904994
 20
7492.940908840621
 10
16274.84314650995
 20
7483.231533956743
 10
16276.220628105966
 20
7480.930875178643
 10
16263.413122862432
 20
7480.930875178643
 10
16239.960305567623
 20
7480.930875178643
 10
16240.31478681185
 20
7481.888853626797
 10
16239.169572528179
 20
7530.805243398974
  0
LWPOLYLINE
  5
1E4
330
17
100
AcDbEntity
  8
FLOOR_0_WALL_TRIBUTARY_2
100
AcDbPolyline
 90
43
 70
1
 10
16143.413122857724
 20
7480.930875178643
 10
16131.413122857248
 20
7480.930875178643
 10
16119.413122856779
 20
7480.930875178643
 10
16107.41312285631
 20
7480.930875178643
 10
16095.413122855836
 20
7480.930875178643
 10
16083.413122855367
 20
7480.930875178643
 10
16071.413122854898
 20
7480.930875178643
 10
16059.413122854425
 20
7480.930875178643
 10
16047.413122853952
 20
7480.930875178643
 10
16035.413122853482
 20
7480.930875178643
 10
16023.413122853011
 20
7480.930875178643
 10
16011.413122852542
 20
7480.930875178643
 10
15988.036841661635
 20
7480.930875178643
 10
16000.239734910647
 20
7493.057634643334
 10
16018.217142735117
 20
7577.486631446256
 10
16019.40362674458
 20
7577.950943534647
 10
16022.29059248595
 20
7579.322331193992
 10
16031.403607235181
 20
7575.749042068275
 10
16043.40357418674
 20
7572.019112417895
 10
16055.403549780392
 20
7569.264536902603
 10
16067.40353401614
 20
7567.485315522401
 10
16079.403526893966
 20
7566.681448277288
 10
16091.403528413892
 20
7566.852935167263
 10
16103.403538575907
 20
7567.999776192328
 10
16115.403557380014
 20
7570.121971352482
 10
16127.403584826221
 20
7573.219520647727
 10
16139.403620914502
 20
7577.292424078058
 10
16151.403665644882
 20
7582.340681643478
 10
16163.403719017355
 20
7588.364293343988
 10
16175.403781031919
 20
7595.363259179585
 10
16176.281111439048
 20
7595.9462651956865
 10
16183.57193256079
 20
7588.940908840621
 10
16187.403687156435
 20
7584.768335031426
 10
16195.5945855549
 20
7576.940908840621
 10
16206.477686544793
 20
7564.940908840621
 10
16211.302412066245
 20
7558.653920652538
 10
16210.049003926095
 20
7491.84244608319
 10
16214.276196352559
 20
7480.930875178643
 10
16191.413122859605
 20
7480.930875178643
 10
16179.413122859136
 20
7480.930875178643
 10
16167.413122858663
 20
7480.930875178643
 10
16155.413122858194
 20
7480.930875178643
 10
16143.413122857724
 20
7480.930875178643
  0
LWPOLYLINE
  5
1E5
330
17
100
AcDbEntity
  8
FLOOR_0_LARGE_TRIBUTARY
100
AcDbPolyline
 90
43
 70
1
 10
16143.413122857724
 20
7480.930875178643
 10
16131.413122857248
 20
7480.930875178643
 10
16119.413122856779
 20
7480.930875178643
 10
16107.41312285631
 20
7480.930875178643
 10
16095.413122855836
 20
7480.930875178643
 10
16083.413122855367
 20
7480.930875178643
 10
16071.413122854898
 20
7480.930875178643
 10
16059.413122854425
 20
7480.930875178643
 10
16047.413122853952
 20
7480.930875178643
 10
16035.413122853482
 20
7480.930875178643
 10
16023.413122853011
 20
7480.930875178643
 10
16011.413122852542
 20
7480.930875178643
 10
15988.036841661635
 20
7480.930875178643
 10
16000.239734910647
 20
7493.057634643334
 10
16018.217142735117
 20
7577.486631446256
 10
16019.40362674458
 20
7577.950943534647
 10
16022.29059248595
 20
7579.322331193992
 10
16031.403607235181
 20
7575.749042068275
 10
16043.40357418674
 20
7572.019112417895
 10
16055.403549780392
 20
7569.264536902603
 10
16067.40353401614
 20
7567.485315522401
 10
16079.403526893966
 20
7566.681448277288
 10
16091.403528413892
 20
7566.852935167263
 10
16103.403538575907
 20
7567.999776192328
 10
16115.403557380014
 20
7570.121971352482
 10
16127.403584826221
 20
7573.219520647727
 10
16139.403620914502
 20
7577.292424078058
 10
16151.403665644882
 20
7582.340681643478
 10
16163.403719017355
 20
7588.364293343988
 10
16175.403781031919
 20
7595.363259179585
 10
16176.281111439048
 20
7595.9462651956865
 10
16183.57193256079
 20
7588.940908840621
 10
16187.403687156435
 20
7584.768335031426
 10
16195.5945855549
 20
7576.940908840621
 10
16206.477686544793
 20
7564.940908840621
 10
16211.302412066245
 20
7558.653920652538
 10
16210.049003926095
 20
7491.84244608319
 10
16214.276196352559
 20
7480.930875178643
 10
16191.413122859605
 20
7480.930875178643
 10
16179.413122859136
 20
7480.930875178643
 10
16167.413122858663
 20
7480.930875178643
 10
16155.413122858194
 20
7480.930875178643
 10
16143.413122857724
 20
7480.930875178643
  0
TEXT
  5
1E6
330
17
100
AcDbEntity
  8
FLOOR_0_AREA_LABELS
100
AcDbText
 10
15748.362785458568
 20
7537.316749260434
 30
0.0
 40
24.0
  1
597 SF
 72
1
 11
15748.362785458568
 21
7537.316749260434
 31
0.0
100
AcDbText
 73
2
  0
LWPOLYLINE
  5
1E8
330
17
100
AcDbEntity
  8
FLOOR_0_WALL_TRIBUTARY_3
100
AcDbPolyline
 90
112
 70
1
 10
16179.500872364202
 20
7612.940908840621
 10
16180.824349087086
 20
7624.940908840621
 10
16181.413599383653
 20
7636.940908840621
 10
16181.268623253909
 20
7648.940908840621
 10
16180.389420697844
 20
7660.940908840621
 10
16178.775991715469
 20
7672.940908840621
 10
16176.428336306777
 20
7684.940908840621
 10
16175.219773746056
 20
7689.64671896088
 10
16193.540268415556
 20
7696.940908840621
 10
16218.467468910974
 20
7708.940908840621
 10
16238.181999723132
 20
7720.940908840621
 10
16252.683860852036
 20
7732.940908840621
 10
16261.973052297677
 20
7744.940908840621
 10
16266.049574060064
 20
7756.940908840621
 10
16264.91342613919
 20
7768.940908840621
 10
16258.56460853506
 20
7780.940908840621
 10
16247.003121247672
 20
7792.940908840621
 10
16230.228964277023
 20
7804.940908840621
 10
16208.242137623118
 20
7816.940908840621
 10
16200.044629726875
 20
7820.557523410815
 10
16199.65476681617
 20
7828.940908840621
 10
16198.188914599803
 20
7840.940908840621
 10
16195.815260964995
 20
7852.940908840621
 10
16192.53380591175
 20
7864.940908840621
 10
16188.344549440062
 20
7876.940908840621
 10
16183.247491549937
 20
7888.940908840621
 10
16177.24263224137
 20
7900.940908840621
 10
16174.507917249135
 20
7905.6882241223675
 10
16177.94460931332
 20
7912.940908840621
 10
16182.785637328434
 20
7924.940908840621
 10
16186.781481097654
 20
7936.940908840621
 10
16189.932140620971
 20
7948.940908840621
 10
16192.237615898393
 20
7960.940908840621
 10
16192.833864112965
 20
7965.840602408821
 10
16205.126626870268
 20
7972.940908840621
 10
16222.339365287207
 20
7984.827656926628
 10
16222.627247288963
 20
7984.940908840621
 10
16245.673601887604
 20
7996.940908840621
 10
16247.445741579673
 20
7998.305040104697
 10
16268.42414357112
 20
8008.940908840621
 10
16276.363758245632
 20
8020.496979641835
 10
16273.118518289994
 20
8026.182426564699
 10
16262.186051222088
 20
8020.342311633111
 10
16266.325147125795
 20
8038.304943224173
 10
16267.417816893745
 20
8037.574077304782
 10
16273.118518289994
 20
8026.902586930313
 10
16279.417816893758
 20
8029.511582874829
 10
16279.417816893758
 20
8020.657324032054
 10
16279.417816893758
 20
8008.940908840621
 10
16279.417816893758
 20
7996.940908840621
 10
16279.417816893758
 20
7984.940908840621
 10
16279.417816893758
 20
7972.940908840621
 10
16279.417816893758
 20
7960.940908840621
 10
16279.417816893758
 20
7948.940908840621
 10
16279.417816893758
 20
7936.940908840621
 10
16279.417816893758
 20
7924.940908840621
 10
16279.417816893758
 20
7912.940908840621
 10
16279.417816893758
 20
7900.940908840621
 10
16279.417816893758
 20
7888.940908840621
 10
16279.417816893758
 20
7876.940908840621
 10
16279.417816893758
 20
7864.940908840621
 10
16279.417816893758
 20
7852.940908840621
 10
16279.417816893758
 20
7840.940908840621
 10
16279.417816893758
 20
7828.940908840621
 10
16279.417816893758
 20
7816.940908840621
 10
16279.417816893758
 20
7804.940908840621
 10
16279.417816893758
 20
7792.940908840621
 10
16279.417816893758
 20
7780.940908840621
 10
16279.417816893758
 20
7768.940908840621
 10
16279.417816893758
 20
7756.940908840621
 10
16279.417816893758
 20
7744.940908840621
 10
16279.417816893758
 20
7732.940908840621
 10
16279.417816893758
 20
7720.940908840621
 10
16279.417816893758
 20
7708.940908840621
 10
16279.417816893758
 20
7696.940908840621
 10
16279.417816893758
 20
7684.940908840621
 10
16279.417816893758
 20
7672.940908840621
 10
16279.417816893758
 20
7660.940908840621
 10
16279.417816893758
 20
7648.940908840621
 10
16279.417816893758
 20
7636.940908840621
 10
16279.417816893758
 20
7624.940908840621
 10
16279.417816893758
 20
7612.940908840621
 10
16279.417816893758
 20
7600.940908840621
 10
16279.417816893758
 20
7588.940908840621
 10
16279.417816893758
 20
7576.940908840621
 10
16279.417816893758
 20
7564.940908840621
 10
16279.417816893758
 20
7552.940908840621
 10
16279.417816893758
 20
7540.940908840621
 10
16279.417816893758
 20
7528.940908840621
 10
16279.417816893758
 20
7516.940908840621
 10
16279.417816893758
 20
7504.940908840621
 10
16279.417816893758
 20
7492.940908840621
 10
16279.417816893758
 20
7480.930875178643
 10
16276.220628105966
 20
7480.930875178643
 10
16274.84314650995
 20
7483.231533956743
 10
16278.087897904994
 20
7492.940908840621
 10
16272.171767152871
 20
7496.492407363794
 10
16268.548965393707
 20
7504.940908840621
 10
16259.403042913144
 20
7512.05814273941
 10
16256.022798544953
 20
7516.940908840621
 10
16242.180150899141
 20
7528.940908840621
 10
16239.169572528179
 20
7530.805243398974
 10
16230.96882655357
 20
7540.940908840621
 10
16218.526868361418
 20
7552.940908840621
 10
16211.302412066245
 20
7558.653920652538
 10
16206.477686544793
 20
7564.940908840621
 10
16195.5945855549
 20
7576.940908840621
 10
16187.403687156435
 20
7584.768335031426
 10
16183.57193256079
 20
7588.940908840621
 10
16176.281111439048
 20
7595.9462651956865
 10
16177.443169215001
 20
7600.940908840621
 10
16179.500872364202
 20
7612.940908840621
  0
LWPOLYLINE
  5
1E9
330
17
100
AcDbEntity
  8
FLOOR_0_LARGE_TRIBUTARY
100
AcDbPolyline
 90
112
 70
1
 10
16179.500872364202
 20
7612.940908840621
 10
16180.824349087086
 20
7624.940908840621
 10
16181.413599383653
 20
7636.940908840621
 10
16181.268623253909
 20
7648.940908840621
 10
16180.389420697844
 20
7660.940908840621
 10
16178.775991715469
 20
7672.940908840621
 10
16176.428336306777
 20
7684.940908840621
 10
16175.219773746056
 20
7689.64671896088
 10
16193.540268415556
 20
7696.940908840621
 10
16218.467468910974
 20
7708.940908840621
 10
16238.181999723132
 20
7720.940908840621
 10
16252.683860852036
 20
7732.940908840621
 10
16261.973052297677
 20
7744.940908840621
 10
16266.049574060064
 20
7756.940908840621
 10
16264.91342613919
 20
7768.940908840621
 10
16258.56460853506
 20
7780.940908840621
 10
16247.003121247672
 20
7792.940908840621
 10
16230.228964277023
 20
7804.940908840621
 10
16208.242137623118
 20
7816.940908840621
 10
16200.044629726875
 20
7820.557523410815
 10
16199.65476681617
 20
7828.940908840621
 10
16198.188914599803
 20
7840.940908840621
 10
16195.815260964995
 20
7852.940908840621
 10
16192.53380591175
 20
7864.940908840621
 10
16188.344549440062
 20
7876.940908840621
 10
16183.247491549937
 20
7888.940908840621
 10
16177.24263224137
 20
7900.940908840621
 10
16174.507917249135
 20
7905.6882241223675
 10
16177.94460931332
 20
7912.940908840621
 10
16182.785637328434
 20
7924.940908840621
 10
16186.781481097654
 20
7936.940908840621
 10
16189.932140620971
 20
7948.940908840621
 10
16192.237615898393
 20
7960.940908840621
 10
16192.833864112965
 20
7965.840602408821
 10
16205.126626870268
 20
7972.940908840621
 10
16222.339365287207
 20
7984.827656926628
 10
16222.627247288963
 20
7984.940908840621
 10
16245.673601887604
 20
7996.940908840621
 10
16247.445741579673
 20
7998.305040104697
 10
16268.42414357112
 20
8008.940908840621
 10
16276.363758245632
 20
8020.496979641835
 10
16273.118518289994
 20
8026.182426564699
 10
16262.186051222088
 20
8020.342311633111
 10
16266.325147125795
 20
8038.304943224173
 10
16267.417816893745
 20
8037.574077304782
 10
16273.118518289994
 20
8026.902586930313
 10
16279.417816893758
 20
8029.511582874829
 10
16279.417816893758
 20
8020.657324032054
 10
16279.417816893758
 20
8008.940908840621
 10
16279.417816893758
 20
7996.940908840621
 10
16279.417816893758
 20
7984.940908840621
 10
16279.417816893758
 20
7972.940908840621
 10
16279.417816893758
 20
7960.940908840621
 10
16279.417816893758
 20
7948.940908840621
 10
16279.417816893758
 20
7936.940908840621
 10
16279.417816893758
 20
7924.940908840621
 10
16279.417816893758
 20
7912.940908840621
 10
16279.417816893758
 20
7900.940908840621
 10
16279.417816893758
 20
7888.940908840621
 10
16279.417816893758
 20
7876.940908840621
 10
16279.417816893758
 20
7864.940908840621
 10
16279.417816893758
 20
7852.940908840621
 10
16279.417816893758
 20
7840.940908840621
 10
16279.417816893758
 20
7828.940908840621
 10
16279.417816893758
 20
7816.940908840621
 10
16279.417816893758
 20
7804.940908840621
 10
16279.417816893758
 20
7792.940908840621
 10
16279.417816893758
 20
7780.940908840621
 10
16279.417816893758
 20
7768.940908840621
 10
16279.417816893758
 20
7756.940908840621
 10
16279.417816893758
 20
7744.940908840621
 10
16279.417816893758
 20
7732.940908840621
 10
16279.417816893758
 20
7720.940908840621
 10
16279.417816893758
 20
7708.940908840621
 10
16279.417816893758
 20
7696.940908840621
 10
16279.417816893758
 20
7684.940908840621
 10
16279.417816893758
 20
7672.940908840621
 10
16279.417816893758
 20
7660.940908840621
 10
16279.417816893758
 20
7648.940908840621
 10
16279.417816893758
 20
7636.940908840621
 10
16279.417816893758
 20
7624.940908840621
 10
16279.417816893758
 20
7612.940908840621
 10
16279.417816893758
 20
7600.940908840621
 10
16279.417816893758
 20
7588.940908840621
 10
16279.417816893758
 20
7576.940908840621
 10
16279.417816893758
 20
7564.940908840621
 10
16279.417816893758
 20
7552.940908840621
 10
16279.417816893758
 20
7540.940908840621
 10
16279.417816893758
 20
7528.940908840621
 10
16279.417816893758
 20
7516.940908840621
 10
16279.417816893758
 20
7504.940908840621
 10
16279.417816893758
 20
7492.940908840621
 10
16279.417816893758
 20
7480.930875178643
 10
16276.220628105966
 20
7480.930875178643
 10
16274.84314650995
 20
7483.231533956743
 10
16278.087897904994
 20
7492.940908840621
 10
16272.171767152871
 20
7496.492407363794
 10
16268.548965393707
 20
7504.940908840621
 10
16259.403042913144
 20
7512.05814273941
 10
16256.022798544953
 20
7516.940908840621
 10
16242.180150899141
 20
7528.940908840621
 10
16239.169572528179
 20
7530.805243398974
 10
16230.96882655357
 20
7540.940908840621
 10
16218.526868361418
 20
7552.940908840621
 10
16211.302412066245
 20
7558.653920652538
 10
16206.477686544793
 20
7564.940908840621
 10
16195.5945855549
 20
7576.940908840621
 10
16187.403687156435
 20
7584.768335031426
 10
16183.57193256079
 20
7588.940908840621
 10
16176.281111439048
 20
7595.9462651956865
 10
16177.443169215001
 20
7600.940908840621
 10
16179.500872364202
 20
7612.940908840621
  0
LWPOLYLINE
  5
1EA
330
17
100
AcDbEntity
  8
FLOOR_0_WALL_TRIBUTARY_3
100
AcDbPolyline
 90
5
 70
1
 10
16260.099907985608
 20
7487.813390877931
 10
16269.414255225121
 20
7490.946461384765
 10
16271.419388677064
 20
7484.9464354947095
 10
16263.413134812476
 20
7482.2795676246715
 10
16260.099907985608
 20
7487.813390877931
  0
LWPOLYLINE
  5
1EB
330
17
100
AcDbEntity
  8
FLOOR_0_LARGE_TRIBUTARY
100
AcDbPolyline
 90
5
 70
1
 10
16260.099907985608
 20
7487.813390877931
 10
16269.414255225121
 20
7490.946461384765
 10
16271.419388677064
 20
7484.9464354947095
 10
16263.413134812476
 20
7482.2795676246715
 10
16260.099907985608
 20
7487.813390877931
  0
TEXT
  5
1EC
330
17
100
AcDbEntity
  8
FLOOR_0_AREA_LABELS
100
AcDbText
 10
16238.324512089734
 20
7761.81242498051
 30
0.0
 40
24.0
  1
248 SF
 72
1
 11
16238.324512089734
 21
7761.81242498051
 31
0.0
100
AcDbText
 73
2
  0
LWPOLYLINE
  5
1EE
330
17
100
AcDbEntity
  8
FLOOR_0_WALL_TRIBUTARY_4
100
AcDbPolyline
 90
85
 70
1
 10
15862.81612025169
 20
8308.204417483921
 10
15872.790518779164
 20
8301.532732987846
 10
15882.764917306631
 20
8294.861048491774
 10
15892.739315834107
 20
8288.189363995696
 10
15902.71371436158
 20
8281.517679499624
 10
15912.688112889049
 20
8274.84599500355
 10
15922.662511416525
 20
8268.174310507473
 10
15932.636909943998
 20
8261.5026260114
 10
15942.61130847147
 20
8254.830941515324
 10
15952.585706998942
 20
8248.159257019252
 10
15962.560105526418
 20
8241.487572523176
 10
15972.534504053885
 20
8234.815888027104
 10
15982.50890258136
 20
8228.144203531028
 10
15992.48330110883
 20
8221.472519034956
 10
16002.457699636303
 20
8214.80083453888
 10
16012.432098163776
 20
8208.129150042807
 10
16022.406496691248
 20
8201.457465546731
 10
16032.380895218721
 20
8194.785781050658
 10
16042.355293746194
 20
8188.114096554584
 10
16052.329692273663
 20
8181.44241205851
 10
16062.304090801139
 20
8174.770727562433
 10
16072.278489328608
 20
8168.0990430663605
 10
16082.25288785608
 20
8161.427358570286
 10
16092.227286383553
 20
8154.755674074212
 10
16102.201684911026
 20
8148.083989578138
 10
16112.176083438497
 20
8141.412305082064
 10
16122.150481965971
 20
8134.74062058599
 10
16132.12488049344
 20
8128.068936089916
 10
16142.099279020915
 20
8121.39725159384
 10
16152.07367754839
 20
8114.7255670977665
 10
16162.048076075858
 20
8108.053882601693
 10
16172.022474603333
 20
8101.382198105616
 10
16181.996873130807
 20
8094.710513609543
 10
16191.971271658276
 20
8088.038829113469
 10
16201.94567018575
 20
8081.367144617395
 10
16211.920068713222
 20
8074.695460121321
 10
16231.898478780098
 20
8061.332283551597
 10
16180.460391114344
 20
7995.94375250009
 10
16169.400567355715
 20
8011.127338460485
 10
16161.193384913091
 20
8020.441071981026
 10
16152.305014073601
 20
8028.736405343925
 10
16142.735454837259
 20
8036.013338549175
 10
16132.484707204057
 20
8042.271871596784
 10
16121.552771174001
 20
8047.5120044867435
 10
16109.939646747074
 20
8051.733737219065
 10
16097.645333923294
 20
8054.9370697937375
 10
16084.669832702657
 20
8057.122002210766
 10
16071.013143085162
 20
8058.28853447015
 10
16056.675265070808
 20
8058.43666657189
 10
16041.656198659592
 20
8057.566398515984
 10
16037.604661004174
 20
8057.079017229544
 10
16041.355013862292
 20
8078.699871311968
 10
16043.795581307437
 20
8103.932358314358
 10
16043.621953967591
 20
8125.256533910596
 10
16040.834131842756
 20
8142.672398100759
 10
16035.43211493293
 20
8156.1799508848035
 10
16027.415903238114
 20
8165.779192262754
 10
16016.785496758312
 20
8171.470122234601
 10
16003.540895493517
 20
8173.2527408003425
 10
15987.682099443733
 20
8171.127047959984
 10
15969.20910860896
 20
8165.093043713522
 10
15948.1219229892
 20
8155.1507280609585
 10
15924.420542584443
 20
8141.300101002289
 10
15898.104967394735
 20
8123.541162537542
 10
15887.213470194753
 20
8115.3838632743245
 10
15881.027973321266
 20
8119.594221618014
 10
15879.169922786474
 20
8120.741372424478
 10
15871.053630379673
 20
8126.265989216846
 10
15869.195579812056
 20
8127.413139974258
 10
15861.079287438031
 20
8132.937756815709
 10
15859.221236837619
 20
8134.084907524055
 10
15851.104944496443
 20
8139.609524414542
 10
15849.246893863197
 20
8140.756675073837
 10
15841.130601554802
 20
8146.281292013405
 10
15839.272550888752
 20
8147.428442623636
 10
15831.15625861321
 20
8152.953059612237
 10
15820.938754083536
 20
8159.261292246671
 10
15810.424040628179
 20
8165.125187282092
 10
15799.612118247212
 20
8170.5447447184615
 10
15788.502986940533
 20
8175.519964555831
 10
15784.20118091682
 20
8177.228748978234
 10
15778.41824936292
 20
8182.026688364649
 10
15773.197630920122
 20
8185.992809448713
 10
15846.265572393744
 20
8319.274762551973
 10
15862.81612025169
 20
8308.204417483921
  0
LWPOLYLINE
  5
1EF
330
17
100
AcDbEntity
  8
FLOOR_0_LARGE_TRIBUTARY
100
AcDbPolyline
 90
85
 70
1
 10
15862.81612025169
 20
8308.204417483921
 10
15872.790518779164
 20
8301.532732987846
 10
15882.764917306631
 20
8294.861048491774
 10
15892.739315834107
 20
8288.189363995696
 10
15902.71371436158
 20
8281.517679499624
 10
15912.688112889049
 20
8274.84599500355
 10
15922.662511416525
 20
8268.174310507473
 10
15932.636909943998
 20
8261.5026260114
 10
15942.61130847147
 20
8254.830941515324
 10
15952.585706998942
 20
8248.159257019252
 10
15962.560105526418
 20
8241.487572523176
 10
15972.534504053885
 20
8234.815888027104
 10
15982.50890258136
 20
8228.144203531028
 10
15992.48330110883
 20
8221.472519034956
 10
16002.457699636303
 20
8214.80083453888
 10
16012.432098163776
 20
8208.129150042807
 10
16022.406496691248
 20
8201.457465546731
 10
16032.380895218721
 20
8194.785781050658
 10
16042.355293746194
 20
8188.114096554584
 10
16052.329692273663
 20
8181.44241205851
 10
16062.304090801139
 20
8174.770727562433
 10
16072.278489328608
 20
8168.0990430663605
 10
16082.25288785608
 20
8161.427358570286
 10
16092.227286383553
 20
8154.755674074212
 10
16102.201684911026
 20
8148.083989578138
 10
16112.176083438497
 20
8141.412305082064
 10
16122.150481965971
 20
8134.74062058599
 10
16132.12488049344
 20
8128.068936089916
 10
16142.099279020915
 20
8121.39725159384
 10
16152.07367754839
 20
8114.7255670977665
 10
16162.048076075858
 20
8108.053882601693
 10
16172.022474603333
 20
8101.382198105616
 10
16181.996873130807
 20
8094.710513609543
 10
16191.971271658276
 20
8088.038829113469
 10
16201.94567018575
 20
8081.367144617395
 10
16211.920068713222
 20
8074.695460121321
 10
16231.898478780098
 20
8061.332283551597
 10
16180.460391114344
 20
7995.94375250009
 10
16169.400567355715
 20
8011.127338460485
 10
16161.193384913091
 20
8020.441071981026
 10
16152.305014073601
 20
8028.736405343925
 10
16142.735454837259
 20
8036.013338549175
 10
16132.484707204057
 20
8042.271871596784
 10
16121.552771174001
 20
8047.5120044867435
 10
16109.939646747074
 20
8051.733737219065
 10
16097.645333923294
 20
8054.9370697937375
 10
16084.669832702657
 20
8057.122002210766
 10
16071.013143085162
 20
8058.28853447015
 10
16056.675265070808
 20
8058.43666657189
 10
16041.656198659592
 20
8057.566398515984
 10
16037.604661004174
 20
8057.079017229544
 10
16041.355013862292
 20
8078.699871311968
 10
16043.795581307437
 20
8103.932358314358
 10
16043.621953967591
 20
8125.256533910596
 10
16040.834131842756
 20
8142.672398100759
 10
16035.43211493293
 20
8156.1799508848035
 10
16027.415903238114
 20
8165.779192262754
 10
16016.785496758312
 20
8171.470122234601
 10
16003.540895493517
 20
8173.2527408003425
 10
15987.682099443733
 20
8171.127047959984
 10
15969.20910860896
 20
8165.093043713522
 10
15948.1219229892
 20
8155.1507280609585
 10
15924.420542584443
 20
8141.300101002289
 10
15898.104967394735
 20
8123.541162537542
 10
15887.213470194753
 20
8115.3838632743245
 10
15881.027973321266
 20
8119.594221618014
 10
15879.169922786474
 20
8120.741372424478
 10
15871.053630379673
 20
8126.265989216846
 10
15869.195579812056
 20
8127.413139974258
 10
15861.079287438031
 20
8132.937756815709
 10
15859.221236837619
 20
8134.084907524055
 10
15851.104944496443
 20
8139.609524414542
 10
15849.246893863197
 20
8140.756675073837
 10
15841.130601554802
 20
8146.281292013405
 10
15839.272550888752
 20
8147.428442623636
 10
15831.15625861321
 20
8152.953059612237
 10
15820.938754083536
 20
8159.261292246671
 10
15810.424040628179
 20
8165.125187282092
 10
15799.612118247212
 20
8170.5447447184615
 10
15788.502986940533
 20
8175.519964555831
 10
15784.20118091682
 20
8177.228748978234
 10
15778.41824936292
 20
8182.026688364649
 10
15773.197630920122
 20
8185.992809448713
 10
15846.265572393744
 20
8319.274762551973
 10
15862.81612025169
 20
8308.204417483921
  0
LWPOLYLINE
  5
1F0
330
17
100
AcDbEntity
  8
FLOOR_0_WALL_TRIBUTARY_4
100
AcDbPolyline
 90
53
 70
1
 10
15705.359421585654
 20
8223.887501171987
 10
15693.76997599793
 20
8228.144634585908
 10
15691.334522877558
 20
8228.929222118835
 10
15689.76698077942
 20
8236.273189034644
 10
15688.753248230469
 20
8242.228207932212
 10
15686.455823434637
 20
8252.924919629104
 10
15685.456864301137
 20
8258.883754676717
 10
15683.143001471843
 20
8269.577763654728
 10
15682.161813024857
 20
8275.541293783617
 10
15679.827968783127
 20
8286.232086392667
 10
15678.868564749799
 20
8292.20152843946
 10
15676.509911049383
 20
8302.888432525364
 10
15675.577840676417
 20
8308.865536863992
 10
15673.187558034138
 20
8319.54765168979
 10
15672.290805820896
 20
8325.53506079645
 10
15669.858812584078
 20
8336.21114663164
 10
15669.009472483871
 20
8342.213108695834
 10
15665.275458979133
 20
8358.21438412479
 10
15660.328411929655
 20
8372.402132548756
 10
15658.61347026268
 20
8375.8470660335
 10
15656.450444131915
 20
8388.188191342539
 10
15651.48220612132
 20
8402.34425854844
 10
15649.841559243832
 20
8404.99470183647
 10
15653.885647461088
 20
8427.521240742233
 10
15645.907669435863
 20
8436.992489346825
 10
15636.847981270783
 20
8437.5426509058
 10
15637.334575714462
 20
8438.270126388992
 10
15647.9900040998
 20
8447.245582219219
 10
15646.92579441754
 20
8452.609329294188
 10
15646.92579441754
 20
8452.60932929419
 10
15656.900192945013
 20
8445.937644798114
 10
15651.536445870035
 20
8444.873435115855
 10
15649.6413611155
 20
8438.922540707443
 10
15659.427282951254
 20
8435.806177013636
 10
15665.876077991843
 20
8439.933846880822
 10
15673.302548229714
 20
8434.966422909332
 10
15683.276946757189
 20
8428.294738413257
 10
15693.251345284662
 20
8421.623053917181
 10
15703.225743812132
 20
8414.951369421107
 10
15713.200142339607
 20
8408.279684925034
 10
15723.174540867076
 20
8401.60800042896
 10
15733.14893939455
 20
8394.936315932886
 10
15743.123337922021
 20
8388.264631436812
 10
15753.097736449494
 20
8381.592946940737
 10
15763.072134976966
 20
8374.921262444663
 10
15773.046533504443
 20
8368.249577948587
 10
15783.02093203191
 20
8361.577893452515
 10
15792.995330559384
 20
8354.90620895644
 10
15802.969729086857
 20
8348.234524460366
 10
15823.005017236843
 20
8334.83330322818
 10
15729.61367282794
 20
8213.179474413297
 10
15716.660749625651
 20
8219.199622082706
 10
15705.359421585654
 20
8223.887501171987
  0
LWPOLYLINE
  5
1F1
330
17
100
AcDbEntity
  8
FLOOR_0_LARGE_TRIBUTARY
100
AcDbPolyline
 90
53
 70
1
 10
15705.359421585654
 20
8223.887501171987
 10
15693.76997599793
 20
8228.144634585908
 10
15691.334522877558
 20
8228.929222118835
 10
15689.76698077942
 20
8236.273189034644
 10
15688.753248230469
 20
8242.228207932212
 10
15686.455823434637
 20
8252.924919629104
 10
15685.456864301137
 20
8258.883754676717
 10
15683.143001471843
 20
8269.577763654728
 10
15682.161813024857
 20
8275.541293783617
 10
15679.827968783127
 20
8286.232086392667
 10
15678.868564749799
 20
8292.20152843946
 10
15676.509911049383
 20
8302.888432525364
 10
15675.577840676417
 20
8308.865536863992
 10
15673.187558034138
 20
8319.54765168979
 10
15672.290805820896
 20
8325.53506079645
 10
15669.858812584078
 20
8336.21114663164
 10
15669.009472483871
 20
8342.213108695834
 10
15665.275458979133
 20
8358.21438412479
 10
15660.328411929655
 20
8372.402132548756
 10
15658.61347026268
 20
8375.8470660335
 10
15656.450444131915
 20
8388.188191342539
 10
15651.48220612132
 20
8402.34425854844
 10
15649.841559243832
 20
8404.99470183647
 10
15653.885647461088
 20
8427.521240742233
 10
15645.907669435863
 20
8436.992489346825
 10
15636.847981270783
 20
8437.5426509058
 10
15637.334575714462
 20
8438.270126388992
 10
15647.9900040998
 20
8447.245582219219
 10
15646.92579441754
 20
8452.609329294188
 10
15646.92579441754
 20
8452.60932929419
 10
15656.900192945013
 20
8445.937644798114
 10
15651.536445870035
 20
8444.873435115855
 10
15649.6413611155
 20
8438.922540707443
 10
15659.427282951254
 20
8435.806177013636
 10
15665.876077991843
 20
8439.933846880822
 10
15673.302548229714
 20
8434.966422909332
 10
15683.276946757189
 20
8428.294738413257
 10
15693.251345284662
 20
8421.623053917181
 10
15703.225743812132
 20
8414.951369421107
 10
15713.200142339607
 20
8408.279684925034
 10
15723.174540867076
 20
8401.60800042896
 10
15733.14893939455
 20
8394.936315932886
 10
15743.123337922021
 20
8388.264631436812
 10
15753.097736449494
 20
8381.592946940737
 10
15763.072134976966
 20
8374.921262444663
 10
15773.046533504443
 20
8368.249577948587
 10
15783.02093203191
 20
8361.577893452515
 10
15792.995330559384
 20
8354.90620895644
 10
15802.969729086857
 20
8348.234524460366
 10
15823.005017236843
 20
8334.83330322818
 10
15729.61367282794
 20
8213.179474413297
 10
15716.660749625651
 20
8219.199622082706
 10
15705.359421585654
 20
8223.887501171987
  0
LWPOLYLINE
  5
1F2
330
17
100
AcDbEntity
  8
FLOOR_0_WALL_TRIBUTARY_4
100
AcDbPolyline
 90
11
 70
1
 10
16222.627247288963
 20
7984.940908840621
 10
16222.339365287207
 20
7984.827656926628
 10
16254.862692735249
 20
8045.971959840135
 10
16266.325147125795
 20
8038.304943224173
 10
16262.186051222088
 20
8020.342311633111
 10
16273.118518289994
 20
8026.182426564699
 10
16276.363758245632
 20
8020.496979641835
 10
16268.42414357112
 20
8008.940908840621
 10
16247.445741579673
 20
7998.305040104697
 10
16245.673601887604
 20
7996.940908840621
 10
16222.627247288963
 20
7984.940908840621
  0
LWPOLYLINE
  5
1F3
330
17
100
AcDbEntity
  8
FLOOR_0_LARGE_TRIBUTARY
100
AcDbPolyline
 90
11
 70
1
 10
16222.627247288963
 20
7984.940908840621
 10
16222.339365287207
 20
7984.827656926628
 10
16254.862692735249
 20
8045.971959840135
 10
16266.325147125795
 20
8038.304943224173
 10
16262.186051222088
 20
8020.342311633111
 10
16273.118518289994
 20
8026.182426564699
 10
16276.363758245632
 20
8020.496979641835
 10
16268.42414357112
 20
8008.940908840621
 10
16247.445741579673
 20
7998.305040104697
 10
16245.673601887604
 20
7996.940908840621
 10
16222.627247288963
 20
7984.940908840621
  0
LWPOLYLINE
  5
1F4
330
17
100
AcDbEntity
  8
FLOOR_0_WALL_TRIBUTARY_4
100
AcDbPolyline
 90
5
 70
1
 10
16279.417816893758
 20
8029.547506706817
 10
16279.417816893758
 20
8029.511582874829
 10
16273.118518289994
 20
8026.902586930313
 10
16267.417816893745
 20
8037.574077304782
 10
16279.417816893758
 20
8029.547506706817
  0
LWPOLYLINE
  5
1F5
330
17
100
AcDbEntity
  8
FLOOR_0_LARGE_TRIBUTARY
100
AcDbPolyline
 90
5
 70
1
 10
16279.417816893758
 20
8029.547506706817
 10
16279.417816893758
 20
8029.511582874829
 10
16273.118518289994
 20
8026.902586930313
 10
16267.417816893745
 20
8037.574077304782
 10
16279.417816893758
 20
8029.547506706817
  0
TEXT
  5
1F6
330
17
100
AcDbEntity
  8
FLOOR_0_AREA_LABELS
100
AcDbText
 10
15904.108483705084
 20
8211.940423351822
 30
0.0
 40
24.0
  1
450 SF
 72
1
 11
15904.108483705084
 21
8211.940423351822
 31
0.0
100
AcDbText
 73
2
  0
LWPOLYLINE
  5
1F8
330
17
100
AcDbEntity
  8
FLOOR_0_WALL_TRIBUTARY_5
100
AcDbPolyline
 90
137
 70
1
 10
15199.922933180564
 20
7784.324627953551
 10
15206.594617676637
 20
7794.299026481022
 10
15213.266302172713
 20
7804.273425008494
 10
15219.937986668789
 20
7814.247823535967
 10
15226.60967116486
 20
7824.22222206344
 10
15233.281355660936
 20
7834.196620590911
 10
15239.953040157008
 20
7844.171019118383
 10
15246.624724653084
 20
7854.145417645854
 10
15253.29640914916
 20
7864.119816173329
 10
15259.968093645233
 20
7874.094214700803
 10
15266.639778141307
 20
7884.068613228272
 10
15273.31146263738
 20
7894.043011755746
 10
15279.983147133455
 20
7904.017410283217
 10
15286.65483162953
 20
7913.991808810689
 10
15293.326516125606
 20
7923.966207338162
 10
15299.998200621681
 20
7933.940605865636
 10
15306.669885117753
 20
7943.915004393107
 10
15313.341569613829
 20
7953.8894029205785
 10
15325.27091544286
 20
7971.724186555926
 10
15418.947928724912
 20
7926.5622104069125
 10
15343.669896531144
 20
7999.231298138015
 10
15353.371676590275
 20
8013.735794085413
 10
15360.043361086347
 20
8023.710192612885
 10
15366.715045582423
 20
8033.68459114036
 10
15373.386730078495
 20
8043.658989667831
 10
15380.058414574572
 20
8053.633388195302
 10
15386.730099070646
 20
8063.607786722774
 10
15393.40178356672
 20
8073.582185250247
 10
15400.073468062794
 20
8083.556583777719
 10
15406.74515255887
 20
8093.530982305192
 10
15413.416837054945
 20
8103.505380832663
 10
15420.088521551017
 20
8113.479779360136
 10
15426.760206047093
 20
8123.454177887609
 10
15433.431890543165
 20
8133.42857641508
 10
15440.103575039242
 20
8143.402974942555
 10
15446.775259535316
 20
8153.377373470026
 10
15453.44694403139
 20
8163.351771997498
 10
15460.118628527463
 20
8173.326170524969
 10
15466.790313023537
 20
8183.300569052441
 10
15473.461997519611
 20
8193.274967579913
 10
15483.166718664357
 20
8207.783860551794
 10
15579.074292054116
 20
8165.943804974988
 10
15501.565568206712
 20
8235.290775468171
 10
15513.49210449606
 20
8253.121358744751
 10
15520.163788992133
 20
8263.095757272222
 10
15526.835473488207
 20
8273.070155799694
 10
15533.50715798428
 20
8283.044554327163
 10
15540.178842480354
 20
8293.018952854636
 10
15546.850526976428
 20
8302.993351382109
 10
15553.522211472504
 20
8312.967749909583
 10
15560.19389596858
 20
8322.942148437054
 10
15566.865580464651
 20
8332.916546964527
 10
15573.537264960727
 20
8342.890945491998
 10
15580.208949456799
 20
8352.86534401947
 10
15586.880633952876
 20
8362.839742546945
 10
15593.55231844895
 20
8372.814141074416
 10
15600.224002945024
 20
8382.788539601888
 10
15609.612050363616
 20
8396.823994426373
 10
15658.61347026268
 20
8375.8470660335
 10
15660.328411929655
 20
8372.402132548756
 10
15665.275458979133
 20
8358.21438412479
 10
15669.009472483871
 20
8342.213108695834
 10
15669.858812584078
 20
8336.21114663164
 10
15672.290805820896
 20
8325.53506079645
 10
15673.187558034138
 20
8319.54765168979
 10
15675.577840676417
 20
8308.865536863992
 10
15676.509911049383
 20
8302.888432525364
 10
15678.868564749799
 20
8292.20152843946
 10
15679.827968783127
 20
8286.232086392667
 10
15682.161813024857
 20
8275.541293783617
 10
15683.143001471843
 20
8269.577763654728
 10
15685.456864301137
 20
8258.883754676717
 10
15686.455823434637
 20
8252.924919629104
 10
15688.753248230469
 20
8242.228207932212
 10
15689.76698077942
 20
8236.273189034644
 10
15691.334522877558
 20
8228.929222118835
 10
15684.375345984885
 20
8225.44258973228
 10
15672.566904454085
 20
8218.904069786822
 10
15661.290431981219
 20
8212.009725908043
 10
15650.54592856632
 20
8204.759558095957
 10
15640.333394209385
 20
8197.153566350564
 10
15630.652828910414
 20
8189.191750671866
 10
15621.504232669391
 20
8180.874111059845
 10
15595.65435112028
 20
8154.853720423919
 10
15577.784005440626
 20
8123.495970788384
 10
15572.35919260537
 20
8112.6875636432305
 10
15567.466348828084
 20
8101.523332564771
 10
15563.105474108761
 20
8090.003277553006
 10
15559.2765684474
 20
8078.127398607934
 10
15555.979631843999
 20
8065.895695729529
 10
15553.214664298572
 20
8053.308168917867
 10
15550.981665811109
 20
8040.364818172876
 10
15549.280636381605
 20
8027.065643494576
 10
15548.111576010071
 20
8013.410644882981
 10
15547.813130701143
 20
8006.847277632973
 10
15547.259795689068
 20
8005.9879319949705
 10
15544.185219454517
 20
8001.599948978033
 10
15540.588111192988
 20
7996.01353346749
 10
15537.51353495846
 20
7991.625550450584
 10
15533.916426696935
 20
7986.039134940049
 10
15530.841850462388
 20
7981.651151923112
 10
15527.244742200843
 20
7976.0647364125525
 10
15524.170165966312
 20
7971.676753395639
 10
15520.573057704769
 20
7966.09033788508
 10
15520.23361577126
 20
7965.605892118948
 10
15514.089917927839
 20
7963.982277860726
 10
15499.307405835843
 20
7959.433056858794
 10
15485.213526332494
 20
7954.423222682763
 10
15471.808279417877
 20
7948.952775332667
 10
15459.09166509191
 20
7943.021714808473
 10
15423.007719880017
 20
7923.846693713629
 10
15397.253263498245
 20
7897.762475007479
 10
15389.357077292994
 20
7888.607122264675
 10
15382.14952367641
 20
7878.991156347771
 10
15375.630602648516
 20
7868.914577256805
 10
15369.800314209288
 20
7858.37738499174
 10
15364.658658358734
 20
7847.3795795525875
 10
15360.205635096856
 20
7835.921160939348
 10
15356.441244423651
 20
7824.002129152021
 10
15353.365486339115
 20
7811.622484190587
 10
15350.978360843263
 20
7798.782226055106
 10
15349.27986793608
 20
7785.481354745525
 10
15348.270007617573
 20
7771.719870261841
 10
15348.103763387457
 20
7764.359541572354
 10
15342.576638313623
 20
7761.0910954046485
 10
15331.722379412398
 20
7753.914340939161
 10
15321.469699445724
 20
7746.335201824692
 10
15311.818598413542
 20
7738.353678061203
 10
15302.769076315868
 20
7729.969769648706
 10
15294.321133152709
 20
7721.1834765872
 10
15286.474768924047
 20
7711.994798876671
 10
15279.229983629917
 20
7702.403736517165
 10
15274.908603460743
 20
7695.903037699979
 10
15172.403878899182
 20
7743.182692260525
 10
15186.579564188416
 20
7764.375830898604
 10
15193.251248684493
 20
7774.35022942608
 10
15199.922933180564
 20
7784.324627953551
  0
LWPOLYLINE
  5
1F9
330
17
100
AcDbEntity
  8
FLOOR_0_LARGE_TRIBUTARY
100
AcDbPolyline
 90
137
 70
1
 10
15199.922933180564
 20
7784.324627953551
 10
15206.594617676637
 20
7794.299026481022
 10
15213.266302172713
 20
7804.273425008494
 10
15219.937986668789
 20
7814.247823535967
 10
15226.60967116486
 20
7824.22222206344
 10
15233.281355660936
 20
7834.196620590911
 10
15239.953040157008
 20
7844.171019118383
 10
15246.624724653084
 20
7854.145417645854
 10
15253.29640914916
 20
7864.119816173329
 10
15259.968093645233
 20
7874.094214700803
 10
15266.639778141307
 20
7884.068613228272
 10
15273.31146263738
 20
7894.043011755746
 10
15279.983147133455
 20
7904.017410283217
 10
15286.65483162953
 20
7913.991808810689
 10
15293.326516125606
 20
7923.966207338162
 10
15299.998200621681
 20
7933.940605865636
 10
15306.669885117753
 20
7943.915004393107
 10
15313.341569613829
 20
7953.8894029205785
 10
15325.27091544286
 20
7971.724186555926
 10
15418.947928724912
 20
7926.5622104069125
 10
15343.669896531144
 20
7999.231298138015
 10
15353.371676590275
 20
8013.735794085413
 10
15360.043361086347
 20
8023.710192612885
 10
15366.715045582423
 20
8033.68459114036
 10
15373.386730078495
 20
8043.658989667831
 10
15380.058414574572
 20
8053.633388195302
 10
15386.730099070646
 20
8063.607786722774
 10
15393.40178356672
 20
8073.582185250247
 10
15400.073468062794
 20
8083.556583777719
 10
15406.74515255887
 20
8093.530982305192
 10
15413.416837054945
 20
8103.505380832663
 10
15420.088521551017
 20
8113.479779360136
 10
15426.760206047093
 20
8123.454177887609
 10
15433.431890543165
 20
8133.42857641508
 10
15440.103575039242
 20
8143.402974942555
 10
15446.775259535316
 20
8153.377373470026
 10
15453.44694403139
 20
8163.351771997498
 10
15460.118628527463
 20
8173.326170524969
 10
15466.790313023537
 20
8183.300569052441
 10
15473.461997519611
 20
8193.274967579913
 10
15483.166718664357
 20
8207.783860551794
 10
15579.074292054116
 20
8165.943804974988
 10
15501.565568206712
 20
8235.290775468171
 10
15513.49210449606
 20
8253.121358744751
 10
15520.163788992133
 20
8263.095757272222
 10
15526.835473488207
 20
8273.070155799694
 10
15533.50715798428
 20
8283.044554327163
 10
15540.178842480354
 20
8293.018952854636
 10
15546.850526976428
 20
8302.993351382109
 10
15553.522211472504
 20
8312.967749909583
 10
15560.19389596858
 20
8322.942148437054
 10
15566.865580464651
 20
8332.916546964527
 10
15573.537264960727
 20
8342.890945491998
 10
15580.208949456799
 20
8352.86534401947
 10
15586.880633952876
 20
8362.839742546945
 10
15593.55231844895
 20
8372.814141074416
 10
15600.224002945024
 20
8382.788539601888
 10
15609.612050363616
 20
8396.823994426373
 10
15658.61347026268
 20
8375.8470660335
 10
15660.328411929655
 20
8372.402132548756
 10
15665.275458979133
 20
8358.21438412479
 10
15669.009472483871
 20
8342.213108695834
 10
15669.858812584078
 20
8336.21114663164
 10
15672.290805820896
 20
8325.53506079645
 10
15673.187558034138
 20
8319.54765168979
 10
15675.577840676417
 20
8308.865536863992
 10
15676.509911049383
 20
8302.888432525364
 10
15678.868564749799
 20
8292.20152843946
 10
15679.827968783127
 20
8286.232086392667
 10
15682.161813024857
 20
8275.541293783617
 10
15683.143001471843
 20
8269.577763654728
 10
15685.456864301137
 20
8258.883754676717
 10
15686.455823434637
 20
8252.924919629104
 10
15688.753248230469
 20
8242.228207932212
 10
15689.76698077942
 20
8236.273189034644
 10
15691.334522877558
 20
8228.929222118835
 10
15684.375345984885
 20
8225.44258973228
 10
15672.566904454085
 20
8218.904069786822
 10
15661.290431981219
 20
8212.009725908043
 10
15650.54592856632
 20
8204.759558095957
 10
15640.333394209385
 20
8197.153566350564
 10
15630.652828910414
 20
8189.191750671866
 10
15621.504232669391
 20
8180.874111059845
 10
15595.65435112028
 20
8154.853720423919
 10
15577.784005440626
 20
8123.495970788384
 10
15572.35919260537
 20
8112.6875636432305
 10
15567.466348828084
 20
8101.523332564771
 10
15563.105474108761
 20
8090.003277553006
 10
15559.2765684474
 20
8078.127398607934
 10
15555.979631843999
 20
8065.895695729529
 10
15553.214664298572
 20
8053.308168917867
 10
15550.981665811109
 20
8040.364818172876
 10
15549.280636381605
 20
8027.065643494576
 10
15548.111576010071
 20
8013.410644882981
 10
15547.813130701143
 20
8006.847277632973
 10
15547.259795689068
 20
8005.9879319949705
 10
15544.185219454517
 20
8001.599948978033
 10
15540.588111192988
 20
7996.01353346749
 10
15537.51353495846
 20
7991.625550450584
 10
15533.916426696935
 20
7986.039134940049
 10
15530.841850462388
 20
7981.651151923112
 10
15527.244742200843
 20
7976.0647364125525
 10
15524.170165966312
 20
7971.676753395639
 10
15520.573057704769
 20
7966.09033788508
 10
15520.23361577126
 20
7965.605892118948
 10
15514.089917927839
 20
7963.982277860726
 10
15499.307405835843
 20
7959.433056858794
 10
15485.213526332494
 20
7954.423222682763
 10
15471.808279417877
 20
7948.952775332667
 10
15459.09166509191
 20
7943.021714808473
 10
15423.007719880017
 20
7923.846693713629
 10
15397.253263498245
 20
7897.762475007479
 10
15389.357077292994
 20
7888.607122264675
 10
15382.14952367641
 20
7878.991156347771
 10
15375.630602648516
 20
7868.914577256805
 10
15369.800314209288
 20
7858.37738499174
 10
15364.658658358734
 20
7847.3795795525875
 10
15360.205635096856
 20
7835.921160939348
 10
15356.441244423651
 20
7824.002129152021
 10
15353.365486339115
 20
7811.622484190587
 10
15350.978360843263
 20
7798.782226055106
 10
15349.27986793608
 20
7785.481354745525
 10
15348.270007617573
 20
7771.719870261841
 10
15348.103763387457
 20
7764.359541572354
 10
15342.576638313623
 20
7761.0910954046485
 10
15331.722379412398
 20
7753.914340939161
 10
15321.469699445724
 20
7746.335201824692
 10
15311.818598413542
 20
7738.353678061203
 10
15302.769076315868
 20
7729.969769648706
 10
15294.321133152709
 20
7721.1834765872
 10
15286.474768924047
 20
7711.994798876671
 10
15279.229983629917
 20
7702.403736517165
 10
15274.908603460743
 20
7695.903037699979
 10
15172.403878899182
 20
7743.182692260525
 10
15186.579564188416
 20
7764.375830898604
 10
15193.251248684493
 20
7774.35022942608
 10
15199.922933180564
 20
7784.324627953551
  0
LWPOLYLINE
  5
1FA
330
17
100
AcDbEntity
  8
FLOOR_0_WALL_TRIBUTARY_5
100
AcDbPolyline
 90
6
 70
1
 10
15636.847981270783
 20
8437.5426509058
 10
15645.907669435863
 20
8436.992489346825
 10
15653.885647461088
 20
8427.521240742233
 10
15649.841559243832
 20
8404.99470183647
 10
15628.027078931926
 20
8424.355097544807
 10
15636.847981270783
 20
8437.5426509058
  0
LWPOLYLINE
  5
1FB
330
17
100
AcDbEntity
  8
FLOOR_0_LARGE_TRIBUTARY
100
AcDbPolyline
 90
6
 70
1
 10
15636.847981270783
 20
8437.5426509058
 10
15645.907669435863
 20
8436.992489346825
 10
15653.885647461088
 20
8427.521240742233
 10
15649.841559243832
 20
8404.99470183647
 10
15628.027078931926
 20
8424.355097544807
 10
15636.847981270783
 20
8437.5426509058
  0
LWPOLYLINE
  5
1FC
330
17
100
AcDbEntity
  8
FLOOR_0_WALL_TRIBUTARY_5
100
AcDbPolyline
 90
6
 70
1
 10
15651.536445870035
 20
8444.873435115855
 10
15656.900192945013
 20
8445.937644798114
 10
15665.876077991843
 20
8439.933846880822
 10
15659.427282951254
 20
8435.806177013636
 10
15649.6413611155
 20
8438.922540707443
 10
15651.536445870035
 20
8444.873435115855
  0
LWPOLYLINE
  5
1FD
330
17
100
AcDbEntity
  8
FLOOR_0_LARGE_TRIBUTARY
100
AcDbPolyline
 90
6
 70
1
 10
15651.536445870035
 20
8444.873435115855
 10
15656.900192945013
 20
8445.937644798114
 10
15665.876077991843
 20
8439.933846880822
 10
15659.427282951254
 20
8435.806177013636
 10
15649.6413611155
 20
8438.922540707443
 10
15651.536445870035
 20
8444.873435115855
  0
LWPOLYLINE
  5
1FE
330
17
100
AcDbEntity
  8
FLOOR_0_WALL_TRIBUTARY_5
100
AcDbPolyline
 90
4
 70
1
 10
15647.9900040998
 20
8447.245582219219
 10
15637.334575714462
 20
8438.270126388992
 10
15646.92579441754
 20
8452.609329294188
 10
15647.9900040998
 20
8447.245582219219
  0
LWPOLYLINE
  5
1FF
330
17
100
AcDbEntity
  8
FLOOR_0_LARGE_TRIBUTARY
100
AcDbPolyline
 90
4
 70
1
 10
15647.9900040998
 20
8447.245582219219
 10
15637.334575714462
 20
8438.270126388992
 10
15646.92579441754
 20
8452.609329294188
 10
15647.9900040998
 20
8447.245582219219
  0
TEXT
  5
200
330
17
100
AcDbEntity
  8
FLOOR_0_AREA_LABELS
100
AcDbText
 10
15454.582091885564
 20
8047.146262239231
 30
0.0
 40
24.0
  1
667 SF
 72
1
 11
15454.582091885564
 21
8047.146262239231
 31
0.0
100
AcDbText
 73
2
  0
LWPOLYLINE
  5
202
330
17
100
AcDbEntity
  8
FLOOR_0_WALL_TRIBUTARY_6
100
AcDbPolyline
 90
87
 70
1
 10
15659.403934145192
 20
7612.646045817065
 10
15655.364966599154
 20
7614.018926146622
 10
15647.403966446831
 20
7616.291691066514
 10
15643.363825551824
 20
7617.66062216607
 10
15635.403998747352
 20
7619.937209860433
 10
15631.362750836772
 20
7621.302417352454
 10
15623.404031046846
 20
7623.582612820183
 10
15619.36173698357
 20
7624.944303527606
 10
15611.404063345413
 20
7627.227909410036
 10
15607.360779107306
 20
7628.586273388542
 10
15599.404095643084
 20
7630.873108090569
 10
15595.35987283224
 20
7632.228320393444
 10
15587.404127939968
 20
7634.518216448243
 10
15575.404163482475
 20
7638.52962865857
 10
15563.404203964426
 20
7643.098510934039
 10
15551.40424938584
 20
7648.224863274642
 10
15543.076080054945
 20
7652.1695327828675
 10
15636.87840523044
 20
7775.552248929284
 10
15643.791409799169
 20
7788.026082968585
 10
15648.08775625435
 20
7799.58929970266
 10
15648.878921162515
 20
7803.205235888884
 10
15650.960643854163
 20
7806.69177038105
 10
15653.78198784202
 20
7810.217497794757
 10
15657.632328350235
 20
7816.666168908523
 10
15660.453672338092
 20
7820.191896322229
 10
15664.304012846307
 20
7826.6405674359885
 10
15667.12535683417
 20
7830.166294849707
 10
15670.975697342386
 20
7836.6149659634675
 10
15673.797041330243
 20
7840.140693377175
 10
15677.64738183846
 20
7846.589364490939
 10
15680.468725826317
 20
7850.115091904647
 10
15684.319066334534
 20
7856.563763018412
 10
15687.14041032239
 20
7860.089490432119
 10
15690.990750830608
 20
7866.538161545885
 10
15693.812094818464
 20
7870.063888959592
 10
15697.662435326678
 20
7876.51256007335
 10
15700.483779314538
 20
7880.038287487064
 10
15704.33411982276
 20
7886.486958600832
 10
15707.155463810617
 20
7890.012686014543
 10
15711.005804318833
 20
7896.461357128303
 10
15713.82714830669
 20
7899.987084542008
 10
15717.677488814905
 20
7906.435755655774
 10
15720.498832802761
 20
7909.961483069481
 10
15724.34917331098
 20
7916.410154183246
 10
15727.170517298837
 20
7919.935881596953
 10
15731.02085780705
 20
7926.384552710711
 10
15733.842201794909
 20
7929.910280124424
 10
15737.69254230313
 20
7936.358951238191
 10
15740.513886290988
 20
7939.884678651904
 10
15744.364226799204
 20
7946.333349765663
 10
15747.185587819393
 20
7949.859098464036
 10
15751.035914412332
 20
7956.3077462081965
 10
15758.560874083763
 20
7965.7114052827965
 10
15762.60473298901
 20
7969.573553530465
 10
15772.803185225668
 20
7969.093979940812
 10
15785.563813871704
 20
7966.587805610598
 10
15797.088356879176
 20
7962.233640599715
 10
15800.944371091442
 20
7959.909132693835
 10
15816.079580517151
 20
7953.620998332959
 10
15819.279663327266
 20
7951.704718737166
 10
15830.820079234069
 20
7947.374236720792
 10
15843.59277111232
 20
7944.886012395353
 10
15857.59773896204
 20
7944.2400457608455
 10
15872.834982783188
 20
7945.436336817273
 10
15889.3045025758
 20
7948.474885564635
 10
15907.006298339864
 20
7953.35569200293
 10
15969.389770196207
 20
7975.506663423805
 10
16005.081739601697
 20
7894.119434681676
 10
16004.652691133288
 20
7892.4482616248015
 10
15979.480317347085
 20
7780.268175948962
 10
15880.338627936737
 20
7742.291035672294
 10
15837.184336378254
 20
7615.181365466509
 10
15837.114302160986
 20
7614.9427374987645
 10
15827.40391845655
 20
7610.874667533473
 10
15815.403880137728
 20
7606.550023933785
 10
15803.403848044785
 20
7602.928037640364
 10
15799.812901326368
 20
7602.0544432862725
 10
15732.770177936614
 20
7595.884291726476
 10
15731.403786230327
 20
7595.951923311317
 10
15719.403797718467
 20
7597.248538161728
 10
15707.403815432477
 20
7599.247810318402
 10
15695.403839372357
 20
7601.949739781337
 10
15683.403869538124
 20
7605.354326550531
 10
15679.367473058595
 20
7606.735869534143
 10
15671.403901842321
 20
7609.00026215121
 10
15667.36618012485
 20
7610.377338482678
 10
15659.403934145192
 20
7612.646045817065
  0
LWPOLYLINE
  5
203
330
17
100
AcDbEntity
  8
FLOOR_0_LARGE_TRIBUTARY
100
AcDbPolyline
 90
87
 70
1
 10
15659.403934145192
 20
7612.646045817065
 10
15655.364966599154
 20
7614.018926146622
 10
15647.403966446831
 20
7616.291691066514
 10
15643.363825551824
 20
7617.66062216607
 10
15635.403998747352
 20
7619.937209860433
 10
15631.362750836772
 20
7621.302417352454
 10
15623.404031046846
 20
7623.582612820183
 10
15619.36173698357
 20
7624.944303527606
 10
15611.404063345413
 20
7627.227909410036
 10
15607.360779107306
 20
7628.586273388542
 10
15599.404095643084
 20
7630.873108090569
 10
15595.35987283224
 20
7632.228320393444
 10
15587.404127939968
 20
7634.518216448243
 10
15575.404163482475
 20
7638.52962865857
 10
15563.404203964426
 20
7643.098510934039
 10
15551.40424938584
 20
7648.224863274642
 10
15543.076080054945
 20
7652.1695327828675
 10
15636.87840523044
 20
7775.552248929284
 10
15643.791409799169
 20
7788.026082968585
 10
15648.08775625435
 20
7799.58929970266
 10
15648.878921162515
 20
7803.205235888884
 10
15650.960643854163
 20
7806.69177038105
 10
15653.78198784202
 20
7810.217497794757
 10
15657.632328350235
 20
7816.666168908523
 10
15660.453672338092
 20
7820.191896322229
 10
15664.304012846307
 20
7826.6405674359885
 10
15667.12535683417
 20
7830.166294849707
 10
15670.975697342386
 20
7836.6149659634675
 10
15673.797041330243
 20
7840.140693377175
 10
15677.64738183846
 20
7846.589364490939
 10
15680.468725826317
 20
7850.115091904647
 10
15684.319066334534
 20
7856.563763018412
 10
15687.14041032239
 20
7860.089490432119
 10
15690.990750830608
 20
7866.538161545885
 10
15693.812094818464
 20
7870.063888959592
 10
15697.662435326678
 20
7876.51256007335
 10
15700.483779314538
 20
7880.038287487064
 10
15704.33411982276
 20
7886.486958600832
 10
15707.155463810617
 20
7890.012686014543
 10
15711.005804318833
 20
7896.461357128303
 10
15713.82714830669
 20
7899.987084542008
 10
15717.677488814905
 20
7906.435755655774
 10
15720.498832802761
 20
7909.961483069481
 10
15724.34917331098
 20
7916.410154183246
 10
15727.170517298837
 20
7919.935881596953
 10
15731.02085780705
 20
7926.384552710711
 10
15733.842201794909
 20
7929.910280124424
 10
15737.69254230313
 20
7936.358951238191
 10
15740.513886290988
 20
7939.884678651904
 10
15744.364226799204
 20
7946.333349765663
 10
15747.185587819393
 20
7949.859098464036
 10
15751.035914412332
 20
7956.3077462081965
 10
15758.560874083763
 20
7965.7114052827965
 10
15762.60473298901
 20
7969.573553530465
 10
15772.803185225668
 20
7969.093979940812
 10
15785.563813871704
 20
7966.587805610598
 10
15797.088356879176
 20
7962.233640599715
 10
15800.944371091442
 20
7959.909132693835
 10
15816.079580517151
 20
7953.620998332959
 10
15819.279663327266
 20
7951.704718737166
 10
15830.820079234069
 20
7947.374236720792
 10
15843.59277111232
 20
7944.886012395353
 10
15857.59773896204
 20
7944.2400457608455
 10
15872.834982783188
 20
7945.436336817273
 10
15889.3045025758
 20
7948.474885564635
 10
15907.006298339864
 20
7953.35569200293
 10
15969.389770196207
 20
7975.506663423805
 10
16005.081739601697
 20
7894.119434681676
 10
16004.652691133288
 20
7892.4482616248015
 10
15979.480317347085
 20
7780.268175948962
 10
15880.338627936737
 20
7742.291035672294
 10
15837.184336378254
 20
7615.181365466509
 10
15837.114302160986
 20
7614.9427374987645
 10
15827.40391845655
 20
7610.874667533473
 10
15815.403880137728
 20
7606.550023933785
 10
15803.403848044785
 20
7602.928037640364
 10
15799.812901326368
 20
7602.0544432862725
 10
15732.770177936614
 20
7595.884291726476
 10
15731.403786230327
 20
7595.951923311317
 10
15719.403797718467
 20
7597.248538161728
 10
15707.403815432477
 20
7599.247810318402
 10
15695.403839372357
 20
7601.949739781337
 10
15683.403869538124
 20
7605.354326550531
 10
15679.367473058595
 20
7606.735869534143
 10
15671.403901842321
 20
7609.00026215121
 10
15667.36618012485
 20
7610.377338482678
 10
15659.403934145192
 20
7612.646045817065
  0
TEXT
  5
204
330
17
100
AcDbEntity
  8
FLOOR_0_AREA_LABELS
100
AcDbText
 10
15789.923523243626
 20
7783.030878954556
 30
0.0
 40
24.0
  1
708 SF
 72
1
 11
15789.923523243626
 21
7783.030878954556
 31
0.0
100
AcDbText
 73
2
  0
LWPOLYLINE
  5
206
330
17
100
AcDbEntity
  8
FLOOR_0_WALL_TRIBUTARY_7
100
AcDbPolyline
 90
107
 70
1
 10
15531.937689760529
 20
7900.7409097772415
 10
15530.308184745654
 20
7916.267815276126
 10
15527.778778241394
 20
7932.396647677937
 10
15524.34947024774
 20
7949.127406982761
 10
15520.23361577126
 20
7965.605892118948
 10
15520.573057704769
 20
7966.09033788508
 10
15524.170165966312
 20
7971.676753395639
 10
15527.244742200843
 20
7976.0647364125525
 10
15530.841850462388
 20
7981.651151923112
 10
15533.916426696935
 20
7986.039134940049
 10
15537.51353495846
 20
7991.625550450584
 10
15540.588111192988
 20
7996.01353346749
 10
15544.185219454517
 20
8001.599948978033
 10
15547.259795689068
 20
8005.9879319949705
 10
15547.813130701143
 20
8006.847277632973
 10
15568.500886286467
 20
8006.217133302231
 10
15589.651533117478
 20
8006.506830715826
 10
15609.339287680443
 20
8007.775028801672
 10
15627.564149975266
 20
8010.021727559757
 10
15644.326120002032
 20
8013.246926990094
 10
15659.625197760719
 20
8017.450627092678
 10
15673.461383251322
 20
8022.632827867507
 10
15685.834676473856
 20
8028.793529314588
 10
15696.745077428288
 20
8035.932731433906
 10
15706.192586114648
 20
8044.050434225475
 10
15714.177202532923
 20
8053.146637689291
 10
15734.890093774457
 20
8085.14373634834
 10
15784.20118091682
 20
8177.228748978234
 10
15788.502986940533
 20
8175.519964555831
 10
15799.612118247212
 20
8170.5447447184615
 10
15810.424040628179
 20
8165.125187282092
 10
15820.938754083536
 20
8159.261292246671
 10
15831.15625861321
 20
8152.953059612237
 10
15839.272550888752
 20
8147.428442623636
 10
15841.130601554802
 20
8146.281292013405
 10
15849.246893863197
 20
8140.756675073837
 10
15851.104944496443
 20
8139.609524414542
 10
15859.221236837619
 20
8134.084907524055
 10
15861.079287438031
 20
8132.937756815709
 10
15869.195579812056
 20
8127.413139974258
 10
15871.053630379673
 20
8126.265989216846
 10
15879.169922786474
 20
8120.741372424478
 10
15881.027973321266
 20
8119.594221618014
 10
15887.213470194753
 20
8115.3838632743245
 10
15888.669667072216
 20
8113.360089035412
 10
15896.486844153942
 20
8103.463400293695
 10
15969.609862751811
 20
8019.192785922216
 10
15969.159880486912
 20
7991.025151961261
 10
15969.389770196207
 20
7975.506663423805
 10
15907.006298339864
 20
7953.35569200293
 10
15889.3045025758
 20
7948.474885564635
 10
15872.834982783188
 20
7945.436336817273
 10
15857.59773896204
 20
7944.2400457608455
 10
15843.59277111232
 20
7944.886012395353
 10
15830.820079234069
 20
7947.374236720792
 10
15819.279663327266
 20
7951.704718737166
 10
15816.079580517151
 20
7953.620998332959
 10
15800.944371091442
 20
7959.909132693835
 10
15797.088356879176
 20
7962.233640599715
 10
15785.563813871704
 20
7966.587805610598
 10
15772.803185225668
 20
7969.093979940812
 10
15762.60473298901
 20
7969.573553530465
 10
15758.560874083763
 20
7965.7114052827965
 10
15751.035914412332
 20
7956.3077462081965
 10
15747.185587819393
 20
7949.859098464036
 10
15744.364226799204
 20
7946.333349765663
 10
15740.513886290988
 20
7939.884678651904
 10
15737.69254230313
 20
7936.358951238191
 10
15733.842201794909
 20
7929.910280124424
 10
15731.02085780705
 20
7926.384552710711
 10
15727.170517298837
 20
7919.935881596953
 10
15724.34917331098
 20
7916.410154183246
 10
15720.498832802761
 20
7909.961483069481
 10
15717.677488814905
 20
7906.435755655774
 10
15713.82714830669
 20
7899.987084542008
 10
15711.005804318833
 20
7896.461357128303
 10
15707.155463810617
 20
7890.012686014543
 10
15704.33411982276
 20
7886.486958600832
 10
15700.483779314538
 20
7880.038287487064
 10
15697.662435326678
 20
7876.51256007335
 10
15693.812094818464
 20
7870.063888959592
 10
15690.990750830608
 20
7866.538161545885
 10
15687.14041032239
 20
7860.089490432119
 10
15684.319066334534
 20
7856.563763018412
 10
15680.468725826317
 20
7850.115091904647
 10
15677.64738183846
 20
7846.589364490939
 10
15673.797041330243
 20
7840.140693377175
 10
15670.975697342386
 20
7836.6149659634675
 10
15667.12535683417
 20
7830.166294849707
 10
15664.304012846307
 20
7826.6405674359885
 10
15660.453672338092
 20
7820.191896322229
 10
15657.632328350235
 20
7816.666168908523
 10
15653.78198784202
 20
7810.217497794757
 10
15650.960643854163
 20
7806.69177038105
 10
15648.878921162515
 20
7803.205235888884
 10
15648.08775625435
 20
7799.58929970266
 10
15643.791409799169
 20
7788.026082968585
 10
15636.87840523044
 20
7775.552248929284
 10
15543.076080054945
 20
7652.1695327828675
 10
15528.168665603665
 20
7655.08402753243
 10
15522.688243607698
 20
7656.632986013059
 10
15504.514097935313
 20
7685.283408209463
 10
15509.29445808533
 20
7710.389195364331
 10
15531.426795868792
 20
7857.77175469858
 10
15532.496995322095
 20
7871.492879488484
 10
15532.667293286007
 20
7885.815931181371
 10
15531.937689760529
 20
7900.7409097772415
  0
LWPOLYLINE
  5
207
330
17
100
AcDbEntity
  8
FLOOR_0_LARGE_TRIBUTARY
100
AcDbPolyline
 90
107
 70
1
 10
15531.937689760529
 20
7900.7409097772415
 10
15530.308184745654
 20
7916.267815276126
 10
15527.778778241394
 20
7932.396647677937
 10
15524.34947024774
 20
7949.127406982761
 10
15520.23361577126
 20
7965.605892118948
 10
15520.573057704769
 20
7966.09033788508
 10
15524.170165966312
 20
7971.676753395639
 10
15527.244742200843
 20
7976.0647364125525
 10
15530.841850462388
 20
7981.651151923112
 10
15533.916426696935
 20
7986.039134940049
 10
15537.51353495846
 20
7991.625550450584
 10
15540.588111192988
 20
7996.01353346749
 10
15544.185219454517
 20
8001.599948978033
 10
15547.259795689068
 20
8005.9879319949705
 10
15547.813130701143
 20
8006.847277632973
 10
15568.500886286467
 20
8006.217133302231
 10
15589.651533117478
 20
8006.506830715826
 10
15609.339287680443
 20
8007.775028801672
 10
15627.564149975266
 20
8010.021727559757
 10
15644.326120002032
 20
8013.246926990094
 10
15659.625197760719
 20
8017.450627092678
 10
15673.461383251322
 20
8022.632827867507
 10
15685.834676473856
 20
8028.793529314588
 10
15696.745077428288
 20
8035.932731433906
 10
15706.192586114648
 20
8044.050434225475
 10
15714.177202532923
 20
8053.146637689291
 10
15734.890093774457
 20
8085.14373634834
 10
15784.20118091682
 20
8177.228748978234
 10
15788.502986940533
 20
8175.519964555831
 10
15799.612118247212
 20
8170.5447447184615
 10
15810.424040628179
 20
8165.125187282092
 10
15820.938754083536
 20
8159.261292246671
 10
15831.15625861321
 20
8152.953059612237
 10
15839.272550888752
 20
8147.428442623636
 10
15841.130601554802
 20
8146.281292013405
 10
15849.246893863197
 20
8140.756675073837
 10
15851.104944496443
 20
8139.609524414542
 10
15859.221236837619
 20
8134.084907524055
 10
15861.079287438031
 20
8132.937756815709
 10
15869.195579812056
 20
8127.413139974258
 10
15871.053630379673
 20
8126.265989216846
 10
15879.169922786474
 20
8120.741372424478
 10
15881.027973321266
 20
8119.594221618014
 10
15887.213470194753
 20
8115.3838632743245
 10
15888.669667072216
 20
8113.360089035412
 10
15896.486844153942
 20
8103.463400293695
 10
15969.609862751811
 20
8019.192785922216
 10
15969.159880486912
 20
7991.025151961261
 10
15969.389770196207
 20
7975.506663423805
 10
15907.006298339864
 20
7953.35569200293
 10
15889.3045025758
 20
7948.474885564635
 10
15872.834982783188
 20
7945.436336817273
 10
15857.59773896204
 20
7944.2400457608455
 10
15843.59277111232
 20
7944.886012395353
 10
15830.820079234069
 20
7947.374236720792
 10
15819.279663327266
 20
7951.704718737166
 10
15816.079580517151
 20
7953.620998332959
 10
15800.944371091442
 20
7959.909132693835
 10
15797.088356879176
 20
7962.233640599715
 10
15785.563813871704
 20
7966.587805610598
 10
15772.803185225668
 20
7969.093979940812
 10
15762.60473298901
 20
7969.573553530465
 10
15758.560874083763
 20
7965.7114052827965
 10
15751.035914412332
 20
7956.3077462081965
 10
15747.185587819393
 20
7949.859098464036
 10
15744.364226799204
 20
7946.333349765663
 10
15740.513886290988
 20
7939.884678651904
 10
15737.69254230313
 20
7936.358951238191
 10
15733.842201794909
 20
7929.910280124424
 10
15731.02085780705
 20
7926.384552710711
 10
15727.170517298837
 20
7919.935881596953
 10
15724.34917331098
 20
7916.410154183246
 10
15720.498832802761
 20
7909.961483069481
 10
15717.677488814905
 20
7906.435755655774
 10
15713.82714830669
 20
7899.987084542008
 10
15711.005804318833
 20
7896.461357128303
 10
15707.155463810617
 20
7890.012686014543
 10
15704.33411982276
 20
7886.486958600832
 10
15700.483779314538
 20
7880.038287487064
 10
15697.662435326678
 20
7876.51256007335
 10
15693.812094818464
 20
7870.063888959592
 10
15690.990750830608
 20
7866.538161545885
 10
15687.14041032239
 20
7860.089490432119
 10
15684.319066334534
 20
7856.563763018412
 10
15680.468725826317
 20
7850.115091904647
 10
15677.64738183846
 20
7846.589364490939
 10
15673.797041330243
 20
7840.140693377175
 10
15670.975697342386
 20
7836.6149659634675
 10
15667.12535683417
 20
7830.166294849707
 10
15664.304012846307
 20
7826.6405674359885
 10
15660.453672338092
 20
7820.191896322229
 10
15657.632328350235
 20
7816.666168908523
 10
15653.78198784202
 20
7810.217497794757
 10
15650.960643854163
 20
7806.69177038105
 10
15648.878921162515
 20
7803.205235888884
 10
15648.08775625435
 20
7799.58929970266
 10
15643.791409799169
 20
7788.026082968585
 10
15636.87840523044
 20
7775.552248929284
 10
15543.076080054945
 20
7652.1695327828675
 10
15528.168665603665
 20
7655.08402753243
 10
15522.688243607698
 20
7656.632986013059
 10
15504.514097935313
 20
7685.283408209463
 10
15509.29445808533
 20
7710.389195364331
 10
15531.426795868792
 20
7857.77175469858
 10
15532.496995322095
 20
7871.492879488484
 10
15532.667293286007
 20
7885.815931181371
 10
15531.937689760529
 20
7900.7409097772415
  0
TEXT
  5
208
330
17
100
AcDbEntity
  8
FLOOR_0_AREA_LABELS
100
AcDbText
 10
15706.036440561407
 20
7946.559217546109
 30
0.0
 40
24.0
  1
622 SF
 72
1
 11
15706.036440561407
 21
7946.559217546109
 31
0.0
100
AcDbText
 73
2
  0
TEXT
  5
209
330
17
100
AcDbEntity
  8
FLOOR_0_AREA_LABELS
100
AcDbText
 10
15766.557075481065
 20
7550.027475055656
 30
0.0
 40
24.0
  1
38 SF
 72
1
 11
15766.557075481065
 21
7550.027475055656
 31
0.0
100
AcDbText
 73
2
  0
TEXT
  5
20A
330
17
100
AcDbEntity
  8
FLOOR_0_AREA_LABELS
100
AcDbText
 10
15517.112964419117
 20
7561.857180595571
 30
0.0
 40
24.0
  1
32 SF
 72
1
 11
15517.112964419117
 21
7561.857180595571
 31
0.0
100
AcDbText
 73
2
  0
TEXT
  5
20B
330
17
100
AcDbEntity
  8
FLOOR_0_AREA_LABELS
100
AcDbText
 10
15223.198827004973
 20
7581.90138306621
 30
0.0
 40
24.0
  1
31 SF
 72
1
 11
15223.198827004973
 21
7581.90138306621
 31
0.0
100
AcDbText
 73
2
  0
TEXT
  5
20C
330
17
100
AcDbEntity
  8
FLOOR_0_AREA_LABELS
100
AcDbText
 10
16224.244985461643
 20
7513.860213561595
 30
0.0
 40
24.0
  1
14 SF
 72
1
 11
16224.244985461643
 21
7513.860213561595
 31
0.0
100
AcDbText
 73
2
  0
TEXT
  5
20D
330
17
100
AcDbEntity
  8
FLOOR_0_AREA_LABELS
100
AcDbText
 10
15214.485364192724
 20
7710.215342593952
 30
0.0
 40
24.0
  1
18 SF
 72
1
 11
15214.485364192724
 21
7710.215342593952
 31
0.0
100
AcDbText
 73
2
  0
TEXT
  5
20E
330
17
100
AcDbEntity
  8
FLOOR_0_AREA_LABELS
100
AcDbText
 10
15362.629580232973
 20
7965.839231700284
 30
0.0
 40
24.0
  1
12 SF
 72
1
 11
15362.629580232973
 21
7965.839231700284
 31
0.0
100
AcDbText
 73
2
  0
TEXT
  5
20F
330
17
100
AcDbEntity
  8
FLOOR_0_AREA_LABELS
100
AcDbText
 10
15521.268859641728
 20
8203.006146998317
 30
0.0
 40
24.0
  1
12 SF
 72
1
 11
15521.268859641728
 21
8203.006146998317
 31
0.0
100
AcDbText
 73
2
  0
TEXT
  5
210
330
17
100
AcDbEntity
  8
FLOOR_0_AREA_LABELS
100
AcDbText
 10
15635.40328569307
 20
8399.3819780434
 30
0.0
 40
24.0
  1
8 SF
 72
1
 11
15635.40328569307
 21
8399.3819780434
 31
0.0
100
AcDbText
 73
2
  0
TEXT
  5
211
330
17
100
AcDbEntity
  8
FLOOR_0_AREA_LABELS
100
AcDbText
 10
16216.671202832815
 20
8013.25664526973
 30
0.0
 40
24.0
  1
23 SF
 72
1
 11
16216.671202832815
 21
8013.25664526973
 31
0.0
100
AcDbText
 73
2
  0
TEXT
  5
212
330
17
100
AcDbEntity
  8
FLOOR_0_AREA_LABELS
100
AcDbText
 10
16094.01584441434
 20
7651.635775694123
 30
0.0
 40
24.0
  1
169 SF
 72
1
 11
16094.01584441434
 21
7651.635775694123
 31
0.0
100
AcDbText
 73
2
  0
TEXT
  5
213
330
17
100
AcDbEntity
  8
FLOOR_0_AREA_LABELS
100
AcDbText
 10
16210.856458175193
 20
7752.662797142719
 30
0.0
 40
24.0
  1
59 SF
 72
1
 11
16210.856458175193
 21
7752.662797142719
 31
0.0
100
AcDbText
 73
2
  0
TEXT
  5
214
330
17
100
AcDbEntity
  8
FLOOR_0_AREA_LABELS
100
AcDbText
 10
15988.085579124596
 20
7534.386928934455
 30
0.0
 40
24.0
  1
25 SF
 72
1
 11
15988.085579124596
 21
7534.386928934455
 31
0.0
100
AcDbText
 73
2
  0
TEXT
  5
215
330
17
100
AcDbEntity
  8
FLOOR_0_AREA_LABELS
100
AcDbText
 10
15941.423185897458
 20
7663.869415789419
 30
0.0
 40
24.0
  1
208 SF
 72
1
 11
15941.423185897458
 21
7663.869415789419
 31
0.0
100
AcDbText
 73
2
  0
TEXT
  5
216
330
17
100
AcDbEntity
  8
FLOOR_0_AREA_LABELS
100
AcDbText
 10
15377.009363579786
 20
7657.160456772941
 30
0.0
 40
24.0
  1
236 SF
 72
1
 11
15377.009363579786
 21
7657.160456772941
 31
0.0
100
AcDbText
 73
2
  0
TEXT
  5
217
330
17
100
AcDbEntity
  8
FLOOR_0_AREA_LABELS
100
AcDbText
 10
15452.534829268236
 20
7826.564612175855
 30
0.0
 40
24.0
  1
238 SF
 72
1
 11
15452.534829268236
 21
7826.564612175855
 31
0.0
100
AcDbText
 73
2
  0
TEXT
  5
218
330
17
100
AcDbEntity
  8
FLOOR_0_AREA_LABELS
100
AcDbText
 10
16093.715931961739
 20
7817.294999912716
 30
0.0
 40
24.0
  1
224 SF
 72
1
 11
16093.715931961739
 21
7817.294999912716
 31
0.0
100
AcDbText
 73
2
  0
TEXT
  5
219
330
17
100
AcDbEntity
  8
FLOOR_0_AREA_LABELS
100
AcDbText
 10
16078.087365874884
 20
7973.722267018699
 30
0.0
 40
24.0
  1
203 SF
 72
1
 11
16078.087365874884
 21
7973.722267018699
 31
0.0
100
AcDbText
 73
2
  0
TEXT
  5
21A
330
17
100
AcDbEntity
  8
FLOOR_0_AREA_LABELS
100
AcDbText
 10
15660.582878318073
 20
8112.110975267182
 30
0.0
 40
24.0
  1
225 SF
 72
1
 11
15660.582878318073
 21
8112.110975267182
 31
0.0
100
AcDbText
 73
2
  0
TEXT
  5
21B
330
17
100
AcDbEntity
  8
FLOOR_0_AREA_LABELS
100
AcDbText
 10
15978.445263917965
 20
8102.338228575107
 30
0.0
 40
24.0
  1
108 SF
 72
1
 11
15978.445263917965
 21
8102.338228575107
 31
0.0
100
AcDbText
 73
2
  0
TEXT
  5
21C
330
17
100
AcDbEntity
  8
FLOOR_0_AREA_LABELS
100
AcDbText
 10
15788.912638308379
 20
8257.074637335605
 30
0.0
 40
24.0
  1
42 SF
 72
1
 11
15788.912638308379
 21
8257.074637335605
 31
0.0
100
AcDbText
 73
2
  0
LWPOLYLINE
  5
21F
330
17
100
AcDbEntity
  8
FLOOR_0_FASCADE_WALLS
100
AcDbPolyline
 90
47
 70
0
 10
15171.413123081747
 20
7741.701478127525
 10
15174.748965329785
 20
7746.688677391261
 10
15178.084807577823
 20
7751.675876654997
 10
15181.420649825859
 20
7756.663075918734
 10
15184.756492073895
 20
7761.650275182469
 10
15188.092334321933
 20
7766.637474446206
 10
15191.428176569972
 20
7771.624673709941
 10
15194.764018818008
 20
7776.611872973678
 10
15198.099861066046
 20
7781.599072237414
 10
15201.435703314084
 20
7786.58627150115
 10
15204.77154556212
 20
7791.573470764886
 10
15208.107387810156
 20
7796.560670028623
 10
15211.443230058194
 20
7801.547869292358
 10
15214.779072306232
 20
7806.535068556095
 10
15218.114914554268
 20
7811.52226781983
 10
15221.450756802304
 20
7816.509467083567
 10
15224.786599050345
 20
7821.496666347304
 10
15228.122441298381
 20
7826.483865611039
 10
15231.458283546417
 20
7831.471064874776
 10
15234.794125794455
 20
7836.458264138511
 10
15238.129968042493
 20
7841.445463402248
 10
15241.465810290529
 20
7846.432662665984
 10
15244.801652538565
 20
7851.41986192972
 10
15248.137494786602
 20
7856.407061193456
 10
15251.47333703464
 20
7861.394260457193
 10
15254.809179282676
 20
7866.3814597209275
 10
15258.145021530716
 20
7871.368658984665
 10
15261.480863778754
 20
7876.3558582484
 10
15264.81670602679
 20
7881.3430575121365
 10
15268.152548274826
 20
7886.330256775874
 10
15271.488390522863
 20
7891.317456039609
 10
15274.824232770901
 20
7896.3046553033455
 10
15278.160075018937
 20
7901.291854567082
 10
15281.495917266973
 20
7906.279053830818
 10
15284.831759515011
 20
7911.266253094554
 10
15288.167601763049
 20
7916.253452358291
 10
15291.503444011085
 20
7921.240651622025
 10
15294.839286259124
 20
7926.227850885763
 10
15298.175128507162
 20
7931.215050149498
 10
15301.510970755198
 20
7936.202249413234
 10
15304.846813003234
 20
7941.189448676971
 10
15308.182655251272
 20
7946.176647940707
 10
15311.51849749931
 20
7951.163847204442
 10
15314.854339747346
 20
7956.15104646818
 10
15318.190181995382
 20
7961.138245731916
 10
15321.52602424342
 20
7966.125444995651
 10
15324.861866491457
 20
7971.112644259389
  0
TEXT
  5
220
330
17
100
AcDbEntity
  8
FLOOR_0_FASCADE_WALLS
100
AcDbText
 10
15243.150295522868
 20
7859.742903441493
 30
0.0
 40
12.0
  1
23 FT
 50
56.222192412789816
 72
1
 11
15243.150295522868
 21
7859.742903441493
 31
0.0
100
AcDbText
 73
2
  0
LWPOLYLINE
  5
221
330
17
100
AcDbEntity
  8
FLOOR_0_FASCADE_COLUMNS
100
AcDbPolyline
 90
7
 70
0
 10
15324.861866491457
 20
7971.112644259389
 10
15328.197708739495
 20
7976.099843523123
 10
15331.533550987533
 20
7981.08704278686
 10
15334.86939323557
 20
7986.074242050596
 10
15338.205235483607
 20
7991.061441314332
 10
15341.541077731643
 20
7996.048640578068
 10
15344.87691997968
 20
8001.035839841805
  0
TEXT
  5
222
330
17
100
AcDbEntity
  8
FLOOR_0_FASCADE_COLUMNS
100
AcDbText
 10
15329.882193971835
 20
7989.410084298633
 30
0.0
 40
12.0
  1
3 FT
 50
56.22219241278777
 72
1
 11
15329.882193971835
 21
7989.410084298633
 31
0.0
100
AcDbText
 73
2
  0
LWPOLYLINE
  5
223
330
17
100
AcDbEntity
  8
FLOOR_0_FASCADE_WALLS
100
AcDbPolyline
 90
42
 70
0
 10
15344.87691997968
 20
8001.035839841805
 10
15348.212762227718
 20
8006.02303910554
 10
15351.548604475754
 20
8011.010238369277
 10
15354.88444672379
 20
8015.997437633012
 10
15358.220288971828
 20
8020.984636896749
 10
15361.556131219866
 20
8025.971836160485
 10
15364.891973467904
 20
8030.959035424221
 10
15368.227815715942
 20
8035.946234687958
 10
15371.56365796398
 20
8040.933433951694
 10
15374.899500212015
 20
8045.92063321543
 10
15378.235342460051
 20
8050.907832479166
 10
15381.57118470809
 20
8055.895031742903
 10
15384.907026956127
 20
8060.882231006638
 10
15388.242869204163
 20
8065.869430270375
 10
15391.578711452199
 20
8070.85662953411
 10
15394.914553700237
 20
8075.843828797847
 10
15398.250395948276
 20
8080.831028061582
 10
15401.586238196312
 20
8085.818227325319
 10
15404.92208044435
 20
8090.805426589055
 10
15408.257922692388
 20
8095.792625852791
 10
15411.593764940424
 20
8100.779825116527
 10
15414.92960718846
 20
8105.767024380264
 10
15418.265449436498
 20
8110.754223644
 10
15421.601291684536
 20
8115.741422907736
 10
15424.937133932572
 20
8120.728622171473
 10
15428.272976180608
 20
8125.7158214352075
 10
15431.60881842865
 20
8130.703020698945
 10
15434.944660676685
 20
8135.69021996268
 10
15438.280502924721
 20
8140.6774192264165
 10
15441.616345172759
 20
8145.664618490153
 10
15444.952187420797
 20
8150.651817753889
 10
15448.288029668833
 20
8155.639017017625
 10
15451.623871916869
 20
8160.626216281362
 10
15454.959714164906
 20
8165.613415545098
 10
15458.295556412944
 20
8170.600614808834
 10
15461.63139866098
 20
8175.587814072571
 10
15464.967240909016
 20
8180.575013336305
 10
15468.303083157058
 20
8185.562212600043
 10
15471.638925405094
 20
8190.549411863778
 10
15474.97476765313
 20
8195.536611127514
 10
15478.310609901167
 20
8200.52381039125
 10
15481.646452149205
 20
8205.511009654987
  0
TEXT
  5
224
330
17
100
AcDbEntity
  8
FLOOR_0_FASCADE_WALLS
100
AcDbText
 10
15408.274486800708
 20
8106.609266996433
 30
0.0
 40
12.0
  1
21 FT
 50
56.22219241278953
 72
1
 11
15408.274486800708
 21
8106.609266996433
 31
0.0
100
AcDbText
 73
2
  0
LWPOLYLINE
  5
225
330
17
100
AcDbEntity
  8
FLOOR_0_FASCADE_COLUMNS
100
AcDbPolyline
 90
7
 70
0
 10
15481.646452149205
 20
8205.511009654987
 10
15484.982294397241
 20
8210.498208918722
 10
15488.318136645277
 20
8215.48540818246
 10
15491.653978893315
 20
8220.472607446194
 10
15494.989821141353
 20
8225.459806709932
 10
15498.325663389389
 20
8230.447005973667
 10
15501.661505637428
 20
8235.434205237403
  0
TEXT
  5
226
330
17
100
AcDbEntity
  8
FLOOR_0_FASCADE_COLUMNS
100
AcDbText
 10
15486.66677962958
 20
8223.808449694232
 30
0.0
 40
12.0
  1
3 FT
 50
56.22219241278777
 72
1
 11
15486.66677962958
 21
8223.808449694232
 31
0.0
100
AcDbText
 73
2
  0
LWPOLYLINE
  5
227
330
17
100
AcDbEntity
  8
FLOOR_0_FASCADE_WALLS
100
AcDbPolyline
 90
33
 70
0
 10
15501.661505637428
 20
8235.434205237403
 10
15504.997347885466
 20
8240.42140450114
 10
15508.333190133502
 20
8245.408603764876
 10
15511.669032381538
 20
8250.395803028612
 10
15515.004874629576
 20
8255.383002292348
 10
15518.340716877614
 20
8260.370201556085
 10
15521.67655912565
 20
8265.35740081982
 10
15525.012401373686
 20
8270.344600083557
 10
15528.348243621724
 20
8275.331799347292
 10
15531.684085869761
 20
8280.31899861103
 10
15535.0199281178
 20
8285.306197874765
 10
15538.355770365837
 20
8290.293397138501
 10
15541.691612613875
 20
8295.280596402237
 10
15545.02745486191
 20
8300.267795665974
 10
15548.363297109947
 20
8305.25499492971
 10
15551.699139357985
 20
8310.242194193446
 10
15555.034981606022
 20
8315.229393457183
 10
15558.370823854058
 20
8320.216592720917
 10
15561.706666102094
 20
8325.203791984655
 10
15565.042508350132
 20
8330.19099124839
 10
15568.37835059817
 20
8335.178190512128
 10
15571.714192846208
 20
8340.165389775862
 10
15575.050035094246
 20
8345.152589039599
 10
15578.385877342283
 20
8350.139788303335
 10
15581.72171959032
 20
8355.126987567071
 10
15585.057561838355
 20
8360.114186830808
 10
15588.393404086393
 20
8365.101386094544
 10
15591.729246334431
 20
8370.088585358279
 10
15595.065088582467
 20
8375.075784622015
 10
15598.400930830503
 20
8380.062983885751
 10
15601.73677307854
 20
8385.050183149488
 10
15605.07261532658
 20
8390.037382413226
 10
15608.408457574616
 20
8395.02458167696
  0
TEXT
  5
228
330
17
100
AcDbEntity
  8
FLOOR_0_FASCADE_WALLS
100
AcDbText
 10
15550.047782342286
 20
8318.56523570522
 30
0.0
 40
12.0
  1
16 FT
 50
56.22219241278958
 72
1
 11
15550.047782342286
 21
8318.56523570522
 31
0.0
100
AcDbText
 73
2
  0
LWPOLYLINE
  5
229
330
17
100
AcDbEntity
  8
FLOOR_0_FASCADE_COLUMNS
100
AcDbPolyline
 90
7
 70
0
 10
15608.408457574616
 20
8395.02458167696
 10
15611.744299822654
 20
8400.011780940697
 10
15615.080142070692
 20
8404.998980204433
 10
15618.415984318728
 20
8409.98617946817
 10
15621.751826566764
 20
8414.973378731906
 10
15625.087668814802
 20
8419.960577995642
 10
15628.42351106284
 20
8424.947777259376
  0
TEXT
  5
22A
330
17
100
AcDbEntity
  8
FLOOR_0_FASCADE_COLUMNS
100
AcDbText
 10
15613.428785054992
 20
8413.322021716205
 30
0.0
 40
12.0
  1
3 FT
 50
56.22219241279139
 72
1
 11
15613.428785054992
 21
8413.322021716205
 31
0.0
100
AcDbText
 73
2
  0
LWPOLYLINE
  5
22B
330
17
100
AcDbEntity
  8
FLOOR_0_FASCADE_WALLS
100
AcDbPolyline
 90
7
 70
0
 10
15628.42351106284
 20
8424.947777259376
 10
15631.759353310876
 20
8429.934976523113
 10
15635.095195558912
 20
8434.922175786849
 10
15638.43103780695
 20
8439.909375050585
 10
15641.766880054989
 20
8444.896574314322
 10
15645.102722303025
 20
8449.883773578058
 10
15649.187437965145
 20
8451.096559160667
  0
TEXT
  5
22C
330
17
100
AcDbEntity
  8
FLOOR_0_FASCADE_WALLS
100
AcDbText
 10
15633.248829300683
 20
8442.917780264695
 30
0.0
 40
12.0
  1
3 FT
 50
51.5480138507747
 72
1
 11
15633.248829300683
 21
8442.917780264695
 31
0.0
100
AcDbText
 73
2
  0
LWPOLYLINE
  5
22D
330
17
100
AcDbEntity
  8
FLOOR_0_FASCADE_WALLS
100
AcDbPolyline
 90
3
 70
0
 10
15649.187437965145
 20
8451.096559160667
 10
15654.174637228882
 20
8447.76071691263
 10
15659.161836492618
 20
8444.424874664594
  0
TEXT
  5
22E
330
17
100
AcDbEntity
  8
FLOOR_0_FASCADE_WALLS
100
AcDbText
 10
15657.510479476918
 20
8452.747916176366
 30
0.0
 40
12.0
  1
1 FT
 50
-33.77780758721224
 72
1
 11
15657.510479476918
 21
8452.747916176366
 31
0.0
100
AcDbText
 73
2
  0
LWPOLYLINE
  5
22F
330
17
100
AcDbEntity
  8
FLOOR_0_FASCADE_WALLS
100
AcDbPolyline
 90
2
 70
0
 10
15659.161836492618
 20
8444.424874664594
 10
15664.149035756356
 20
8441.089032416556
  0
TEXT
  5
230
330
17
100
AcDbEntity
  8
FLOOR_0_FASCADE_WALLS
100
AcDbText
 10
15664.991278372523
 20
8447.744152804311
 30
0.0
 40
12.0
  1
1 FT
 50
-33.777807587197756
 72
1
 11
15664.991278372523
 21
8447.744152804311
 31
0.0
100
AcDbText
 73
2
  0
LWPOLYLINE
  5
231
330
17
100
AcDbEntity
  8
FLOOR_0_FASCADE_WALLS
100
AcDbPolyline
 90
33
 70
0
 10
15664.149035756356
 20
8441.089032416556
 10
15669.13623502009
 20
8437.75319016852
 10
15674.123434283825
 20
8434.417347920482
 10
15679.110633547562
 20
8431.081505672444
 10
15684.0978328113
 20
8427.745663424408
 10
15689.085032075036
 20
8424.40982117637
 10
15694.07223133877
 20
8421.073978928333
 10
15699.059430602505
 20
8417.738136680297
 10
15704.046629866243
 20
8414.40229443226
 10
15709.03382912998
 20
8411.06645218422
 10
15714.021028393716
 20
8407.730609936185
 10
15719.008227657454
 20
8404.394767688147
 10
15723.995426921188
 20
8401.058925440111
 10
15728.982626184923
 20
8397.723083192073
 10
15733.96982544866
 20
8394.387240944036
 10
15738.957024712397
 20
8391.051398696
 10
15743.944223976134
 20
8387.715556447962
 10
15748.931423239868
 20
8384.379714199924
 10
15753.918622503606
 20
8381.043871951888
 10
15758.905821767341
 20
8377.708029703852
 10
15763.893021031077
 20
8374.372187455812
 10
15768.880220294814
 20
8371.036345207776
 10
15773.867419558552
 20
8367.700502959739
 10
15778.854618822286
 20
8364.364660711703
 10
15783.84181808602
 20
8361.028818463665
 10
15788.829017349757
 20
8357.692976215629
 10
15793.816216613495
 20
8354.357133967591
 10
15798.803415877232
 20
8351.021291719553
 10
15803.790615140966
 20
8347.685449471515
 10
15808.777814404704
 20
8344.34960722348
 10
15813.765013668439
 20
8341.013764975443
 10
15818.752212932175
 20
8337.677922727406
 10
15823.739412195911
 20
8334.342080479368
  0
TEXT
  5
232
330
17
100
AcDbEntity
  8
FLOOR_0_FASCADE_WALLS
100
AcDbText
 10
15747.28006622417
 20
8392.702755711698
 30
0.0
 40
12.0
  1
16 FT
 50
-33.77780758721065
 72
1
 11
15747.28006622417
 21
8392.702755711698
 31
0.0
100
AcDbText
 73
2
  0
LWPOLYLINE
  5
233
330
17
100
AcDbEntity
  8
FLOOR_0_FASCADE_COLUMNS
100
AcDbPolyline
 90
6
 70
0
 10
15823.739412195911
 20
8334.342080479368
 10
15828.72661145965
 20
8331.00623823133
 10
15833.713810723384
 20
8327.670395983294
 10
15838.701009987119
 20
8324.334553735256
 10
15843.688209250855
 20
8320.99871148722
 10
15848.675408514593
 20
8317.662869239182
  0
TEXT
  5
234
330
17
100
AcDbEntity
  8
FLOOR_0_FASCADE_COLUMNS
100
AcDbText
 10
15839.54325260329
 20
8330.989674123011
 30
0.0
 40
12.0
  1
3 FT
 50
-33.77780758720861
 72
1
 11
15839.54325260329
 21
8330.989674123011
 31
0.0
100
AcDbText
 73
2
  0
LWPOLYLINE
  5
235
330
17
100
AcDbEntity
  8
FLOOR_0_FASCADE_WALLS
100
AcDbPolyline
 90
78
 70
0
 10
15848.675408514593
 20
8317.662869239182
 10
15853.66260777833
 20
8314.327026991145
 10
15858.649807042064
 20
8310.991184743107
 10
15863.637006305802
 20
8307.65534249507
 10
15868.624205569537
 20
8304.319500247035
 10
15873.611404833273
 20
8300.983657998997
 10
15878.59860409701
 20
8297.64781575096
 10
15883.585803360747
 20
8294.311973502921
 10
15888.573002624482
 20
8290.976131254885
 10
15893.560201888216
 20
8287.640289006848
 10
15898.547401151953
 20
8284.304446758812
 10
15903.53460041569
 20
8280.968604510774
 10
15908.521799679427
 20
8277.632762262736
 10
15913.508998943162
 20
8274.296920014698
 10
15918.4961982069
 20
8270.961077766662
 10
15923.483397470634
 20
8267.625235518626
 10
15928.47059673437
 20
8264.289393270588
 10
15933.457795998107
 20
8260.95355102255
 10
15938.444995261845
 20
8257.617708774513
 10
15943.43219452558
 20
8254.281866526477
 10
15948.419393789314
 20
8250.946024278439
 10
15953.40659305305
 20
8247.610182030403
 10
15958.393792316789
 20
8244.274339782365
 10
15963.380991580525
 20
8240.938497534327
 10
15968.36819084426
 20
8237.60265528629
 10
15973.355390107998
 20
8234.266813038254
 10
15978.342589371732
 20
8230.930970790218
 10
15983.329788635469
 20
8227.59512854218
 10
15988.316987899205
 20
8224.259286294142
 10
15993.304187162943
 20
8220.923444046104
 10
15998.291386426677
 20
8217.587601798068
 10
16003.278585690412
 20
8214.25175955003
 10
16008.265784954148
 20
8210.915917301994
 10
16013.252984217886
 20
8207.580075053957
 10
16018.240183481623
 20
8204.24423280592
 10
16023.227382745357
 20
8200.908390557881
 10
16028.214582009095
 20
8197.572548309845
 10
16033.20178127283
 20
8194.236706061809
 10
16038.188980536566
 20
8190.900863813771
 10
16043.176179800303
 20
8187.565021565734
 10
16048.16337906404
 20
8184.229179317697
 10
16053.150578327775
 20
8180.8933370696595
 10
16058.13777759151
 20
8177.557494821622
 10
16063.124976855246
 20
8174.221652573586
 10
16068.112176118984
 20
8170.885810325548
 10
16073.09937538272
 20
8167.549968077512
 10
16078.086574646455
 20
8164.214125829473
 10
16083.073773910193
 20
8160.878283581436
 10
16088.060973173928
 20
8157.542441333399
 10
16093.048172437664
 20
8154.2065990853625
 10
16098.0353717014
 20
8150.870756837326
 10
16103.022570965139
 20
8147.534914589289
 10
16108.009770228873
 20
8144.199072341251
 10
16112.996969492608
 20
8140.863230093213
 10
16117.984168756344
 20
8137.527387845177
 10
16122.971368020082
 20
8134.191545597139
 10
16127.958567283818
 20
8130.855703349103
 10
16132.945766547553
 20
8127.5198611010655
 10
16137.932965811291
 20
8124.184018853028
 10
16142.920165075026
 20
8120.848176604991
 10
16147.907364338762
 20
8117.512334356954
 10
16152.894563602498
 20
8114.176492108917
 10
16157.881762866236
 20
8110.84064986088
 10
16162.86896212997
 20
8107.504807612843
 10
16167.856161393705
 20
8104.1689653648045
 10
16172.843360657442
 20
8100.833123116769
 10
16177.83055992118
 20
8097.497280868731
 10
16182.817759184916
 20
8094.161438620695
 10
16187.80495844865
 20
8090.825596372657
 10
16192.792157712389
 20
8087.489754124619
 10
16197.779356976123
 20
8084.153911876582
 10
16202.76655623986
 20
8080.818069628545
 10
16207.753755503596
 20
8077.482227380508
 10
16212.740954767334
 20
8074.146385132472
 10
16217.728154031069
 20
8070.810542884435
 10
16222.715353294803
 20
8067.474700636398
 10
16227.70255255854
 20
8064.13885838836
 10
16232.689751822278
 20
8060.803016140322
  0
TEXT
  5
236
330
17
100
AcDbEntity
  8
FLOOR_0_FASCADE_WALLS
100
AcDbText
 10
16044.018422416473
 20
8194.220141953489
 30
0.0
 40
12.0
  1
39 FT
 50
-33.77780758721012
 72
1
 11
16044.018422416473
 21
8194.220141953489
 31
0.0
100
AcDbText
 73
2
  0
LWPOLYLINE
  5
237
330
17
100
AcDbEntity
  8
FLOOR_0_FASCADE_COLUMNS
100
AcDbPolyline
 90
5
 70
0
 10
16232.689751822278
 20
8060.803016140322
 10
16237.676951086014
 20
8057.467173892286
 10
16242.664150349749
 20
8054.131331644248
 10
16247.651349613487
 20
8050.795489396212
 10
16252.638548877221
 20
8047.459647148174
  0
TEXT
  5
238
330
17
100
AcDbEntity
  8
FLOOR_0_FASCADE_COLUMNS
100
AcDbText
 10
16245.999992597786
 20
8059.118530907983
 30
0.0
 40
12.0
  1
2 FT
 50
-33.77780758721133
 72
1
 11
16245.999992597786
 21
8059.118530907983
 31
0.0
100
AcDbText
 73
2
  0
LWPOLYLINE
  5
239
330
17
100
AcDbEntity
  8
FLOOR_0_FASCADE_WALLS
100
AcDbPolyline
 90
6
 70
0
 10
16252.638548877221
 20
8047.459647148174
 10
16257.625748140958
 20
8044.123804900137
 10
16262.612947404694
 20
8040.7879626521
 10
16267.600146668432
 20
8037.452120404063
 10
16272.587345932166
 20
8034.116278156026
 10
16277.574545195901
 20
8030.780435907989
  0
TEXT
  5
23A
330
17
100
AcDbEntity
  8
FLOOR_0_FASCADE_WALLS
100
AcDbText
 10
16268.442389284599
 20
8044.107240791818
 30
0.0
 40
12.0
  1
3 FT
 50
-33.777807587209345
 72
1
 11
16268.442389284599
 21
8044.107240791818
 31
0.0
100
AcDbText
 73
2
  0
LWPOLYLINE
  5
23B
330
17
100
AcDbEntity
  8
FLOOR_0_FASCADE_WALLS
100
AcDbPolyline
 90
93
 70
0
 10
16277.574545195901
 20
8030.780435907989
 10
16279.417816893758
 20
8025.765110135571
 10
16279.417816893758
 20
8019.765110135571
 10
16279.417816893758
 20
8013.765110135571
 10
16279.417816893758
 20
8007.765110135571
 10
16279.417816893758
 20
8001.765110135571
 10
16279.417816893758
 20
7995.765110135571
 10
16279.417816893758
 20
7989.765110135571
 10
16279.417816893758
 20
7983.765110135571
 10
16279.417816893758
 20
7977.765110135571
 10
16279.417816893758
 20
7971.765110135571
 10
16279.417816893758
 20
7965.765110135571
 10
16279.417816893758
 20
7959.765110135571
 10
16279.417816893758
 20
7953.765110135571
 10
16279.417816893758
 20
7947.765110135571
 10
16279.417816893758
 20
7941.765110135571
 10
16279.417816893758
 20
7935.765110135571
 10
16279.417816893758
 20
7929.765110135571
 10
16279.417816893758
 20
7923.765110135571
 10
16279.417816893758
 20
7917.765110135571
 10
16279.417816893758
 20
7911.765110135571
 10
16279.417816893758
 20
7905.765110135571
 10
16279.417816893758
 20
7899.765110135571
 10
16279.417816893758
 20
7893.765110135571
 10
16279.417816893758
 20
7887.765110135571
 10
16279.417816893758
 20
7881.765110135571
 10
16279.417816893758
 20
7875.765110135571
 10
16279.417816893758
 20
7869.765110135571
 10
16279.417816893758
 20
7863.765110135571
 10
16279.417816893758
 20
7857.765110135571
 10
16279.417816893758
 20
7851.765110135571
 10
16279.417816893758
 20
7845.765110135571
 10
16279.417816893758
 20
7839.765110135571
 10
16279.417816893758
 20
7833.765110135571
 10
16279.417816893758
 20
7827.765110135571
 10
16279.417816893758
 20
7821.765110135571
 10
16279.417816893758
 20
7815.765110135571
 10
16279.417816893758
 20
7809.765110135571
 10
16279.417816893758
 20
7803.765110135571
 10
16279.417816893758
 20
7797.765110135571
 10
16279.417816893758
 20
7791.765110135571
 10
16279.417816893758
 20
7785.765110135571
 10
16279.417816893758
 20
7779.765110135571
 10
16279.417816893758
 20
7773.765110135571
 10
16279.417816893758
 20
7767.765110135571
 10
16279.417816893758
 20
7761.765110135571
 10
16279.417816893758
 20
7755.765110135571
 10
16279.417816893758
 20
7749.765110135571
 10
16279.417816893758
 20
7743.765110135571
 10
16279.417816893758
 20
7737.765110135571
 10
16279.417816893758
 20
7731.765110135571
 10
16279.417816893758
 20
7725.765110135571
 10
16279.417816893758
 20
7719.765110135571
 10
16279.417816893758
 20
7713.765110135571
 10
16279.417816893758
 20
7707.765110135571
 10
16279.417816893758
 20
7701.765110135571
 10
16279.417816893758
 20
7695.765110135571
 10
16279.417816893758
 20
7689.765110135571
 10
16279.417816893758
 20
7683.765110135571
 10
16279.417816893758
 20
7677.765110135571
 10
16279.417816893758
 20
7671.765110135571
 10
16279.417816893758
 20
7665.765110135571
 10
16279.417816893758
 20
7659.765110135571
 10
16279.417816893758
 20
7653.765110135571
 10
16279.417816893758
 20
7647.765110135571
 10
16279.417816893758
 20
7641.765110135571
 10
16279.417816893758
 20
7635.765110135571
 10
16279.417816893758
 20
7629.765110135571
 10
16279.417816893758
 20
7623.765110135571
 10
16279.417816893758
 20
7617.765110135571
 10
16279.417816893758
 20
7611.765110135571
 10
16279.417816893758
 20
7605.765110135571
 10
16279.417816893758
 20
7599.765110135571
 10
16279.417816893758
 20
7593.765110135571
 10
16279.417816893758
 20
7587.765110135571
 10
16279.417816893758
 20
7581.765110135571
 10
16279.417816893758
 20
7575.765110135571
 10
16279.417816893758
 20
7569.765110135571
 10
16279.417816893758
 20
7563.765110135571
 10
16279.417816893758
 20
7557.765110135571
 10
16279.417816893758
 20
7551.765110135571
 10
16279.417816893758
 20
7545.765110135571
 10
16279.417816893758
 20
7539.765110135571
 10
16279.417816893758
 20
7533.765110135571
 10
16279.417816893758
 20
7527.765110135571
 10
16279.417816893758
 20
7521.765110135571
 10
16279.417816893758
 20
7515.765110135571
 10
16279.417816893758
 20
7509.765110135571
 10
16279.417816893758
 20
7503.765110135571
 10
16279.417816893758
 20
7497.765110135571
 10
16279.417816893758
 20
7491.765110135571
 10
16279.417816893758
 20
7485.765110135571
 10
16278.252051850686
 20
7480.930875178643
  0
TEXT
  5
23C
330
17
100
AcDbEntity
  8
FLOOR_0_FASCADE_WALLS
100
AcDbText
 10
16285.417812339054
 20
7755.957761799088
 30
0.0
 40
12.0
  1
46 FT
 50
-89.92940204914478
 72
1
 11
16285.417812339054
 21
7755.957761799088
 31
0.0
100
AcDbText
 73
2
  0
LWPOLYLINE
  5
23D
330
17
100
AcDbEntity
  8
FLOOR_0_FASCADE_WALLS
100
AcDbPolyline
 90
7
 70
0
 10
16278.252051850686
 20
7480.930875178643
 10
16272.252051850686
 20
7480.930875178643
 10
16266.252051850686
 20
7480.930875178643
 10
16260.252051850686
 20
7480.930875178643
 10
16254.252051850686
 20
7480.930875178643
 10
16248.252051850686
 20
7480.930875178643
 10
16242.252051850686
 20
7480.930875178643
  0
TEXT
  5
23E
330
17
100
AcDbEntity
  8
FLOOR_0_FASCADE_WALLS
100
AcDbText
 10
16260.252051850686
 20
7474.930875178643
 30
0.0
 40
12.0
  1
3 FT
 50
180.0
 72
1
 11
16260.252051850686
 21
7474.930875178643
 31
0.0
100
AcDbText
 73
2
  0
LWPOLYLINE
  5
23F
330
17
100
AcDbEntity
  8
FLOOR_0_FASCADE_COLUMNS
100
AcDbPolyline
 90
6
 70
0
 10
16242.252051850686
 20
7480.930875178643
 10
16236.252051850686
 20
7480.930875178643
 10
16230.252051850686
 20
7480.930875178643
 10
16224.252051850686
 20
7480.930875178643
 10
16218.252051850686
 20
7480.930875178643
 10
16212.252051850686
 20
7480.930875178643
  0
TEXT
  5
240
330
17
100
AcDbEntity
  8
FLOOR_0_FASCADE_COLUMNS
100
AcDbText
 10
16227.252051850686
 20
7474.930875178643
 30
0.0
 40
12.0
  1
3 FT
 50
180.0
 72
1
 11
16227.252051850686
 21
7474.930875178643
 31
0.0
100
AcDbText
 73
2
  0
LWPOLYLINE
  5
241
330
17
100
AcDbEntity
  8
FLOOR_0_FASCADE_WALLS
100
AcDbPolyline
 90
38
 70
0
 10
16212.252051850686
 20
7480.930875178643
 10
16206.252051850686
 20
7480.930875178643
 10
16200.252051850686
 20
7480.930875178643
 10
16194.252051850686
 20
7480.930875178643
 10
16188.252051850686
 20
7480.930875178643
 10
16182.252051850686
 20
7480.930875178643
 10
16176.252051850686
 20
7480.930875178643
 10
16170.252051850686
 20
7480.930875178643
 10
16164.252051850686
 20
7480.930875178643
 10
16158.252051850686
 20
7480.930875178643
 10
16152.252051850686
 20
7480.930875178643
 10
16146.252051850686
 20
7480.930875178643
 10
16140.252051850686
 20
7480.930875178643
 10
16134.252051850686
 20
7480.930875178643
 10
16128.252051850686
 20
7480.930875178643
 10
16122.252051850686
 20
7480.930875178643
 10
16116.252051850686
 20
7480.930875178643
 10
16110.252051850686
 20
7480.930875178643
 10
16104.252051850686
 20
7480.930875178643
 10
16098.252051850686
 20
7480.930875178643
 10
16092.252051850686
 20
7480.930875178643
 10
16086.252051850686
 20
7480.930875178643
 10
16080.252051850686
 20
7480.930875178643
 10
16074.252051850686
 20
7480.930875178643
 10
16068.252051850686
 20
7480.930875178643
 10
16062.252051850686
 20
7480.930875178643
 10
16056.252051850686
 20
7480.930875178643
 10
16050.252051850686
 20
7480.930875178643
 10
16044.252051850686
 20
7480.930875178643
 10
16038.252051850686
 20
7480.930875178643
 10
16032.252051850686
 20
7480.930875178643
 10
16026.252051850686
 20
7480.930875178643
 10
16020.252051850686
 20
7480.930875178643
 10
16014.252051850686
 20
7480.930875178643
 10
16008.252051850686
 20
7480.930875178643
 10
16002.252051850686
 20
7480.930875178643
 10
15996.252051850686
 20
7480.930875178643
 10
15990.252051850686
 20
7480.930875178643
  0
TEXT
  5
242
330
17
100
AcDbEntity
  8
FLOOR_0_FASCADE_WALLS
100
AcDbText
 10
16101.252051850686
 20
7474.930875178643
 30
0.0
 40
12.0
  1
19 FT
 50
180.0
 72
1
 11
16101.252051850686
 21
7474.930875178643
 31
0.0
100
AcDbText
 73
2
  0
LWPOLYLINE
  5
243
330
17
100
AcDbEntity
  8
FLOOR_0_FASCADE_COLUMNS
100
AcDbPolyline
 90
2
 70
0
 10
15990.252051850686
 20
7480.930875178643
 10
15984.252051850686
 20
7480.930875178643
  0
TEXT
  5
244
330
17
100
AcDbEntity
  8
FLOOR_0_FASCADE_COLUMNS
100
AcDbText
 10
15987.252051850686
 20
7474.930875178643
 30
0.0
 40
12.0
  1
1 FT
 50
180.0
 72
1
 11
15987.252051850686
 21
7474.930875178643
 31
0.0
100
AcDbText
 73
2
  0
LWPOLYLINE
  5
245
330
17
100
AcDbEntity
  8
FLOOR_0_FASCADE_WALLS
100
AcDbPolyline
 90
37
 70
0
 10
15984.252051850686
 20
7480.930875178643
 10
15978.252051850686
 20
7480.930875178643
 10
15972.252051850686
 20
7480.930875178643
 10
15966.252051850686
 20
7480.930875178643
 10
15960.252051850686
 20
7480.930875178643
 10
15954.252051850686
 20
7480.930875178643
 10
15948.252051850686
 20
7480.930875178643
 10
15942.252051850686
 20
7480.930875178643
 10
15936.252051850686
 20
7480.930875178643
 10
15930.252051850686
 20
7480.930875178643
 10
15924.252051850686
 20
7480.930875178643
 10
15918.252051850686
 20
7480.930875178643
 10
15912.252051850686
 20
7480.930875178643
 10
15906.252051850686
 20
7480.930875178643
 10
15900.252051850686
 20
7480.930875178643
 10
15894.252051850686
 20
7480.930875178643
 10
15888.252051850686
 20
7480.930875178643
 10
15882.252051850686
 20
7480.930875178643
 10
15876.252051850686
 20
7480.930875178643
 10
15870.252051850686
 20
7480.930875178643
 10
15864.252051850686
 20
7480.930875178643
 10
15858.252051850686
 20
7480.930875178643
 10
15852.252051850686
 20
7480.930875178643
 10
15846.252051850686
 20
7480.930875178643
 10
15840.252051850686
 20
7480.930875178643
 10
15834.252051850686
 20
7480.930875178643
 10
15828.252051850686
 20
7480.930875178643
 10
15822.252051850686
 20
7480.930875178643
 10
15816.252051850686
 20
7480.930875178643
 10
15810.252051850686
 20
7480.930875178643
 10
15804.252051850686
 20
7480.930875178643
 10
15798.252051850686
 20
7480.930875178643
 10
15792.252051850686
 20
7480.930875178643
 10
15786.252051850686
 20
7480.930875178643
 10
15780.252051850686
 20
7480.930875178643
 10
15774.252051850686
 20
7480.930875178643
 10
15768.252051850686
 20
7480.930875178643
  0
TEXT
  5
246
330
17
100
AcDbEntity
  8
FLOOR_0_FASCADE_WALLS
100
AcDbText
 10
15876.252051850686
 20
7474.930875178643
 30
0.0
 40
12.0
  1
18 FT
 50
180.0
 72
1
 11
15876.252051850686
 21
7474.930875178643
 31
0.0
100
AcDbText
 73
2
  0
LWPOLYLINE
  5
247
330
17
100
AcDbEntity
  8
FLOOR_0_FASCADE_COLUMNS
100
AcDbPolyline
 90
2
 70
0
 10
15768.252051850686
 20
7480.930875178643
 10
15762.252051850686
 20
7480.930875178643
  0
TEXT
  5
248
330
17
100
AcDbEntity
  8
FLOOR_0_FASCADE_COLUMNS
100
AcDbText
 10
15765.252051850686
 20
7474.930875178643
 30
0.0
 40
12.0
  1
1 FT
 50
180.0
 72
1
 11
15765.252051850686
 21
7474.930875178643
 31
0.0
100
AcDbText
 73
2
  0
LWPOLYLINE
  5
249
330
17
100
AcDbEntity
  8
FLOOR_0_FASCADE_WALLS
100
AcDbPolyline
 90
39
 70
0
 10
15762.252051850686
 20
7480.930875178643
 10
15756.252051850686
 20
7480.930875178643
 10
15750.252051850686
 20
7480.930875178643
 10
15744.252051850686
 20
7480.930875178643
 10
15738.252051850686
 20
7480.930875178643
 10
15732.252051850686
 20
7480.930875178643
 10
15726.252051850686
 20
7480.930875178643
 10
15720.252051850686
 20
7480.930875178644
 10
15714.252051850686
 20
7480.930875178644
 10
15708.252051850686
 20
7480.930875178644
 10
15702.252051850686
 20
7480.930875178644
 10
15696.252051850686
 20
7480.930875178644
 10
15690.252051850686
 20
7480.930875178644
 10
15684.252051850686
 20
7480.930875178644
 10
15678.252051850686
 20
7480.930875178644
 10
15672.252051850686
 20
7480.930875178644
 10
15666.252051850686
 20
7480.930875178644
 10
15660.252051850686
 20
7480.930875178644
 10
15654.252051850686
 20
7480.930875178644
 10
15648.252051850686
 20
7480.930875178644
 10
15642.252051850686
 20
7480.930875178644
 10
15636.252051850686
 20
7480.930875178644
 10
15630.252051850686
 20
7480.930875178644
 10
15624.252051850686
 20
7480.930875178644
 10
15618.252051850686
 20
7480.930875178644
 10
15612.252051850686
 20
7480.930875178644
 10
15606.252051850686
 20
7480.930875178644
 10
15600.252051850686
 20
7480.930875178644
 10
15594.252051850686
 20
7480.930875178644
 10
15588.252051850686
 20
7480.930875178644
 10
15582.252051850686
 20
7480.930875178644
 10
15576.252051850686
 20
7480.930875178644
 10
15570.252051850686
 20
7480.930875178644
 10
15564.252051850686
 20
7480.930875178644
 10
15558.252051850686
 20
7480.930875178644
 10
15552.252051850686
 20
7480.930875178644
 10
15546.252051850686
 20
7480.930875178644
 10
15540.252051850686
 20
7480.930875178644
 10
15534.252051850686
 20
7480.930875178644
  0
TEXT
  5
24A
330
17
100
AcDbEntity
  8
FLOOR_0_FASCADE_WALLS
100
AcDbText
 10
15648.252051850686
 20
7474.930875178644
 30
0.0
 40
12.0
  1
19 FT
 50
179.99999999999966
 72
1
 11
15648.252051850686
 21
7474.930875178644
 31
0.0
100
AcDbText
 73
2
  0
LWPOLYLINE
  5
24B
330
17
100
AcDbEntity
  8
FLOOR_0_FASCADE_COLUMNS
100
AcDbPolyline
 90
6
 70
0
 10
15534.252051850686
 20
7480.930875178644
 10
15528.252051850686
 20
7480.930875178644
 10
15522.252051850686
 20
7480.930875178644
 10
15516.252051850686
 20
7480.930875178644
 10
15510.252051850686
 20
7480.930875178644
 10
15504.252051850686
 20
7480.930875178644
  0
TEXT
  5
24C
330
17
100
AcDbEntity
  8
FLOOR_0_FASCADE_COLUMNS
100
AcDbText
 10
15519.252051850686
 20
7474.930875178644
 30
0.0
 40
12.0
  1
3 FT
 50
180.0
 72
1
 11
15519.252051850686
 21
7474.930875178644
 31
0.0
100
AcDbText
 73
2
  0
LWPOLYLINE
  5
24D
330
17
100
AcDbEntity
  8
FLOOR_0_FASCADE_WALLS
100
AcDbPolyline
 90
56
 70
0
 10
15504.252051850686
 20
7480.930875178644
 10
15498.252051850686
 20
7480.930875178644
 10
15492.252051850686
 20
7480.930875178644
 10
15486.252051850686
 20
7480.930875178644
 10
15480.252051850686
 20
7480.930875178644
 10
15474.252051850686
 20
7480.930875178644
 10
15468.252051850686
 20
7480.930875178644
 10
15462.252051850686
 20
7480.930875178644
 10
15456.252051850686
 20
7480.930875178644
 10
15450.252051850686
 20
7480.930875178644
 10
15444.252051850686
 20
7480.930875178644
 10
15438.252051850686
 20
7480.930875178644
 10
15432.252051850686
 20
7480.930875178644
 10
15426.252051850686
 20
7480.930875178644
 10
15420.252051850686
 20
7480.930875178644
 10
15414.252051850686
 20
7480.930875178644
 10
15408.252051850686
 20
7480.930875178644
 10
15402.252051850686
 20
7480.930875178644
 10
15396.252051850686
 20
7480.930875178644
 10
15390.252051850686
 20
7480.930875178644
 10
15384.252051850686
 20
7480.930875178644
 10
15378.252051850686
 20
7480.930875178644
 10
15372.252051850686
 20
7480.930875178644
 10
15366.252051850686
 20
7480.930875178644
 10
15360.252051850686
 20
7480.930875178644
 10
15354.252051850686
 20
7480.930875178644
 10
15348.252051850686
 20
7480.930875178644
 10
15342.252051850686
 20
7480.930875178644
 10
15336.252051850686
 20
7480.930875178644
 10
15330.252051850686
 20
7480.930875178644
 10
15324.252051850686
 20
7480.930875178644
 10
15318.252051850686
 20
7480.930875178644
 10
15312.252051850686
 20
7480.930875178644
 10
15306.252051850686
 20
7480.930875178644
 10
15300.252051850686
 20
7480.930875178644
 10
15294.252051850686
 20
7480.930875178644
 10
15288.252051850686
 20
7480.930875178644
 10
15282.252051850686
 20
7480.930875178644
 10
15276.252051850686
 20
7480.930875178644
 10
15270.252051850686
 20
7480.930875178644
 10
15264.252051850686
 20
7480.930875178644
 10
15258.252051850686
 20
7480.930875178644
 10
15252.252051850686
 20
7480.930875178644
 10
15246.252051850686
 20
7480.930875178644
 10
15240.252051850686
 20
7480.930875178644
 10
15234.252051850686
 20
7480.930875178644
 10
15228.252051850686
 20
7480.930875178644
 10
15222.252051850686
 20
7480.930875178644
 10
15216.252051850686
 20
7480.930875178644
 10
15210.252051850686
 20
7480.930875178644
 10
15204.252051850686
 20
7480.930875178644
 10
15198.252051850686
 20
7480.930875178644
 10
15192.252051850686
 20
7480.930875178644
 10
15186.252051850686
 20
7480.930875178644
 10
15180.252051850686
 20
7480.930875178644
 10
15174.252051850686
 20
7480.930875178644
  0
TEXT
  5
24E
330
17
100
AcDbEntity
  8
FLOOR_0_FASCADE_WALLS
100
AcDbText
 10
15339.252051850686
 20
7474.930875178644
 30
0.0
 40
12.0
  1
28 FT
 50
180.0
 72
1
 11
15339.252051850686
 21
7474.930875178644
 31
0.0
100
AcDbText
 73
2
  0
LWPOLYLINE
  5
24F
330
17
100
AcDbEntity
  8
FLOOR_0_FASCADE_WALLS
100
AcDbPolyline
 90
15
 70
0
 10
15174.252051850686
 20
7480.930875178644
 10
15171.413123081747
 20
7484.091946409705
 10
15171.413123081747
 20
7490.091946409705
 10
15171.413123081747
 20
7496.091946409705
 10
15171.413123081747
 20
7502.091946409705
 10
15171.413123081747
 20
7508.091946409705
 10
15171.413123081747
 20
7514.091946409705
 10
15171.413123081747
 20
7520.091946409705
 10
15171.413123081747
 20
7526.091946409705
 10
15171.413123081747
 20
7532.091946409705
 10
15171.413123081747
 20
7538.091946409705
 10
15171.413123081747
 20
7544.091946409705
 10
15171.413123081747
 20
7550.091946409705
 10
15171.413123081747
 20
7556.091946409705
 10
15171.413123081747
 20
7562.091946409705
  0
TEXT
  5
250
330
17
100
AcDbEntity
  8
FLOOR_0_FASCADE_WALLS
100
AcDbText
 10
15165.416790296986
 20
7520.757825339891
 30
0.0
 40
12.0
  1
7 FT
 50
92.00332923073414
 72
1
 11
15165.416790296986
 21
7520.757825339891
 31
0.0
100
AcDbText
 73
2
  0
LWPOLYLINE
  5
251
330
17
100
AcDbEntity
  8
FLOOR_0_FASCADE_COLUMNS
100
AcDbPolyline
 90
6
 70
0
 10
15171.413123081747
 20
7562.091946409705
 10
15171.413123081747
 20
7568.091946409705
 10
15171.413123081747
 20
7574.091946409705
 10
15171.413123081747
 20
7580.091946409705
 10
15171.413123081747
 20
7586.091946409705
 10
15171.413123081747
 20
7592.091946409705
  0
TEXT
  5
252
330
17
100
AcDbEntity
  8
FLOOR_0_FASCADE_COLUMNS
100
AcDbText
 10
15165.413123081747
 20
7577.091946409705
 30
0.0
 40
12.0
  1
3 FT
 50
90.0
 72
1
 11
15165.413123081747
 21
7577.091946409705
 31
0.0
100
AcDbText
 73
2
  0
LWPOLYLINE
  5
253
330
17
100
AcDbEntity
  8
FLOOR_0_FASCADE_WALLS
100
AcDbPolyline
 90
20
 70
0
 10
15171.413123081747
 20
7592.091946409705
 10
15171.413123081747
 20
7598.091946409705
 10
15171.413123081747
 20
7604.091946409705
 10
15171.413123081747
 20
7610.091946409705
 10
15171.413123081747
 20
7616.091946409705
 10
15171.413123081747
 20
7622.091946409705
 10
15171.413123081747
 20
7628.091946409705
 10
15171.413123081747
 20
7634.091946409705
 10
15171.413123081747
 20
7640.091946409705
 10
15171.413123081747
 20
7646.091946409705
 10
15171.413123081747
 20
7652.091946409705
 10
15171.413123081747
 20
7658.091946409705
 10
15171.413123081747
 20
7664.091946409705
 10
15171.413123081747
 20
7670.091946409705
 10
15171.413123081747
 20
7676.091946409705
 10
15171.413123081747
 20
7682.091946409705
 10
15171.413123081747
 20
7688.091946409705
 10
15171.413123081747
 20
7694.091946409705
 10
15171.413123081747
 20
7700.091946409705
 10
15171.413123081747
 20
7706.091946409705
  0
TEXT
  5
254
330
17
100
AcDbEntity
  8
FLOOR_0_FASCADE_WALLS
100
AcDbText
 10
15165.413123081747
 20
7649.091946409705
 30
0.0
 40
12.0
  1
10 FT
 50
90.0
 72
1
 11
15165.413123081747
 21
7649.091946409705
 31
0.0
100
AcDbText
 73
2
  0
LWPOLYLINE
  5
255
330
17
100
AcDbEntity
  8
FLOOR_0_FASCADE_COLUMNS
100
AcDbPolyline
 90
7
 70
0
 10
15171.413123081747
 20
7706.091946409705
 10
15171.413123081747
 20
7712.091946409705
 10
15171.413123081747
 20
7718.091946409705
 10
15171.413123081747
 20
7724.091946409705
 10
15171.413123081747
 20
7730.091946409705
 10
15171.413123081747
 20
7736.091946409705
 10
15171.413123081747
 20
7741.701478127525
  0
TEXT
  5
256
330
17
100
AcDbEntity
  8
FLOOR_0_FASCADE_COLUMNS
100
AcDbText
 10
15165.413123081747
 20
7723.896712268615
 30
0.0
 40
12.0
  1
3 FT
 50
90.0
 72
1
 11
15165.413123081747
 21
7723.896712268615
 31
0.0
100
AcDbText
 73
2
  0
CIRCLE
  5
25D
330
17
100
AcDbEntity
  8
FLOOR_1_DATUM
100
AcDbCircle
 10
15173.358090216789
 20
13436.97831376323
 30
0.0
 40
24.0
  0
LINE
  5
25E
330
17
100
AcDbEntity
  8
FLOOR_1_DATUM
100
AcDbLine
 10
15137.358090216789
 20
13436.97831376323
 30
0.0
 11
15209.358090216789
 21
13436.97831376323
 31
0.0
  0
LINE
  5
25F
330
17
100
AcDbEntity
  8
FLOOR_1_DATUM
100
AcDbLine
 10
15173.358090216789
 20
13400.97831376323
 30
0.0
 11
15173.358090216789
 21
13472.97831376323
 31
0.0
  0
TEXT
  5
260
330
17
100
AcDbEntity
  8
FLOOR_1_DATUM
100
AcDbText
 10
15215.358090216789
 20
13430.97831376323
 30
0.0
 40
12.0
  1
DATUM·STACKED
100
AcDbText
  0
LWPOLYLINE
  5
261
330
17
100
AcDbEntity
  8
FLOOR_1_BOUNDARY
100
AcDbPolyline
 90
5
 70
1
 10
15705.91783632868
 20
14408.189983451917
 10
15727.50952031374
 20
14440.47025524441
 10
15817.868510497188
 20
14380.03084430109
 10
15796.27682651213
 20
14347.7505725086
 10
15705.91783632868
 20
14408.189983451917
  0
LWPOLYLINE
  5
262
330
17
100
AcDbEntity
  8
FLOOR_1_BOUNDARY
100
AcDbPolyline
 90
49
 70
1
 10
15705.91783632868
 20
14408.189983451917
 10
16043.26365828577
 20
14182.544563003335
 10
16065.40238434041
 20
14215.64272234965
 10
16124.51757846758
 20
14176.101699093528
 10
16102.3787512575
 20
14143.003388516343
 10
16175.713192578754
 20
14093.951111095814
 10
16197.854178447858
 20
14127.05264894275
 10
16256.969372575028
 20
14087.51162568661
 10
16234.828386705922
 20
14054.410087839678
 10
16175.713194246853
 20
14093.951109980047
 10
16248.34609754586
 20
14045.368080529068
 10
16274.73778402879
 20
14030.130833233776
 10
16274.73778402879
 20
13524.6024051985
 10
16274.73778402879
 20
13523.34567700357
 10
16272.56671837709
 20
13511.032951843848
 10
16269.91469856504
 20
13505.34567700357
 10
16264.19362815151
 20
13497.889832880857
 10
16259.386535737429
 20
13493.85620340917
 10
16253.952041451463
 20
13490.71859667026
 10
16248.055269652488
 20
13488.57234725717
 10
16238.73778402879
 20
13487.34567700357
 10
16216.47719683631
 20
13487.34567700357
 10
16216.47719683631
 20
13436.98767951275
 10
16096.47719683631
 20
13436.98767951275
 10
16096.47719683631
 20
13487.34567700357
 10
15767.75038961838
 20
13487.34567700357
 10
15767.75038961838
 20
13436.97831376323
 10
15647.75038961838
 20
13436.97831376323
 10
15647.75038961838
 20
13487.34567700357
 10
15344.023582400458
 20
13487.34567700357
 10
15344.023582400458
 20
13436.98767951275
 10
15224.02358240062
 20
13436.98767951275
 10
15224.02358240062
 20
13487.34567700357
 10
15214.15433521812
 20
13487.34567700357
 10
15204.33824652353
 20
13488.204473484519
 10
15196.243595165899
 20
13491.15068563546
 10
15188.563922665619
 20
13496.52805021113
 10
15183.026855030608
 20
13503.126870457598
 10
15179.06474584045
 20
13511.623641035687
 10
15177.527216326158
 20
13521.80155089419
 10
15173.358090216789
 20
13521.80155089419
 10
15173.358090216789
 20
13742.36096334903
 10
15626.073285179988
 20
14419.185800714247
 10
15627.78763492705
 20
14418.039104941377
 10
15636.474063176089
 20
14426.300954986309
 10
15650.972955157418
 20
14432.254658315778
 10
15664.361090136008
 20
14432.254658315778
 10
15677.672597994195
 20
14427.080674907018
 10
15705.91783632868
 20
14408.189983451917
  0
POINT
  5
263
330
17
100
AcDbEntity
  8
FLOOR_1_COLUMNS
100
AcDbPoint
 10
15994.167816893754
 20
13498.306677156908
 30
0.0
  0
POINT
  5
264
330
17
100
AcDbEntity
  8
FLOOR_1_COLUMNS
100
AcDbPoint
 10
15518.575162302159
 20
13492.306677156897
 30
0.0
  0
POINT
  5
265
330
17
100
AcDbEntity
  8
FLOOR_1_COLUMNS
100
AcDbPoint
 10
15178.805886818449
 20
13577.786479618208
 30
0.0
  0
POINT
  5
266
330
17
100
AcDbEntity
  8
FLOOR_1_COLUMNS
100
AcDbPoint
 10
16226.724280226994
 20
13492.306677156897
 30
0.0
  0
POINT
  5
267
330
17
100
AcDbEntity
  8
FLOOR_1_COLUMNS
100
AcDbPoint
 10
15178.66312308175
 20
13721.16096366293
 30
0.0
  0
POINT
  5
268
330
17
100
AcDbEntity
  8
FLOOR_1_COLUMNS
100
AcDbPoint
 10
15341.402175341205
 20
13982.800791725098
 30
0.0
  0
POINT
  5
269
330
17
100
AcDbEntity
  8
FLOOR_1_COLUMNS
100
AcDbPoint
 10
15497.489095697923
 20
14216.156123422781
 30
0.0
  0
POINT
  5
26A
330
17
100
AcDbEntity
  8
FLOOR_1_COLUMNS
100
AcDbPoint
 10
15623.693877144062
 20
14404.836626368779
 30
0.0
  0
POINT
  5
26B
330
17
100
AcDbEntity
  8
FLOOR_1_COLUMNS
100
AcDbPoint
 10
15458.58960799934
 20
13833.859251544174
 30
0.0
  0
POINT
  5
26C
330
17
100
AcDbEntity
  8
FLOOR_1_COLUMNS
100
AcDbPoint
 10
16237.050790616966
 20
14040.29095475137
 30
0.0
  0
POINT
  5
26D
330
17
100
AcDbEntity
  8
FLOOR_1_COLUMNS
100
AcDbPoint
 10
16083.293031897048
 20
13640.571457817598
 30
0.0
  0
POINT
  5
26E
330
17
100
AcDbEntity
  8
FLOOR_1_COLUMNS
100
AcDbPoint
 10
16251.79281689376
 20
13760.325401647768
 30
0.0
  0
POINT
  5
26F
330
17
100
AcDbEntity
  8
FLOOR_1_COLUMNS
100
AcDbPoint
 10
15765.913123081762
 20
13492.306677156897
 30
0.0
  0
POINT
  5
270
330
17
100
AcDbEntity
  8
FLOOR_1_COLUMNS
100
AcDbPoint
 10
15957.29303189706
 20
13636.314174853858
 30
0.0
  0
POINT
  5
271
330
17
100
AcDbEntity
  8
FLOOR_1_COLUMNS
100
AcDbPoint
 10
15358.913123081747
 20
13642.570158529827
 30
0.0
  0
POINT
  5
272
330
17
100
AcDbEntity
  8
FLOOR_1_COLUMNS
100
AcDbPoint
 10
16120.792816893718
 20
13815.564174855499
 30
0.0
  0
POINT
  5
273
330
17
100
AcDbEntity
  8
FLOOR_1_COLUMNS
100
AcDbPoint
 10
16109.040765145728
 20
13987.674248894371
 30
0.0
  0
POINT
  5
274
330
17
100
AcDbEntity
  8
FLOOR_1_COLUMNS
100
AcDbPoint
 10
15682.75775481261
 20
14079.901060463668
 30
0.0
  0
POINT
  5
275
330
17
100
AcDbEntity
  8
FLOOR_1_COLUMNS
100
AcDbPoint
 10
16016.17259199109
 20
14154.345688090627
 30
0.0
  0
POINT
  5
276
330
17
100
AcDbEntity
  8
FLOOR_1_COLUMNS
100
AcDbPoint
 10
15828.705048329964
 20
14313.87461818448
 30
0.0
  0
LWPOLYLINE
  5
278
330
17
100
AcDbEntity
  8
FLOOR_1_TRIBUTARY_COL_0
100
AcDbPolyline
 90
8
 70
1
 10
15878.828348005107
 20
13541.418765825643
 10
16022.276237332906
 20
13579.747191204442
 10
16111.1875426783
 20
13524.046552098045
 10
16108.941407576203
 20
13436.98767951275
 10
16096.47719683631
 20
13436.98767951275
 10
16096.47719683631
 20
13487.34567700357
 10
15880.249736225058
 20
13487.34567700357
 10
15878.828348005107
 20
13541.418765825643
  0
LWPOLYLINE
  5
279
330
17
100
AcDbEntity
  8
FLOOR_1_LARGE_TRIBUTARY
100
AcDbPolyline
 90
8
 70
1
 10
15878.828348005107
 20
13541.418765825643
 10
16022.276237332906
 20
13579.747191204442
 10
16111.1875426783
 20
13524.046552098045
 10
16108.941407576203
 20
13436.98767951275
 10
16096.47719683631
 20
13436.98767951275
 10
16096.47719683631
 20
13487.34567700357
 10
15880.249736225058
 20
13487.34567700357
 10
15878.828348005107
 20
13541.418765825643
  0
LWPOLYLINE
  5
27B
330
17
100
AcDbEntity
  8
FLOOR_1_TRIBUTARY_COL_1
100
AcDbPolyline
 90
12
 70
1
 10
15522.6882436077
 20
13656.63298601305
 10
15542.26326747612
 20
13651.100401250087
 10
15589.702429333198
 20
13623.770418885484
 10
15599.855118800335
 20
13617.365280083119
 10
15609.739298050972
 20
13610.558717392872
 10
15619.35496708515
 20
13603.350730814713
 10
15628.702125902833
 20
13595.741320348674
 10
15637.78077450399
 20
13587.730485994773
 10
15642.24414269196
 20
13583.468690755468
 10
15642.24414269196
 20
13487.34567700357
 10
15363.36608708117
 20
13487.34567700357
 10
15522.6882436077
 20
13656.63298601305
  0
LWPOLYLINE
  5
27C
330
17
100
AcDbEntity
  8
FLOOR_1_LARGE_TRIBUTARY
100
AcDbPolyline
 90
12
 70
1
 10
15522.6882436077
 20
13656.63298601305
 10
15542.26326747612
 20
13651.100401250087
 10
15589.702429333198
 20
13623.770418885484
 10
15599.855118800335
 20
13617.365280083119
 10
15609.739298050972
 20
13610.558717392872
 10
15619.35496708515
 20
13603.350730814713
 10
15628.702125902833
 20
13595.741320348674
 10
15637.78077450399
 20
13587.730485994773
 10
15642.24414269196
 20
13583.468690755468
 10
15642.24414269196
 20
13487.34567700357
 10
15363.36608708117
 20
13487.34567700357
 10
15522.6882436077
 20
13656.63298601305
  0
LWPOLYLINE
  5
27E
330
17
100
AcDbEntity
  8
FLOOR_1_TRIBUTARY_COL_2
100
AcDbPolyline
 90
15
 70
1
 10
15254.697936416082
 20
13649.549361482628
 10
15326.957067258614
 20
13448.659375463289
 10
15324.02067972675
 20
13436.98767951275
 10
15224.02358240062
 20
13436.98767951275
 10
15224.02358240062
 20
13487.34567700357
 10
15214.15433521812
 20
13487.34567700357
 10
15204.33824652353
 20
13488.204473484519
 10
15196.243595165899
 20
13491.15068563546
 10
15188.563922665619
 20
13496.52805021113
 10
15183.026855030608
 20
13503.126870457598
 10
15179.06474584045
 20
13511.623641035687
 10
15177.527216326158
 20
13521.80155089419
 10
15173.358090216789
 20
13521.80155089419
 10
15173.358090216789
 20
13649.468368128313
 10
15254.697936416082
 20
13649.549361482628
  0
LWPOLYLINE
  5
27F
330
17
100
AcDbEntity
  8
FLOOR_1_LARGE_TRIBUTARY
100
AcDbPolyline
 90
15
 70
1
 10
15254.697936416082
 20
13649.549361482628
 10
15326.957067258614
 20
13448.659375463289
 10
15324.02067972675
 20
13436.98767951275
 10
15224.02358240062
 20
13436.98767951275
 10
15224.02358240062
 20
13487.34567700357
 10
15214.15433521812
 20
13487.34567700357
 10
15204.33824652353
 20
13488.204473484519
 10
15196.243595165899
 20
13491.15068563546
 10
15188.563922665619
 20
13496.52805021113
 10
15183.026855030608
 20
13503.126870457598
 10
15179.06474584045
 20
13511.623641035687
 10
15177.527216326158
 20
13521.80155089419
 10
15173.358090216789
 20
13521.80155089419
 10
15173.358090216789
 20
13649.468368128313
 10
15254.697936416082
 20
13649.549361482628
  0
LWPOLYLINE
  5
281
330
17
100
AcDbEntity
  8
FLOOR_1_TRIBUTARY_COL_3
100
AcDbPolyline
 90
16
 70
1
 10
16111.1875426783
 20
13524.046552098045
 10
16218.874287472336
 20
13628.222636030914
 10
16274.73778402879
 20
13622.997567840548
 10
16274.73778402879
 20
13524.6024051985
 10
16274.73778402879
 20
13523.34567700357
 10
16272.56671837709
 20
13511.032951843848
 10
16269.91469856504
 20
13505.34567700357
 10
16264.19362815151
 20
13497.889832880857
 10
16259.386535737429
 20
13493.85620340917
 10
16253.952041451463
 20
13490.71859667026
 10
16248.055269652488
 20
13488.57234725717
 10
16238.73778402879
 20
13487.34567700357
 10
16216.47719683631
 20
13487.34567700357
 10
16216.47719683631
 20
13436.98767951275
 10
16108.941407576203
 20
13436.98767951275
 10
16111.1875426783
 20
13524.046552098045
  0
LWPOLYLINE
  5
282
330
17
100
AcDbEntity
  8
FLOOR_1_LARGE_TRIBUTARY
100
AcDbPolyline
 90
16
 70
1
 10
16111.1875426783
 20
13524.046552098045
 10
16218.874287472336
 20
13628.222636030914
 10
16274.73778402879
 20
13622.997567840548
 10
16274.73778402879
 20
13524.6024051985
 10
16274.73778402879
 20
13523.34567700357
 10
16272.56671837709
 20
13511.032951843848
 10
16269.91469856504
 20
13505.34567700357
 10
16264.19362815151
 20
13497.889832880857
 10
16259.386535737429
 20
13493.85620340917
 10
16253.952041451463
 20
13490.71859667026
 10
16248.055269652488
 20
13488.57234725717
 10
16238.73778402879
 20
13487.34567700357
 10
16216.47719683631
 20
13487.34567700357
 10
16216.47719683631
 20
13436.98767951275
 10
16108.941407576203
 20
13436.98767951275
 10
16111.1875426783
 20
13524.046552098045
  0
LWPOLYLINE
  5
284
330
17
100
AcDbEntity
  8
FLOOR_1_TRIBUTARY_COL_4
100
AcDbPolyline
 90
7
 70
1
 10
15298.202883425685
 20
13828.239126346183
 10
15314.720309777345
 20
13787.212193413732
 10
15254.697936416082
 20
13649.549361482628
 10
15173.358090216789
 20
13649.468368128313
 10
15173.358090216789
 20
13742.36096334903
 10
15250.603622340577
 20
13857.845699223919
 10
15298.202883425685
 20
13828.239126346183
  0
LWPOLYLINE
  5
285
330
17
100
AcDbEntity
  8
FLOOR_1_LARGE_TRIBUTARY
100
AcDbPolyline
 90
7
 70
1
 10
15298.202883425685
 20
13828.239126346183
 10
15314.720309777345
 20
13787.212193413732
 10
15254.697936416082
 20
13649.549361482628
 10
15173.358090216789
 20
13649.468368128313
 10
15173.358090216789
 20
13742.36096334903
 10
15250.603622340577
 20
13857.845699223919
 10
15298.202883425685
 20
13828.239126346183
  0
LWPOLYLINE
  5
287
330
17
100
AcDbEntity
  8
FLOOR_1_TRIBUTARY_COL_5
100
AcDbPolyline
 90
7
 70
1
 10
15509.913813468575
 20
14038.966022809267
 10
15518.460455562685
 20
14008.920339079756
 10
15516.29574884622
 20
13999.83492795158
 10
15298.202883425685
 20
13828.239126346183
 10
15250.603622340577
 20
13857.845699223919
 10
15414.458436255742
 20
14102.814299822036
 10
15509.913813468575
 20
14038.966022809267
  0
LWPOLYLINE
  5
288
330
17
100
AcDbEntity
  8
FLOOR_1_LARGE_TRIBUTARY
100
AcDbPolyline
 90
7
 70
1
 10
15509.913813468575
 20
14038.966022809267
 10
15518.460455562685
 20
14008.920339079756
 10
15516.29574884622
 20
13999.83492795158
 10
15298.202883425685
 20
13828.239126346183
 10
15250.603622340577
 20
13857.845699223919
 10
15414.458436255742
 20
14102.814299822036
 10
15509.913813468575
 20
14038.966022809267
  0
LWPOLYLINE
  5
28A
330
17
100
AcDbEntity
  8
FLOOR_1_TRIBUTARY_COL_6
100
AcDbPolyline
 90
5
 70
1
 10
15660.47460846711
 20
14243.686464008504
 10
15509.913813468575
 20
14038.966022809267
 10
15414.458436255742
 20
14102.814299822036
 10
15555.604287157119
 20
14313.832217143909
 10
15660.47460846711
 20
14243.686464008504
  0
LWPOLYLINE
  5
28B
330
17
100
AcDbEntity
  8
FLOOR_1_LARGE_TRIBUTARY
100
AcDbPolyline
 90
5
 70
1
 10
15660.47460846711
 20
14243.686464008504
 10
15509.913813468575
 20
14038.966022809267
 10
15414.458436255742
 20
14102.814299822036
 10
15555.604287157119
 20
14313.832217143909
 10
15660.47460846711
 20
14243.686464008504
  0
LWPOLYLINE
  5
28D
330
17
100
AcDbEntity
  8
FLOOR_1_TRIBUTARY_COL_7
100
AcDbPolyline
 90
12
 70
1
 10
15676.141410306796
 20
14246.534234965
 10
15660.47460846711
 20
14243.686464008504
 10
15555.604287157119
 20
14313.832217143909
 10
15626.073285179988
 20
14419.185800714247
 10
15627.78763492705
 20
14418.039104941377
 10
15636.474063176089
 20
14426.300954986309
 10
15650.972955157418
 20
14432.254658315778
 10
15664.361090136008
 20
14432.254658315778
 10
15677.672597994195
 20
14427.080674907018
 10
15705.91783632868
 20
14408.189983451917
 10
15738.266506091873
 20
14386.552456870675
 10
15676.141410306796
 20
14246.534234965
  0
LWPOLYLINE
  5
28E
330
17
100
AcDbEntity
  8
FLOOR_1_LARGE_TRIBUTARY
100
AcDbPolyline
 90
12
 70
1
 10
15676.141410306796
 20
14246.534234965
 10
15660.47460846711
 20
14243.686464008504
 10
15555.604287157119
 20
14313.832217143909
 10
15626.073285179988
 20
14419.185800714247
 10
15627.78763492705
 20
14418.039104941377
 10
15636.474063176089
 20
14426.300954986309
 10
15650.972955157418
 20
14432.254658315778
 10
15664.361090136008
 20
14432.254658315778
 10
15677.672597994195
 20
14427.080674907018
 10
15705.91783632868
 20
14408.189983451917
 10
15738.266506091873
 20
14386.552456870675
 10
15676.141410306796
 20
14246.534234965
  0
LWPOLYLINE
  5
290
330
17
100
AcDbEntity
  8
FLOOR_1_TRIBUTARY_COL_8
100
AcDbPolyline
 90
16
 70
1
 10
15298.202883425685
 20
13828.239126346183
 10
15516.29574884622
 20
13999.83492795158
 10
15517.210191781962
 20
13997.213616104276
 10
15522.86814038726
 20
13978.99216169886
 10
15527.61487318343
 20
13961.380202128654
 10
15531.450390170497
 20
13944.377737393574
 10
15534.374691348461
 20
13927.98476749362
 10
15536.38777671732
 20
13912.20129242881
 10
15537.489646277068
 20
13897.027312199183
 10
15537.680300027707
 20
13882.46282680469
 10
15536.95973796924
 20
13868.507836245335
 10
15535.327960101666
 20
13855.162340521136
 10
15505.707054936405
 20
13706.812827119444
 10
15501.641648515142
 20
13689.811647946792
 10
15314.720309777345
 20
13787.212193413732
 10
15298.202883425685
 20
13828.239126346183
  0
LWPOLYLINE
  5
291
330
17
100
AcDbEntity
  8
FLOOR_1_LARGE_TRIBUTARY
100
AcDbPolyline
 90
16
 70
1
 10
15298.202883425685
 20
13828.239126346183
 10
15516.29574884622
 20
13999.83492795158
 10
15517.210191781962
 20
13997.213616104276
 10
15522.86814038726
 20
13978.99216169886
 10
15527.61487318343
 20
13961.380202128654
 10
15531.450390170497
 20
13944.377737393574
 10
15534.374691348461
 20
13927.98476749362
 10
15536.38777671732
 20
13912.20129242881
 10
15537.489646277068
 20
13897.027312199183
 10
15537.680300027707
 20
13882.46282680469
 10
15536.95973796924
 20
13868.507836245335
 10
15535.327960101666
 20
13855.162340521136
 10
15505.707054936405
 20
13706.812827119444
 10
15501.641648515142
 20
13689.811647946792
 10
15314.720309777345
 20
13787.212193413732
 10
15298.202883425685
 20
13828.239126346183
  0
LWPOLYLINE
  5
293
330
17
100
AcDbEntity
  8
FLOOR_1_TRIBUTARY_COL_9
100
AcDbPolyline
 90
13
 70
1
 10
16233.429009603336
 20
13899.729335343909
 10
16216.383352575669
 20
13908.547570303432
 10
16133.39345319271
 20
14110.451869723862
 10
16137.924767888602
 20
14119.227205899155
 10
16175.713192578754
 20
14093.951111095814
 10
16197.854178447858
 20
14127.05264894275
 10
16256.969372575028
 20
14087.51162568661
 10
16234.828386705922
 20
14054.410087839678
 10
16175.713194246853
 20
14093.951109980047
 10
16248.34609754586
 20
14045.368080529068
 10
16274.73778402879
 20
14030.130833233776
 10
16274.73778402879
 20
13901.904513794585
 10
16233.429009603336
 20
13899.729335343909
  0
LWPOLYLINE
  5
294
330
17
100
AcDbEntity
  8
FLOOR_1_LARGE_TRIBUTARY
100
AcDbPolyline
 90
13
 70
1
 10
16233.429009603336
 20
13899.729335343909
 10
16216.383352575669
 20
13908.547570303432
 10
16133.39345319271
 20
14110.451869723862
 10
16137.924767888602
 20
14119.227205899155
 10
16175.713192578754
 20
14093.951111095814
 10
16197.854178447858
 20
14127.05264894275
 10
16256.969372575028
 20
14087.51162568661
 10
16234.828386705922
 20
14054.410087839678
 10
16175.713194246853
 20
14093.951109980047
 10
16248.34609754586
 20
14045.368080529068
 10
16274.73778402879
 20
14030.130833233776
 10
16274.73778402879
 20
13901.904513794585
 10
16233.429009603336
 20
13899.729335343909
  0
LWPOLYLINE
  5
296
330
17
100
AcDbEntity
  8
FLOOR_1_TRIBUTARY_COL_10
100
AcDbPolyline
 90
6
 70
1
 10
16016.646469793006
 20
13746.367713276679
 10
16156.154876867458
 20
13716.471981848114
 10
16218.874287472336
 20
13628.222636030914
 10
16111.1875426783
 20
13524.046552098045
 10
16022.276237332906
 20
13579.747191204442
 10
16016.646469793006
 20
13746.367713276679
  0
LWPOLYLINE
  5
297
330
17
100
AcDbEntity
  8
FLOOR_1_LARGE_TRIBUTARY
100
AcDbPolyline
 90
6
 70
1
 10
16016.646469793006
 20
13746.367713276679
 10
16156.154876867458
 20
13716.471981848114
 10
16218.874287472336
 20
13628.222636030914
 10
16111.1875426783
 20
13524.046552098045
 10
16022.276237332906
 20
13579.747191204442
 10
16016.646469793006
 20
13746.367713276679
  0
LWPOLYLINE
  5
299
330
17
100
AcDbEntity
  8
FLOOR_1_TRIBUTARY_COL_11
100
AcDbPolyline
 90
6
 70
1
 10
16218.874287472336
 20
13628.222636030914
 10
16156.154876867458
 20
13716.471981848114
 10
16233.429009603336
 20
13899.729335343909
 10
16274.73778402879
 20
13901.904513794585
 10
16274.73778402879
 20
13622.997567840548
 10
16218.874287472336
 20
13628.222636030914
  0
LWPOLYLINE
  5
29A
330
17
100
AcDbEntity
  8
FLOOR_1_LARGE_TRIBUTARY
100
AcDbPolyline
 90
6
 70
1
 10
16218.874287472336
 20
13628.222636030914
 10
16156.154876867458
 20
13716.471981848114
 10
16233.429009603336
 20
13899.729335343909
 10
16274.73778402879
 20
13901.904513794585
 10
16274.73778402879
 20
13622.997567840548
 10
16218.874287472336
 20
13628.222636030914
  0
LWPOLYLINE
  5
29C
330
17
100
AcDbEntity
  8
FLOOR_1_TRIBUTARY_COL_12
100
AcDbPolyline
 90
12
 70
1
 10
15642.24414269196
 20
13583.468690755468
 10
15650.31164173075
 20
13584.880732811755
 10
15666.164694438256
 20
13586.997660708712
 10
15833.29530869257
 20
13601.930260373338
 10
15878.828348005107
 20
13541.418765825643
 10
15880.249736225058
 20
13487.34567700357
 10
15767.75038961838
 20
13487.34567700357
 10
15767.75038961838
 20
13436.97831376323
 10
15647.75038961838
 20
13436.97831376323
 10
15647.75038961838
 20
13487.34567700357
 10
15642.24414269196
 20
13487.34567700357
 10
15642.24414269196
 20
13583.468690755468
  0
LWPOLYLINE
  5
29D
330
17
100
AcDbEntity
  8
FLOOR_1_LARGE_TRIBUTARY
100
AcDbPolyline
 90
12
 70
1
 10
15642.24414269196
 20
13583.468690755468
 10
15650.31164173075
 20
13584.880732811755
 10
15666.164694438256
 20
13586.997660708712
 10
15833.29530869257
 20
13601.930260373338
 10
15878.828348005107
 20
13541.418765825643
 10
15880.249736225058
 20
13487.34567700357
 10
15767.75038961838
 20
13487.34567700357
 10
15767.75038961838
 20
13436.97831376323
 10
15647.75038961838
 20
13436.97831376323
 10
15647.75038961838
 20
13487.34567700357
 10
15642.24414269196
 20
13487.34567700357
 10
15642.24414269196
 20
13583.468690755468
  0
LWPOLYLINE
  5
29F
330
17
100
AcDbEntity
  8
FLOOR_1_TRIBUTARY_COL_13
100
AcDbPolyline
 90
8
 70
1
 10
15837.184336378248
 20
13615.18136546646
 10
15880.33862793674
 20
13742.291035672282
 10
15979.480317347085
 20
13780.268175948957
 10
16016.646469793006
 20
13746.367713276679
 10
16022.276237332906
 20
13579.747191204442
 10
15878.828348005107
 20
13541.418765825643
 10
15833.29530869257
 20
13601.930260373338
 10
15837.184336378248
 20
13615.18136546646
  0
LWPOLYLINE
  5
2A0
330
17
100
AcDbEntity
  8
FLOOR_1_LARGE_TRIBUTARY
100
AcDbPolyline
 90
8
 70
1
 10
15837.184336378248
 20
13615.18136546646
 10
15880.33862793674
 20
13742.291035672282
 10
15979.480317347085
 20
13780.268175948957
 10
16016.646469793006
 20
13746.367713276679
 10
16022.276237332906
 20
13579.747191204442
 10
15878.828348005107
 20
13541.418765825643
 10
15833.29530869257
 20
13601.930260373338
 10
15837.184336378248
 20
13615.18136546646
  0
LWPOLYLINE
  5
2A2
330
17
100
AcDbEntity
  8
FLOOR_1_TRIBUTARY_COL_14
100
AcDbPolyline
 90
9
 70
1
 10
15314.720309777345
 20
13787.212193413732
 10
15501.641648515142
 20
13689.811647946792
 10
15522.6882436077
 20
13656.63298601305
 10
15363.36608708117
 20
13487.34567700357
 10
15344.023582400458
 20
13487.34567700357
 10
15344.023582400458
 20
13466.79335309402
 10
15326.957067258614
 20
13448.659375463289
 10
15254.697936416082
 20
13649.549361482628
 10
15314.720309777345
 20
13787.212193413732
  0
LWPOLYLINE
  5
2A3
330
17
100
AcDbEntity
  8
FLOOR_1_LARGE_TRIBUTARY
100
AcDbPolyline
 90
9
 70
1
 10
15314.720309777345
 20
13787.212193413732
 10
15501.641648515142
 20
13689.811647946792
 10
15522.6882436077
 20
13656.63298601305
 10
15363.36608708117
 20
13487.34567700357
 10
15344.023582400458
 20
13487.34567700357
 10
15344.023582400458
 20
13466.79335309402
 10
15326.957067258614
 20
13448.659375463289
 10
15254.697936416082
 20
13649.549361482628
 10
15314.720309777345
 20
13787.212193413732
  0
LWPOLYLINE
  5
2A5
330
17
100
AcDbEntity
  8
FLOOR_1_TRIBUTARY_COL_15
100
AcDbPolyline
 90
8
 70
1
 10
16005.081739601697
 20
13894.119434681672
 10
16216.383352575669
 20
13908.547570303432
 10
16233.429009603336
 20
13899.729335343909
 10
16156.154876867458
 20
13716.471981848114
 10
16016.646469793006
 20
13746.367713276679
 10
15979.480317347085
 20
13780.268175948957
 10
16004.652691133288
 20
13892.448261624791
 10
16005.081739601697
 20
13894.119434681672
  0
LWPOLYLINE
  5
2A6
330
17
100
AcDbEntity
  8
FLOOR_1_LARGE_TRIBUTARY
100
AcDbPolyline
 90
8
 70
1
 10
16005.081739601697
 20
13894.119434681672
 10
16216.383352575669
 20
13908.547570303432
 10
16233.429009603336
 20
13899.729335343909
 10
16156.154876867458
 20
13716.471981848114
 10
16016.646469793006
 20
13746.367713276679
 10
15979.480317347085
 20
13780.268175948957
 10
16004.652691133288
 20
13892.448261624791
 10
16005.081739601697
 20
13894.119434681672
  0
LWPOLYLINE
  5
2A8
330
17
100
AcDbEntity
  8
FLOOR_1_TRIBUTARY_COL_16
100
AcDbPolyline
 90
7
 70
1
 10
15969.609862751813
 20
14019.192785922209
 10
16133.39345319271
 20
14110.451869723862
 10
16216.383352575669
 20
13908.547570303432
 10
16005.081739601697
 20
13894.119434681672
 10
15969.389770196209
 20
13975.5066634238
 10
15969.159880486914
 20
13991.02515196121
 10
15969.609862751813
 20
14019.192785922209
  0
LWPOLYLINE
  5
2A9
330
17
100
AcDbEntity
  8
FLOOR_1_LARGE_TRIBUTARY
100
AcDbPolyline
 90
7
 70
1
 10
15969.609862751813
 20
14019.192785922209
 10
16133.39345319271
 20
14110.451869723862
 10
16216.383352575669
 20
13908.547570303432
 10
16005.081739601697
 20
13894.119434681672
 10
15969.389770196209
 20
13975.5066634238
 10
15969.159880486914
 20
13991.02515196121
 10
15969.609862751813
 20
14019.192785922209
  0
LWPOLYLINE
  5
2AB
330
17
100
AcDbEntity
  8
FLOOR_1_TRIBUTARY_COL_17
100
AcDbPolyline
 90
20
 70
1
 10
15518.460455562685
 20
14008.920339079756
 10
15509.913813468575
 20
14038.966022809267
 10
15660.47460846711
 20
14243.686464008504
 10
15676.141410306796
 20
14246.534234965
 10
15784.96398402832
 20
14178.653230534574
 10
15734.890093774477
 20
14085.143736348373
 10
15714.177202532928
 20
14053.146637689293
 10
15706.19258611465
 20
14044.050434225475
 10
15696.745077428288
 20
14035.932731433899
 10
15685.834676473856
 20
14028.79352931458
 10
15673.461383251335
 20
14022.632827867505
 10
15659.62519776073
 20
14017.45062709267
 10
15644.326120002035
 20
14013.246926990083
 10
15627.564149975282
 20
14010.02172755975
 10
15609.339287680443
 20
14007.77502880166
 10
15589.651533117503
 20
14006.506830715814
 10
15568.500886286463
 20
14006.217133302218
 10
15545.887347187403
 20
14006.905936560866
 10
15521.810915820251
 20
14008.573240491762
 10
15518.460455562685
 20
14008.920339079756
  0
LWPOLYLINE
  5
2AC
330
17
100
AcDbEntity
  8
FLOOR_1_LARGE_TRIBUTARY
100
AcDbPolyline
 90
20
 70
1
 10
15518.460455562685
 20
14008.920339079756
 10
15509.913813468575
 20
14038.966022809267
 10
15660.47460846711
 20
14243.686464008504
 10
15676.141410306796
 20
14246.534234965
 10
15784.96398402832
 20
14178.653230534574
 10
15734.890093774477
 20
14085.143736348373
 10
15714.177202532928
 20
14053.146637689293
 10
15706.19258611465
 20
14044.050434225475
 10
15696.745077428288
 20
14035.932731433899
 10
15685.834676473856
 20
14028.79352931458
 10
15673.461383251335
 20
14022.632827867505
 10
15659.62519776073
 20
14017.45062709267
 10
15644.326120002035
 20
14013.246926990083
 10
15627.564149975282
 20
14010.02172755975
 10
15609.339287680443
 20
14007.77502880166
 10
15589.651533117503
 20
14006.506830715814
 10
15568.500886286463
 20
14006.217133302218
 10
15545.887347187403
 20
14006.905936560866
 10
15521.810915820251
 20
14008.573240491762
 10
15518.460455562685
 20
14008.920339079756
  0
LWPOLYLINE
  5
2AE
330
17
100
AcDbEntity
  8
FLOOR_1_TRIBUTARY_COL_18
100
AcDbPolyline
 90
16
 70
1
 10
15859.60798340004
 20
14160.275629037555
 10
15938.302171179454
 20
14252.75168384927
 10
16043.26365828577
 20
14182.544563003335
 10
16065.40238434041
 20
14215.64272234965
 10
16124.51757846758
 20
14176.101699093528
 10
16102.3787512575
 20
14143.003388516343
 10
16137.924767888602
 20
14119.227205899155
 10
16133.39345319271
 20
14110.451869723862
 10
15969.609862751813
 20
14019.192785922209
 10
15896.486844153926
 20
14103.463400293705
 10
15888.669667072214
 20
14113.360089035406
 10
15881.187827939244
 20
14123.758101509775
 10
15874.041326755003
 20
14134.657437716833
 10
15867.230163519496
 20
14146.058097656565
 10
15860.754338232717
 20
14157.960081328998
 10
15859.60798340004
 20
14160.275629037555
  0
LWPOLYLINE
  5
2AF
330
17
100
AcDbEntity
  8
FLOOR_1_LARGE_TRIBUTARY
100
AcDbPolyline
 90
16
 70
1
 10
15859.60798340004
 20
14160.275629037555
 10
15938.302171179454
 20
14252.75168384927
 10
16043.26365828577
 20
14182.544563003335
 10
16065.40238434041
 20
14215.64272234965
 10
16124.51757846758
 20
14176.101699093528
 10
16102.3787512575
 20
14143.003388516343
 10
16137.924767888602
 20
14119.227205899155
 10
16133.39345319271
 20
14110.451869723862
 10
15969.609862751813
 20
14019.192785922209
 10
15896.486844153926
 20
14103.463400293705
 10
15888.669667072214
 20
14113.360089035406
 10
15881.187827939244
 20
14123.758101509775
 10
15874.041326755003
 20
14134.657437716833
 10
15867.230163519496
 20
14146.058097656565
 10
15860.754338232717
 20
14157.960081328998
 10
15859.60798340004
 20
14160.275629037555
  0
LWPOLYLINE
  5
2B1
330
17
100
AcDbEntity
  8
FLOOR_1_TRIBUTARY_COL_19
100
AcDbPolyline
 90
7
 70
1
 10
15859.60798340004
 20
14160.275629037555
 10
15849.315555260288
 20
14162.442539470661
 10
15784.96398402832
 20
14178.653230534574
 10
15676.141410306796
 20
14246.534234965
 10
15738.266506091873
 20
14386.552456870675
 10
15938.302171179454
 20
14252.75168384927
 10
15859.60798340004
 20
14160.275629037555
  0
LWPOLYLINE
  5
2B2
330
17
100
AcDbEntity
  8
FLOOR_1_LARGE_TRIBUTARY
100
AcDbPolyline
 90
7
 70
1
 10
15859.60798340004
 20
14160.275629037555
 10
15849.315555260288
 20
14162.442539470661
 10
15784.96398402832
 20
14178.653230534574
 10
15676.141410306796
 20
14246.534234965
 10
15738.266506091873
 20
14386.552456870675
 10
15938.302171179454
 20
14252.75168384927
 10
15859.60798340004
 20
14160.275629037555
  0
LWPOLYLINE
  5
2B4
330
17
100
AcDbEntity
  8
FLOOR_1_WALL_TRIBUTARY_10
100
AcDbPolyline
 90
67
 70
1
 10
15628.702125902833
 20
13595.741320348674
 10
15619.35496708515
 20
13603.350730814713
 10
15609.739298050972
 20
13610.558717392872
 10
15599.855118800335
 20
13617.365280083119
 10
15589.702429333198
 20
13623.770418885484
 10
15542.26326747612
 20
13651.100401250087
 10
15636.878405230442
 20
13775.552248929282
 10
15643.79140979917
 20
13788.026082968585
 10
15648.087756254346
 20
13799.589299702653
 10
15648.878921162515
 20
13803.205235888883
 10
15650.96064385416
 20
13806.691770381043
 10
15653.781987842023
 20
13810.217497794765
 10
15657.632328350235
 20
13816.666168908518
 10
15660.453672338092
 20
13820.191896322225
 10
15664.304012846313
 20
13826.640567435994
 10
15667.125356834169
 20
13830.166294849701
 10
15670.975697342383
 20
13836.614965963461
 10
15673.79704133024
 20
13840.140693377169
 10
15677.647381838458
 20
13846.589364490934
 10
15680.468725826317
 20
13850.115091904645
 10
15684.319066334534
 20
13856.563763018406
 10
15687.140410322394
 20
13860.08949043212
 10
15690.99075083061
 20
13866.538161545883
 10
15693.812094818464
 20
13870.063888959587
 10
15697.662435326682
 20
13876.512560073352
 10
15700.483779314542
 20
13880.038287487063
 10
15704.334119822755
 20
13886.48695860082
 10
15707.155463810612
 20
13890.012686014532
 10
15711.005804318833
 20
13896.461357128295
 10
15713.82714830669
 20
13899.987084542008
 10
15717.677488814908
 20
13906.435755655772
 10
15720.498832802765
 20
13909.96148306948
 10
15724.34917331098
 20
13916.410154183239
 10
15727.170517298839
 20
13919.935881596954
 10
15731.020857807052
 20
13926.384552710711
 10
15733.842201794909
 20
13929.91028012442
 10
15737.69254230313
 20
13936.358951238184
 10
15740.513886290986
 20
13939.884678651897
 10
15744.364226799207
 20
13946.33334976566
 10
15747.185587819398
 20
13949.859098464038
 10
15751.03591441233
 20
13956.30774620819
 10
15758.56087408376
 20
13965.711405282786
 10
15762.604732989006
 20
13969.57355353046
 10
15772.803185225668
 20
13969.093979940806
 10
15785.563813871708
 20
13966.587805610592
 10
15797.088356879176
 20
13962.233640599708
 10
15800.944371091457
 20
13959.909132693821
 10
15816.079580517151
 20
13953.620998332952
 10
15819.27966332727
 20
13951.704718737155
 10
15830.820079234069
 20
13947.374236720785
 10
15843.592771112326
 20
13944.886012395342
 10
15857.597738962035
 20
13944.240045760836
 10
15872.83498278318
 20
13945.436336817265
 10
15889.304502575815
 20
13948.474885564632
 10
15907.006298339864
 20
13953.355692002922
 10
15969.389770196209
 20
13975.5066634238
 10
16005.081739601697
 20
13894.119434681672
 10
16004.652691133288
 20
13892.448261624791
 10
15979.480317347085
 20
13780.268175948957
 10
15880.33862793674
 20
13742.291035672282
 10
15837.184336378248
 20
13615.18136546646
 10
15833.29530869257
 20
13601.930260373338
 10
15666.164694438256
 20
13586.997660708712
 10
15650.31164173075
 20
13584.880732811755
 10
15642.24414269196
 20
13583.468690755468
 10
15637.78077450399
 20
13587.730485994773
 10
15628.702125902833
 20
13595.741320348674
  0
LWPOLYLINE
  5
2B5
330
17
100
AcDbEntity
  8
FLOOR_1_LARGE_TRIBUTARY
100
AcDbPolyline
 90
67
 70
1
 10
15628.702125902833
 20
13595.741320348674
 10
15619.35496708515
 20
13603.350730814713
 10
15609.739298050972
 20
13610.558717392872
 10
15599.855118800335
 20
13617.365280083119
 10
15589.702429333198
 20
13623.770418885484
 10
15542.26326747612
 20
13651.100401250087
 10
15636.878405230442
 20
13775.552248929282
 10
15643.79140979917
 20
13788.026082968585
 10
15648.087756254346
 20
13799.589299702653
 10
15648.878921162515
 20
13803.205235888883
 10
15650.96064385416
 20
13806.691770381043
 10
15653.781987842023
 20
13810.217497794765
 10
15657.632328350235
 20
13816.666168908518
 10
15660.453672338092
 20
13820.191896322225
 10
15664.304012846313
 20
13826.640567435994
 10
15667.125356834169
 20
13830.166294849701
 10
15670.975697342383
 20
13836.614965963461
 10
15673.79704133024
 20
13840.140693377169
 10
15677.647381838458
 20
13846.589364490934
 10
15680.468725826317
 20
13850.115091904645
 10
15684.319066334534
 20
13856.563763018406
 10
15687.140410322394
 20
13860.08949043212
 10
15690.99075083061
 20
13866.538161545883
 10
15693.812094818464
 20
13870.063888959587
 10
15697.662435326682
 20
13876.512560073352
 10
15700.483779314542
 20
13880.038287487063
 10
15704.334119822755
 20
13886.48695860082
 10
15707.155463810612
 20
13890.012686014532
 10
15711.005804318833
 20
13896.461357128295
 10
15713.82714830669
 20
13899.987084542008
 10
15717.677488814908
 20
13906.435755655772
 10
15720.498832802765
 20
13909.96148306948
 10
15724.34917331098
 20
13916.410154183239
 10
15727.170517298839
 20
13919.935881596954
 10
15731.020857807052
 20
13926.384552710711
 10
15733.842201794909
 20
13929.91028012442
 10
15737.69254230313
 20
13936.358951238184
 10
15740.513886290986
 20
13939.884678651897
 10
15744.364226799207
 20
13946.33334976566
 10
15747.185587819398
 20
13949.859098464038
 10
15751.03591441233
 20
13956.30774620819
 10
15758.56087408376
 20
13965.711405282786
 10
15762.604732989006
 20
13969.57355353046
 10
15772.803185225668
 20
13969.093979940806
 10
15785.563813871708
 20
13966.587805610592
 10
15797.088356879176
 20
13962.233640599708
 10
15800.944371091457
 20
13959.909132693821
 10
15816.079580517151
 20
13953.620998332952
 10
15819.27966332727
 20
13951.704718737155
 10
15830.820079234069
 20
13947.374236720785
 10
15843.592771112326
 20
13944.886012395342
 10
15857.597738962035
 20
13944.240045760836
 10
15872.83498278318
 20
13945.436336817265
 10
15889.304502575815
 20
13948.474885564632
 10
15907.006298339864
 20
13953.355692002922
 10
15969.389770196209
 20
13975.5066634238
 10
16005.081739601697
 20
13894.119434681672
 10
16004.652691133288
 20
13892.448261624791
 10
15979.480317347085
 20
13780.268175948957
 10
15880.33862793674
 20
13742.291035672282
 10
15837.184336378248
 20
13615.18136546646
 10
15833.29530869257
 20
13601.930260373338
 10
15666.164694438256
 20
13586.997660708712
 10
15650.31164173075
 20
13584.880732811755
 10
15642.24414269196
 20
13583.468690755468
 10
15637.78077450399
 20
13587.730485994773
 10
15628.702125902833
 20
13595.741320348674
  0
TEXT
  5
2B6
330
17
100
AcDbEntity
  8
FLOOR_1_AREA_LABELS
100
AcDbText
 10
15786.056340018153
 20
13777.547916369102
 30
0.0
 40
24.0
  1
731 SF
 72
1
 11
15786.056340018153
 21
13777.547916369102
 31
0.0
100
AcDbText
 73
2
  0
LWPOLYLINE
  5
2B8
330
17
100
AcDbEntity
  8
FLOOR_1_WALL_TRIBUTARY_11
100
AcDbPolyline
 90
92
 70
1
 10
15542.26326747612
 20
13651.100401250087
 10
15522.6882436077
 20
13656.63298601305
 10
15501.641648515142
 20
13689.811647946792
 10
15505.707054936405
 20
13706.812827119444
 10
15535.327960101666
 20
13855.162340521136
 10
15536.95973796924
 20
13868.507836245335
 10
15537.680300027707
 20
13882.46282680469
 10
15537.489646277068
 20
13897.027312199183
 10
15536.38777671732
 20
13912.20129242881
 10
15534.374691348461
 20
13927.98476749362
 10
15531.450390170497
 20
13944.377737393574
 10
15527.61487318343
 20
13961.380202128654
 10
15522.86814038726
 20
13978.99216169886
 10
15517.210191781962
 20
13997.213616104276
 10
15516.29574884622
 20
13999.83492795158
 10
15518.460455562685
 20
14008.920339079756
 10
15521.810915820251
 20
14008.573240491762
 10
15545.887347187403
 20
14006.905936560866
 10
15568.500886286463
 20
14006.217133302218
 10
15589.651533117503
 20
14006.506830715814
 10
15609.339287680443
 20
14007.77502880166
 10
15627.564149975282
 20
14010.02172755975
 10
15644.326120002035
 20
14013.246926990083
 10
15659.62519776073
 20
14017.45062709267
 10
15673.461383251335
 20
14022.632827867505
 10
15685.834676473856
 20
14028.79352931458
 10
15696.745077428288
 20
14035.932731433899
 10
15706.19258611465
 20
14044.050434225475
 10
15714.177202532928
 20
14053.146637689293
 10
15734.890093774477
 20
14085.143736348373
 10
15784.96398402832
 20
14178.653230534574
 10
15849.315555260288
 20
14162.442539470661
 10
15859.60798340004
 20
14160.275629037555
 10
15860.754338232717
 20
14157.960081328998
 10
15867.230163519496
 20
14146.058097656565
 10
15874.041326755003
 20
14134.657437716833
 10
15881.187827939244
 20
14123.758101509775
 10
15888.669667072214
 20
14113.360089035406
 10
15896.486844153926
 20
14103.463400293705
 10
15969.609862751813
 20
14019.192785922209
 10
15969.159880486914
 20
13991.02515196121
 10
15969.389770196209
 20
13975.5066634238
 10
15907.006298339864
 20
13953.355692002922
 10
15889.304502575815
 20
13948.474885564632
 10
15872.83498278318
 20
13945.436336817265
 10
15857.597738962035
 20
13944.240045760836
 10
15843.592771112326
 20
13944.886012395342
 10
15830.820079234069
 20
13947.374236720785
 10
15819.27966332727
 20
13951.704718737155
 10
15816.079580517151
 20
13953.620998332952
 10
15800.944371091457
 20
13959.909132693821
 10
15797.088356879176
 20
13962.233640599708
 10
15785.563813871708
 20
13966.587805610592
 10
15772.803185225668
 20
13969.093979940806
 10
15762.604732989006
 20
13969.57355353046
 10
15758.56087408376
 20
13965.711405282786
 10
15751.03591441233
 20
13956.30774620819
 10
15747.185587819398
 20
13949.859098464038
 10
15744.364226799207
 20
13946.33334976566
 10
15740.513886290986
 20
13939.884678651897
 10
15737.69254230313
 20
13936.358951238184
 10
15733.842201794909
 20
13929.91028012442
 10
15731.020857807052
 20
13926.384552710711
 10
15727.170517298839
 20
13919.935881596954
 10
15724.34917331098
 20
13916.410154183239
 10
15720.498832802765
 20
13909.96148306948
 10
15717.677488814908
 20
13906.435755655772
 10
15713.82714830669
 20
13899.987084542008
 10
15711.005804318833
 20
13896.461357128295
 10
15707.155463810612
 20
13890.012686014532
 10
15704.334119822755
 20
13886.48695860082
 10
15700.483779314542
 20
13880.038287487063
 10
15697.662435326682
 20
13876.512560073352
 10
15693.812094818464
 20
13870.063888959587
 10
15690.99075083061
 20
13866.538161545883
 10
15687.140410322394
 20
13860.08949043212
 10
15684.319066334534
 20
13856.563763018406
 10
15680.468725826317
 20
13850.115091904645
 10
15677.647381838458
 20
13846.589364490934
 10
15673.79704133024
 20
13840.140693377169
 10
15670.975697342383
 20
13836.614965963461
 10
15667.125356834169
 20
13830.166294849701
 10
15664.304012846313
 20
13826.640567435994
 10
15660.453672338092
 20
13820.191896322225
 10
15657.632328350235
 20
13816.666168908518
 10
15653.781987842023
 20
13810.217497794765
 10
15650.96064385416
 20
13806.691770381043
 10
15648.878921162515
 20
13803.205235888883
 10
15648.087756254346
 20
13799.589299702653
 10
15643.79140979917
 20
13788.026082968585
 10
15636.878405230442
 20
13775.552248929282
 10
15542.26326747612
 20
13651.100401250087
  0
LWPOLYLINE
  5
2B9
330
17
100
AcDbEntity
  8
FLOOR_1_LARGE_TRIBUTARY
100
AcDbPolyline
 90
92
 70
1
 10
15542.26326747612
 20
13651.100401250087
 10
15522.6882436077
 20
13656.63298601305
 10
15501.641648515142
 20
13689.811647946792
 10
15505.707054936405
 20
13706.812827119444
 10
15535.327960101666
 20
13855.162340521136
 10
15536.95973796924
 20
13868.507836245335
 10
15537.680300027707
 20
13882.46282680469
 10
15537.489646277068
 20
13897.027312199183
 10
15536.38777671732
 20
13912.20129242881
 10
15534.374691348461
 20
13927.98476749362
 10
15531.450390170497
 20
13944.377737393574
 10
15527.61487318343
 20
13961.380202128654
 10
15522.86814038726
 20
13978.99216169886
 10
15517.210191781962
 20
13997.213616104276
 10
15516.29574884622
 20
13999.83492795158
 10
15518.460455562685
 20
14008.920339079756
 10
15521.810915820251
 20
14008.573240491762
 10
15545.887347187403
 20
14006.905936560866
 10
15568.500886286463
 20
14006.217133302218
 10
15589.651533117503
 20
14006.506830715814
 10
15609.339287680443
 20
14007.77502880166
 10
15627.564149975282
 20
14010.02172755975
 10
15644.326120002035
 20
14013.246926990083
 10
15659.62519776073
 20
14017.45062709267
 10
15673.461383251335
 20
14022.632827867505
 10
15685.834676473856
 20
14028.79352931458
 10
15696.745077428288
 20
14035.932731433899
 10
15706.19258611465
 20
14044.050434225475
 10
15714.177202532928
 20
14053.146637689293
 10
15734.890093774477
 20
14085.143736348373
 10
15784.96398402832
 20
14178.653230534574
 10
15849.315555260288
 20
14162.442539470661
 10
15859.60798340004
 20
14160.275629037555
 10
15860.754338232717
 20
14157.960081328998
 10
15867.230163519496
 20
14146.058097656565
 10
15874.041326755003
 20
14134.657437716833
 10
15881.187827939244
 20
14123.758101509775
 10
15888.669667072214
 20
14113.360089035406
 10
15896.486844153926
 20
14103.463400293705
 10
15969.609862751813
 20
14019.192785922209
 10
15969.159880486914
 20
13991.02515196121
 10
15969.389770196209
 20
13975.5066634238
 10
15907.006298339864
 20
13953.355692002922
 10
15889.304502575815
 20
13948.474885564632
 10
15872.83498278318
 20
13945.436336817265
 10
15857.597738962035
 20
13944.240045760836
 10
15843.592771112326
 20
13944.886012395342
 10
15830.820079234069
 20
13947.374236720785
 10
15819.27966332727
 20
13951.704718737155
 10
15816.079580517151
 20
13953.620998332952
 10
15800.944371091457
 20
13959.909132693821
 10
15797.088356879176
 20
13962.233640599708
 10
15785.563813871708
 20
13966.587805610592
 10
15772.803185225668
 20
13969.093979940806
 10
15762.604732989006
 20
13969.57355353046
 10
15758.56087408376
 20
13965.711405282786
 10
15751.03591441233
 20
13956.30774620819
 10
15747.185587819398
 20
13949.859098464038
 10
15744.364226799207
 20
13946.33334976566
 10
15740.513886290986
 20
13939.884678651897
 10
15737.69254230313
 20
13936.358951238184
 10
15733.842201794909
 20
13929.91028012442
 10
15731.020857807052
 20
13926.384552710711
 10
15727.170517298839
 20
13919.935881596954
 10
15724.34917331098
 20
13916.410154183239
 10
15720.498832802765
 20
13909.96148306948
 10
15717.677488814908
 20
13906.435755655772
 10
15713.82714830669
 20
13899.987084542008
 10
15711.005804318833
 20
13896.461357128295
 10
15707.155463810612
 20
13890.012686014532
 10
15704.334119822755
 20
13886.48695860082
 10
15700.483779314542
 20
13880.038287487063
 10
15697.662435326682
 20
13876.512560073352
 10
15693.812094818464
 20
13870.063888959587
 10
15690.99075083061
 20
13866.538161545883
 10
15687.140410322394
 20
13860.08949043212
 10
15684.319066334534
 20
13856.563763018406
 10
15680.468725826317
 20
13850.115091904645
 10
15677.647381838458
 20
13846.589364490934
 10
15673.79704133024
 20
13840.140693377169
 10
15670.975697342383
 20
13836.614965963461
 10
15667.125356834169
 20
13830.166294849701
 10
15664.304012846313
 20
13826.640567435994
 10
15660.453672338092
 20
13820.191896322225
 10
15657.632328350235
 20
13816.666168908518
 10
15653.781987842023
 20
13810.217497794765
 10
15650.96064385416
 20
13806.691770381043
 10
15648.878921162515
 20
13803.205235888883
 10
15648.087756254346
 20
13799.589299702653
 10
15643.79140979917
 20
13788.026082968585
 10
15636.878405230442
 20
13775.552248929282
 10
15542.26326747612
 20
13651.100401250087
  0
TEXT
  5
2BA
330
17
100
AcDbEntity
  8
FLOOR_1_AREA_LABELS
100
AcDbText
 10
15707.94427574515
 20
13949.672399537125
 30
0.0
 40
24.0
  1
630 SF
 72
1
 11
15707.94427574515
 21
13949.672399537125
 31
0.0
100
AcDbText
 73
2
  0
TEXT
  5
2BB
330
17
100
AcDbEntity
  8
FLOOR_1_AREA_LABELS
100
AcDbText
 10
15997.821933945783
 20
13521.350075875955
 30
0.0
 40
24.0
  1
118 SF
 72
1
 11
15997.821933945783
 21
13521.350075875955
 31
0.0
100
AcDbText
 73
2
  0
TEXT
  5
2BC
330
17
100
AcDbEntity
  8
FLOOR_1_AREA_LABELS
100
AcDbText
 10
15528.904190260815
 20
13551.770884642225
 30
0.0
 40
24.0
  1
212 SF
 72
1
 11
15528.904190260815
 21
13551.770884642225
 31
0.0
100
AcDbText
 73
2
  0
TEXT
  5
2BD
330
17
100
AcDbEntity
  8
FLOOR_1_AREA_LABELS
100
AcDbText
 10
15240.142263479345
 20
13540.64955994775
 30
0.0
 40
24.0
  1
156 SF
 72
1
 11
15240.142263479345
 21
13540.64955994775
 31
0.0
100
AcDbText
 73
2
  0
TEXT
  5
2BE
330
17
100
AcDbEntity
  8
FLOOR_1_AREA_LABELS
100
AcDbText
 10
16195.83526846561
 20
13526.155108176361
 30
0.0
 40
24.0
  1
156 SF
 72
1
 11
16195.83526846561
 21
13526.155108176361
 31
0.0
100
AcDbText
 73
2
  0
TEXT
  5
2BF
330
17
100
AcDbEntity
  8
FLOOR_1_AREA_LABELS
100
AcDbText
 10
15239.450265552878
 20
13744.21585885248
 30
0.0
 40
24.0
  1
135 SF
 72
1
 11
15239.450265552878
 21
13744.21585885248
 31
0.0
100
AcDbText
 73
2
  0
TEXT
  5
2C0
330
17
100
AcDbEntity
  8
FLOOR_1_AREA_LABELS
100
AcDbText
 10
15389.416238735324
 20
13967.91383466709
 30
0.0
 40
24.0
  1
209 SF
 72
1
 11
15389.416238735324
 21
13967.91383466709
 31
0.0
100
AcDbText
 73
2
  0
TEXT
  5
2C1
330
17
100
AcDbEntity
  8
FLOOR_1_AREA_LABELS
100
AcDbText
 10
15536.255259895683
 20
14176.452996611773
 30
0.0
 40
24.0
  1
213 SF
 72
1
 11
15536.255259895683
 21
14176.452996611773
 31
0.0
100
AcDbText
 73
2
  0
TEXT
  5
2C2
330
17
100
AcDbEntity
  8
FLOOR_1_AREA_LABELS
100
AcDbText
 10
15651.325534385274
 20
14342.174787025502
 30
0.0
 40
24.0
  1
148 SF
 72
1
 11
15651.325534385274
 21
14342.174787025502
 31
0.0
100
AcDbText
 73
2
  0
TEXT
  5
2C3
330
17
100
AcDbEntity
  8
FLOOR_1_AREA_LABELS
100
AcDbText
 10
15443.47273566015
 20
13836.529539518022
 30
0.0
 40
24.0
  1
282 SF
 72
1
 11
15443.47273566015
 21
13836.529539518022
 31
0.0
100
AcDbText
 73
2
  0
TEXT
  5
2C4
330
17
100
AcDbEntity
  8
FLOOR_1_AREA_LABELS
100
AcDbText
 10
16218.155656286188
 20
14015.163496998983
 30
0.0
 40
24.0
  1
128 SF
 72
1
 11
16218.155656286188
 21
14015.163496998983
 31
0.0
100
AcDbText
 73
2
  0
TEXT
  5
2C5
330
17
100
AcDbEntity
  8
FLOOR_1_AREA_LABELS
100
AcDbText
 10
16102.051921963513
 20
13640.287835724372
 30
0.0
 40
24.0
  1
204 SF
 72
1
 11
16102.051921963513
 21
13640.287835724372
 31
0.0
100
AcDbText
 73
2
  0
TEXT
  5
2C6
330
17
100
AcDbEntity
  8
FLOOR_1_AREA_LABELS
100
AcDbText
 10
16231.04797956271
 20
13752.95787800878
 30
0.0
 40
24.0
  1
157 SF
 72
1
 11
16231.04797956271
 21
13752.95787800878
 31
0.0
100
AcDbText
 73
2
  0
TEXT
  5
2C7
330
17
100
AcDbEntity
  8
FLOOR_1_AREA_LABELS
100
AcDbText
 10
15748.406757346205
 20
13523.561813671728
 30
0.0
 40
24.0
  1
210 SF
 72
1
 11
15748.406757346205
 21
13523.561813671728
 31
0.0
100
AcDbText
 73
2
  0
TEXT
  5
2C8
330
17
100
AcDbEntity
  8
FLOOR_1_AREA_LABELS
100
AcDbText
 10
15936.414424159932
 20
13655.75109950724
 30
0.0
 40
24.0
  1
228 SF
 72
1
 11
15936.414424159932
 21
13655.75109950724
 31
0.0
100
AcDbText
 73
2
  0
TEXT
  5
2C9
330
17
100
AcDbEntity
  8
FLOOR_1_AREA_LABELS
100
AcDbText
 10
15370.050445040466
 20
13634.44645405967
 30
0.0
 40
24.0
  1
329 SF
 72
1
 11
15370.050445040466
 21
13634.44645405967
 31
0.0
100
AcDbText
 73
2
  0
TEXT
  5
2CA
330
17
100
AcDbEntity
  8
FLOOR_1_AREA_LABELS
100
AcDbText
 10
16101.193307052501
 20
13821.4873409761
 30
0.0
 40
24.0
  1
240 SF
 72
1
 11
16101.193307052501
 21
13821.4873409761
 31
0.0
100
AcDbText
 73
2
  0
TEXT
  5
2CB
330
17
100
AcDbEntity
  8
FLOOR_1_AREA_LABELS
100
AcDbText
 10
16086.925804232382
 20
13983.507860723337
 30
0.0
 40
24.0
  1
241 SF
 72
1
 11
16086.925804232382
 21
13983.507860723337
 31
0.0
100
AcDbText
 73
2
  0
TEXT
  5
2CC
330
17
100
AcDbEntity
  8
FLOOR_1_AREA_LABELS
100
AcDbText
 10
15651.09547665012
 20
14112.625211641367
 30
0.0
 40
24.0
  1
258 SF
 72
1
 11
15651.09547665012
 21
14112.625211641367
 31
0.0
100
AcDbText
 73
2
  0
TEXT
  5
2CD
330
17
100
AcDbEntity
  8
FLOOR_1_AREA_LABELS
100
AcDbText
 10
15992.198758200928
 20
14137.122201490482
 30
0.0
 40
24.0
  1
249 SF
 72
1
 11
15992.198758200928
 21
14137.122201490482
 31
0.0
100
AcDbText
 73
2
  0
TEXT
  5
2CE
330
17
100
AcDbEntity
  8
FLOOR_1_AREA_LABELS
100
AcDbText
 10
15798.949001451807
 20
14261.999600605746
 30
0.0
 40
24.0
  1
240 SF
 72
1
 11
15798.949001451807
 21
14261.999600605746
 31
0.0
100
AcDbText
 73
2
  0
LWPOLYLINE
  5
2D1
330
17
100
AcDbEntity
  8
FLOOR_1_FASCADE_COLUMNS
100
AcDbPolyline
 90
7
 70
0
 10
15705.91783632868
 20
14408.189983451917
 10
15710.905027058514
 20
14404.854128445437
 10
15715.892217788347
 20
14401.518273438956
 10
15720.87940851818
 20
14398.182418432476
 10
15725.866599248015
 20
14394.846563426
 10
15730.85378997785
 20
14391.510708419519
 10
15735.840980707682
 20
14388.174853413038
  0
TEXT
  5
2D2
330
17
100
AcDbEntity
  8
FLOOR_1_FASCADE_COLUMNS
100
AcDbText
 10
15724.21526352466
 20
14403.169609162309
 30
0.0
 40
12.0
  1
3 FT
 50
-33.77795416357873
 72
1
 11
15724.21526352466
 21
14403.169609162309
 31
0.0
100
AcDbText
 73
2
  0
LWPOLYLINE
  5
2D3
330
17
100
AcDbEntity
  8
FLOOR_1_FASCADE_COLUMNS
100
AcDbPolyline
 90
42
 70
0
 10
15735.840980707682
 20
14388.174853413038
 10
15740.828171437515
 20
14384.838998406558
 10
15745.81536216735
 20
14381.503143400078
 10
15750.802552897187
 20
14378.167288393597
 10
15755.789743627021
 20
14374.831433387119
 10
15760.776934356854
 20
14371.495578380638
 10
15765.764125086687
 20
14368.159723374158
 10
15770.751315816522
 20
14364.823868367677
 10
15775.738506546357
 20
14361.488013361197
 10
15780.72569727619
 20
14358.152158354716
 10
15785.712888006023
 20
14354.816303348236
 10
15790.700078735857
 20
14351.480448341757
 10
15795.687269465692
 20
14348.144593335277
 10
15800.674460195525
 20
14344.808738328797
 10
15805.661650925358
 20
14341.472883322316
 10
15810.648841655193
 20
14338.137028315836
 10
15815.636032385028
 20
14334.801173309355
 10
15820.62322311486
 20
14331.465318302879
 10
15825.610413844694
 20
14328.129463296398
 10
15830.597604574528
 20
14324.793608289918
 10
15835.584795304365
 20
14321.457753283437
 10
15840.5719860342
 20
14318.121898276957
 10
15845.559176764033
 20
14314.786043270477
 10
15850.546367493866
 20
14311.450188263996
 10
15855.5335582237
 20
14308.11433325752
 10
15860.520748953535
 20
14304.778478251039
 10
15865.507939683368
 20
14301.442623244558
 10
15870.495130413201
 20
14298.106768238078
 10
15875.482321143036
 20
14294.770913231598
 10
15880.46951187287
 20
14291.435058225117
 10
15885.456702602703
 20
14288.099203218637
 10
15890.443893332536
 20
14284.763348212158
 10
15895.431084062371
 20
14281.427493205678
 10
15900.418274792206
 20
14278.091638199197
 10
15905.405465522039
 20
14274.755783192717
 10
15910.392656251872
 20
14271.419928186237
 10
15915.379846981707
 20
14268.084073179756
 10
15920.367037711541
 20
14264.748218173278
 10
15925.354228441378
 20
14261.412363166797
 10
15930.34141917121
 20
14258.076508160317
 10
15935.328609901044
 20
14254.740653153836
 10
15940.315800630879
 20
14251.404798147356
  0
TEXT
  5
2D4
330
17
100
AcDbEntity
  8
FLOOR_1_FASCADE_COLUMNS
100
AcDbText
 10
15841.414245675762
 20
14324.77701651003
 30
0.0
 40
12.0
  1
21 FT
 50
-33.77795416357811
 72
1
 11
15841.414245675762
 21
14324.77701651003
 31
0.0
100
AcDbText
 73
2
  0
LWPOLYLINE
  5
2D5
330
17
100
AcDbEntity
  8
FLOOR_1_FASCADE_COLUMNS
100
AcDbPolyline
 90
54
 70
0
 10
15940.315800630879
 20
14251.404798147356
 10
15945.302991360713
 20
14248.068943140875
 10
15950.290182090546
 20
14244.733088134395
 10
15955.27737282038
 20
14241.397233127918
 10
15960.264563550214
 20
14238.061378121438
 10
15965.251754280049
 20
14234.725523114957
 10
15970.238945009882
 20
14231.389668108477
 10
15975.226135739715
 20
14228.053813101997
 10
15980.21332646955
 20
14224.717958095516
 10
15985.200517199384
 20
14221.38210308904
 10
15990.187707929217
 20
14218.046248082559
 10
15995.17489865905
 20
14214.710393076079
 10
16000.162089388885
 20
14211.374538069598
 10
16005.14928011872
 20
14208.038683063118
 10
16010.136470848556
 20
14204.702828056637
 10
16015.12366157839
 20
14201.366973050157
 10
16020.110852308222
 20
14198.031118043678
 10
16025.098043038057
 20
14194.695263037198
 10
16030.085233767892
 20
14191.359408030718
 10
16035.072424497725
 20
14188.023553024237
 10
16040.059615227558
 20
14184.687698017757
 10
16044.456373716102
 20
14184.327713726216
 10
16047.792215964142
 20
14189.31491298995
 10
16051.12805821218
 20
14194.302112253687
 10
16054.463900460218
 20
14199.289311517423
 10
16057.799742708256
 20
14204.276510781157
 10
16061.135584956295
 20
14209.263710044892
 10
16064.471427204331
 20
14214.250909308628
 10
16068.997770563125
 20
14213.237837237692
 10
16073.984969826859
 20
14209.901994989652
 10
16078.972169090597
 20
14206.566152741616
 10
16083.959368354332
 20
14203.230310493578
 10
16088.946567618068
 20
14199.89446824554
 10
16093.933766881806
 20
14196.558625997504
 10
16098.920966145542
 20
14193.222783749468
 10
16103.908165409277
 20
14189.88694150143
 10
16108.895364673015
 20
14186.551099253393
 10
16113.88256393675
 20
14183.215257005357
 10
16118.869763200486
 20
14179.87941475732
 10
16123.856962464222
 20
14176.543572509283
 10
16121.623609635299
 20
14171.775115833148
 10
16118.287767387259
 20
14166.787916569414
 10
16114.951925139223
 20
14161.80071730568
 10
16111.616082891182
 20
14156.813518041943
 10
16108.280240643144
 20
14151.826318778207
 10
16104.944398395106
 20
14146.839119514472
 10
16103.530217552761
 20
14142.233190460182
 10
16108.517408282594
 20
14138.897335453701
 10
16113.504599012427
 20
14135.56148044722
 10
16118.491789742262
 20
14132.22562544074
 10
16123.478980472097
 20
14128.889770434262
 10
16128.46617120193
 20
14125.553915427781
 10
16133.453361931763
 20
14122.2180604213
 10
16138.440552661597
 20
14118.88220541482
  0
TEXT
  5
2D6
330
17
100
AcDbEntity
  8
FLOOR_1_FASCADE_COLUMNS
100
AcDbText
 10
16065.66971702002
 20
14216.042366321744
 30
0.0
 40
12.0
  1
27 FT
 50
-33.77795416357789
 72
1
 11
16065.66971702002
 21
14216.042366321744
 31
0.0
100
AcDbText
 73
2
  0
LWPOLYLINE
  5
2D7
330
17
100
AcDbEntity
  8
FLOOR_1_FASCADE_COLUMNS
100
AcDbPolyline
 90
86
 70
0
 10
16138.440552661597
 20
14118.88220541482
 10
16143.427743391434
 20
14115.54635040834
 10
16148.414934121269
 20
14112.21049540186
 10
16153.402124851102
 20
14108.87464039538
 10
16158.389315580935
 20
14105.5387853889
 10
16163.37650631077
 20
14102.20293038242
 10
16168.363697040604
 20
14098.86707537594
 10
16173.350887770437
 20
14095.53122036946
 10
16177.468931596493
 20
14096.576001508944
 10
16180.804773844531
 20
14101.563200772678
 10
16184.140616092567
 20
14106.550400036413
 10
16187.476458340603
 20
14111.53759930015
 10
16190.812300588637
 20
14116.524798563887
 10
16194.148142836675
 20
14121.511997827623
 10
16197.483985084713
 20
14126.499197091362
 10
16202.287925860204
 20
14124.087000057856
 10
16207.27512512394
 20
14120.75115780982
 10
16212.262324387677
 20
14117.415315561779
 10
16217.249523651411
 20
14114.079473313743
 10
16222.236722915146
 20
14110.743631065707
 10
16227.223922178882
 20
14107.407788817665
 10
16232.211121442619
 20
14104.07194656963
 10
16237.198320706357
 20
14100.736104321593
 10
16242.185519970091
 20
14097.400262073552
 10
16247.172719233826
 20
14094.064419825516
 10
16252.159918497562
 20
14090.728577577476
 10
16256.850482217858
 20
14087.33388050034
 10
16253.51463996982
 20
14082.346681236604
 10
16250.178797721783
 20
14077.359481972868
 10
16246.842955473747
 20
14072.37228270913
 10
16243.50711322571
 20
14067.385083445395
 10
16240.171270977673
 20
14062.39788418166
 10
16236.835428729633
 20
14057.410684917924
 10
16232.84178452043
 20
14055.738888064006
 10
16227.854585256693
 20
14059.074730312042
 10
16222.867385992959
 20
14062.410572560078
 10
16217.880186729224
 20
14065.746414808116
 10
16212.892987465486
 20
14069.082257056154
 10
16207.90578820175
 20
14072.41809930419
 10
16202.918588938013
 20
14075.753941552226
 10
16197.931389674279
 20
14079.089783800264
 10
16192.94419041054
 20
14082.425626048303
 10
16187.956991146806
 20
14085.76146829634
 10
16182.96979188307
 20
14089.097310544377
 10
16177.982592619333
 20
14092.433152792415
 10
16178.430990487512
 20
14092.13321796686
 10
16183.418181217348
 20
14088.79736296038
 10
16188.405371947183
 20
14085.4615079539
 10
16193.392562677018
 20
14082.12565294742
 10
16198.37975340685
 20
14078.789797940939
 10
16203.366944136684
 20
14075.453942934459
 10
16208.354134866519
 20
14072.118087927982
 10
16213.341325596353
 20
14068.782232921501
 10
16218.328516326186
 20
14065.446377915021
 10
16223.31570705602
 20
14062.11052290854
 10
16228.302897785854
 20
14058.77466790206
 10
16233.290088515689
 20
14055.43881289558
 10
16238.277279245522
 20
14052.1029578891
 10
16243.264469975355
 20
14048.767102882623
 10
16248.25166070519
 20
14045.431247876142
 10
16253.443856254544
 20
14042.424888166344
 10
16258.640008677252
 20
14039.424888166342
 10
16263.836161099956
 20
14036.424888166342
 10
16269.032313522664
 20
14033.424888166342
 10
16274.22846594537
 20
14030.42488816634
 10
16274.73778402879
 20
14024.718943098907
 10
16274.73778402879
 20
14018.718943098907
 10
16274.73778402879
 20
14012.718943098907
 10
16274.73778402879
 20
14006.718943098907
 10
16274.73778402879
 20
14000.718943098907
 10
16274.73778402879
 20
13994.718943098907
 10
16274.73778402879
 20
13988.718943098907
 10
16274.73778402879
 20
13982.718943098907
 10
16274.73778402879
 20
13976.718943098907
 10
16274.73778402879
 20
13970.718943098907
 10
16274.73778402879
 20
13964.718943098907
 10
16274.73778402879
 20
13958.718943098907
 10
16274.73778402879
 20
13952.718943098907
 10
16274.73778402879
 20
13946.718943098907
 10
16274.73778402879
 20
13940.718943098907
 10
16274.73778402879
 20
13934.718943098907
 10
16274.73778402879
 20
13928.718943098907
 10
16274.73778402879
 20
13922.718943098907
 10
16274.73778402879
 20
13916.718943098907
 10
16274.73778402879
 20
13910.718943098907
 10
16274.73778402879
 20
13904.718943098907
  0
TEXT
  5
2D8
330
17
100
AcDbEntity
  8
FLOOR_1_FASCADE_COLUMNS
100
AcDbText
 10
16191.138564220448
 20
14090.240593382034
 30
0.0
 40
12.0
  1
43 FT
 50
-57.52661430977809
 72
1
 11
16191.138564220448
 21
14090.240593382034
 31
0.0
100
AcDbText
 73
2
  0
LWPOLYLINE
  5
2D9
330
17
100
AcDbEntity
  8
FLOOR_1_FASCADE_COLUMNS
100
AcDbPolyline
 90
48
 70
0
 10
16274.73778402879
 20
13904.718943098907
 10
16274.73778402879
 20
13898.718943098907
 10
16274.73778402879
 20
13892.718943098907
 10
16274.73778402879
 20
13886.718943098907
 10
16274.73778402879
 20
13880.718943098907
 10
16274.73778402879
 20
13874.718943098907
 10
16274.73778402879
 20
13868.718943098907
 10
16274.73778402879
 20
13862.718943098907
 10
16274.73778402879
 20
13856.718943098907
 10
16274.73778402879
 20
13850.718943098907
 10
16274.73778402879
 20
13844.718943098907
 10
16274.73778402879
 20
13838.718943098907
 10
16274.73778402879
 20
13832.718943098907
 10
16274.73778402879
 20
13826.718943098907
 10
16274.73778402879
 20
13820.718943098907
 10
16274.73778402879
 20
13814.718943098907
 10
16274.73778402879
 20
13808.718943098907
 10
16274.73778402879
 20
13802.718943098907
 10
16274.73778402879
 20
13796.718943098907
 10
16274.73778402879
 20
13790.718943098907
 10
16274.73778402879
 20
13784.718943098907
 10
16274.73778402879
 20
13778.718943098907
 10
16274.73778402879
 20
13772.718943098907
 10
16274.73778402879
 20
13766.718943098907
 10
16274.73778402879
 20
13760.718943098907
 10
16274.73778402879
 20
13754.718943098907
 10
16274.73778402879
 20
13748.718943098907
 10
16274.73778402879
 20
13742.718943098907
 10
16274.73778402879
 20
13736.718943098907
 10
16274.73778402879
 20
13730.718943098907
 10
16274.73778402879
 20
13724.718943098907
 10
16274.73778402879
 20
13718.718943098907
 10
16274.73778402879
 20
13712.718943098907
 10
16274.73778402879
 20
13706.718943098907
 10
16274.73778402879
 20
13700.718943098907
 10
16274.73778402879
 20
13694.718943098907
 10
16274.73778402879
 20
13688.718943098907
 10
16274.73778402879
 20
13682.718943098907
 10
16274.73778402879
 20
13676.718943098907
 10
16274.73778402879
 20
13670.718943098907
 10
16274.73778402879
 20
13664.718943098907
 10
16274.73778402879
 20
13658.718943098907
 10
16274.73778402879
 20
13652.718943098907
 10
16274.73778402879
 20
13646.718943098907
 10
16274.73778402879
 20
13640.718943098907
 10
16274.73778402879
 20
13634.718943098907
 10
16274.73778402879
 20
13628.718943098907
 10
16274.73778402879
 20
13622.718943098907
  0
TEXT
  5
2DA
330
17
100
AcDbEntity
  8
FLOOR_1_FASCADE_COLUMNS
100
AcDbText
 10
16280.73778402879
 20
13763.718943098907
 30
0.0
 40
12.0
  1
24 FT
 50
-90.0
 72
1
 11
16280.73778402879
 21
13763.718943098907
 31
0.0
100
AcDbText
 73
2
  0
LWPOLYLINE
  5
2DB
330
17
100
AcDbEntity
  8
FLOOR_1_FASCADE_COLUMNS
100
AcDbPolyline
 90
57
 70
0
 10
16274.73778402879
 20
13622.718943098907
 10
16274.73778402879
 20
13616.718943098907
 10
16274.73778402879
 20
13610.718943098907
 10
16274.73778402879
 20
13604.718943098907
 10
16274.73778402879
 20
13598.718943098907
 10
16274.73778402879
 20
13592.718943098907
 10
16274.73778402879
 20
13586.718943098907
 10
16274.73778402879
 20
13580.718943098907
 10
16274.73778402879
 20
13574.718943098907
 10
16274.73778402879
 20
13568.718943098907
 10
16274.73778402879
 20
13562.718943098907
 10
16274.73778402879
 20
13556.718943098907
 10
16274.73778402879
 20
13550.718943098907
 10
16274.73778402879
 20
13544.718943098907
 10
16274.73778402879
 20
13538.718943098907
 10
16274.73778402879
 20
13532.718943098907
 10
16274.73778402879
 20
13526.718943098907
 10
16274.281656473031
 20
13520.758849089158
 10
16273.23976740703
 20
13514.850002571082
 10
16271.669049671358
 20
13509.107895092082
 10
16268.789189001805
 20
13503.878884383386
 10
16265.136620427747
 20
13499.118764341642
 10
16260.783990537759
 20
13495.028807216713
 10
16255.770228150875
 20
13491.768327250604
 10
16250.286733887071
 20
13489.384533817389
 10
16244.460959452037
 20
13488.099147342175
 10
16238.51034450716
 20
13487.34567700357
 10
16232.51034450716
 20
13487.34567700357
 10
16226.51034450716
 20
13487.34567700357
 10
16220.51034450716
 20
13487.34567700357
 10
16216.47719683631
 20
13485.378824674419
 10
16216.47719683631
 20
13479.378824674419
 10
16216.47719683631
 20
13473.378824674419
 10
16216.47719683631
 20
13467.378824674419
 10
16216.47719683631
 20
13461.378824674419
 10
16216.47719683631
 20
13455.378824674419
 10
16216.47719683631
 20
13449.378824674419
 10
16216.47719683631
 20
13443.378824674419
 10
16216.47719683631
 20
13437.378824674419
 10
16210.86834199798
 20
13436.98767951275
 10
16204.86834199798
 20
13436.98767951275
 10
16198.86834199798
 20
13436.98767951275
 10
16192.86834199798
 20
13436.98767951275
 10
16186.86834199798
 20
13436.98767951275
 10
16180.86834199798
 20
13436.98767951275
 10
16174.86834199798
 20
13436.98767951275
 10
16168.86834199798
 20
13436.98767951275
 10
16162.86834199798
 20
13436.98767951275
 10
16156.86834199798
 20
13436.98767951275
 10
16150.86834199798
 20
13436.98767951275
 10
16144.86834199798
 20
13436.98767951275
 10
16138.86834199798
 20
13436.98767951275
 10
16132.86834199798
 20
13436.98767951275
 10
16126.86834199798
 20
13436.98767951275
 10
16120.86834199798
 20
13436.98767951275
 10
16114.86834199798
 20
13436.98767951275
 10
16108.86834199798
 20
13436.98767951275
  0
TEXT
  5
2DC
330
17
100
AcDbEntity
  8
FLOOR_1_FASCADE_COLUMNS
100
AcDbText
 10
16231.829095235116
 20
13483.349073530439
 30
0.0
 40
12.0
  1
28 FT
 50
-131.76681429081657
 72
1
 11
16231.829095235116
 21
13483.349073530439
 31
0.0
100
AcDbText
 73
2
  0
LWPOLYLINE
  5
2DD
330
17
100
AcDbEntity
  8
FLOOR_1_FASCADE_COLUMNS
100
AcDbPolyline
 90
47
 70
0
 10
16108.86834199798
 20
13436.98767951275
 10
16102.86834199798
 20
13436.98767951275
 10
16096.86834199798
 20
13436.98767951275
 10
16096.47719683631
 20
13442.596534351076
 10
16096.47719683631
 20
13448.596534351076
 10
16096.47719683631
 20
13454.596534351076
 10
16096.47719683631
 20
13460.596534351076
 10
16096.47719683631
 20
13466.596534351076
 10
16096.47719683631
 20
13472.596534351076
 10
16096.47719683631
 20
13478.596534351076
 10
16096.47719683631
 20
13484.596534351076
 10
16093.226339488801
 20
13487.34567700357
 10
16087.226339488801
 20
13487.34567700357
 10
16081.226339488801
 20
13487.34567700357
 10
16075.226339488801
 20
13487.34567700357
 10
16069.226339488801
 20
13487.34567700357
 10
16063.226339488801
 20
13487.34567700357
 10
16057.226339488801
 20
13487.34567700357
 10
16051.226339488801
 20
13487.34567700357
 10
16045.226339488801
 20
13487.34567700357
 10
16039.226339488801
 20
13487.34567700357
 10
16033.226339488801
 20
13487.34567700357
 10
16027.226339488801
 20
13487.34567700357
 10
16021.226339488801
 20
13487.34567700357
 10
16015.226339488801
 20
13487.34567700357
 10
16009.226339488801
 20
13487.34567700357
 10
16003.226339488801
 20
13487.34567700357
 10
15997.226339488801
 20
13487.34567700357
 10
15991.226339488801
 20
13487.34567700357
 10
15985.226339488801
 20
13487.34567700357
 10
15979.226339488801
 20
13487.34567700357
 10
15973.226339488801
 20
13487.34567700357
 10
15967.226339488801
 20
13487.34567700357
 10
15961.226339488801
 20
13487.34567700357
 10
15955.226339488801
 20
13487.34567700357
 10
15949.226339488801
 20
13487.34567700357
 10
15943.226339488801
 20
13487.34567700357
 10
15937.226339488801
 20
13487.34567700357
 10
15931.226339488801
 20
13487.34567700357
 10
15925.226339488801
 20
13487.34567700357
 10
15919.226339488801
 20
13487.34567700357
 10
15913.226339488801
 20
13487.34567700357
 10
15907.226339488801
 20
13487.34567700357
 10
15901.226339488801
 20
13487.34567700357
 10
15895.226339488801
 20
13487.34567700357
 10
15889.226339488801
 20
13487.34567700357
 10
15883.226339488801
 20
13487.34567700357
  0
TEXT
  5
2DE
330
17
100
AcDbEntity
  8
FLOOR_1_FASCADE_COLUMNS
100
AcDbText
 10
16018.859394142137
 20
13481.489740472945
 30
0.0
 40
12.0
  1
23 FT
 50
167.4190984975911
 72
1
 11
16018.859394142137
 21
13481.489740472945
 31
0.0
100
AcDbText
 73
2
  0
LWPOLYLINE
  5
2DF
330
17
100
AcDbEntity
  8
FLOOR_1_FASCADE_COLUMNS
100
AcDbPolyline
 90
58
 70
0
 10
15883.226339488801
 20
13487.34567700357
 10
15877.226339488801
 20
13487.34567700357
 10
15871.226339488801
 20
13487.34567700357
 10
15865.226339488801
 20
13487.34567700357
 10
15859.226339488801
 20
13487.34567700357
 10
15853.226339488801
 20
13487.34567700357
 10
15847.226339488801
 20
13487.34567700357
 10
15841.226339488801
 20
13487.34567700357
 10
15835.226339488801
 20
13487.34567700357
 10
15829.226339488801
 20
13487.34567700357
 10
15823.226339488801
 20
13487.34567700357
 10
15817.226339488801
 20
13487.34567700357
 10
15811.226339488801
 20
13487.34567700357
 10
15805.226339488801
 20
13487.34567700357
 10
15799.226339488801
 20
13487.34567700357
 10
15793.226339488801
 20
13487.34567700357
 10
15787.226339488801
 20
13487.34567700357
 10
15781.226339488801
 20
13487.34567700357
 10
15775.226339488801
 20
13487.34567700357
 10
15769.226339488801
 20
13487.34567700357
 10
15767.75038961838
 20
13482.82162687399
 10
15767.75038961838
 20
13476.82162687399
 10
15767.75038961838
 20
13470.82162687399
 10
15767.75038961838
 20
13464.82162687399
 10
15767.75038961838
 20
13458.82162687399
 10
15767.75038961838
 20
13452.82162687399
 10
15767.75038961838
 20
13446.82162687399
 10
15767.75038961838
 20
13440.82162687399
 10
15765.593702729142
 20
13436.97831376323
 10
15759.593702729142
 20
13436.97831376323
 10
15753.593702729142
 20
13436.97831376323
 10
15747.593702729142
 20
13436.97831376323
 10
15741.593702729142
 20
13436.97831376323
 10
15735.593702729142
 20
13436.97831376323
 10
15729.593702729142
 20
13436.97831376323
 10
15723.593702729142
 20
13436.97831376323
 10
15717.593702729142
 20
13436.97831376323
 10
15711.593702729142
 20
13436.97831376323
 10
15705.593702729142
 20
13436.97831376323
 10
15699.593702729142
 20
13436.97831376323
 10
15693.593702729142
 20
13436.97831376323
 10
15687.593702729142
 20
13436.97831376323
 10
15681.593702729142
 20
13436.97831376323
 10
15675.593702729142
 20
13436.97831376323
 10
15669.593702729142
 20
13436.97831376323
 10
15663.593702729142
 20
13436.97831376323
 10
15657.593702729142
 20
13436.97831376323
 10
15651.593702729142
 20
13436.97831376323
 10
15647.75038961838
 20
13439.135000652466
 10
15647.75038961838
 20
13445.135000652466
 10
15647.75038961838
 20
13451.135000652466
 10
15647.75038961838
 20
13457.135000652466
 10
15647.75038961838
 20
13463.135000652466
 10
15647.75038961838
 20
13469.135000652466
 10
15647.75038961838
 20
13475.135000652466
 10
15647.75038961838
 20
13481.135000652466
 10
15647.75038961838
 20
13487.135000652466
 10
15641.961065969483
 20
13487.34567700357
  0
TEXT
  5
2E0
330
17
100
AcDbEntity
  8
FLOOR_1_FASCADE_COLUMNS
100
AcDbText
 10
15762.076487067836
 20
13430.97831376323
 30
0.0
 40
12.0
  1
29 FT
 50
180.0
 72
1
 11
15762.076487067836
 21
13430.97831376323
 31
0.0
100
AcDbText
 73
2
  0
LWPOLYLINE
  5
2E1
330
17
100
AcDbEntity
  8
FLOOR_1_FASCADE_COLUMNS
100
AcDbPolyline
 90
47
 70
0
 10
15641.961065969483
 20
13487.34567700357
 10
15635.961065969483
 20
13487.34567700357
 10
15629.961065969483
 20
13487.34567700357
 10
15623.961065969483
 20
13487.34567700357
 10
15617.961065969483
 20
13487.34567700357
 10
15611.961065969483
 20
13487.34567700357
 10
15605.961065969483
 20
13487.34567700357
 10
15599.961065969483
 20
13487.34567700357
 10
15593.961065969483
 20
13487.34567700357
 10
15587.961065969483
 20
13487.34567700357
 10
15581.961065969483
 20
13487.34567700357
 10
15575.961065969483
 20
13487.34567700357
 10
15569.961065969483
 20
13487.34567700357
 10
15563.961065969483
 20
13487.34567700357
 10
15557.961065969483
 20
13487.34567700357
 10
15551.961065969483
 20
13487.34567700357
 10
15545.961065969483
 20
13487.34567700357
 10
15539.961065969483
 20
13487.34567700357
 10
15533.961065969483
 20
13487.34567700357
 10
15527.961065969483
 20
13487.34567700357
 10
15521.961065969483
 20
13487.34567700357
 10
15515.961065969483
 20
13487.34567700357
 10
15509.961065969483
 20
13487.34567700357
 10
15503.961065969483
 20
13487.34567700357
 10
15497.961065969483
 20
13487.34567700357
 10
15491.961065969483
 20
13487.34567700357
 10
15485.961065969483
 20
13487.34567700357
 10
15479.961065969483
 20
13487.34567700357
 10
15473.961065969483
 20
13487.34567700357
 10
15467.961065969483
 20
13487.34567700357
 10
15461.961065969483
 20
13487.34567700357
 10
15455.961065969483
 20
13487.34567700357
 10
15449.961065969483
 20
13487.34567700357
 10
15443.961065969483
 20
13487.34567700357
 10
15437.961065969483
 20
13487.34567700357
 10
15431.961065969483
 20
13487.34567700357
 10
15425.961065969483
 20
13487.34567700357
 10
15419.961065969483
 20
13487.34567700357
 10
15413.961065969483
 20
13487.34567700357
 10
15407.961065969483
 20
13487.34567700357
 10
15401.961065969483
 20
13487.34567700357
 10
15395.961065969483
 20
13487.34567700357
 10
15389.961065969483
 20
13487.34567700357
 10
15383.961065969483
 20
13487.34567700357
 10
15377.961065969483
 20
13487.34567700357
 10
15371.961065969483
 20
13487.34567700357
 10
15365.961065969483
 20
13487.34567700357
  0
TEXT
  5
2E2
330
17
100
AcDbEntity
  8
FLOOR_1_FASCADE_COLUMNS
100
AcDbText
 10
15503.961065969483
 20
13481.34567700357
 30
0.0
 40
12.0
  1
23 FT
 50
180.0
 72
1
 11
15503.961065969483
 21
13481.34567700357
 31
0.0
100
AcDbText
 73
2
  0
LWPOLYLINE
  5
2E3
330
17
100
AcDbEntity
  8
FLOOR_1_FASCADE_COLUMNS
100
AcDbPolyline
 90
8
 70
0
 10
15365.961065969483
 20
13487.34567700357
 10
15359.961065969483
 20
13487.34567700357
 10
15353.961065969483
 20
13487.34567700357
 10
15347.961065969483
 20
13487.34567700357
 10
15344.023582400458
 20
13485.283160572595
 10
15344.023582400458
 20
13479.283160572595
 10
15344.023582400458
 20
13473.283160572595
 10
15344.023582400458
 20
13467.283160572595
  0
TEXT
  5
2E4
330
17
100
AcDbEntity
  8
FLOOR_1_FASCADE_COLUMNS
100
AcDbText
 10
15350.041531734929
 20
13481.886787568417
 30
0.0
 40
12.0
  1
4 FT
 50
-137.55610533795755
 72
1
 11
15350.041531734929
 21
13481.886787568417
 31
0.0
100
AcDbText
 73
2
  0
LWPOLYLINE
  5
2E5
330
17
100
AcDbEntity
  8
FLOOR_1_FASCADE_COLUMNS
100
AcDbPolyline
 90
9
 70
0
 10
15344.023582400458
 20
13467.283160572595
 10
15344.023582400458
 20
13461.283160572595
 10
15344.023582400458
 20
13455.283160572595
 10
15344.023582400458
 20
13449.283160572595
 10
15344.023582400458
 20
13443.283160572595
 10
15344.023582400458
 20
13437.283160572595
 10
15338.319063460303
 20
13436.98767951275
 10
15332.319063460303
 20
13436.98767951275
 10
15326.319063460303
 20
13436.98767951275
  0
TEXT
  5
2E6
330
17
100
AcDbEntity
  8
FLOOR_1_FASCADE_COLUMNS
100
AcDbText
 10
15349.2038611662
 20
13440.39974983516
 30
0.0
 40
12.0
  1
4 FT
 50
-120.30178929015473
 72
1
 11
15349.2038611662
 21
13440.39974983516
 31
0.0
100
AcDbText
 73
2
  0
LWPOLYLINE
  5
2E7
330
17
100
AcDbEntity
  8
FLOOR_1_FASCADE_COLUMNS
100
AcDbPolyline
 90
59
 70
0
 10
15326.319063460303
 20
13436.98767951275
 10
15320.319063460303
 20
13436.98767951275
 10
15314.319063460303
 20
13436.98767951275
 10
15308.319063460303
 20
13436.98767951275
 10
15302.319063460303
 20
13436.98767951275
 10
15296.319063460303
 20
13436.98767951275
 10
15290.319063460303
 20
13436.98767951275
 10
15284.319063460303
 20
13436.98767951275
 10
15278.319063460303
 20
13436.98767951275
 10
15272.319063460303
 20
13436.98767951275
 10
15266.319063460303
 20
13436.98767951275
 10
15260.319063460303
 20
13436.98767951275
 10
15254.319063460303
 20
13436.98767951275
 10
15248.319063460303
 20
13436.98767951275
 10
15242.319063460303
 20
13436.98767951275
 10
15236.319063460303
 20
13436.98767951275
 10
15230.319063460303
 20
13436.98767951275
 10
15224.319063460303
 20
13436.98767951275
 10
15224.02358240062
 20
13442.692198453064
 10
15224.02358240062
 20
13448.692198453064
 10
15224.02358240062
 20
13454.692198453064
 10
15224.02358240062
 20
13460.692198453064
 10
15224.02358240062
 20
13466.692198453064
 10
15224.02358240062
 20
13472.692198453064
 10
15224.02358240062
 20
13478.692198453064
 10
15224.02358240062
 20
13484.692198453064
 10
15220.677060951124
 20
13487.34567700357
 10
15214.677060951124
 20
13487.34567700357
 10
15208.697903633347
 20
13487.823052910546
 10
15202.812477286214
 20
13488.759808071263
 10
15197.174321561499
 20
13490.811928931218
 10
15192.140018876167
 20
13494.024040687145
 10
15187.513355340634
 20
13497.780067594942
 10
15183.656629682517
 20
13502.376334253659
 10
15180.905207997563
 20
13507.67675720283
 10
15178.819016949525
 20
13513.250280705484
 10
15177.922793405945
 20
13519.182968406682
 10
15174.175509261226
 20
13521.80155089419
 10
15173.358090216789
 20
13526.984131849753
 10
15173.358090216789
 20
13532.984131849753
 10
15173.358090216789
 20
13538.984131849753
 10
15173.358090216789
 20
13544.984131849753
 10
15173.358090216789
 20
13550.984131849753
 10
15173.358090216789
 20
13556.984131849753
 10
15173.358090216789
 20
13562.984131849753
 10
15173.358090216789
 20
13568.984131849753
 10
15173.358090216789
 20
13574.984131849753
 10
15173.358090216789
 20
13580.984131849753
 10
15173.358090216789
 20
13586.984131849753
 10
15173.358090216789
 20
13592.984131849753
 10
15173.358090216789
 20
13598.984131849753
 10
15173.358090216789
 20
13604.984131849753
 10
15173.358090216789
 20
13610.984131849753
 10
15173.358090216789
 20
13616.984131849753
 10
15173.358090216789
 20
13622.984131849753
 10
15173.358090216789
 20
13628.984131849753
 10
15173.358090216789
 20
13634.984131849753
 10
15173.358090216789
 20
13640.984131849753
 10
15173.358090216789
 20
13646.984131849753
  0
TEXT
  5
2E8
330
17
100
AcDbEntity
  8
FLOOR_1_FASCADE_COLUMNS
100
AcDbText
 10
15198.095111815972
 20
13485.206127692145
 30
0.0
 40
12.0
  1
29 FT
 50
126.0695158553605
 72
1
 11
15198.095111815972
 21
13485.206127692145
 31
0.0
100
AcDbText
 73
2
  0
LWPOLYLINE
  5
2E9
330
17
100
AcDbEntity
  8
FLOOR_1_FASCADE_COLUMNS
100
AcDbPolyline
 90
40
 70
0
 10
15173.358090216789
 20
13646.984131849753
 10
15173.358090216789
 20
13652.984131849753
 10
15173.358090216789
 20
13658.984131849753
 10
15173.358090216789
 20
13664.984131849753
 10
15173.358090216789
 20
13670.984131849753
 10
15173.358090216789
 20
13676.984131849753
 10
15173.358090216789
 20
13682.984131849753
 10
15173.358090216789
 20
13688.984131849753
 10
15173.358090216789
 20
13694.984131849753
 10
15173.358090216789
 20
13700.984131849753
 10
15173.358090216789
 20
13706.984131849753
 10
15173.358090216789
 20
13712.984131849753
 10
15173.358090216789
 20
13718.984131849753
 10
15173.358090216789
 20
13724.984131849753
 10
15173.358090216789
 20
13730.984131849753
 10
15173.358090216789
 20
13736.984131849753
 10
15173.70455551885
 20
13742.878940930363
 10
15177.040397766885
 20
13747.866140194099
 10
15180.37624001492
 20
13752.853339457837
 10
15183.712082262959
 20
13757.840538721572
 10
15187.047924510993
 20
13762.82773798531
 10
15190.38376675903
 20
13767.814937249044
 10
15193.719609007067
 20
13772.802136512782
 10
15197.0554512551
 20
13777.78933577652
 10
15200.391293503137
 20
13782.776535040257
 10
15203.727135751175
 20
13787.763734303995
 10
15207.062977999209
 20
13792.750933567731
 10
15210.398820247246
 20
13797.73813283147
 10
15213.734662495282
 20
13802.725332095204
 10
15217.070504743317
 20
13807.712531358942
 10
15220.406346991353
 20
13812.699730622677
 10
15223.74218923939
 20
13817.686929886415
 10
15227.078031487425
 20
13822.674129150153
 10
15230.413873735462
 20
13827.66132841389
 10
15233.749715983498
 20
13832.648527677627
 10
15237.085558231533
 20
13837.635726941364
 10
15240.421400479569
 20
13842.622926205102
 10
15243.757242727606
 20
13847.610125468836
 10
15247.09308497564
 20
13852.597324732575
 10
15250.428927223678
 20
13857.58452399631
  0
TEXT
  5
2EA
330
17
100
AcDbEntity
  8
FLOOR_1_FASCADE_COLUMNS
100
AcDbText
 10
15179.771869226826
 20
13762.435634079346
 30
0.0
 40
12.0
  1
20 FT
 50
69.89951109917966
 72
1
 11
15179.771869226826
 21
13762.435634079346
 31
0.0
100
AcDbText
 73
2
  0
LWPOLYLINE
  5
2EB
330
17
100
AcDbEntity
  8
FLOOR_1_FASCADE_COLUMNS
100
AcDbPolyline
 90
50
 70
0
 10
15250.428927223678
 20
13857.58452399631
 10
15253.764769471714
 20
13862.571723260047
 10
15257.100611719748
 20
13867.558922523784
 10
15260.436453967784
 20
13872.546121787522
 10
15263.772296215822
 20
13877.53332105126
 10
15267.108138463856
 20
13882.520520314996
 10
15270.443980711894
 20
13887.507719578734
 10
15273.77982295993
 20
13892.494918842469
 10
15277.115665207964
 20
13897.482118106207
 10
15280.451507456
 20
13902.469317369942
 10
15283.787349704038
 20
13907.45651663368
 10
15287.123191952072
 20
13912.443715897416
 10
15290.45903420011
 20
13917.430915161154
 10
15293.794876448146
 20
13922.418114424892
 10
15297.13071869618
 20
13927.405313688629
 10
15300.466560944216
 20
13932.392512952367
 10
15303.802403192254
 20
13937.379712216101
 10
15307.138245440288
 20
13942.36691147984
 10
15310.474087688326
 20
13947.354110743574
 10
15313.809929936362
 20
13952.341310007312
 10
15317.145772184396
 20
13957.328509271048
 10
15320.481614432432
 20
13962.315708534787
 10
15323.81745668047
 20
13967.302907798525
 10
15327.153298928504
 20
13972.290107062261
 10
15330.489141176542
 20
13977.277306326
 10
15333.824983424578
 20
13982.264505589734
 10
15337.160825672612
 20
13987.251704853472
 10
15340.496667920648
 20
13992.238904117206
 10
15343.832510168686
 20
13997.226103380945
 10
15347.16835241672
 20
14002.21330264468
 10
15350.504194664758
 20
14007.200501908419
 10
15353.840036912794
 20
14012.187701172157
 10
15357.175879160828
 20
14017.174900435894
 10
15360.511721408864
 20
14022.162099699632
 10
15363.847563656902
 20
14027.149298963366
 10
15367.183405904936
 20
14032.136498227104
 10
15370.519248152974
 20
14037.123697490839
 10
15373.85509040101
 20
14042.110896754577
 10
15377.190932649044
 20
14047.098096018313
 10
15380.52677489708
 20
14052.085295282051
 10
15383.862617145118
 20
14057.07249454579
 10
15387.198459393152
 20
14062.059693809526
 10
15390.53430164119
 20
14067.046893073264
 10
15393.870143889226
 20
14072.034092336999
 10
15397.20598613726
 20
14077.021291600737
 10
15400.541828385296
 20
14082.008490864471
 10
15403.877670633334
 20
14086.99569012821
 10
15407.213512881368
 20
14091.982889391946
 10
15410.549355129406
 20
14096.970088655684
 10
15413.885197377442
 20
14101.957287919422
  0
TEXT
  5
2EC
330
17
100
AcDbEntity
  8
FLOOR_1_FASCADE_COLUMNS
100
AcDbText
 10
15327.169863036823
 20
13983.106748205904
 30
0.0
 40
12.0
  1
25 FT
 50
56.22219241280311
 72
1
 11
15327.169863036823
 21
13983.106748205904
 31
0.0
100
AcDbText
 73
2
  0
LWPOLYLINE
  5
2ED
330
17
100
AcDbEntity
  8
FLOOR_1_FASCADE_COLUMNS
100
AcDbPolyline
 90
43
 70
0
 10
15413.885197377442
 20
14101.957287919422
 10
15417.221039625476
 20
14106.944487183158
 10
15420.556881873512
 20
14111.931686446896
 10
15423.89272412155
 20
14116.918885710631
 10
15427.228566369584
 20
14121.90608497437
 10
15430.564408617622
 20
14126.893284238104
 10
15433.900250865658
 20
14131.880483501842
 10
15437.236093113692
 20
14136.867682765578
 10
15440.571935361728
 20
14141.854882029316
 10
15443.907777609766
 20
14146.842081293054
 10
15447.2436198578
 20
14151.82928055679
 10
15450.579462105838
 20
14156.816479820529
 10
15453.915304353874
 20
14161.803679084263
 10
15457.251146601908
 20
14166.790878348002
 10
15460.586988849944
 20
14171.778077611736
 10
15463.922831097982
 20
14176.765276875474
 10
15467.258673346016
 20
14181.75247613921
 10
15470.594515594054
 20
14186.739675402949
 10
15473.93035784209
 20
14191.726874666687
 10
15477.266200090124
 20
14196.714073930423
 10
15480.60204233816
 20
14201.701273194161
 10
15483.937884586197
 20
14206.688472457896
 10
15487.273726834232
 20
14211.675671721634
 10
15490.60956908227
 20
14216.662870985368
 10
15493.945411330305
 20
14221.650070249107
 10
15497.28125357834
 20
14226.637269512843
 10
15500.617095826376
 20
14231.624468776581
 10
15503.952938074413
 20
14236.61166804032
 10
15507.288780322448
 20
14241.598867304056
 10
15510.624622570485
 20
14246.586066567794
 10
15513.960464818521
 20
14251.573265831528
 10
15517.296307066556
 20
14256.560465095266
 10
15520.632149314592
 20
14261.547664359001
 10
15523.96799156263
 20
14266.534863622739
 10
15527.303833810663
 20
14271.522062886475
 10
15530.639676058701
 20
14276.509262150214
 10
15533.975518306737
 20
14281.496461413952
 10
15537.311360554771
 20
14286.483660677688
 10
15540.647202802807
 20
14291.470859941426
 10
15543.983045050845
 20
14296.45805920516
 10
15547.31888729888
 20
14301.445258468899
 10
15550.654729546917
 20
14306.432457732633
 10
15553.990571794953
 20
14311.419656996371
  0
TEXT
  5
2EE
330
17
100
AcDbEntity
  8
FLOOR_1_FASCADE_COLUMNS
100
AcDbText
 10
15478.95068532246
 20
14210.024314705934
 30
0.0
 40
12.0
  1
21 FT
 50
56.22219241280291
 72
1
 11
15478.95068532246
 21
14210.024314705934
 31
0.0
100
AcDbText
 73
2
  0
LWPOLYLINE
  5
2EF
330
17
100
AcDbEntity
  8
FLOOR_1_FASCADE_COLUMNS
100
AcDbPolyline
 90
38
 70
0
 10
15553.990571794953
 20
14311.419656996371
 10
15557.326414042987
 20
14316.406856260108
 10
15560.662256291023
 20
14321.394055523846
 10
15563.998098539061
 20
14326.381254787584
 10
15567.333940787095
 20
14331.36845405132
 10
15570.669783035133
 20
14336.355653315059
 10
15574.00562528317
 20
14341.342852578793
 10
15577.341467531203
 20
14346.330051842531
 10
15580.67730977924
 20
14351.317251106266
 10
15584.013152027277
 20
14356.304450370004
 10
15587.348994275311
 20
14361.29164963374
 10
15590.684836523349
 20
14366.278848897478
 10
15594.020678771385
 20
14371.266048161217
 10
15597.35652101942
 20
14376.253247424953
 10
15600.692363267455
 20
14381.240446688691
 10
15604.028205515493
 20
14386.227645952426
 10
15607.364047763527
 20
14391.214845216164
 10
15610.699890011565
 20
14396.202044479898
 10
15614.035732259601
 20
14401.189243743636
 10
15617.371574507635
 20
14406.176443007373
 10
15620.707416755671
 20
14411.16364227111
 10
15624.043259003709
 20
14416.150841534849
 10
15627.995014390519
 20
14418.236348040668
 10
15632.342575201077
 20
14422.371407290364
 10
15636.749910904315
 20
14426.414226782534
 10
15642.30019106747
 20
14428.693347251148
 10
15647.850471230628
 20
14430.97246771976
 10
15653.597467252303
 20
14432.254658315778
 10
15659.597467252303
 20
14432.254658315778
 10
15665.51347873639
 20
14431.80674215464
 10
15671.105891853033
 20
14429.633055072101
 10
15676.698304969677
 20
14427.459367989562
 10
15681.791078065316
 20
14424.326195183174
 10
15686.778441215454
 20
14420.990597963984
 10
15691.76580436559
 20
14417.655000744799
 10
15696.75316751573
 20
14414.31940352561
 10
15701.740530665866
 20
14410.983806306424
 10
15705.91783632868
 20
14408.189983451917
  0
TEXT
  5
2F0
330
17
100
AcDbEntity
  8
FLOOR_1_FASCADE_COLUMNS
100
AcDbText
 10
15611.722799744926
 20
14407.611000968485
 30
0.0
 40
12.0
  1
19 FT
 50
32.49516699775859
 72
1
 11
15611.722799744926
 21
14407.611000968485
 31
0.0
100
AcDbText
 73
2
  0
CIRCLE
  5
2F7
330
17
100
AcDbEntity
  8
FLOOR_2_DATUM
100
AcDbCircle
 10
15173.358090216789
 20
10487.34567700358
 30
0.0
 40
24.0
  0
LINE
  5
2F8
330
17
100
AcDbEntity
  8
FLOOR_2_DATUM
100
AcDbLine
 10
15137.358090216789
 20
10487.34567700358
 30
0.0
 11
15209.358090216789
 21
10487.34567700358
 31
0.0
  0
LINE
  5
2F9
330
17
100
AcDbEntity
  8
FLOOR_2_DATUM
100
AcDbLine
 10
15173.358090216789
 20
10451.34567700358
 30
0.0
 11
15173.358090216789
 21
10523.34567700358
 31
0.0
  0
TEXT
  5
2FA
330
17
100
AcDbEntity
  8
FLOOR_2_DATUM
100
AcDbText
 10
15215.358090216789
 20
10481.34567700358
 30
0.0
 40
12.0
  1
DATUM·STACKED
100
AcDbText
  0
LWPOLYLINE
  5
2FB
330
17
100
AcDbEntity
  8
FLOOR_2_BOUNDARY
100
AcDbPolyline
 90
28
 70
1
 10
15214.15433521812
 20
10487.34567700358
 10
15204.33824652353
 20
10488.20447348452
 10
15196.243595165899
 20
10491.15068563545
 10
15188.563922665619
 20
10496.52805021113
 10
15183.026855030608
 20
10503.126870457589
 10
15179.06474584045
 20
10511.62364103569
 10
15177.527216326158
 20
10521.8015508942
 10
15173.358090216789
 20
10521.8015508942
 10
15173.358090216789
 20
10742.36096334903
 10
15626.073285179988
 20
11419.185800714247
 10
15627.78763492705
 20
11418.039104941377
 10
15636.474063176089
 20
11426.30095498631
 10
15650.972955157418
 20
11432.25465831578
 10
15664.361090136008
 20
11432.25465831578
 10
15677.672597994195
 20
11427.08067490703
 10
15705.91783632868
 20
11408.18998345191
 10
16248.34609754586
 20
11045.36808052906
 10
16274.73778402879
 20
11030.13083323377
 10
16274.73778402879
 20
10524.6024051985
 10
16274.73778402879
 20
10523.34567700357
 10
16272.56671837709
 20
10511.03295184385
 10
16269.91469856504
 20
10505.34567700357
 10
16264.19362815151
 20
10497.88983288086
 10
16259.386535737429
 20
10493.85620340917
 10
16253.952041451463
 20
10490.71859667026
 10
16248.055269652488
 20
10488.57234725717
 10
16238.73778402879
 20
10487.34567700358
 10
15214.15433521812
 20
10487.34567700358
  0
POINT
  5
2FC
330
17
100
AcDbEntity
  8
FLOOR_2_COLUMNS
100
AcDbPoint
 10
15994.167816893754
 20
10498.30667715691
 30
0.0
  0
POINT
  5
2FD
330
17
100
AcDbEntity
  8
FLOOR_2_COLUMNS
100
AcDbPoint
 10
15518.575162302159
 20
10492.30667715691
 30
0.0
  0
POINT
  5
2FE
330
17
100
AcDbEntity
  8
FLOOR_2_COLUMNS
100
AcDbPoint
 10
15178.805886818449
 20
10577.78647961822
 30
0.0
  0
POINT
  5
2FF
330
17
100
AcDbEntity
  8
FLOOR_2_COLUMNS
100
AcDbPoint
 10
16226.724280226994
 20
10492.30667715691
 30
0.0
  0
POINT
  5
300
330
17
100
AcDbEntity
  8
FLOOR_2_COLUMNS
100
AcDbPoint
 10
15178.66312308175
 20
10721.16096366294
 30
0.0
  0
POINT
  5
301
330
17
100
AcDbEntity
  8
FLOOR_2_COLUMNS
100
AcDbPoint
 10
15341.402175341209
 20
10982.800791725113
 30
0.0
  0
POINT
  5
302
330
17
100
AcDbEntity
  8
FLOOR_2_COLUMNS
100
AcDbPoint
 10
15497.489095697922
 20
11216.15612342279
 30
0.0
  0
POINT
  5
303
330
17
100
AcDbEntity
  8
FLOOR_2_COLUMNS
100
AcDbPoint
 10
15623.693877144062
 20
11404.836626368786
 30
0.0
  0
POINT
  5
304
330
17
100
AcDbEntity
  8
FLOOR_2_COLUMNS
100
AcDbPoint
 10
16237.050790616971
 20
11040.290954751385
 30
0.0
  0
POINT
  5
305
330
17
100
AcDbEntity
  8
FLOOR_2_COLUMNS
100
AcDbPoint
 10
16083.293031897048
 20
10640.5714578176
 30
0.0
  0
POINT
  5
306
330
17
100
AcDbEntity
  8
FLOOR_2_COLUMNS
100
AcDbPoint
 10
16251.79281689376
 20
10760.32540164778
 30
0.0
  0
POINT
  5
307
330
17
100
AcDbEntity
  8
FLOOR_2_COLUMNS
100
AcDbPoint
 10
15765.913123081762
 20
10492.30667715691
 30
0.0
  0
POINT
  5
308
330
17
100
AcDbEntity
  8
FLOOR_2_COLUMNS
100
AcDbPoint
 10
15957.29303189706
 20
10636.314174853858
 30
0.0
  0
POINT
  5
309
330
17
100
AcDbEntity
  8
FLOOR_2_COLUMNS
100
AcDbPoint
 10
15358.913123081747
 20
10642.57015852983
 30
0.0
  0
POINT
  5
30A
330
17
100
AcDbEntity
  8
FLOOR_2_COLUMNS
100
AcDbPoint
 10
15452.58950049769
 20
10827.85935904776
 30
0.0
  0
POINT
  5
30B
330
17
100
AcDbEntity
  8
FLOOR_2_COLUMNS
100
AcDbPoint
 10
16120.792816893718
 20
10815.564174855508
 30
0.0
  0
POINT
  5
30C
330
17
100
AcDbEntity
  8
FLOOR_2_COLUMNS
100
AcDbPoint
 10
16109.040765145724
 20
10987.674248894376
 30
0.0
  0
POINT
  5
30D
330
17
100
AcDbEntity
  8
FLOOR_2_COLUMNS
100
AcDbPoint
 10
15682.757754812617
 20
11079.901060463682
 30
0.0
  0
POINT
  5
30E
330
17
100
AcDbEntity
  8
FLOOR_2_COLUMNS
100
AcDbPoint
 10
16016.172591991093
 20
11154.34568809063
 30
0.0
  0
POINT
  5
30F
330
17
100
AcDbEntity
  8
FLOOR_2_COLUMNS
100
AcDbPoint
 10
15828.705048329964
 20
11313.87461818449
 30
0.0
  0
LWPOLYLINE
  5
311
330
17
100
AcDbEntity
  8
FLOOR_2_TRIBUTARY_COL_0
100
AcDbPolyline
 90
6
 70
1
 10
15878.828348005109
 20
10541.418765825645
 10
16022.27623733291
 20
10579.747191204444
 10
16111.187542678297
 20
10524.046552098049
 10
16110.240653275996
 20
10487.34567700358
 10
15880.249736225058
 20
10487.34567700358
 10
15878.828348005109
 20
10541.418765825645
  0
LWPOLYLINE
  5
312
330
17
100
AcDbEntity
  8
FLOOR_2_LARGE_TRIBUTARY
100
AcDbPolyline
 90
6
 70
1
 10
15878.828348005109
 20
10541.418765825645
 10
16022.27623733291
 20
10579.747191204444
 10
16111.187542678297
 20
10524.046552098049
 10
16110.240653275996
 20
10487.34567700358
 10
15880.249736225058
 20
10487.34567700358
 10
15878.828348005109
 20
10541.418765825645
  0
LWPOLYLINE
  5
314
330
17
100
AcDbEntity
  8
FLOOR_2_TRIBUTARY_COL_1
100
AcDbPolyline
 90
12
 70
1
 10
15522.688243607696
 20
10656.632986013055
 10
15542.263267476132
 20
10651.100401250089
 10
15589.702429333174
 20
10623.770418885506
 10
15599.855118800337
 20
10617.365280083122
 10
15609.73929805099
 20
10610.558717392865
 10
15619.354967085128
 20
10603.350730814738
 10
15628.702125902835
 20
10595.741320348676
 10
15637.780774504026
 20
10587.730485994744
 10
15642.24414269196
 20
10583.468690755475
 10
15642.24414269196
 20
10487.34567700358
 10
15363.366087081176
 20
10487.34567700358
 10
15522.688243607696
 20
10656.632986013055
  0
LWPOLYLINE
  5
315
330
17
100
AcDbEntity
  8
FLOOR_2_LARGE_TRIBUTARY
100
AcDbPolyline
 90
12
 70
1
 10
15522.688243607696
 20
10656.632986013055
 10
15542.263267476132
 20
10651.100401250089
 10
15589.702429333174
 20
10623.770418885506
 10
15599.855118800337
 20
10617.365280083122
 10
15609.73929805099
 20
10610.558717392865
 10
15619.354967085128
 20
10603.350730814738
 10
15628.702125902835
 20
10595.741320348676
 10
15637.780774504026
 20
10587.730485994744
 10
15642.24414269196
 20
10583.468690755475
 10
15642.24414269196
 20
10487.34567700358
 10
15363.366087081176
 20
10487.34567700358
 10
15522.688243607696
 20
10656.632986013055
  0
LWPOLYLINE
  5
317
330
17
100
AcDbEntity
  8
FLOOR_2_TRIBUTARY_COL_2
100
AcDbPolyline
 90
12
 70
1
 10
15254.697936416082
 20
10649.549361482641
 10
15313.041796616177
 20
10487.34567700358
 10
15214.15433521812
 20
10487.34567700358
 10
15204.33824652353
 20
10488.20447348452
 10
15196.243595165899
 20
10491.15068563545
 10
15188.563922665619
 20
10496.52805021113
 10
15183.026855030608
 20
10503.126870457589
 10
15179.06474584045
 20
10511.62364103569
 10
15177.527216326158
 20
10521.8015508942
 10
15173.358090216789
 20
10521.8015508942
 10
15173.358090216789
 20
10649.468368128326
 10
15254.697936416082
 20
10649.549361482641
  0
LWPOLYLINE
  5
318
330
17
100
AcDbEntity
  8
FLOOR_2_LARGE_TRIBUTARY
100
AcDbPolyline
 90
12
 70
1
 10
15254.697936416082
 20
10649.549361482641
 10
15313.041796616177
 20
10487.34567700358
 10
15214.15433521812
 20
10487.34567700358
 10
15204.33824652353
 20
10488.20447348452
 10
15196.243595165899
 20
10491.15068563545
 10
15188.563922665619
 20
10496.52805021113
 10
15183.026855030608
 20
10503.126870457589
 10
15179.06474584045
 20
10511.62364103569
 10
15177.527216326158
 20
10521.8015508942
 10
15173.358090216789
 20
10521.8015508942
 10
15173.358090216789
 20
10649.468368128326
 10
15254.697936416082
 20
10649.549361482641
  0
LWPOLYLINE
  5
31A
330
17
100
AcDbEntity
  8
FLOOR_2_TRIBUTARY_COL_3
100
AcDbPolyline
 90
14
 70
1
 10
16111.187542678297
 20
10524.046552098049
 10
16218.87428747234
 20
10628.222636030925
 10
16274.73778402879
 20
10622.99756784056
 10
16274.73778402879
 20
10524.6024051985
 10
16274.73778402879
 20
10523.34567700357
 10
16272.56671837709
 20
10511.03295184385
 10
16269.91469856504
 20
10505.34567700357
 10
16264.19362815151
 20
10497.88983288086
 10
16259.386535737429
 20
10493.85620340917
 10
16253.952041451463
 20
10490.71859667026
 10
16248.055269652488
 20
10488.57234725717
 10
16238.73778402879
 20
10487.34567700358
 10
16110.240653275996
 20
10487.34567700358
 10
16111.187542678297
 20
10524.046552098049
  0
LWPOLYLINE
  5
31B
330
17
100
AcDbEntity
  8
FLOOR_2_LARGE_TRIBUTARY
100
AcDbPolyline
 90
14
 70
1
 10
16111.187542678297
 20
10524.046552098049
 10
16218.87428747234
 20
10628.222636030925
 10
16274.73778402879
 20
10622.99756784056
 10
16274.73778402879
 20
10524.6024051985
 10
16274.73778402879
 20
10523.34567700357
 10
16272.56671837709
 20
10511.03295184385
 10
16269.91469856504
 20
10505.34567700357
 10
16264.19362815151
 20
10497.88983288086
 10
16259.386535737429
 20
10493.85620340917
 10
16253.952041451463
 20
10490.71859667026
 10
16248.055269652488
 20
10488.57234725717
 10
16238.73778402879
 20
10487.34567700358
 10
16110.240653275996
 20
10487.34567700358
 10
16111.187542678297
 20
10524.046552098049
  0
LWPOLYLINE
  5
31D
330
17
100
AcDbEntity
  8
FLOOR_2_TRIBUTARY_COL_4
100
AcDbPolyline
 90
7
 70
1
 10
15293.57744445484
 20
10831.116133107644
 10
15312.585679499465
 20
10782.31636486309
 10
15254.697936416082
 20
10649.549361482641
 10
15173.358090216789
 20
10649.468368128326
 10
15173.358090216789
 20
10742.36096334903
 10
15250.603622340586
 20
10857.845699223926
 10
15293.57744445484
 20
10831.116133107644
  0
LWPOLYLINE
  5
31E
330
17
100
AcDbEntity
  8
FLOOR_2_LARGE_TRIBUTARY
100
AcDbPolyline
 90
7
 70
1
 10
15293.57744445484
 20
10831.116133107644
 10
15312.585679499465
 20
10782.31636486309
 10
15254.697936416082
 20
10649.549361482641
 10
15173.358090216789
 20
10649.468368128326
 10
15173.358090216789
 20
10742.36096334903
 10
15250.603622340586
 20
10857.845699223926
 10
15293.57744445484
 20
10831.116133107644
  0
LWPOLYLINE
  5
320
330
17
100
AcDbEntity
  8
FLOOR_2_TRIBUTARY_COL_5
100
AcDbPolyline
 90
8
 70
1
 10
15509.913813468582
 20
11038.966022809274
 10
15518.46045556269
 20
11008.920339079767
 10
15515.882744017008
 20
10998.101520537635
 10
15513.33035032723
 20
10988.812737412289
 10
15293.57744445484
 20
10831.116133107644
 10
15250.603622340586
 20
10857.845699223926
 10
15414.458436255747
 20
11102.814299822043
 10
15509.913813468582
 20
11038.966022809274
  0
LWPOLYLINE
  5
321
330
17
100
AcDbEntity
  8
FLOOR_2_LARGE_TRIBUTARY
100
AcDbPolyline
 90
8
 70
1
 10
15509.913813468582
 20
11038.966022809274
 10
15518.46045556269
 20
11008.920339079767
 10
15515.882744017008
 20
10998.101520537635
 10
15513.33035032723
 20
10988.812737412289
 10
15293.57744445484
 20
10831.116133107644
 10
15250.603622340586
 20
10857.845699223926
 10
15414.458436255747
 20
11102.814299822043
 10
15509.913813468582
 20
11038.966022809274
  0
LWPOLYLINE
  5
323
330
17
100
AcDbEntity
  8
FLOOR_2_TRIBUTARY_COL_6
100
AcDbPolyline
 90
5
 70
1
 10
15660.474608467102
 20
11243.686464008515
 10
15509.913813468582
 20
11038.966022809274
 10
15414.458436255747
 20
11102.814299822043
 10
15555.604287157123
 20
11313.832217143914
 10
15660.474608467102
 20
11243.686464008515
  0
LWPOLYLINE
  5
324
330
17
100
AcDbEntity
  8
FLOOR_2_LARGE_TRIBUTARY
100
AcDbPolyline
 90
5
 70
1
 10
15660.474608467102
 20
11243.686464008515
 10
15509.913813468582
 20
11038.966022809274
 10
15414.458436255747
 20
11102.814299822043
 10
15555.604287157123
 20
11313.832217143914
 10
15660.474608467102
 20
11243.686464008515
  0
LWPOLYLINE
  5
326
330
17
100
AcDbEntity
  8
FLOOR_2_TRIBUTARY_COL_7
100
AcDbPolyline
 90
12
 70
1
 10
15676.141410306798
 20
11246.534234965013
 10
15660.474608467102
 20
11243.686464008515
 10
15555.604287157123
 20
11313.832217143914
 10
15626.073285179988
 20
11419.185800714247
 10
15627.78763492705
 20
11418.039104941377
 10
15636.474063176089
 20
11426.30095498631
 10
15650.972955157418
 20
11432.25465831578
 10
15664.361090136008
 20
11432.25465831578
 10
15677.672597994195
 20
11427.08067490703
 10
15705.91783632868
 20
11408.18998345191
 10
15738.266506091864
 20
11386.55245687067
 10
15676.141410306798
 20
11246.534234965013
  0
LWPOLYLINE
  5
327
330
17
100
AcDbEntity
  8
FLOOR_2_LARGE_TRIBUTARY
100
AcDbPolyline
 90
12
 70
1
 10
15676.141410306798
 20
11246.534234965013
 10
15660.474608467102
 20
11243.686464008515
 10
15555.604287157123
 20
11313.832217143914
 10
15626.073285179988
 20
11419.185800714247
 10
15627.78763492705
 20
11418.039104941377
 10
15636.474063176089
 20
11426.30095498631
 10
15650.972955157418
 20
11432.25465831578
 10
15664.361090136008
 20
11432.25465831578
 10
15677.672597994195
 20
11427.08067490703
 10
15705.91783632868
 20
11408.18998345191
 10
15738.266506091864
 20
11386.55245687067
 10
15676.141410306798
 20
11246.534234965013
  0
LWPOLYLINE
  5
329
330
17
100
AcDbEntity
  8
FLOOR_2_TRIBUTARY_COL_8
100
AcDbPolyline
 90
8
 70
1
 10
16233.429009603333
 20
10899.729335343924
 10
16216.38335257567
 20
10908.54757030344
 10
16133.393453192708
 20
11110.451869723864
 10
16137.924767888595
 20
11119.227205899151
 10
16248.34609754586
 20
11045.36808052906
 10
16274.73778402879
 20
11030.13083323377
 10
16274.73778402879
 20
10901.904513794598
 10
16233.429009603333
 20
10899.729335343924
  0
LWPOLYLINE
  5
32A
330
17
100
AcDbEntity
  8
FLOOR_2_LARGE_TRIBUTARY
100
AcDbPolyline
 90
8
 70
1
 10
16233.429009603333
 20
10899.729335343924
 10
16216.38335257567
 20
10908.54757030344
 10
16133.393453192708
 20
11110.451869723864
 10
16137.924767888595
 20
11119.227205899151
 10
16248.34609754586
 20
11045.36808052906
 10
16274.73778402879
 20
11030.13083323377
 10
16274.73778402879
 20
10901.904513794598
 10
16233.429009603333
 20
10899.729335343924
  0
LWPOLYLINE
  5
32C
330
17
100
AcDbEntity
  8
FLOOR_2_TRIBUTARY_COL_9
100
AcDbPolyline
 90
6
 70
1
 10
16016.646469793002
 20
10746.367713276682
 10
16156.154876867458
 20
10716.47198184812
 10
16218.87428747234
 20
10628.222636030925
 10
16111.187542678297
 20
10524.046552098049
 10
16022.27623733291
 20
10579.747191204444
 10
16016.646469793002
 20
10746.367713276682
  0
LWPOLYLINE
  5
32D
330
17
100
AcDbEntity
  8
FLOOR_2_LARGE_TRIBUTARY
100
AcDbPolyline
 90
6
 70
1
 10
16016.646469793002
 20
10746.367713276682
 10
16156.154876867458
 20
10716.47198184812
 10
16218.87428747234
 20
10628.222636030925
 10
16111.187542678297
 20
10524.046552098049
 10
16022.27623733291
 20
10579.747191204444
 10
16016.646469793002
 20
10746.367713276682
  0
LWPOLYLINE
  5
32F
330
17
100
AcDbEntity
  8
FLOOR_2_TRIBUTARY_COL_10
100
AcDbPolyline
 90
6
 70
1
 10
16218.87428747234
 20
10628.222636030925
 10
16156.154876867458
 20
10716.47198184812
 10
16233.429009603333
 20
10899.729335343924
 10
16274.73778402879
 20
10901.904513794598
 10
16274.73778402879
 20
10622.99756784056
 10
16218.87428747234
 20
10628.222636030925
  0
LWPOLYLINE
  5
330
330
17
100
AcDbEntity
  8
FLOOR_2_LARGE_TRIBUTARY
100
AcDbPolyline
 90
6
 70
1
 10
16218.87428747234
 20
10628.222636030925
 10
16156.154876867458
 20
10716.47198184812
 10
16233.429009603333
 20
10899.729335343924
 10
16274.73778402879
 20
10901.904513794598
 10
16274.73778402879
 20
10622.99756784056
 10
16218.87428747234
 20
10628.222636030925
  0
LWPOLYLINE
  5
332
330
17
100
AcDbEntity
  8
FLOOR_2_TRIBUTARY_COL_11
100
AcDbPolyline
 90
8
 70
1
 10
15642.24414269196
 20
10583.468690755475
 10
15650.311641730714
 20
10584.880732811756
 10
15666.164694438261
 20
10586.99766070872
 10
15833.295308692574
 20
10601.930260373345
 10
15878.828348005109
 20
10541.418765825645
 10
15880.249736225058
 20
10487.34567700358
 10
15642.24414269196
 20
10487.34567700358
 10
15642.24414269196
 20
10583.468690755475
  0
LWPOLYLINE
  5
333
330
17
100
AcDbEntity
  8
FLOOR_2_LARGE_TRIBUTARY
100
AcDbPolyline
 90
8
 70
1
 10
15642.24414269196
 20
10583.468690755475
 10
15650.311641730714
 20
10584.880732811756
 10
15666.164694438261
 20
10586.99766070872
 10
15833.295308692574
 20
10601.930260373345
 10
15878.828348005109
 20
10541.418765825645
 10
15880.249736225058
 20
10487.34567700358
 10
15642.24414269196
 20
10487.34567700358
 10
15642.24414269196
 20
10583.468690755475
  0
LWPOLYLINE
  5
335
330
17
100
AcDbEntity
  8
FLOOR_2_TRIBUTARY_COL_12
100
AcDbPolyline
 90
8
 70
1
 10
15837.18433637825
 20
10615.181365466473
 10
15880.338627936742
 20
10742.291035672286
 10
15979.480317347085
 20
10780.268175948955
 10
16016.646469793002
 20
10746.367713276682
 10
16022.27623733291
 20
10579.747191204444
 10
15878.828348005109
 20
10541.418765825645
 10
15833.295308692574
 20
10601.930260373345
 10
15837.18433637825
 20
10615.181365466473
  0
LWPOLYLINE
  5
336
330
17
100
AcDbEntity
  8
FLOOR_2_LARGE_TRIBUTARY
100
AcDbPolyline
 90
8
 70
1
 10
15837.18433637825
 20
10615.181365466473
 10
15880.338627936742
 20
10742.291035672286
 10
15979.480317347085
 20
10780.268175948955
 10
16016.646469793002
 20
10746.367713276682
 10
16022.27623733291
 20
10579.747191204444
 10
15878.828348005109
 20
10541.418765825645
 10
15833.295308692574
 20
10601.930260373345
 10
15837.18433637825
 20
10615.181365466473
  0
LWPOLYLINE
  5
338
330
17
100
AcDbEntity
  8
FLOOR_2_TRIBUTARY_COL_13
100
AcDbPolyline
 90
7
 70
1
 10
15312.585679499465
 20
10782.31636486309
 10
15504.514097935305
 20
10685.283408209467
 10
15522.688243607696
 20
10656.632986013055
 10
15363.366087081176
 20
10487.34567700358
 10
15313.041796616177
 20
10487.34567700358
 10
15254.697936416082
 20
10649.549361482641
 10
15312.585679499465
 20
10782.31636486309
  0
LWPOLYLINE
  5
339
330
17
100
AcDbEntity
  8
FLOOR_2_LARGE_TRIBUTARY
100
AcDbPolyline
 90
7
 70
1
 10
15312.585679499465
 20
10782.31636486309
 10
15504.514097935305
 20
10685.283408209467
 10
15522.688243607696
 20
10656.632986013055
 10
15363.366087081176
 20
10487.34567700358
 10
15313.041796616177
 20
10487.34567700358
 10
15254.697936416082
 20
10649.549361482641
 10
15312.585679499465
 20
10782.31636486309
  0
LWPOLYLINE
  5
33B
330
17
100
AcDbEntity
  8
FLOOR_2_TRIBUTARY_COL_14
100
AcDbPolyline
 90
15
 70
1
 10
15293.57744445484
 20
10831.116133107644
 10
15513.33035032723
 20
10988.812737412289
 10
15514.791149792254
 20
10984.39470630138
 10
15520.020260764702
 20
10966.460093190555
 10
15524.349470247747
 20
10949.127406982749
 10
15527.778778241402
 20
10932.396647677926
 10
15530.308184745663
 20
10916.26781527609
 10
15531.937689760533
 20
10900.740909777232
 10
15532.66729328601
 20
10885.815931181383
 10
15532.496995322097
 20
10871.492879488475
 10
15531.426795868792
 20
10857.771754698571
 10
15509.294458085315
 20
10710.389195364296
 10
15504.514097935305
 20
10685.283408209467
 10
15312.585679499465
 20
10782.31636486309
 10
15293.57744445484
 20
10831.116133107644
  0
LWPOLYLINE
  5
33C
330
17
100
AcDbEntity
  8
FLOOR_2_LARGE_TRIBUTARY
100
AcDbPolyline
 90
15
 70
1
 10
15293.57744445484
 20
10831.116133107644
 10
15513.33035032723
 20
10988.812737412289
 10
15514.791149792254
 20
10984.39470630138
 10
15520.020260764702
 20
10966.460093190555
 10
15524.349470247747
 20
10949.127406982749
 10
15527.778778241402
 20
10932.396647677926
 10
15530.308184745663
 20
10916.26781527609
 10
15531.937689760533
 20
10900.740909777232
 10
15532.66729328601
 20
10885.815931181383
 10
15532.496995322097
 20
10871.492879488475
 10
15531.426795868792
 20
10857.771754698571
 10
15509.294458085315
 20
10710.389195364296
 10
15504.514097935305
 20
10685.283408209467
 10
15312.585679499465
 20
10782.31636486309
 10
15293.57744445484
 20
10831.116133107644
  0
LWPOLYLINE
  5
33E
330
17
100
AcDbEntity
  8
FLOOR_2_TRIBUTARY_COL_15
100
AcDbPolyline
 90
8
 70
1
 10
16005.081739601697
 20
10894.119434681674
 10
16216.38335257567
 20
10908.54757030344
 10
16233.429009603333
 20
10899.729335343924
 10
16156.154876867458
 20
10716.47198184812
 10
16016.646469793002
 20
10746.367713276682
 10
15979.480317347085
 20
10780.268175948955
 10
16004.652691133286
 20
10892.448261624795
 10
16005.081739601697
 20
10894.119434681674
  0
LWPOLYLINE
  5
33F
330
17
100
AcDbEntity
  8
FLOOR_2_LARGE_TRIBUTARY
100
AcDbPolyline
 90
8
 70
1
 10
16005.081739601697
 20
10894.119434681674
 10
16216.38335257567
 20
10908.54757030344
 10
16233.429009603333
 20
10899.729335343924
 10
16156.154876867458
 20
10716.47198184812
 10
16016.646469793002
 20
10746.367713276682
 10
15979.480317347085
 20
10780.268175948955
 10
16004.652691133286
 20
10892.448261624795
 10
16005.081739601697
 20
10894.119434681674
  0
LWPOLYLINE
  5
341
330
17
100
AcDbEntity
  8
FLOOR_2_TRIBUTARY_COL_16
100
AcDbPolyline
 90
7
 70
1
 10
15969.609862751811
 20
11019.192785922212
 10
16133.393453192708
 20
11110.451869723864
 10
16216.38335257567
 20
10908.54757030344
 10
16005.081739601697
 20
10894.119434681674
 10
15969.389770196207
 20
10975.5066634238
 10
15969.159880486912
 20
10991.025151961256
 10
15969.609862751811
 20
11019.192785922212
  0
LWPOLYLINE
  5
342
330
17
100
AcDbEntity
  8
FLOOR_2_LARGE_TRIBUTARY
100
AcDbPolyline
 90
7
 70
1
 10
15969.609862751811
 20
11019.192785922212
 10
16133.393453192708
 20
11110.451869723864
 10
16216.38335257567
 20
10908.54757030344
 10
16005.081739601697
 20
10894.119434681674
 10
15969.389770196207
 20
10975.5066634238
 10
15969.159880486912
 20
10991.025151961256
 10
15969.609862751811
 20
11019.192785922212
  0
LWPOLYLINE
  5
344
330
17
100
AcDbEntity
  8
FLOOR_2_TRIBUTARY_COL_17
100
AcDbPolyline
 90
20
 70
1
 10
15518.46045556269
 20
11008.920339079767
 10
15509.913813468582
 20
11038.966022809274
 10
15660.474608467102
 20
11243.686464008515
 10
15676.141410306798
 20
11246.534234965013
 10
15784.963984028349
 20
11178.653230534572
 10
15734.890093774457
 20
11085.143736348331
 10
15714.17720253292
 20
11053.14663768929
 10
15706.192586114641
 20
11044.050434225474
 10
15696.745077428282
 20
11035.932731433904
 10
15685.834676473849
 20
11028.793529314587
 10
15673.461383251311
 20
11022.632827867503
 10
15659.62519776071
 20
11017.450627092676
 10
15644.326120002024
 20
11013.246926990094
 10
15627.564149975255
 20
11010.021727559757
 10
15609.339287680432
 20
11007.775028801672
 10
15589.651533117467
 20
11006.506830715827
 10
15568.500886286452
 20
11006.21713330223
 10
15545.88734718736
 20
11006.905936560883
 10
15521.81091582018
 20
11008.57324049178
 10
15518.46045556269
 20
11008.920339079767
  0
LWPOLYLINE
  5
345
330
17
100
AcDbEntity
  8
FLOOR_2_LARGE_TRIBUTARY
100
AcDbPolyline
 90
20
 70
1
 10
15518.46045556269
 20
11008.920339079767
 10
15509.913813468582
 20
11038.966022809274
 10
15660.474608467102
 20
11243.686464008515
 10
15676.141410306798
 20
11246.534234965013
 10
15784.963984028349
 20
11178.653230534572
 10
15734.890093774457
 20
11085.143736348331
 10
15714.17720253292
 20
11053.14663768929
 10
15706.192586114641
 20
11044.050434225474
 10
15696.745077428282
 20
11035.932731433904
 10
15685.834676473849
 20
11028.793529314587
 10
15673.461383251311
 20
11022.632827867503
 10
15659.62519776071
 20
11017.450627092676
 10
15644.326120002024
 20
11013.246926990094
 10
15627.564149975255
 20
11010.021727559757
 10
15609.339287680432
 20
11007.775028801672
 10
15589.651533117467
 20
11006.506830715827
 10
15568.500886286452
 20
11006.21713330223
 10
15545.88734718736
 20
11006.905936560883
 10
15521.81091582018
 20
11008.57324049178
 10
15518.46045556269
 20
11008.920339079767
  0
LWPOLYLINE
  5
347
330
17
100
AcDbEntity
  8
FLOOR_2_TRIBUTARY_COL_18
100
AcDbPolyline
 90
12
 70
1
 10
15859.607983400037
 20
11160.275629037558
 10
15938.302171179444
 20
11252.751683849268
 10
16137.924767888595
 20
11119.227205899151
 10
16133.393453192708
 20
11110.451869723864
 10
15969.609862751811
 20
11019.192785922212
 10
15896.486844153942
 20
11103.463400293691
 10
15888.669667072212
 20
11113.36008903541
 10
15881.187827939233
 20
11123.75810150979
 10
15874.041326755
 20
11134.657437716836
 10
15867.230163519496
 20
11146.05809765657
 10
15860.75433823271
 20
11157.960081329014
 10
15859.607983400037
 20
11160.275629037558
  0
LWPOLYLINE
  5
348
330
17
100
AcDbEntity
  8
FLOOR_2_LARGE_TRIBUTARY
100
AcDbPolyline
 90
12
 70
1
 10
15859.607983400037
 20
11160.275629037558
 10
15938.302171179444
 20
11252.751683849268
 10
16137.924767888595
 20
11119.227205899151
 10
16133.393453192708
 20
11110.451869723864
 10
15969.609862751811
 20
11019.192785922212
 10
15896.486844153942
 20
11103.463400293691
 10
15888.669667072212
 20
11113.36008903541
 10
15881.187827939233
 20
11123.75810150979
 10
15874.041326755
 20
11134.657437716836
 10
15867.230163519496
 20
11146.05809765657
 10
15860.75433823271
 20
11157.960081329014
 10
15859.607983400037
 20
11160.275629037558
  0
LWPOLYLINE
  5
34A
330
17
100
AcDbEntity
  8
FLOOR_2_TRIBUTARY_COL_19
100
AcDbPolyline
 90
7
 70
1
 10
15859.607983400037
 20
11160.275629037558
 10
15849.315555260317
 20
11162.44253947066
 10
15784.963984028349
 20
11178.653230534572
 10
15676.141410306798
 20
11246.534234965013
 10
15738.266506091864
 20
11386.55245687067
 10
15938.302171179444
 20
11252.751683849268
 10
15859.607983400037
 20
11160.275629037558
  0
LWPOLYLINE
  5
34B
330
17
100
AcDbEntity
  8
FLOOR_2_LARGE_TRIBUTARY
100
AcDbPolyline
 90
7
 70
1
 10
15859.607983400037
 20
11160.275629037558
 10
15849.315555260317
 20
11162.44253947066
 10
15784.963984028349
 20
11178.653230534572
 10
15676.141410306798
 20
11246.534234965013
 10
15738.266506091864
 20
11386.55245687067
 10
15938.302171179444
 20
11252.751683849268
 10
15859.607983400037
 20
11160.275629037558
  0
LWPOLYLINE
  5
34D
330
17
100
AcDbEntity
  8
FLOOR_2_WALL_TRIBUTARY_8
100
AcDbPolyline
 90
67
 70
1
 10
15628.702125902835
 20
10595.741320348676
 10
15619.354967085128
 20
10603.350730814738
 10
15609.73929805099
 20
10610.558717392865
 10
15599.855118800337
 20
10617.365280083122
 10
15589.702429333174
 20
10623.770418885506
 10
15542.263267476132
 20
10651.100401250089
 10
15636.87840523044
 20
10775.55224892928
 10
15643.791409799169
 20
10788.026082968581
 10
15648.087756254346
 20
10799.589299702655
 10
15648.878921162515
 20
10803.205235888878
 10
15650.96064385416
 20
10806.691770381038
 10
15653.78198784202
 20
10810.217497794754
 10
15657.632328350239
 20
10816.666168908516
 10
15660.453672338099
 20
10820.191896322234
 10
15664.304012846313
 20
10826.640567435988
 10
15667.125356834169
 20
10830.1662948497
 10
15670.975697342386
 20
10836.614965963461
 10
15673.797041330243
 20
10840.14069337717
 10
15677.64738183846
 20
10846.589364490934
 10
15680.468725826317
 20
10850.115091904643
 10
15684.319066334534
 20
10856.563763018405
 10
15687.14041032239
 20
10860.089490432116
 10
15690.990750830606
 20
10866.538161545874
 10
15693.812094818464
 20
10870.063888959587
 10
15697.662435326685
 20
10876.512560073352
 10
15700.483779314543
 20
10880.038287487067
 10
15704.334119822757
 20
10886.486958600823
 10
15707.155463810614
 20
10890.012686014532
 10
15711.005804318833
 20
10896.461357128295
 10
15713.82714830669
 20
10899.987084542005
 10
15717.677488814905
 20
10906.435755655768
 10
15720.498832802761
 20
10909.961483069477
 10
15724.34917331098
 20
10916.410154183239
 10
15727.170517298837
 20
10919.935881596948
 10
15731.02085780705
 20
10926.384552710704
 10
15733.842201794916
 20
10929.910280124428
 10
15737.69254230313
 20
10936.358951238184
 10
15740.513886290986
 20
10939.884678651893
 10
15744.364226799204
 20
10946.333349765657
 10
15747.185587819393
 20
10949.85909846403
 10
15751.03591441233
 20
10956.30774620819
 10
15758.560874083763
 20
10965.711405282793
 10
15762.604732989006
 20
10969.57355353046
 10
15772.803185225672
 20
10969.093979940806
 10
15785.563813871704
 20
10966.587805610594
 10
15797.08835687918
 20
10962.233640599707
 10
15800.944371091442
 20
10959.909132693829
 10
15816.079580517157
 20
10953.62099833295
 10
15819.279663327266
 20
10951.704718737163
 10
15830.820079234069
 20
10947.374236720787
 10
15843.592771112331
 20
10944.886012395347
 10
15857.59773896203
 20
10944.24004576084
 10
15872.834982783188
 20
10945.436336817267
 10
15889.3045025758
 20
10948.474885564628
 10
15907.006298339864
 20
10953.355692002924
 10
15969.389770196207
 20
10975.5066634238
 10
16005.081739601697
 20
10894.119434681674
 10
16004.652691133286
 20
10892.448261624795
 10
15979.480317347085
 20
10780.268175948955
 10
15880.338627936742
 20
10742.291035672286
 10
15837.18433637825
 20
10615.181365466473
 10
15833.295308692574
 20
10601.930260373345
 10
15666.164694438261
 20
10586.99766070872
 10
15650.311641730714
 20
10584.880732811756
 10
15642.24414269196
 20
10583.468690755475
 10
15637.780774504026
 20
10587.730485994744
 10
15628.702125902835
 20
10595.741320348676
  0
LWPOLYLINE
  5
34E
330
17
100
AcDbEntity
  8
FLOOR_2_LARGE_TRIBUTARY
100
AcDbPolyline
 90
67
 70
1
 10
15628.702125902835
 20
10595.741320348676
 10
15619.354967085128
 20
10603.350730814738
 10
15609.73929805099
 20
10610.558717392865
 10
15599.855118800337
 20
10617.365280083122
 10
15589.702429333174
 20
10623.770418885506
 10
15542.263267476132
 20
10651.100401250089
 10
15636.87840523044
 20
10775.55224892928
 10
15643.791409799169
 20
10788.026082968581
 10
15648.087756254346
 20
10799.589299702655
 10
15648.878921162515
 20
10803.205235888878
 10
15650.96064385416
 20
10806.691770381038
 10
15653.78198784202
 20
10810.217497794754
 10
15657.632328350239
 20
10816.666168908516
 10
15660.453672338099
 20
10820.191896322234
 10
15664.304012846313
 20
10826.640567435988
 10
15667.125356834169
 20
10830.1662948497
 10
15670.975697342386
 20
10836.614965963461
 10
15673.797041330243
 20
10840.14069337717
 10
15677.64738183846
 20
10846.589364490934
 10
15680.468725826317
 20
10850.115091904643
 10
15684.319066334534
 20
10856.563763018405
 10
15687.14041032239
 20
10860.089490432116
 10
15690.990750830606
 20
10866.538161545874
 10
15693.812094818464
 20
10870.063888959587
 10
15697.662435326685
 20
10876.512560073352
 10
15700.483779314543
 20
10880.038287487067
 10
15704.334119822757
 20
10886.486958600823
 10
15707.155463810614
 20
10890.012686014532
 10
15711.005804318833
 20
10896.461357128295
 10
15713.82714830669
 20
10899.987084542005
 10
15717.677488814905
 20
10906.435755655768
 10
15720.498832802761
 20
10909.961483069477
 10
15724.34917331098
 20
10916.410154183239
 10
15727.170517298837
 20
10919.935881596948
 10
15731.02085780705
 20
10926.384552710704
 10
15733.842201794916
 20
10929.910280124428
 10
15737.69254230313
 20
10936.358951238184
 10
15740.513886290986
 20
10939.884678651893
 10
15744.364226799204
 20
10946.333349765657
 10
15747.185587819393
 20
10949.85909846403
 10
15751.03591441233
 20
10956.30774620819
 10
15758.560874083763
 20
10965.711405282793
 10
15762.604732989006
 20
10969.57355353046
 10
15772.803185225672
 20
10969.093979940806
 10
15785.563813871704
 20
10966.587805610594
 10
15797.08835687918
 20
10962.233640599707
 10
15800.944371091442
 20
10959.909132693829
 10
15816.079580517157
 20
10953.62099833295
 10
15819.279663327266
 20
10951.704718737163
 10
15830.820079234069
 20
10947.374236720787
 10
15843.592771112331
 20
10944.886012395347
 10
15857.59773896203
 20
10944.24004576084
 10
15872.834982783188
 20
10945.436336817267
 10
15889.3045025758
 20
10948.474885564628
 10
15907.006298339864
 20
10953.355692002924
 10
15969.389770196207
 20
10975.5066634238
 10
16005.081739601697
 20
10894.119434681674
 10
16004.652691133286
 20
10892.448261624795
 10
15979.480317347085
 20
10780.268175948955
 10
15880.338627936742
 20
10742.291035672286
 10
15837.18433637825
 20
10615.181365466473
 10
15833.295308692574
 20
10601.930260373345
 10
15666.164694438261
 20
10586.99766070872
 10
15650.311641730714
 20
10584.880732811756
 10
15642.24414269196
 20
10583.468690755475
 10
15637.780774504026
 20
10587.730485994744
 10
15628.702125902835
 20
10595.741320348676
  0
TEXT
  5
34F
330
17
100
AcDbEntity
  8
FLOOR_2_AREA_LABELS
100
AcDbText
 10
15786.05634001816
 20
10777.547916369105
 30
0.0
 40
24.0
  1
731 SF
 72
1
 11
15786.05634001816
 21
10777.547916369105
 31
0.0
100
AcDbText
 73
2
  0
LWPOLYLINE
  5
351
330
17
100
AcDbEntity
  8
FLOOR_2_WALL_TRIBUTARY_9
100
AcDbPolyline
 90
92
 70
1
 10
15542.263267476132
 20
10651.100401250089
 10
15522.688243607696
 20
10656.632986013055
 10
15504.514097935305
 20
10685.283408209467
 10
15509.294458085315
 20
10710.389195364296
 10
15531.426795868792
 20
10857.771754698571
 10
15532.496995322097
 20
10871.492879488475
 10
15532.66729328601
 20
10885.815931181383
 10
15531.937689760533
 20
10900.740909777232
 10
15530.308184745663
 20
10916.26781527609
 10
15527.778778241402
 20
10932.396647677926
 10
15524.349470247747
 20
10949.127406982749
 10
15520.020260764702
 20
10966.460093190555
 10
15514.791149792254
 20
10984.39470630138
 10
15513.33035032723
 20
10988.812737412289
 10
15515.882744017008
 20
10998.101520537635
 10
15518.46045556269
 20
11008.920339079767
 10
15521.81091582018
 20
11008.57324049178
 10
15545.88734718736
 20
11006.905936560883
 10
15568.500886286452
 20
11006.21713330223
 10
15589.651533117467
 20
11006.506830715827
 10
15609.339287680432
 20
11007.775028801672
 10
15627.564149975255
 20
11010.021727559757
 10
15644.326120002024
 20
11013.246926990094
 10
15659.62519776071
 20
11017.450627092676
 10
15673.461383251311
 20
11022.632827867503
 10
15685.834676473849
 20
11028.793529314587
 10
15696.745077428282
 20
11035.932731433904
 10
15706.192586114641
 20
11044.050434225474
 10
15714.17720253292
 20
11053.14663768929
 10
15734.890093774457
 20
11085.143736348331
 10
15784.963984028349
 20
11178.653230534572
 10
15849.315555260317
 20
11162.44253947066
 10
15859.607983400037
 20
11160.275629037558
 10
15860.75433823271
 20
11157.960081329014
 10
15867.230163519496
 20
11146.05809765657
 10
15874.041326755
 20
11134.657437716836
 10
15881.187827939233
 20
11123.75810150979
 10
15888.669667072212
 20
11113.36008903541
 10
15896.486844153942
 20
11103.463400293691
 10
15969.609862751811
 20
11019.192785922212
 10
15969.159880486912
 20
10991.025151961256
 10
15969.389770196207
 20
10975.5066634238
 10
15907.006298339864
 20
10953.355692002924
 10
15889.3045025758
 20
10948.474885564628
 10
15872.834982783188
 20
10945.436336817267
 10
15857.59773896203
 20
10944.24004576084
 10
15843.592771112331
 20
10944.886012395347
 10
15830.820079234069
 20
10947.374236720787
 10
15819.279663327266
 20
10951.704718737163
 10
15816.079580517157
 20
10953.62099833295
 10
15800.944371091442
 20
10959.909132693829
 10
15797.08835687918
 20
10962.233640599707
 10
15785.563813871704
 20
10966.587805610594
 10
15772.803185225672
 20
10969.093979940806
 10
15762.604732989006
 20
10969.57355353046
 10
15758.560874083763
 20
10965.711405282793
 10
15751.03591441233
 20
10956.30774620819
 10
15747.185587819393
 20
10949.85909846403
 10
15744.364226799204
 20
10946.333349765657
 10
15740.513886290986
 20
10939.884678651893
 10
15737.69254230313
 20
10936.358951238184
 10
15733.842201794916
 20
10929.910280124428
 10
15731.02085780705
 20
10926.384552710704
 10
15727.170517298837
 20
10919.935881596948
 10
15724.34917331098
 20
10916.410154183239
 10
15720.498832802761
 20
10909.961483069477
 10
15717.677488814905
 20
10906.435755655768
 10
15713.82714830669
 20
10899.987084542005
 10
15711.005804318833
 20
10896.461357128295
 10
15707.155463810614
 20
10890.012686014532
 10
15704.334119822757
 20
10886.486958600823
 10
15700.483779314543
 20
10880.038287487067
 10
15697.662435326685
 20
10876.512560073352
 10
15693.812094818464
 20
10870.063888959587
 10
15690.990750830606
 20
10866.538161545874
 10
15687.14041032239
 20
10860.089490432116
 10
15684.319066334534
 20
10856.563763018405
 10
15680.468725826317
 20
10850.115091904643
 10
15677.64738183846
 20
10846.589364490934
 10
15673.797041330243
 20
10840.14069337717
 10
15670.975697342386
 20
10836.614965963461
 10
15667.125356834169
 20
10830.1662948497
 10
15664.304012846313
 20
10826.640567435988
 10
15660.453672338099
 20
10820.191896322234
 10
15657.632328350239
 20
10816.666168908516
 10
15653.78198784202
 20
10810.217497794754
 10
15650.96064385416
 20
10806.691770381038
 10
15648.878921162515
 20
10803.205235888878
 10
15648.087756254346
 20
10799.589299702655
 10
15643.791409799169
 20
10788.026082968581
 10
15636.87840523044
 20
10775.55224892928
 10
15542.263267476132
 20
10651.100401250089
  0
LWPOLYLINE
  5
352
330
17
100
AcDbEntity
  8
FLOOR_2_LARGE_TRIBUTARY
100
AcDbPolyline
 90
92
 70
1
 10
15542.263267476132
 20
10651.100401250089
 10
15522.688243607696
 20
10656.632986013055
 10
15504.514097935305
 20
10685.283408209467
 10
15509.294458085315
 20
10710.389195364296
 10
15531.426795868792
 20
10857.771754698571
 10
15532.496995322097
 20
10871.492879488475
 10
15532.66729328601
 20
10885.815931181383
 10
15531.937689760533
 20
10900.740909777232
 10
15530.308184745663
 20
10916.26781527609
 10
15527.778778241402
 20
10932.396647677926
 10
15524.349470247747
 20
10949.127406982749
 10
15520.020260764702
 20
10966.460093190555
 10
15514.791149792254
 20
10984.39470630138
 10
15513.33035032723
 20
10988.812737412289
 10
15515.882744017008
 20
10998.101520537635
 10
15518.46045556269
 20
11008.920339079767
 10
15521.81091582018
 20
11008.57324049178
 10
15545.88734718736
 20
11006.905936560883
 10
15568.500886286452
 20
11006.21713330223
 10
15589.651533117467
 20
11006.506830715827
 10
15609.339287680432
 20
11007.775028801672
 10
15627.564149975255
 20
11010.021727559757
 10
15644.326120002024
 20
11013.246926990094
 10
15659.62519776071
 20
11017.450627092676
 10
15673.461383251311
 20
11022.632827867503
 10
15685.834676473849
 20
11028.793529314587
 10
15696.745077428282
 20
11035.932731433904
 10
15706.192586114641
 20
11044.050434225474
 10
15714.17720253292
 20
11053.14663768929
 10
15734.890093774457
 20
11085.143736348331
 10
15784.963984028349
 20
11178.653230534572
 10
15849.315555260317
 20
11162.44253947066
 10
15859.607983400037
 20
11160.275629037558
 10
15860.75433823271
 20
11157.960081329014
 10
15867.230163519496
 20
11146.05809765657
 10
15874.041326755
 20
11134.657437716836
 10
15881.187827939233
 20
11123.75810150979
 10
15888.669667072212
 20
11113.36008903541
 10
15896.486844153942
 20
11103.463400293691
 10
15969.609862751811
 20
11019.192785922212
 10
15969.159880486912
 20
10991.025151961256
 10
15969.389770196207
 20
10975.5066634238
 10
15907.006298339864
 20
10953.355692002924
 10
15889.3045025758
 20
10948.474885564628
 10
15872.834982783188
 20
10945.436336817267
 10
15857.59773896203
 20
10944.24004576084
 10
15843.592771112331
 20
10944.886012395347
 10
15830.820079234069
 20
10947.374236720787
 10
15819.279663327266
 20
10951.704718737163
 10
15816.079580517157
 20
10953.62099833295
 10
15800.944371091442
 20
10959.909132693829
 10
15797.08835687918
 20
10962.233640599707
 10
15785.563813871704
 20
10966.587805610594
 10
15772.803185225672
 20
10969.093979940806
 10
15762.604732989006
 20
10969.57355353046
 10
15758.560874083763
 20
10965.711405282793
 10
15751.03591441233
 20
10956.30774620819
 10
15747.185587819393
 20
10949.85909846403
 10
15744.364226799204
 20
10946.333349765657
 10
15740.513886290986
 20
10939.884678651893
 10
15737.69254230313
 20
10936.358951238184
 10
15733.842201794916
 20
10929.910280124428
 10
15731.02085780705
 20
10926.384552710704
 10
15727.170517298837
 20
10919.935881596948
 10
15724.34917331098
 20
10916.410154183239
 10
15720.498832802761
 20
10909.961483069477
 10
15717.677488814905
 20
10906.435755655768
 10
15713.82714830669
 20
10899.987084542005
 10
15711.005804318833
 20
10896.461357128295
 10
15707.155463810614
 20
10890.012686014532
 10
15704.334119822757
 20
10886.486958600823
 10
15700.483779314543
 20
10880.038287487067
 10
15697.662435326685
 20
10876.512560073352
 10
15693.812094818464
 20
10870.063888959587
 10
15690.990750830606
 20
10866.538161545874
 10
15687.14041032239
 20
10860.089490432116
 10
15684.319066334534
 20
10856.563763018405
 10
15680.468725826317
 20
10850.115091904643
 10
15677.64738183846
 20
10846.589364490934
 10
15673.797041330243
 20
10840.14069337717
 10
15670.975697342386
 20
10836.614965963461
 10
15667.125356834169
 20
10830.1662948497
 10
15664.304012846313
 20
10826.640567435988
 10
15660.453672338099
 20
10820.191896322234
 10
15657.632328350239
 20
10816.666168908516
 10
15653.78198784202
 20
10810.217497794754
 10
15650.96064385416
 20
10806.691770381038
 10
15648.878921162515
 20
10803.205235888878
 10
15648.087756254346
 20
10799.589299702655
 10
15643.791409799169
 20
10788.026082968581
 10
15636.87840523044
 20
10775.55224892928
 10
15542.263267476132
 20
10651.100401250089
  0
TEXT
  5
353
330
17
100
AcDbEntity
  8
FLOOR_2_AREA_LABELS
100
AcDbText
 10
15706.385656791083
 20
10949.654326788188
 30
0.0
 40
24.0
  1
636 SF
 72
1
 11
15706.385656791083
 21
10949.654326788188
 31
0.0
100
AcDbText
 73
2
  0
TEXT
  5
354
330
17
100
AcDbEntity
  8
FLOOR_2_AREA_LABELS
100
AcDbText
 10
15993.529938780379
 20
10523.74730340992
 30
0.0
 40
24.0
  1
113 SF
 72
1
 11
15993.529938780379
 21
10523.74730340992
 31
0.0
100
AcDbText
 73
2
  0
TEXT
  5
355
330
17
100
AcDbEntity
  8
FLOOR_2_AREA_LABELS
100
AcDbText
 10
15528.904190260815
 20
10551.770884642234
 30
0.0
 40
24.0
  1
209 SF
 72
1
 11
15528.904190260815
 21
10551.770884642234
 31
0.0
100
AcDbText
 73
2
  0
TEXT
  5
356
330
17
100
AcDbEntity
  8
FLOOR_2_AREA_LABELS
100
AcDbText
 10
15231.026307464774
 20
10562.765373963155
 30
0.0
 40
24.0
  1
122 SF
 72
1
 11
15231.026307464774
 21
10562.765373963155
 31
0.0
100
AcDbText
 73
2
  0
TEXT
  5
357
330
17
100
AcDbEntity
  8
FLOOR_2_AREA_LABELS
100
AcDbText
 10
16206.212585730127
 20
10546.414890467313
 30
0.0
 40
24.0
  1
119 SF
 72
1
 11
16206.212585730127
 21
10546.414890467313
 31
0.0
100
AcDbText
 73
2
  0
TEXT
  5
358
330
17
100
AcDbEntity
  8
FLOOR_2_AREA_LABELS
100
AcDbText
 10
15238.86981723129
 20
10743.662782220756
 30
0.0
 40
24.0
  1
134 SF
 72
1
 11
15238.86981723129
 21
10743.662782220756
 31
0.0
100
AcDbText
 73
2
  0
TEXT
  5
359
330
17
100
AcDbEntity
  8
FLOOR_2_AREA_LABELS
100
AcDbText
 10
15391.559060829748
 20
10968.925466142551
 30
0.0
 40
24.0
  1
210 SF
 72
1
 11
15391.559060829748
 21
10968.925466142551
 31
0.0
100
AcDbText
 73
2
  0
TEXT
  5
35A
330
17
100
AcDbEntity
  8
FLOOR_2_AREA_LABELS
100
AcDbText
 10
15536.25525989568
 20
11176.452996611777
 30
0.0
 40
24.0
  1
213 SF
 72
1
 11
15536.25525989568
 21
11176.452996611777
 31
0.0
100
AcDbText
 73
2
  0
TEXT
  5
35B
330
17
100
AcDbEntity
  8
FLOOR_2_AREA_LABELS
100
AcDbText
 10
15651.325534385272
 20
11342.174787025511
 30
0.0
 40
24.0
  1
138 SF
 72
1
 11
15651.325534385272
 21
11342.174787025511
 31
0.0
100
AcDbText
 73
2
  0
TEXT
  5
35C
330
17
100
AcDbEntity
  8
FLOOR_2_AREA_LABELS
100
AcDbText
 10
16218.486194073042
 20
11001.396742752519
 30
0.0
 40
24.0
  1
108 SF
 72
1
 11
16218.486194073042
 21
11001.396742752519
 31
0.0
100
AcDbText
 73
2
  0
TEXT
  5
35D
330
17
100
AcDbEntity
  8
FLOOR_2_AREA_LABELS
100
AcDbText
 10
16102.051921963517
 20
10640.287835724379
 30
0.0
 40
24.0
  1
204 SF
 72
1
 11
16102.051921963517
 21
10640.287835724379
 31
0.0
100
AcDbText
 73
2
  0
TEXT
  5
35E
330
17
100
AcDbEntity
  8
FLOOR_2_AREA_LABELS
100
AcDbText
 10
16231.047979562707
 20
10752.95787800879
 30
0.0
 40
24.0
  1
157 SF
 72
1
 11
16231.047979562707
 21
10752.95787800879
 31
0.0
100
AcDbText
 73
2
  0
TEXT
  5
35F
330
17
100
AcDbEntity
  8
FLOOR_2_AREA_LABELS
100
AcDbText
 10
15758.592435313312
 20
10538.944367777658
 30
0.0
 40
24.0
  1
168 SF
 72
1
 11
15758.592435313312
 21
10538.944367777658
 31
0.0
100
AcDbText
 73
2
  0
TEXT
  5
360
330
17
100
AcDbEntity
  8
FLOOR_2_AREA_LABELS
100
AcDbText
 10
15936.414424159932
 20
10655.75109950724
 30
0.0
 40
24.0
  1
228 SF
 72
1
 11
15936.414424159932
 21
10655.75109950724
 31
0.0
100
AcDbText
 73
2
  0
TEXT
  5
361
330
17
100
AcDbEntity
  8
FLOOR_2_AREA_LABELS
100
AcDbText
 10
15370.197539032008
 20
10635.180474939596
 30
0.0
 40
24.0
  1
318 SF
 72
1
 11
15370.197539032008
 21
10635.180474939596
 31
0.0
100
AcDbText
 73
2
  0
TEXT
  5
362
330
17
100
AcDbEntity
  8
FLOOR_2_AREA_LABELS
100
AcDbText
 10
15438.891467025867
 20
10830.52723675149
 30
0.0
 40
24.0
  1
281 SF
 72
1
 11
15438.891467025867
 21
10830.52723675149
 31
0.0
100
AcDbText
 73
2
  0
TEXT
  5
363
330
17
100
AcDbEntity
  8
FLOOR_2_AREA_LABELS
100
AcDbText
 10
16101.193307052497
 20
10821.487340976108
 30
0.0
 40
24.0
  1
240 SF
 72
1
 11
16101.193307052497
 21
10821.487340976108
 31
0.0
100
AcDbText
 73
2
  0
TEXT
  5
364
330
17
100
AcDbEntity
  8
FLOOR_2_AREA_LABELS
100
AcDbText
 10
16086.925804232378
 20
10983.507860723337
 30
0.0
 40
24.0
  1
241 SF
 72
1
 11
16086.925804232378
 21
10983.507860723337
 31
0.0
100
AcDbText
 73
2
  0
TEXT
  5
365
330
17
100
AcDbEntity
  8
FLOOR_2_AREA_LABELS
100
AcDbText
 10
15651.095476650124
 20
11112.625211641383
 30
0.0
 40
24.0
  1
258 SF
 72
1
 11
15651.095476650124
 21
11112.625211641383
 31
0.0
100
AcDbText
 73
2
  0
TEXT
  5
366
330
17
100
AcDbEntity
  8
FLOOR_2_AREA_LABELS
100
AcDbText
 10
15984.324381481189
 20
11133.498045426537
 30
0.0
 40
24.0
  1
230 SF
 72
1
 11
15984.324381481189
 21
11133.498045426537
 31
0.0
100
AcDbText
 73
2
  0
TEXT
  5
367
330
17
100
AcDbEntity
  8
FLOOR_2_AREA_LABELS
100
AcDbText
 10
15798.949001451805
 20
11261.999600605752
 30
0.0
 40
24.0
  1
220 SF
 72
1
 11
15798.949001451805
 21
11261.999600605752
 31
0.0
100
AcDbText
 73
2
  0
LWPOLYLINE
  5
36A
330
17
100
AcDbEntity
  8
FLOOR_2_FASCADE_COLUMNS
100
AcDbPolyline
 90
32
 70
0
 10
15214.15433521812
 20
10487.34567700358
 10
15208.177167029571
 20
10487.868611460064
 10
15202.321275772212
 20
10488.938590801383
 10
15196.683120047494
 20
10490.99071166133
 10
15191.711827023373
 20
10494.323863850266
 10
15187.177353716197
 20
10498.180498737986
 10
15183.320628058074
 20
10502.776765396698
 10
15180.684294556911
 20
10508.150507605133
 10
15178.740937098068
 20
10513.767142126699
 10
15177.844713554487
 20
10519.699829827896
 10
15173.652783528236
 20
10521.8015508942
 10
15173.358090216789
 20
10527.506857582755
 10
15173.358090216789
 20
10533.506857582755
 10
15173.358090216789
 20
10539.506857582755
 10
15173.358090216789
 20
10545.506857582755
 10
15173.358090216789
 20
10551.506857582755
 10
15173.358090216789
 20
10557.506857582755
 10
15173.358090216789
 20
10563.506857582755
 10
15173.358090216789
 20
10569.506857582755
 10
15173.358090216789
 20
10575.506857582755
 10
15173.358090216789
 20
10581.506857582755
 10
15173.358090216789
 20
10587.506857582755
 10
15173.358090216789
 20
10593.506857582755
 10
15173.358090216789
 20
10599.506857582755
 10
15173.358090216789
 20
10605.506857582755
 10
15173.358090216789
 20
10611.506857582755
 10
15173.358090216789
 20
10617.506857582755
 10
15173.358090216789
 20
10623.506857582755
 10
15173.358090216789
 20
10629.506857582755
 10
15173.358090216789
 20
10635.506857582755
 10
15173.358090216789
 20
10641.506857582755
 10
15173.358090216789
 20
10647.506857582755
  0
TEXT
  5
36B
330
17
100
AcDbEntity
  8
FLOOR_2_FASCADE_COLUMNS
100
AcDbText
 10
15167.543749766744
 20
10553.914826603908
 30
0.0
 40
12.0
  1
16 FT
 50
104.29048384445368
 72
1
 11
15167.543749766744
 21
10553.914826603908
 31
0.0
100
AcDbText
 73
2
  0
LWPOLYLINE
  5
36C
330
17
100
AcDbEntity
  8
FLOOR_2_FASCADE_COLUMNS
100
AcDbPolyline
 90
40
 70
0
 10
15173.358090216789
 20
10647.506857582755
 10
15173.358090216789
 20
10653.506857582755
 10
15173.358090216789
 20
10659.506857582755
 10
15173.358090216789
 20
10665.506857582755
 10
15173.358090216789
 20
10671.506857582755
 10
15173.358090216789
 20
10677.506857582755
 10
15173.358090216789
 20
10683.506857582755
 10
15173.358090216789
 20
10689.506857582755
 10
15173.358090216789
 20
10695.506857582755
 10
15173.358090216789
 20
10701.506857582755
 10
15173.358090216789
 20
10707.506857582755
 10
15173.358090216789
 20
10713.506857582755
 10
15173.358090216789
 20
10719.506857582755
 10
15173.358090216789
 20
10725.506857582755
 10
15173.358090216789
 20
10731.506857582755
 10
15173.358090216789
 20
10737.506857582755
 10
15173.995177282897
 20
10743.31343049549
 10
15177.331019530933
 20
10748.300629759226
 10
15180.66686177897
 20
10753.287829022964
 10
15184.002704027003
 20
10758.2750282867
 10
15187.338546275041
 20
10763.262227550436
 10
15190.674388523079
 20
10768.249426814173
 10
15194.010230771113
 20
10773.23662607791
 10
15197.34607301915
 20
10778.223825341647
 10
15200.681915267185
 20
10783.211024605385
 10
15204.01775751522
 20
10788.198223869122
 10
15207.353599763257
 20
10793.185423132858
 10
15210.689442011295
 20
10798.172622396596
 10
15214.025284259329
 20
10803.159821660332
 10
15217.361126507365
 20
10808.147020924069
 10
15220.696968755401
 20
10813.134220187805
 10
15224.032811003435
 20
10818.121419451543
 10
15227.368653251473
 20
10823.10861871528
 10
15230.70449549951
 20
10828.095817979018
 10
15234.040337747545
 20
10833.083017242754
 10
15237.376179995581
 20
10838.07021650649
 10
15240.712022243617
 20
10843.057415770229
 10
15244.047864491651
 20
10848.044615033965
 10
15247.383706739689
 20
10853.031814297701
 10
15250.719548987727
 20
10858.019013561438
  0
TEXT
  5
36D
330
17
100
AcDbEntity
  8
FLOOR_2_FASCADE_COLUMNS
100
AcDbText
 10
15180.082954016896
 20
10762.904157240882
 30
0.0
 40
12.0
  1
20 FT
 50
69.82204160671941
 72
1
 11
15180.082954016896
 21
10762.904157240882
 31
0.0
100
AcDbText
 73
2
  0
LWPOLYLINE
  5
36E
330
17
100
AcDbEntity
  8
FLOOR_2_FASCADE_COLUMNS
100
AcDbPolyline
 90
50
 70
0
 10
15250.719548987727
 20
10858.019013561438
 10
15254.05539123576
 20
10863.006212825176
 10
15257.391233483797
 20
10867.993412088912
 10
15260.727075731833
 20
10872.98061135265
 10
15264.062917979867
 20
10877.967810616386
 10
15267.398760227905
 20
10882.955009880123
 10
15270.734602475943
 20
10887.942209143861
 10
15274.070444723977
 20
10892.929408407597
 10
15277.406286972013
 20
10897.916607671334
 10
15280.742129220049
 20
10902.90380693507
 10
15284.077971468083
 20
10907.891006198808
 10
15287.41381371612
 20
10912.878205462544
 10
15290.749655964159
 20
10917.865404726283
 10
15294.085498212193
 20
10922.852603990019
 10
15297.421340460229
 20
10927.839803253755
 10
15300.757182708265
 20
10932.827002517493
 10
15304.093024956299
 20
10937.81420178123
 10
15307.428867204337
 20
10942.801401044966
 10
15310.764709452375
 20
10947.788600308702
 10
15314.100551700409
 20
10952.77579957244
 10
15317.436393948445
 20
10957.762998836177
 10
15320.77223619648
 20
10962.750198099915
 10
15324.108078444515
 20
10967.737397363651
 10
15327.443920692553
 20
10972.724596627388
 10
15330.77976294059
 20
10977.711795891126
 10
15334.115605188625
 20
10982.698995154862
 10
15337.45144743666
 20
10987.686194418598
 10
15340.787289684697
 20
10992.673393682335
 10
15344.12313193273
 20
10997.660592946071
 10
15347.458974180769
 20
11002.64779220981
 10
15350.794816428806
 20
11007.634991473547
 10
15354.13065867684
 20
11012.622190737284
 10
15357.466500924877
 20
11017.60939000102
 10
15360.802343172913
 20
11022.596589264758
 10
15364.138185420947
 20
11027.583788528495
 10
15367.474027668984
 20
11032.57098779223
 10
15370.809869917022
 20
11037.558187055967
 10
15374.145712165056
 20
11042.545386319704
 10
15377.481554413092
 20
11047.532585583442
 10
15380.817396661128
 20
11052.51978484718
 10
15384.153238909163
 20
11057.506984110916
 10
15387.4890811572
 20
11062.494183374652
 10
15390.824923405238
 20
11067.48138263839
 10
15394.160765653272
 20
11072.468581902127
 10
15397.496607901308
 20
11077.455781165863
 10
15400.832450149344
 20
11082.4429804296
 10
15404.168292397379
 20
11087.430179693336
 10
15407.504134645416
 20
11092.417378957074
 10
15410.839976893454
 20
11097.404578220812
 10
15414.175819141488
 20
11102.391777484549
  0
TEXT
  5
36F
330
17
100
AcDbEntity
  8
FLOOR_2_FASCADE_COLUMNS
100
AcDbText
 10
15327.460484800868
 20
10983.541237771027
 30
0.0
 40
12.0
  1
25 FT
 50
56.2221924128034
 72
1
 11
15327.460484800868
 21
10983.541237771027
 31
0.0
100
AcDbText
 73
2
  0
LWPOLYLINE
  5
370
330
17
100
AcDbEntity
  8
FLOOR_2_FASCADE_COLUMNS
100
AcDbPolyline
 90
43
 70
0
 10
15414.175819141488
 20
11102.391777484549
 10
15417.511661389524
 20
11107.378976748285
 10
15420.84750363756
 20
11112.366176012023
 10
15424.183345885594
 20
11117.35337527576
 10
15427.519188133632
 20
11122.340574539496
 10
15430.85503038167
 20
11127.327773803232
 10
15434.190872629704
 20
11132.314973066968
 10
15437.52671487774
 20
11137.302172330707
 10
15440.862557125776
 20
11142.289371594445
 10
15444.19839937381
 20
11147.276570858181
 10
15447.534241621848
 20
11152.263770121917
 10
15450.870083869886
 20
11157.250969385655
 10
15454.20592611792
 20
11162.238168649392
 10
15457.541768365956
 20
11167.225367913128
 10
15460.877610613992
 20
11172.212567176864
 10
15464.213452862026
 20
11177.1997664406
 10
15467.549295110064
 20
11182.186965704339
 10
15470.885137358102
 20
11187.174164968077
 10
15474.220979606136
 20
11192.161364231813
 10
15477.556821854172
 20
11197.14856349555
 10
15480.892664102208
 20
11202.135762759288
 10
15484.228506350242
 20
11207.122962023024
 10
15487.56434859828
 20
11212.11016128676
 10
15490.900190846318
 20
11217.097360550497
 10
15494.236033094352
 20
11222.084559814233
 10
15497.571875342388
 20
11227.071759077971
 10
15500.907717590424
 20
11232.05895834171
 10
15504.243559838458
 20
11237.046157605446
 10
15507.579402086496
 20
11242.033356869182
 10
15510.915244334534
 20
11247.02055613292
 10
15514.251086582568
 20
11252.007755396657
 10
15517.586928830604
 20
11256.994954660393
 10
15520.92277107864
 20
11261.98215392413
 10
15524.258613326674
 20
11266.969353187866
 10
15527.594455574712
 20
11271.956552451604
 10
15530.93029782275
 20
11276.943751715342
 10
15534.266140070784
 20
11281.930950979078
 10
15537.60198231882
 20
11286.918150242815
 10
15540.937824566856
 20
11291.905349506553
 10
15544.27366681489
 20
11296.892548770289
 10
15547.609509062928
 20
11301.879748034025
 10
15550.945351310966
 20
11306.866947297762
 10
15554.281193559
 20
11311.854146561498
  0
TEXT
  5
371
330
17
100
AcDbEntity
  8
FLOOR_2_FASCADE_COLUMNS
100
AcDbText
 10
15479.241307086504
 20
11210.45880427106
 30
0.0
 40
12.0
  1
21 FT
 50
56.22219241280291
 72
1
 11
15479.241307086504
 21
11210.45880427106
 31
0.0
100
AcDbText
 73
2
  0
LWPOLYLINE
  5
372
330
17
100
AcDbEntity
  8
FLOOR_2_FASCADE_COLUMNS
100
AcDbPolyline
 90
44
 70
0
 10
15554.281193559
 20
11311.854146561498
 10
15557.617035807036
 20
11316.841345825236
 10
15560.952878055072
 20
11321.828545088974
 10
15564.288720303106
 20
11326.81574435271
 10
15567.624562551144
 20
11331.802943616447
 10
15570.960404799182
 20
11336.790142880185
 10
15574.296247047216
 20
11341.777342143921
 10
15577.632089295252
 20
11346.764541407658
 10
15580.967931543288
 20
11351.751740671394
 10
15584.303773791322
 20
11356.73893993513
 10
15587.63961603936
 20
11361.726139198869
 10
15590.975458287397
 20
11366.713338462607
 10
15594.311300535432
 20
11371.700537726343
 10
15597.647142783468
 20
11376.68773699008
 10
15600.982985031504
 20
11381.674936253818
 10
15604.318827279538
 20
11386.662135517554
 10
15607.654669527576
 20
11391.64933478129
 10
15610.990511775613
 20
11396.636534045027
 10
15614.326354023648
 20
11401.623733308763
 10
15617.662196271684
 20
11406.610932572501
 10
15620.99803851972
 20
11411.59813183624
 10
15624.333880767754
 20
11416.585331099976
 10
15628.37377804243
 20
11418.59659835355
 10
15632.721338852987
 20
11422.731657603248
 10
15637.23345661542
 20
11426.612785935458
 10
15642.783736778578
 20
11428.891906404073
 10
15648.334016941735
 20
11431.171026872687
 10
15654.120192985305
 20
11432.25465831578
 10
15660.120192985305
 20
11432.25465831578
 10
15666.000695110662
 20
11431.617368459052
 10
15671.593108227307
 20
11429.443681376519
 10
15677.185521343952
 20
11427.269994293983
 10
15682.225581908384
 20
11424.035594766283
 10
15687.21294505852
 20
11420.699997547092
 10
15692.200308208654
 20
11417.3644003279
 10
15697.18767135879
 20
11414.028803108713
 10
15702.175034508926
 20
11410.693205889522
 10
15707.16235463279
 20
11407.35754434133
 10
15712.149545362625
 20
11404.02168933485
 10
15717.13673609246
 20
11400.685834328371
 10
15722.123926822293
 20
11397.34997932189
 10
15727.111117552126
 20
11394.01412431541
 10
15732.09830828196
 20
11390.67826930893
 10
15737.085499011797
 20
11387.34241430245
  0
TEXT
  5
373
330
17
100
AcDbEntity
  8
FLOOR_2_FASCADE_COLUMNS
100
AcDbText
 10
15623.948248356855
 20
11423.079231119447
 30
0.0
 40
12.0
  1
22 FT
 50
22.43797164711464
 72
1
 11
15623.948248356855
 21
11423.079231119447
 31
0.0
100
AcDbText
 73
2
  0
LWPOLYLINE
  5
374
330
17
100
AcDbEntity
  8
FLOOR_2_FASCADE_COLUMNS
100
AcDbPolyline
 90
41
 70
0
 10
15737.085499011797
 20
11387.34241430245
 10
15742.072689741632
 20
11384.006559295969
 10
15747.059880471465
 20
11380.67070428949
 10
15752.047071201298
 20
11377.33484928301
 10
15757.034261931132
 20
11373.99899427653
 10
15762.021452660967
 20
11370.663139270051
 10
15767.0086433908
 20
11367.32728426357
 10
15771.995834120633
 20
11363.99142925709
 10
15776.983024850468
 20
11360.655574250612
 10
15781.970215580302
 20
11357.319719244131
 10
15786.957406310135
 20
11353.98386423765
 10
15791.944597039968
 20
11350.64800923117
 10
15796.931787769803
 20
11347.312154224692
 10
15801.918978499638
 20
11343.976299218211
 10
15806.90616922947
 20
11340.640444211731
 10
15811.893359959304
 20
11337.30458920525
 10
15816.88055068914
 20
11333.96873419877
 10
15821.867741418975
 20
11330.63287919229
 10
15826.85493214881
 20
11327.297024185811
 10
15831.842122878643
 20
11323.96116917933
 10
15836.829313608476
 20
11320.62531417285
 10
15841.81650433831
 20
11317.289459166372
 10
15846.803695068145
 20
11313.953604159891
 10
15851.790885797978
 20
11310.61774915341
 10
15856.778076527811
 20
11307.28189414693
 10
15861.765267257646
 20
11303.94603914045
 10
15866.75245798748
 20
11300.61018413397
 10
15871.739648717314
 20
11297.27432912749
 10
15876.726839447147
 20
11293.93847412101
 10
15881.714030176981
 20
11290.60261911453
 10
15886.701220906816
 20
11287.26676410805
 10
15891.68841163665
 20
11283.930909101571
 10
15896.675602366486
 20
11280.59505409509
 10
15901.662793096319
 20
11277.25919908861
 10
15906.649983826153
 20
11273.923344082132
 10
15911.637174555988
 20
11270.587489075651
 10
15916.624365285821
 20
11267.25163406917
 10
15921.611556015654
 20
11263.915779062692
 10
15926.598746745489
 20
11260.579924056212
 10
15931.585937475324
 20
11257.244069049731
 10
15936.573128205157
 20
11253.908214043251
  0
TEXT
  5
375
330
17
100
AcDbEntity
  8
FLOOR_2_FASCADE_COLUMNS
100
AcDbText
 10
15840.165168614956
 20
11325.612504902685
 30
0.0
 40
12.0
  1
20 FT
 50
-33.777954163578364
 72
1
 11
15840.165168614956
 21
11325.612504902685
 31
0.0
100
AcDbText
 73
2
  0
LWPOLYLINE
  5
376
330
17
100
AcDbEntity
  8
FLOOR_2_FASCADE_COLUMNS
100
AcDbPolyline
 90
41
 70
0
 10
15936.573128205157
 20
11253.908214043251
 10
15941.56031893499
 20
11250.57235903677
 10
15946.547509664824
 20
11247.23650403029
 10
15951.534700394659
 20
11243.90064902381
 10
15956.521891124492
 20
11240.564794017331
 10
15961.509081854325
 20
11237.22893901085
 10
15966.49627258416
 20
11233.89308400437
 10
15971.483463313994
 20
11230.557228997892
 10
15976.470654043827
 20
11227.221373991411
 10
15981.457844773664
 20
11223.885518984931
 10
15986.445035503497
 20
11220.54966397845
 10
15991.432226233332
 20
11217.21380897197
 10
15996.419416963166
 20
11213.87795396549
 10
16001.406607693
 20
11210.542098959011
 10
16006.393798422832
 20
11207.20624395253
 10
16011.380989152667
 20
11203.87038894605
 10
16016.368179882502
 20
11200.534533939572
 10
16021.355370612335
 20
11197.198678933091
 10
16026.342561342168
 20
11193.86282392661
 10
16031.329752072003
 20
11190.52696892013
 10
16036.316942801837
 20
11187.191113913652
 10
16041.30413353167
 20
11183.855258907171
 10
16046.291324261503
 20
11180.519403900691
 10
16051.278514991338
 20
11177.183548894212
 10
16056.265705721173
 20
11173.847693887732
 10
16061.252896451006
 20
11170.511838881252
 10
16066.240087180842
 20
11167.175983874771
 10
16071.227277910675
 20
11163.84012886829
 10
16076.21446864051
 20
11160.50427386181
 10
16081.201659370345
 20
11157.168418855332
 10
16086.188850100178
 20
11153.832563848851
 10
16091.17604083001
 20
11150.496708842371
 10
16096.163231559845
 20
11147.16085383589
 10
16101.15042228968
 20
11143.824998829412
 10
16106.137613019513
 20
11140.489143822932
 10
16111.124803749346
 20
11137.153288816451
 10
16116.11199447918
 20
11133.81743380997
 10
16121.099185209016
 20
11130.48157880349
 10
16126.086375938849
 20
11127.14572379701
 10
16131.073566668681
 20
11123.809868790531
 10
16136.060757398516
 20
11120.47401378405
  0
TEXT
  5
377
330
17
100
AcDbEntity
  8
FLOOR_2_FASCADE_COLUMNS
100
AcDbText
 10
16039.652797808318
 20
11192.178304643485
 30
0.0
 40
12.0
  1
20 FT
 50
-33.777954163578094
 72
1
 11
16039.652797808318
 21
11192.178304643485
 31
0.0
100
AcDbText
 73
2
  0
LWPOLYLINE
  5
378
330
17
100
AcDbEntity
  8
FLOOR_2_FASCADE_COLUMNS
100
AcDbPolyline
 90
50
 70
0
 10
16136.060757398516
 20
11120.47401378405
 10
16141.047948128351
 20
11117.13815877757
 10
16146.035138858188
 20
11113.802303771092
 10
16151.02232958802
 20
11110.466448764611
 10
16156.009520317853
 20
11107.130593758131
 10
16160.996711047688
 20
11103.794738751652
 10
16165.983901777523
 20
11100.458883745172
 10
16170.971092507356
 20
11097.123028738692
 10
16175.958283237189
 20
11093.787173732211
 10
16180.945473967024
 20
11090.451318725733
 10
16185.932664696858
 20
11087.115463719252
 10
16190.919855426691
 20
11083.779608712772
 10
16195.907046156524
 20
11080.443753706291
 10
16200.894236886359
 20
11077.10789869981
 10
16205.881427616194
 20
11073.77204369333
 10
16210.868618346027
 20
11070.436188686852
 10
16215.85580907586
 20
11067.100333680371
 10
16220.842999805694
 20
11063.764478673891
 10
16225.83019053553
 20
11060.428623667412
 10
16230.817381265366
 20
11057.092768660932
 10
16235.804571995199
 20
11053.756913654452
 10
16240.791762725032
 20
11050.421058647971
 10
16245.778953454866
 20
11047.08520364149
 10
16250.867543363092
 20
11043.912323107736
 10
16256.063695785797
 20
11040.912323107736
 10
16261.259848208503
 20
11037.912323107736
 10
16266.45600063121
 20
11034.912323107736
 10
16271.652153053914
 20
11031.912323107736
 10
16274.73778402879
 20
11027.693812981697
 10
16274.73778402879
 20
11021.693812981697
 10
16274.73778402879
 20
11015.693812981697
 10
16274.73778402879
 20
11009.693812981697
 10
16274.73778402879
 20
11003.693812981697
 10
16274.73778402879
 20
10997.693812981697
 10
16274.73778402879
 20
10991.693812981697
 10
16274.73778402879
 20
10985.693812981697
 10
16274.73778402879
 20
10979.693812981697
 10
16274.73778402879
 20
10973.693812981697
 10
16274.73778402879
 20
10967.693812981697
 10
16274.73778402879
 20
10961.693812981697
 10
16274.73778402879
 20
10955.693812981697
 10
16274.73778402879
 20
10949.693812981697
 10
16274.73778402879
 20
10943.693812981697
 10
16274.73778402879
 20
10937.693812981697
 10
16274.73778402879
 20
10931.693812981697
 10
16274.73778402879
 20
10925.693812981697
 10
16274.73778402879
 20
10919.693812981697
 10
16274.73778402879
 20
10913.693812981697
 10
16274.73778402879
 20
10907.693812981697
 10
16274.73778402879
 20
10901.693812981697
  0
TEXT
  5
379
330
17
100
AcDbEntity
  8
FLOOR_2_FASCADE_COLUMNS
100
AcDbText
 10
16263.395971063404
 20
11042.817102117722
 30
0.0
 40
12.0
  1
25 FT
 50
-57.63083617186728
 72
1
 11
16263.395971063404
 21
11042.817102117722
 31
0.0
100
AcDbText
 73
2
  0
LWPOLYLINE
  5
37A
330
17
100
AcDbEntity
  8
FLOOR_2_FASCADE_COLUMNS
100
AcDbPolyline
 90
47
 70
0
 10
16274.73778402879
 20
10901.693812981697
 10
16274.73778402879
 20
10895.693812981697
 10
16274.73778402879
 20
10889.693812981697
 10
16274.73778402879
 20
10883.693812981697
 10
16274.73778402879
 20
10877.693812981697
 10
16274.73778402879
 20
10871.693812981697
 10
16274.73778402879
 20
10865.693812981697
 10
16274.73778402879
 20
10859.693812981697
 10
16274.73778402879
 20
10853.693812981697
 10
16274.73778402879
 20
10847.693812981697
 10
16274.73778402879
 20
10841.693812981697
 10
16274.73778402879
 20
10835.693812981697
 10
16274.73778402879
 20
10829.693812981697
 10
16274.73778402879
 20
10823.693812981697
 10
16274.73778402879
 20
10817.693812981697
 10
16274.73778402879
 20
10811.693812981697
 10
16274.73778402879
 20
10805.693812981697
 10
16274.73778402879
 20
10799.693812981697
 10
16274.73778402879
 20
10793.693812981697
 10
16274.73778402879
 20
10787.693812981697
 10
16274.73778402879
 20
10781.693812981697
 10
16274.73778402879
 20
10775.693812981697
 10
16274.73778402879
 20
10769.693812981697
 10
16274.73778402879
 20
10763.693812981697
 10
16274.73778402879
 20
10757.693812981697
 10
16274.73778402879
 20
10751.693812981697
 10
16274.73778402879
 20
10745.693812981697
 10
16274.73778402879
 20
10739.693812981697
 10
16274.73778402879
 20
10733.693812981697
 10
16274.73778402879
 20
10727.693812981697
 10
16274.73778402879
 20
10721.693812981697
 10
16274.73778402879
 20
10715.693812981697
 10
16274.73778402879
 20
10709.693812981697
 10
16274.73778402879
 20
10703.693812981697
 10
16274.73778402879
 20
10697.693812981697
 10
16274.73778402879
 20
10691.693812981697
 10
16274.73778402879
 20
10685.693812981697
 10
16274.73778402879
 20
10679.693812981697
 10
16274.73778402879
 20
10673.693812981697
 10
16274.73778402879
 20
10667.693812981697
 10
16274.73778402879
 20
10661.693812981697
 10
16274.73778402879
 20
10655.693812981697
 10
16274.73778402879
 20
10649.693812981697
 10
16274.73778402879
 20
10643.693812981697
 10
16274.73778402879
 20
10637.693812981697
 10
16274.73778402879
 20
10631.693812981697
 10
16274.73778402879
 20
10625.693812981697
  0
TEXT
  5
37B
330
17
100
AcDbEntity
  8
FLOOR_2_FASCADE_COLUMNS
100
AcDbText
 10
16280.73778402879
 20
10763.693812981697
 30
0.0
 40
12.0
  1
23 FT
 50
-90.0
 72
1
 11
16280.73778402879
 21
10763.693812981697
 31
0.0
100
AcDbText
 73
2
  0
LWPOLYLINE
  5
37C
330
17
100
AcDbEntity
  8
FLOOR_2_FASCADE_COLUMNS
100
AcDbPolyline
 90
49
 70
0
 10
16274.73778402879
 20
10625.693812981697
 10
16274.73778402879
 20
10619.693812981697
 10
16274.73778402879
 20
10613.693812981697
 10
16274.73778402879
 20
10607.693812981697
 10
16274.73778402879
 20
10601.693812981697
 10
16274.73778402879
 20
10595.693812981697
 10
16274.73778402879
 20
10589.693812981697
 10
16274.73778402879
 20
10583.693812981697
 10
16274.73778402879
 20
10577.693812981697
 10
16274.73778402879
 20
10571.693812981697
 10
16274.73778402879
 20
10565.693812981697
 10
16274.73778402879
 20
10559.693812981697
 10
16274.73778402879
 20
10553.693812981697
 10
16274.73778402879
 20
10547.693812981697
 10
16274.73778402879
 20
10541.693812981697
 10
16274.73778402879
 20
10535.693812981697
 10
16274.73778402879
 20
10529.693812981697
 10
16274.73778402879
 20
10523.693812981697
 10
16273.756348140974
 20
10517.779677495859
 10
16272.714459074974
 20
10511.870830977787
 10
16270.390574439687
 20
10506.366196110055
 10
16266.947606468711
 20
10501.478887300083
 10
16263.062873080475
 20
10496.9410167178
 10
16258.346541042327
 20
10493.255762191999
 10
16253.082197163727
 20
10490.401999241078
 10
16247.410378910587
 20
10488.487445780327
 10
16241.461709742343
 20
10487.70428862701
 10
16235.48521438995
 20
10487.34567700358
 10
16229.48521438995
 20
10487.34567700358
 10
16223.48521438995
 20
10487.34567700358
 10
16217.48521438995
 20
10487.34567700358
 10
16211.48521438995
 20
10487.34567700358
 10
16205.48521438995
 20
10487.34567700358
 10
16199.48521438995
 20
10487.34567700358
 10
16193.48521438995
 20
10487.34567700358
 10
16187.48521438995
 20
10487.34567700358
 10
16181.48521438995
 20
10487.34567700358
 10
16175.48521438995
 20
10487.34567700358
 10
16169.48521438995
 20
10487.34567700358
 10
16163.48521438995
 20
10487.34567700358
 10
16157.48521438995
 20
10487.34567700358
 10
16151.48521438995
 20
10487.34567700358
 10
16145.48521438995
 20
10487.34567700358
 10
16139.48521438995
 20
10487.34567700358
 10
16133.48521438995
 20
10487.34567700358
 10
16127.48521438995
 20
10487.34567700358
 10
16121.48521438995
 20
10487.34567700358
 10
16115.48521438995
 20
10487.34567700358
 10
16109.48521438995
 20
10487.34567700358
  0
TEXT
  5
37D
330
17
100
AcDbEntity
  8
FLOOR_2_FASCADE_COLUMNS
100
AcDbText
 10
16256.896783707656
 20
10485.78892904884
 30
0.0
 40
12.0
  1
24 FT
 50
-140.0641983248225
 72
1
 11
16256.896783707656
 21
10485.78892904884
 31
0.0
100
AcDbText
 73
2
  0
LWPOLYLINE
  5
37E
330
17
100
AcDbEntity
  8
FLOOR_2_FASCADE_COLUMNS
100
AcDbPolyline
 90
39
 70
0
 10
16109.48521438995
 20
10487.34567700358
 10
16103.48521438995
 20
10487.34567700358
 10
16097.48521438995
 20
10487.34567700358
 10
16091.48521438995
 20
10487.34567700358
 10
16085.48521438995
 20
10487.34567700358
 10
16079.48521438995
 20
10487.34567700358
 10
16073.48521438995
 20
10487.34567700358
 10
16067.48521438995
 20
10487.34567700358
 10
16061.48521438995
 20
10487.34567700358
 10
16055.48521438995
 20
10487.34567700358
 10
16049.48521438995
 20
10487.34567700358
 10
16043.48521438995
 20
10487.34567700358
 10
16037.48521438995
 20
10487.34567700358
 10
16031.48521438995
 20
10487.34567700358
 10
16025.48521438995
 20
10487.34567700358
 10
16019.48521438995
 20
10487.34567700358
 10
16013.48521438995
 20
10487.34567700358
 10
16007.48521438995
 20
10487.34567700358
 10
16001.48521438995
 20
10487.34567700358
 10
15995.48521438995
 20
10487.34567700358
 10
15989.48521438995
 20
10487.34567700358
 10
15983.48521438995
 20
10487.34567700358
 10
15977.48521438995
 20
10487.34567700358
 10
15971.48521438995
 20
10487.34567700358
 10
15965.48521438995
 20
10487.34567700358
 10
15959.48521438995
 20
10487.34567700358
 10
15953.48521438995
 20
10487.34567700358
 10
15947.48521438995
 20
10487.34567700358
 10
15941.48521438995
 20
10487.34567700358
 10
15935.48521438995
 20
10487.34567700358
 10
15929.48521438995
 20
10487.34567700358
 10
15923.48521438995
 20
10487.34567700358
 10
15917.48521438995
 20
10487.34567700358
 10
15911.48521438995
 20
10487.34567700358
 10
15905.48521438995
 20
10487.34567700358
 10
15899.48521438995
 20
10487.34567700358
 10
15893.48521438995
 20
10487.34567700358
 10
15887.48521438995
 20
10487.34567700358
 10
15881.48521438995
 20
10487.34567700358
  0
TEXT
  5
37F
330
17
100
AcDbEntity
  8
FLOOR_2_FASCADE_COLUMNS
100
AcDbText
 10
15995.48521438995
 20
10481.34567700358
 30
0.0
 40
12.0
  1
19 FT
 50
180.0
 72
1
 11
15995.48521438995
 21
10481.34567700358
 31
0.0
100
AcDbText
 73
2
  0
LWPOLYLINE
  5
380
330
17
100
AcDbEntity
  8
FLOOR_2_FASCADE_COLUMNS
100
AcDbPolyline
 90
41
 70
0
 10
15881.48521438995
 20
10487.34567700358
 10
15875.48521438995
 20
10487.34567700358
 10
15869.48521438995
 20
10487.34567700358
 10
15863.48521438995
 20
10487.34567700358
 10
15857.48521438995
 20
10487.34567700358
 10
15851.48521438995
 20
10487.34567700358
 10
15845.48521438995
 20
10487.34567700358
 10
15839.48521438995
 20
10487.34567700358
 10
15833.48521438995
 20
10487.34567700358
 10
15827.48521438995
 20
10487.34567700358
 10
15821.48521438995
 20
10487.34567700358
 10
15815.48521438995
 20
10487.34567700358
 10
15809.48521438995
 20
10487.34567700358
 10
15803.48521438995
 20
10487.34567700358
 10
15797.48521438995
 20
10487.34567700358
 10
15791.48521438995
 20
10487.34567700358
 10
15785.48521438995
 20
10487.34567700358
 10
15779.48521438995
 20
10487.34567700358
 10
15773.48521438995
 20
10487.34567700358
 10
15767.48521438995
 20
10487.34567700358
 10
15761.48521438995
 20
10487.34567700358
 10
15755.48521438995
 20
10487.34567700358
 10
15749.48521438995
 20
10487.34567700358
 10
15743.48521438995
 20
10487.34567700358
 10
15737.48521438995
 20
10487.34567700358
 10
15731.48521438995
 20
10487.34567700358
 10
15725.48521438995
 20
10487.34567700358
 10
15719.48521438995
 20
10487.34567700358
 10
15713.48521438995
 20
10487.34567700358
 10
15707.48521438995
 20
10487.34567700358
 10
15701.48521438995
 20
10487.34567700358
 10
15695.48521438995
 20
10487.34567700358
 10
15689.48521438995
 20
10487.34567700358
 10
15683.48521438995
 20
10487.34567700358
 10
15677.48521438995
 20
10487.34567700358
 10
15671.48521438995
 20
10487.34567700358
 10
15665.48521438995
 20
10487.34567700358
 10
15659.48521438995
 20
10487.34567700358
 10
15653.48521438995
 20
10487.34567700358
 10
15647.48521438995
 20
10487.34567700358
 10
15641.48521438995
 20
10487.34567700358
  0
TEXT
  5
381
330
17
100
AcDbEntity
  8
FLOOR_2_FASCADE_COLUMNS
100
AcDbText
 10
15761.48521438995
 20
10481.34567700358
 30
0.0
 40
12.0
  1
20 FT
 50
180.0
 72
1
 11
15761.48521438995
 21
10481.34567700358
 31
0.0
100
AcDbText
 73
2
  0
LWPOLYLINE
  5
382
330
17
100
AcDbEntity
  8
FLOOR_2_FASCADE_COLUMNS
100
AcDbPolyline
 90
47
 70
0
 10
15641.48521438995
 20
10487.34567700358
 10
15635.48521438995
 20
10487.34567700358
 10
15629.48521438995
 20
10487.34567700358
 10
15623.48521438995
 20
10487.34567700358
 10
15617.48521438995
 20
10487.34567700358
 10
15611.48521438995
 20
10487.34567700358
 10
15605.48521438995
 20
10487.34567700358
 10
15599.48521438995
 20
10487.34567700358
 10
15593.48521438995
 20
10487.34567700358
 10
15587.48521438995
 20
10487.34567700358
 10
15581.48521438995
 20
10487.34567700358
 10
15575.48521438995
 20
10487.34567700358
 10
15569.48521438995
 20
10487.34567700358
 10
15563.48521438995
 20
10487.34567700358
 10
15557.48521438995
 20
10487.34567700358
 10
15551.48521438995
 20
10487.34567700358
 10
15545.48521438995
 20
10487.34567700358
 10
15539.48521438995
 20
10487.34567700358
 10
15533.48521438995
 20
10487.34567700358
 10
15527.48521438995
 20
10487.34567700358
 10
15521.48521438995
 20
10487.34567700358
 10
15515.48521438995
 20
10487.34567700358
 10
15509.48521438995
 20
10487.34567700358
 10
15503.48521438995
 20
10487.34567700358
 10
15497.48521438995
 20
10487.34567700358
 10
15491.48521438995
 20
10487.34567700358
 10
15485.48521438995
 20
10487.34567700358
 10
15479.48521438995
 20
10487.34567700358
 10
15473.48521438995
 20
10487.34567700358
 10
15467.48521438995
 20
10487.34567700358
 10
15461.48521438995
 20
10487.34567700358
 10
15455.48521438995
 20
10487.34567700358
 10
15449.48521438995
 20
10487.34567700358
 10
15443.48521438995
 20
10487.34567700358
 10
15437.48521438995
 20
10487.34567700358
 10
15431.48521438995
 20
10487.34567700358
 10
15425.48521438995
 20
10487.34567700358
 10
15419.48521438995
 20
10487.34567700358
 10
15413.48521438995
 20
10487.34567700358
 10
15407.48521438995
 20
10487.34567700358
 10
15401.48521438995
 20
10487.34567700358
 10
15395.48521438995
 20
10487.34567700358
 10
15389.48521438995
 20
10487.34567700358
 10
15383.48521438995
 20
10487.34567700358
 10
15377.48521438995
 20
10487.34567700358
 10
15371.48521438995
 20
10487.34567700358
 10
15365.48521438995
 20
10487.34567700358
  0
TEXT
  5
383
330
17
100
AcDbEntity
  8
FLOOR_2_FASCADE_COLUMNS
100
AcDbText
 10
15503.48521438995
 20
10481.34567700358
 30
0.0
 40
12.0
  1
23 FT
 50
180.0
 72
1
 11
15503.48521438995
 21
10481.34567700358
 31
0.0
100
AcDbText
 73
2
  0
LWPOLYLINE
  5
384
330
17
100
AcDbEntity
  8
FLOOR_2_FASCADE_COLUMNS
100
AcDbPolyline
 90
10
 70
0
 10
15365.48521438995
 20
10487.34567700358
 10
15359.48521438995
 20
10487.34567700358
 10
15353.48521438995
 20
10487.34567700358
 10
15347.48521438995
 20
10487.34567700358
 10
15341.48521438995
 20
10487.34567700358
 10
15335.48521438995
 20
10487.34567700358
 10
15329.48521438995
 20
10487.34567700358
 10
15323.48521438995
 20
10487.34567700358
 10
15317.48521438995
 20
10487.34567700358
 10
15311.48521438995
 20
10487.34567700358
  0
TEXT
  5
385
330
17
100
AcDbEntity
  8
FLOOR_2_FASCADE_COLUMNS
100
AcDbText
 10
15338.48521438995
 20
10481.34567700358
 30
0.0
 40
12.0
  1
5 FT
 50
180.0
 72
1
 11
15338.48521438995
 21
10481.34567700358
 31
0.0
100
AcDbText
 73
2
  0
LWPOLYLINE
  5
386
330
17
100
AcDbEntity
  8
FLOOR_2_FASCADE_COLUMNS
100
AcDbPolyline
 90
18
 70
0
 10
15311.48521438995
 20
10487.34567700358
 10
15305.48521438995
 20
10487.34567700358
 10
15299.48521438995
 20
10487.34567700358
 10
15293.48521438995
 20
10487.34567700358
 10
15287.48521438995
 20
10487.34567700358
 10
15281.48521438995
 20
10487.34567700358
 10
15275.48521438995
 20
10487.34567700358
 10
15269.48521438995
 20
10487.34567700358
 10
15263.48521438995
 20
10487.34567700358
 10
15257.48521438995
 20
10487.34567700358
 10
15251.48521438995
 20
10487.34567700358
 10
15245.48521438995
 20
10487.34567700358
 10
15239.48521438995
 20
10487.34567700358
 10
15233.48521438995
 20
10487.34567700358
 10
15227.48521438995
 20
10487.34567700358
 10
15221.48521438995
 20
10487.34567700358
 10
15215.48521438995
 20
10487.34567700358
 10
15214.15433521812
 20
10487.34567700358
  0
TEXT
  5
387
330
17
100
AcDbEntity
  8
FLOOR_2_FASCADE_COLUMNS
100
AcDbText
 10
15262.819774804035
 20
10481.34567700358
 30
0.0
 40
12.0
  1
9 FT
 50
180.0
 72
1
 11
15262.819774804035
 21
10481.34567700358
 31
0.0
100
AcDbText
 73
2
  0
CIRCLE
  5
38E
330
17
100
AcDbEntity
  8
FLOOR_3_DATUM
100
AcDbCircle
 10
15173.358090216789
 20
19486.95687188213
 30
0.0
 40
24.0
  0
LINE
  5
38F
330
17
100
AcDbEntity
  8
FLOOR_3_DATUM
100
AcDbLine
 10
15137.358090216789
 20
19486.95687188213
 30
0.0
 11
15209.358090216789
 21
19486.95687188213
 31
0.0
  0
LINE
  5
390
330
17
100
AcDbEntity
  8
FLOOR_3_DATUM
100
AcDbLine
 10
15173.358090216789
 20
19450.95687188213
 30
0.0
 11
15173.358090216789
 21
19522.95687188213
 31
0.0
  0
TEXT
  5
391
330
17
100
AcDbEntity
  8
FLOOR_3_DATUM
100
AcDbText
 10
15215.358090216789
 20
19480.95687188213
 30
0.0
 40
12.0
  1
DATUM·STACKED
100
AcDbText
  0
LWPOLYLINE
  5
392
330
17
100
AcDbEntity
  8
FLOOR_3_BOUNDARY
100
AcDbPolyline
 90
27
 70
1
 10
15509.54030938687
 20
19486.95687188213
 10
15498.50278671909
 20
19508.79922013157
 10
15498.50278671909
 20
19622.97783432019
 10
15194.268340343358
 20
19622.97783432019
 10
15173.358090216789
 20
19632.08125712161
 10
15173.358090216789
 20
19742.36096334903
 10
15590.2239738211
 20
20365.5898432556
 10
15616.018660223779
 20
20362.89943214363
 10
15748.447297702838
 20
20273.85471542329
 10
15777.792519384886
 20
20317.497368991157
 10
15814.82661937972
 20
20335.342577192285
 10
16039.643547759268
 20
20184.96599913401
 10
16041.303076429449
 20
20159.86648033681
 10
16006.14916573514
 20
20101.94859506841
 10
16101.633231432548
 20
20037.851380299435
 10
16127.152883169309
 20
19997.44952203705
 10
16127.152883169309
 20
19869.97533432019
 10
16261.293945209618
 20
19869.97533432019
 10
16274.73778402879
 20
19869.97533432019
 10
16275.151180589888
 20
19658.951601410197
 10
16261.29388717678
 20
19653.53764389656
 10
16119.299910542748
 20
19653.53764389656
 10
16097.487410542746
 20
19622.97783432019
 10
15943.502786719087
 20
19622.97783432019
 10
15943.502786719087
 20
19507.07489568632
 10
15935.537048613558
 20
19487.34567700357
 10
15509.54030938687
 20
19486.95687188213
  0
POINT
  5
393
330
17
100
AcDbEntity
  8
FLOOR_3_COLUMNS
100
AcDbPoint
 10
15178.66312308169
 20
19721.16096366299
 30
0.0
  0
POINT
  5
394
330
17
100
AcDbEntity
  8
FLOOR_3_COLUMNS
100
AcDbPoint
 10
15341.40217534115
 20
19982.800791725167
 30
0.0
  0
POINT
  5
395
330
17
100
AcDbEntity
  8
FLOOR_3_COLUMNS
100
AcDbPoint
 10
15497.489095697858
 20
20216.156123422847
 30
0.0
  0
POINT
  5
396
330
17
100
AcDbEntity
  8
FLOOR_3_COLUMNS
100
AcDbPoint
 10
15352.91312308169
 20
19636.31417485392
 30
0.0
  0
POINT
  5
397
330
17
100
AcDbEntity
  8
FLOOR_3_COLUMNS
100
AcDbPoint
 10
16095.293031896988
 20
19640.57145781765
 30
0.0
  0
POINT
  5
398
330
17
100
AcDbEntity
  8
FLOOR_3_COLUMNS
100
AcDbPoint
 10
16021.15979125477
 20
20151.00984584265
 30
0.0
  0
POINT
  5
399
330
17
100
AcDbEntity
  8
FLOOR_3_COLUMNS
100
AcDbPoint
 10
16112.04267108156
 20
19985.88888836586
 30
0.0
  0
POINT
  5
39A
330
17
100
AcDbEntity
  8
FLOOR_3_COLUMNS
100
AcDbPoint
 10
16252.789710812762
 20
19854.436674853907
 30
0.0
  0
POINT
  5
39B
330
17
100
AcDbEntity
  8
FLOOR_3_COLUMNS
100
AcDbPoint
 10
15530.575162302099
 20
19492.30667715696
 30
0.0
  0
POINT
  5
39C
330
17
100
AcDbEntity
  8
FLOOR_3_COLUMNS
100
AcDbPoint
 10
16253.573600882159
 20
19666.814174853924
 30
0.0
  0
POINT
  5
39D
330
17
100
AcDbEntity
  8
FLOOR_3_COLUMNS
100
AcDbPoint
 10
15573.100269715433
 20
20329.197437535506
 30
0.0
  0
POINT
  5
39E
330
17
100
AcDbEntity
  8
FLOOR_3_COLUMNS
100
AcDbPoint
 10
15765.9131230817
 20
19492.30667715696
 30
0.0
  0
POINT
  5
39F
330
17
100
AcDbEntity
  8
FLOOR_3_COLUMNS
100
AcDbPoint
 10
15957.293031896988
 20
19636.31417485392
 30
0.0
  0
POINT
  5
3A0
330
17
100
AcDbEntity
  8
FLOOR_3_COLUMNS
100
AcDbPoint
 10
15455.910734724937
 20
19831.08842626334
 30
0.0
  0
POINT
  5
3A1
330
17
100
AcDbEntity
  8
FLOOR_3_COLUMNS
100
AcDbPoint
 10
15682.757754812556
 20
20079.901060463733
 30
0.0
  0
POINT
  5
3A2
330
17
100
AcDbEntity
  8
FLOOR_3_COLUMNS
100
AcDbPoint
 10
15828.705048329908
 20
20313.874618184545
 30
0.0
  0
POINT
  5
3A3
330
17
100
AcDbEntity
  8
FLOOR_3_COLUMNS
100
AcDbPoint
 10
15912.219896998487
 20
19492.30667715696
 30
0.0
  0
POINT
  5
3A4
330
17
100
AcDbEntity
  8
FLOOR_3_COLUMNS
100
AcDbPoint
 10
16114.8623360373
 20
19851.87667763334
 30
0.0
  0
LWPOLYLINE
  5
3A6
330
17
100
AcDbEntity
  8
FLOOR_3_TRIBUTARY_COL_0
100
AcDbPolyline
 90
8
 70
1
 10
15296.106868465062
 20
19829.542840275164
 10
15315.456414704226
 20
19780.741427468136
 10
15238.637279728133
 20
19622.97783432019
 10
15194.268340343358
 20
19622.97783432019
 10
15173.358090216789
 20
19632.08125712161
 10
15173.358090216789
 20
19742.36096334903
 10
15250.60362234059
 20
19857.845699223937
 10
15296.106868465062
 20
19829.542840275164
  0
LWPOLYLINE
  5
3A7
330
17
100
AcDbEntity
  8
FLOOR_3_LARGE_TRIBUTARY
100
AcDbPolyline
 90
8
 70
1
 10
15296.106868465062
 20
19829.542840275164
 10
15315.456414704226
 20
19780.741427468136
 10
15238.637279728133
 20
19622.97783432019
 10
15194.268340343358
 20
19622.97783432019
 10
15173.358090216789
 20
19632.08125712161
 10
15173.358090216789
 20
19742.36096334903
 10
15250.60362234059
 20
19857.845699223937
 10
15296.106868465062
 20
19829.542840275164
  0
LWPOLYLINE
  5
3A9
330
17
100
AcDbEntity
  8
FLOOR_3_TRIBUTARY_COL_1
100
AcDbPolyline
 90
8
 70
1
 10
15509.91381346852
 20
20038.966022809334
 10
15518.460455562654
 20
20008.920339079734
 10
15515.88274401698
 20
19998.10152053765
 10
15514.954480386168
 20
19994.723342796384
 10
15296.106868465062
 20
19829.542840275164
 10
15250.60362234059
 20
19857.845699223937
 10
15414.458436255753
 20
20102.814299822054
 10
15509.91381346852
 20
20038.966022809334
  0
LWPOLYLINE
  5
3AA
330
17
100
AcDbEntity
  8
FLOOR_3_LARGE_TRIBUTARY
100
AcDbPolyline
 90
8
 70
1
 10
15509.91381346852
 20
20038.966022809334
 10
15518.460455562654
 20
20008.920339079734
 10
15515.88274401698
 20
19998.10152053765
 10
15514.954480386168
 20
19994.723342796384
 10
15296.106868465062
 20
19829.542840275164
 10
15250.60362234059
 20
19857.845699223937
 10
15414.458436255753
 20
20102.814299822054
 10
15509.91381346852
 20
20038.966022809334
  0
LWPOLYLINE
  5
3AC
330
17
100
AcDbEntity
  8
FLOOR_3_TRIBUTARY_COL_2
100
AcDbPolyline
 90
5
 70
1
 10
15633.490415493463
 20
20206.9955320099
 10
15509.91381346852
 20
20038.966022809334
 10
15414.458436255753
 20
20102.814299822054
 10
15530.307483442852
 20
20276.012622727252
 10
15633.490415493463
 20
20206.9955320099
  0
LWPOLYLINE
  5
3AD
330
17
100
AcDbEntity
  8
FLOOR_3_LARGE_TRIBUTARY
100
AcDbPolyline
 90
5
 70
1
 10
15633.490415493463
 20
20206.9955320099
 10
15509.91381346852
 20
20038.966022809334
 10
15414.458436255753
 20
20102.814299822054
 10
15530.307483442852
 20
20276.012622727252
 10
15633.490415493463
 20
20206.9955320099
  0
LWPOLYLINE
  5
3AF
330
17
100
AcDbEntity
  8
FLOOR_3_TRIBUTARY_COL_3
100
AcDbPolyline
 90
6
 70
1
 10
15315.456414704226
 20
19780.741427468136
 10
15501.842285324852
 20
19682.17963411477
 10
15517.535156860924
 20
19657.81379456052
 10
15489.298176771685
 20
19622.97783432019
 10
15238.637279728133
 20
19622.97783432019
 10
15315.456414704226
 20
19780.741427468136
  0
LWPOLYLINE
  5
3B0
330
17
100
AcDbEntity
  8
FLOOR_3_LARGE_TRIBUTARY
100
AcDbPolyline
 90
6
 70
1
 10
15315.456414704226
 20
19780.741427468136
 10
15501.842285324852
 20
19682.17963411477
 10
15517.535156860924
 20
19657.81379456052
 10
15489.298176771685
 20
19622.97783432019
 10
15238.637279728133
 20
19622.97783432019
 10
15315.456414704226
 20
19780.741427468136
  0
LWPOLYLINE
  5
3B2
330
17
100
AcDbEntity
  8
FLOOR_3_TRIBUTARY_COL_4
100
AcDbPolyline
 90
7
 70
1
 10
16022.73272954056
 20
19753.850161671493
 10
16159.934065603611
 20
19741.14373314021
 10
16174.45904378265
 20
19653.53764389656
 10
16119.299910542748
 20
19653.53764389656
 10
16097.487410542746
 20
19622.97783432019
 10
16026.770124682997
 20
19622.97783432019
 10
16022.73272954056
 20
19753.850161671493
  0
LWPOLYLINE
  5
3B3
330
17
100
AcDbEntity
  8
FLOOR_3_LARGE_TRIBUTARY
100
AcDbPolyline
 90
7
 70
1
 10
16022.73272954056
 20
19753.850161671493
 10
16159.934065603611
 20
19741.14373314021
 10
16174.45904378265
 20
19653.53764389656
 10
16119.299910542748
 20
19653.53764389656
 10
16097.487410542746
 20
19622.97783432019
 10
16026.770124682997
 20
19622.97783432019
 10
16022.73272954056
 20
19753.850161671493
  0
LWPOLYLINE
  5
3B5
330
17
100
AcDbEntity
  8
FLOOR_3_TRIBUTARY_COL_5
100
AcDbPolyline
 90
13
 70
1
 10
15971.23900256908
 20
20015.96182043409
 10
15897.523506961406
 20
20105.01319109466
 10
15889.873997880783
 20
20115.160540247707
 10
15882.559826608534
 20
20125.809212923534
 10
15875.580993144627
 20
20136.959209122175
 10
15868.937497489063
 20
20148.610528843652
 10
15863.254628624327
 20
20159.558555128002
 10
15940.73959823966
 20
20251.121326459266
 10
16039.643547759268
 20
20184.96599913401
 10
16041.303076429449
 20
20159.86648033681
 10
16006.14916573514
 20
20101.94859506841
 10
16060.804780389324
 20
20065.25898989469
 10
15971.23900256908
 20
20015.96182043409
  0
LWPOLYLINE
  5
3B6
330
17
100
AcDbEntity
  8
FLOOR_3_LARGE_TRIBUTARY
100
AcDbPolyline
 90
13
 70
1
 10
15971.23900256908
 20
20015.96182043409
 10
15897.523506961406
 20
20105.01319109466
 10
15889.873997880783
 20
20115.160540247707
 10
15882.559826608534
 20
20125.809212923534
 10
15875.580993144627
 20
20136.959209122175
 10
15868.937497489063
 20
20148.610528843652
 10
15863.254628624327
 20
20159.558555128002
 10
15940.73959823966
 20
20251.121326459266
 10
16039.643547759268
 20
20184.96599913401
 10
16041.303076429449
 20
20159.86648033681
 10
16006.14916573514
 20
20101.94859506841
 10
16060.804780389324
 20
20065.25898989469
 10
15971.23900256908
 20
20015.96182043409
  0
LWPOLYLINE
  5
3B8
330
17
100
AcDbEntity
  8
FLOOR_3_TRIBUTARY_COL_6
100
AcDbPolyline
 90
9
 70
1
 10
15971.23900256908
 20
20015.96182043409
 10
16060.804780389324
 20
20065.25898989469
 10
16101.633231432548
 20
20037.851380299435
 10
16127.152883169309
 20
19997.44952203705
 10
16127.152883169309
 20
19919.17104389803
 10
15996.198623334254
 20
19916.415719325414
 10
15970.813688318623
 20
19976.012264806606
 10
15970.688205211889
 20
19991.05998831301
 10
15971.23900256908
 20
20015.96182043409
  0
LWPOLYLINE
  5
3B9
330
17
100
AcDbEntity
  8
FLOOR_3_LARGE_TRIBUTARY
100
AcDbPolyline
 90
9
 70
1
 10
15971.23900256908
 20
20015.96182043409
 10
16060.804780389324
 20
20065.25898989469
 10
16101.633231432548
 20
20037.851380299435
 10
16127.152883169309
 20
19997.44952203705
 10
16127.152883169309
 20
19919.17104389803
 10
15996.198623334254
 20
19916.415719325414
 10
15970.813688318623
 20
19976.012264806606
 10
15970.688205211889
 20
19991.05998831301
 10
15971.23900256908
 20
20015.96182043409
  0
LWPOLYLINE
  5
3BB
330
17
100
AcDbEntity
  8
FLOOR_3_TRIBUTARY_COL_7
100
AcDbPolyline
 90
6
 70
1
 10
16185.548691818654
 20
19760.342853153474
 10
16183.513861187479
 20
19869.97533432019
 10
16261.293945209618
 20
19869.97533432019
 10
16274.73778402879
 20
19869.97533432019
 10
16274.951822871499
 20
19760.716380990518
 10
16185.548691818654
 20
19760.342853153474
  0
LWPOLYLINE
  5
3BC
330
17
100
AcDbEntity
  8
FLOOR_3_LARGE_TRIBUTARY
100
AcDbPolyline
 90
6
 70
1
 10
16185.548691818654
 20
19760.342853153474
 10
16183.513861187479
 20
19869.97533432019
 10
16261.293945209618
 20
19869.97533432019
 10
16274.73778402879
 20
19869.97533432019
 10
16274.951822871499
 20
19760.716380990518
 10
16185.548691818654
 20
19760.342853153474
  0
LWPOLYLINE
  5
3BE
330
17
100
AcDbEntity
  8
FLOOR_3_TRIBUTARY_COL_8
100
AcDbPolyline
 90
15
 70
1
 10
15517.535156860924
 20
19657.81379456052
 10
15542.707531870408
 20
19651.6847636052
 10
15591.193061545513
 20
19625.998920228623
 10
15601.57812566383
 20
19619.94118249414
 10
15611.688533906676
 20
19613.47283308595
 10
15621.52428627395
 20
19606.59387200411
 10
15631.085382765707
 20
19599.30429924858
 10
15640.371823381909
 20
19591.604114819384
 10
15648.2441426919
 20
19584.518861607354
 10
15648.2441426919
 20
19487.08346618623
 10
15509.54030938687
 20
19486.95687188213
 10
15498.50278671909
 20
19508.79922013157
 10
15498.50278671909
 20
19622.97783432019
 10
15489.298176771685
 20
19622.97783432019
 10
15517.535156860924
 20
19657.81379456052
  0
LWPOLYLINE
  5
3BF
330
17
100
AcDbEntity
  8
FLOOR_3_LARGE_TRIBUTARY
100
AcDbPolyline
 90
15
 70
1
 10
15517.535156860924
 20
19657.81379456052
 10
15542.707531870408
 20
19651.6847636052
 10
15591.193061545513
 20
19625.998920228623
 10
15601.57812566383
 20
19619.94118249414
 10
15611.688533906676
 20
19613.47283308595
 10
15621.52428627395
 20
19606.59387200411
 10
15631.085382765707
 20
19599.30429924858
 10
15640.371823381909
 20
19591.604114819384
 10
15648.2441426919
 20
19584.518861607354
 10
15648.2441426919
 20
19487.08346618623
 10
15509.54030938687
 20
19486.95687188213
 10
15498.50278671909
 20
19508.79922013157
 10
15498.50278671909
 20
19622.97783432019
 10
15489.298176771685
 20
19622.97783432019
 10
15517.535156860924
 20
19657.81379456052
  0
LWPOLYLINE
  5
3C1
330
17
100
AcDbEntity
  8
FLOOR_3_TRIBUTARY_COL_9
100
AcDbPolyline
 90
7
 70
1
 10
16159.934065603611
 20
19741.14373314021
 10
16185.548691818654
 20
19760.342853153474
 10
16274.951822871499
 20
19760.716380990518
 10
16275.151180589888
 20
19658.951601410197
 10
16261.29388717678
 20
19653.53764389656
 10
16174.45904378265
 20
19653.53764389656
 10
16159.934065603611
 20
19741.14373314021
  0
LWPOLYLINE
  5
3C2
330
17
100
AcDbEntity
  8
FLOOR_3_LARGE_TRIBUTARY
100
AcDbPolyline
 90
7
 70
1
 10
16159.934065603611
 20
19741.14373314021
 10
16185.548691818654
 20
19760.342853153474
 10
16274.951822871499
 20
19760.716380990518
 10
16275.151180589888
 20
19658.951601410197
 10
16261.29388717678
 20
19653.53764389656
 10
16174.45904378265
 20
19653.53764389656
 10
16159.934065603611
 20
19741.14373314021
  0
LWPOLYLINE
  5
3C4
330
17
100
AcDbEntity
  8
FLOOR_3_TRIBUTARY_COL_10
100
AcDbPolyline
 90
7
 70
1
 10
15695.676030525025
 20
20234.348990707036
 10
15633.490415493463
 20
20206.9955320099
 10
15530.307483442852
 20
20276.012622727252
 10
15590.2239738211
 20
20365.5898432556
 10
15616.018660223779
 20
20362.89943214363
 10
15699.997238674005
 20
20306.43242567866
 10
15695.676030525025
 20
20234.348990707036
  0
LWPOLYLINE
  5
3C5
330
17
100
AcDbEntity
  8
FLOOR_3_LARGE_TRIBUTARY
100
AcDbPolyline
 90
7
 70
1
 10
15695.676030525025
 20
20234.348990707036
 10
15633.490415493463
 20
20206.9955320099
 10
15530.307483442852
 20
20276.012622727252
 10
15590.2239738211
 20
20365.5898432556
 10
15616.018660223779
 20
20362.89943214363
 10
15699.997238674005
 20
20306.43242567866
 10
15695.676030525025
 20
20234.348990707036
  0
LWPOLYLINE
  5
3C7
330
17
100
AcDbEntity
  8
FLOOR_3_TRIBUTARY_COL_11
100
AcDbPolyline
 90
8
 70
1
 10
15648.2441426919
 20
19584.518861607354
 10
15650.311641730772
 20
19584.88073281182
 10
15666.164694438263
 20
19586.997660708774
 10
15833.29530869254
 20
19601.930260373345
 10
15839.066510040095
 20
19594.260576465822
 10
15839.066510040095
 20
19487.25762881913
 10
15648.2441426919
 20
19487.08346618623
 10
15648.2441426919
 20
19584.518861607354
  0
LWPOLYLINE
  5
3C8
330
17
100
AcDbEntity
  8
FLOOR_3_LARGE_TRIBUTARY
100
AcDbPolyline
 90
8
 70
1
 10
15648.2441426919
 20
19584.518861607354
 10
15650.311641730772
 20
19584.88073281182
 10
15666.164694438263
 20
19586.997660708774
 10
15833.29530869254
 20
19601.930260373345
 10
15839.066510040095
 20
19594.260576465822
 10
15839.066510040095
 20
19487.25762881913
 10
15648.2441426919
 20
19487.08346618623
 10
15648.2441426919
 20
19584.518861607354
  0
LWPOLYLINE
  5
3CA
330
17
100
AcDbEntity
  8
FLOOR_3_TRIBUTARY_COL_12
100
AcDbPolyline
 90
10
 70
1
 10
15833.29530869254
 20
19601.930260373345
 10
15837.18433637822
 20
19615.181365466487
 10
15880.338627936697
 20
19742.291035672322
 10
15984.146376690502
 20
19782.05555309858
 10
16022.73272954056
 20
19753.850161671493
 10
16026.770124682997
 20
19622.97783432019
 10
15943.502786719087
 20
19622.97783432019
 10
15943.502786719087
 20
19561.572900738305
 10
15839.066510040095
 20
19594.260576465822
 10
15833.29530869254
 20
19601.930260373345
  0
LWPOLYLINE
  5
3CB
330
17
100
AcDbEntity
  8
FLOOR_3_LARGE_TRIBUTARY
100
AcDbPolyline
 90
10
 70
1
 10
15833.29530869254
 20
19601.930260373345
 10
15837.18433637822
 20
19615.181365466487
 10
15880.338627936697
 20
19742.291035672322
 10
15984.146376690502
 20
19782.05555309858
 10
16022.73272954056
 20
19753.850161671493
 10
16026.770124682997
 20
19622.97783432019
 10
15943.502786719087
 20
19622.97783432019
 10
15943.502786719087
 20
19561.572900738305
 10
15839.066510040095
 20
19594.260576465822
 10
15833.29530869254
 20
19601.930260373345
  0
LWPOLYLINE
  5
3CD
330
17
100
AcDbEntity
  8
FLOOR_3_TRIBUTARY_COL_13
100
AcDbPolyline
 90
15
 70
1
 10
15296.106868465062
 20
19829.542840275164
 10
15514.954480386168
 20
19994.723342796384
 10
15519.205965988063
 20
19981.44172014536
 10
15524.179846231855
 20
19963.677825989693
 10
15528.247245944425
 20
19946.520259332407
 10
15531.40816512581
 20
19929.969020173347
 10
15533.662603775992
 20
19914.024108512604
 10
15535.010561894984
 20
19898.685524350098
 10
15535.452039482778
 20
19883.95326768591
 10
15534.987036539376
 20
19869.827338519965
 10
15533.615553064777
 20
19856.307736852297
 10
15507.571880440819
 20
19708.671916393556
 10
15501.842285324852
 20
19682.17963411477
 10
15315.456414704226
 20
19780.741427468136
 10
15296.106868465062
 20
19829.542840275164
  0
LWPOLYLINE
  5
3CE
330
17
100
AcDbEntity
  8
FLOOR_3_LARGE_TRIBUTARY
100
AcDbPolyline
 90
15
 70
1
 10
15296.106868465062
 20
19829.542840275164
 10
15514.954480386168
 20
19994.723342796384
 10
15519.205965988063
 20
19981.44172014536
 10
15524.179846231855
 20
19963.677825989693
 10
15528.247245944425
 20
19946.520259332407
 10
15531.40816512581
 20
19929.969020173347
 10
15533.662603775992
 20
19914.024108512604
 10
15535.010561894984
 20
19898.685524350098
 10
15535.452039482778
 20
19883.95326768591
 10
15534.987036539376
 20
19869.827338519965
 10
15533.615553064777
 20
19856.307736852297
 10
15507.571880440819
 20
19708.671916393556
 10
15501.842285324852
 20
19682.17963411477
 10
15315.456414704226
 20
19780.741427468136
 10
15296.106868465062
 20
19829.542840275164
  0
LWPOLYLINE
  5
3D0
330
17
100
AcDbEntity
  8
FLOOR_3_TRIBUTARY_COL_14
100
AcDbPolyline
 90
20
 70
1
 10
15685.83467647383
 20
20028.793529314615
 10
15673.461383251295
 20
20022.63282786753
 10
15659.625197760706
 20
20017.450627092694
 10
15644.326120002015
 20
20013.246926990105
 10
15627.564149975271
 20
20010.021727559764
 10
15609.339287680443
 20
20007.77502880167
 10
15589.651533117485
 20
20006.506830715814
 10
15568.500886286512
 20
20006.217133302212
 10
15545.887347187396
 20
20006.905936560855
 10
15521.810915820279
 20
20008.57324049174
 10
15518.460455562654
 20
20008.920339079734
 10
15509.91381346852
 20
20038.966022809334
 10
15633.490415493463
 20
20206.9955320099
 10
15695.676030525025
 20
20234.348990707036
 10
15784.963984028323
 20
20178.6532305346
 10
15734.89009377444
 20
20085.143736348386
 10
15714.17720253289
 20
20053.14663768932
 10
15706.192586114616
 20
20044.050434225504
 10
15696.745077428255
 20
20035.93273143393
 10
15685.83467647383
 20
20028.793529314615
  0
LWPOLYLINE
  5
3D1
330
17
100
AcDbEntity
  8
FLOOR_3_LARGE_TRIBUTARY
100
AcDbPolyline
 90
20
 70
1
 10
15685.83467647383
 20
20028.793529314615
 10
15673.461383251295
 20
20022.63282786753
 10
15659.625197760706
 20
20017.450627092694
 10
15644.326120002015
 20
20013.246926990105
 10
15627.564149975271
 20
20010.021727559764
 10
15609.339287680443
 20
20007.77502880167
 10
15589.651533117485
 20
20006.506830715814
 10
15568.500886286512
 20
20006.217133302212
 10
15545.887347187396
 20
20006.905936560855
 10
15521.810915820279
 20
20008.57324049174
 10
15518.460455562654
 20
20008.920339079734
 10
15509.91381346852
 20
20038.966022809334
 10
15633.490415493463
 20
20206.9955320099
 10
15695.676030525025
 20
20234.348990707036
 10
15784.963984028323
 20
20178.6532305346
 10
15734.89009377444
 20
20085.143736348386
 10
15714.17720253289
 20
20053.14663768932
 10
15706.192586114616
 20
20044.050434225504
 10
15696.745077428255
 20
20035.93273143393
 10
15685.83467647383
 20
20028.793529314615
  0
LWPOLYLINE
  5
3D3
330
17
100
AcDbEntity
  8
FLOOR_3_TRIBUTARY_COL_15
100
AcDbPolyline
 90
11
 70
1
 10
15863.254628624327
 20
20159.558555128002
 10
15861.970510770996
 20
20159.77823569765
 10
15849.315555260335
 20
20162.442539470692
 10
15784.963984028323
 20
20178.6532305346
 10
15695.676030525025
 20
20234.348990707036
 10
15699.997238674005
 20
20306.43242567866
 10
15748.447297702838
 20
20273.85471542329
 10
15777.792519384886
 20
20317.497368991157
 10
15814.82661937972
 20
20335.342577192285
 10
15940.73959823966
 20
20251.121326459266
 10
15863.254628624327
 20
20159.558555128002
  0
LWPOLYLINE
  5
3D4
330
17
100
AcDbEntity
  8
FLOOR_3_LARGE_TRIBUTARY
100
AcDbPolyline
 90
11
 70
1
 10
15863.254628624327
 20
20159.558555128002
 10
15861.970510770996
 20
20159.77823569765
 10
15849.315555260335
 20
20162.442539470692
 10
15784.963984028323
 20
20178.6532305346
 10
15695.676030525025
 20
20234.348990707036
 10
15699.997238674005
 20
20306.43242567866
 10
15748.447297702838
 20
20273.85471542329
 10
15777.792519384886
 20
20317.497368991157
 10
15814.82661937972
 20
20335.342577192285
 10
15940.73959823966
 20
20251.121326459266
 10
15863.254628624327
 20
20159.558555128002
  0
LWPOLYLINE
  5
3D6
330
17
100
AcDbEntity
  8
FLOOR_3_TRIBUTARY_COL_16
100
AcDbPolyline
 90
6
 70
1
 10
15839.066510040095
 20
19594.260576465822
 10
15943.502786719087
 20
19561.572900738305
 10
15943.502786719087
 20
19507.07489568632
 10
15935.537048613558
 20
19487.34567700357
 10
15839.066510040095
 20
19487.25762881913
 10
15839.066510040095
 20
19594.260576465822
  0
LWPOLYLINE
  5
3D7
330
17
100
AcDbEntity
  8
FLOOR_3_LARGE_TRIBUTARY
100
AcDbPolyline
 90
6
 70
1
 10
15839.066510040095
 20
19594.260576465822
 10
15943.502786719087
 20
19561.572900738305
 10
15943.502786719087
 20
19507.07489568632
 10
15935.537048613558
 20
19487.34567700357
 10
15839.066510040095
 20
19487.25762881913
 10
15839.066510040095
 20
19594.260576465822
  0
LWPOLYLINE
  5
3D9
330
17
100
AcDbEntity
  8
FLOOR_3_TRIBUTARY_COL_17
100
AcDbPolyline
 90
10
 70
1
 10
15984.146376690502
 20
19782.05555309858
 10
15993.242581143411
 20
19891.156669550735
 10
15996.198623334254
 20
19916.415719325414
 10
16127.152883169309
 20
19919.17104389803
 10
16127.152883169309
 20
19869.97533432019
 10
16183.513861187479
 20
19869.97533432019
 10
16185.548691818654
 20
19760.342853153474
 10
16159.934065603611
 20
19741.14373314021
 10
16022.73272954056
 20
19753.850161671493
 10
15984.146376690502
 20
19782.05555309858
  0
LWPOLYLINE
  5
3DA
330
17
100
AcDbEntity
  8
FLOOR_3_LARGE_TRIBUTARY
100
AcDbPolyline
 90
10
 70
1
 10
15984.146376690502
 20
19782.05555309858
 10
15993.242581143411
 20
19891.156669550735
 10
15996.198623334254
 20
19916.415719325414
 10
16127.152883169309
 20
19919.17104389803
 10
16127.152883169309
 20
19869.97533432019
 10
16183.513861187479
 20
19869.97533432019
 10
16185.548691818654
 20
19760.342853153474
 10
16159.934065603611
 20
19741.14373314021
 10
16022.73272954056
 20
19753.850161671493
 10
15984.146376690502
 20
19782.05555309858
  0
LWPOLYLINE
  5
3DC
330
17
100
AcDbEntity
  8
FLOOR_3_WALL_TRIBUTARY_12
100
AcDbPolyline
 90
67
 70
1
 10
15631.085382765707
 20
19599.30429924858
 10
15621.52428627395
 20
19606.59387200411
 10
15611.688533906676
 20
19613.47283308595
 10
15601.57812566383
 20
19619.94118249414
 10
15591.193061545513
 20
19625.998920228623
 10
15542.707531870408
 20
19651.6847636052
 10
15636.87840523043
 20
19775.552248929274
 10
15643.791409799169
 20
19788.02608296859
 10
15648.087756254346
 20
19799.58929970266
 10
15648.878921162515
 20
19803.205235888887
 10
15650.96064385416
 20
19806.69177038105
 10
15653.781987842023
 20
19810.21749779477
 10
15657.632328350242
 20
19816.66616890853
 10
15660.45367233809
 20
19820.19189632223
 10
15664.304012846313
 20
19826.640567435996
 10
15667.125356834167
 20
19830.166294849707
 10
15670.97569734239
 20
19836.614965963472
 10
15673.797041330243
 20
19840.14069337718
 10
15677.64738183846
 20
19846.58936449094
 10
15680.468725826317
 20
19850.115091904652
 10
15684.319066334538
 20
19856.563763018417
 10
15687.140410322387
 20
19860.089490432118
 10
15690.990750830606
 20
19866.53816154588
 10
15693.812094818464
 20
19870.063888959594
 10
15697.662435326687
 20
19876.512560073363
 10
15700.483779314542
 20
19880.03828748707
 10
15704.334119822757
 20
19886.486958600828
 10
15707.155463810614
 20
19890.01268601454
 10
15711.005804318835
 20
19896.461357128304
 10
15713.827148306686
 20
19899.98708454201
 10
15717.677488814905
 20
19906.435755655773
 10
15720.498832802768
 20
19909.96148306949
 10
15724.349173310984
 20
19916.41015418325
 10
15727.170517298833
 20
19919.935881596954
 10
15731.020857807052
 20
19926.38455271072
 10
15733.842201794912
 20
19929.91028012443
 10
15737.69254230313
 20
19936.35895123819
 10
15740.513886290984
 20
19939.8846786519
 10
15744.364226799207
 20
19946.333349765668
 10
15747.18558781939
 20
19949.85909846404
 10
15751.03591441233
 20
19956.3077462082
 10
15758.560874083767
 20
19965.711405282804
 10
15762.604732989004
 20
19969.573553530463
 10
15772.803185225668
 20
19969.09397994081
 10
15785.563813871713
 20
19966.587805610594
 10
15797.08835687918
 20
19962.233640599716
 10
15800.944371091431
 20
19959.909132693843
 10
15816.079580517167
 20
19953.620998332954
 10
15819.279663327268
 20
19951.70471873717
 10
15830.820079234065
 20
19947.374236720796
 10
15843.592771112333
 20
19944.886012395353
 10
15857.597738962024
 20
19944.240045760846
 10
15872.834982783192
 20
19945.436336817274
 10
15889.304502575807
 20
19948.474885564632
 10
15907.00629833985
 20
19953.355692002922
 10
15970.813688318623
 20
19976.012264806606
 10
15996.198623334254
 20
19916.415719325414
 10
15993.242581143411
 20
19891.156669550735
 10
15984.146376690502
 20
19782.05555309858
 10
15880.338627936697
 20
19742.291035672322
 10
15837.18433637822
 20
19615.181365466487
 10
15833.29530869254
 20
19601.930260373345
 10
15666.164694438263
 20
19586.997660708774
 10
15650.311641730772
 20
19584.88073281182
 10
15648.2441426919
 20
19584.518861607354
 10
15640.371823381909
 20
19591.604114819384
 10
15631.085382765707
 20
19599.30429924858
  0
LWPOLYLINE
  5
3DD
330
17
100
AcDbEntity
  8
FLOOR_3_LARGE_TRIBUTARY
100
AcDbPolyline
 90
67
 70
1
 10
15631.085382765707
 20
19599.30429924858
 10
15621.52428627395
 20
19606.59387200411
 10
15611.688533906676
 20
19613.47283308595
 10
15601.57812566383
 20
19619.94118249414
 10
15591.193061545513
 20
19625.998920228623
 10
15542.707531870408
 20
19651.6847636052
 10
15636.87840523043
 20
19775.552248929274
 10
15643.791409799169
 20
19788.02608296859
 10
15648.087756254346
 20
19799.58929970266
 10
15648.878921162515
 20
19803.205235888887
 10
15650.96064385416
 20
19806.69177038105
 10
15653.781987842023
 20
19810.21749779477
 10
15657.632328350242
 20
19816.66616890853
 10
15660.45367233809
 20
19820.19189632223
 10
15664.304012846313
 20
19826.640567435996
 10
15667.125356834167
 20
19830.166294849707
 10
15670.97569734239
 20
19836.614965963472
 10
15673.797041330243
 20
19840.14069337718
 10
15677.64738183846
 20
19846.58936449094
 10
15680.468725826317
 20
19850.115091904652
 10
15684.319066334538
 20
19856.563763018417
 10
15687.140410322387
 20
19860.089490432118
 10
15690.990750830606
 20
19866.53816154588
 10
15693.812094818464
 20
19870.063888959594
 10
15697.662435326687
 20
19876.512560073363
 10
15700.483779314542
 20
19880.03828748707
 10
15704.334119822757
 20
19886.486958600828
 10
15707.155463810614
 20
19890.01268601454
 10
15711.005804318835
 20
19896.461357128304
 10
15713.827148306686
 20
19899.98708454201
 10
15717.677488814905
 20
19906.435755655773
 10
15720.498832802768
 20
19909.96148306949
 10
15724.349173310984
 20
19916.41015418325
 10
15727.170517298833
 20
19919.935881596954
 10
15731.020857807052
 20
19926.38455271072
 10
15733.842201794912
 20
19929.91028012443
 10
15737.69254230313
 20
19936.35895123819
 10
15740.513886290984
 20
19939.8846786519
 10
15744.364226799207
 20
19946.333349765668
 10
15747.18558781939
 20
19949.85909846404
 10
15751.03591441233
 20
19956.3077462082
 10
15758.560874083767
 20
19965.711405282804
 10
15762.604732989004
 20
19969.573553530463
 10
15772.803185225668
 20
19969.09397994081
 10
15785.563813871713
 20
19966.587805610594
 10
15797.08835687918
 20
19962.233640599716
 10
15800.944371091431
 20
19959.909132693843
 10
15816.079580517167
 20
19953.620998332954
 10
15819.279663327268
 20
19951.70471873717
 10
15830.820079234065
 20
19947.374236720796
 10
15843.592771112333
 20
19944.886012395353
 10
15857.597738962024
 20
19944.240045760846
 10
15872.834982783192
 20
19945.436336817274
 10
15889.304502575807
 20
19948.474885564632
 10
15907.00629833985
 20
19953.355692002922
 10
15970.813688318623
 20
19976.012264806606
 10
15996.198623334254
 20
19916.415719325414
 10
15993.242581143411
 20
19891.156669550735
 10
15984.146376690502
 20
19782.05555309858
 10
15880.338627936697
 20
19742.291035672322
 10
15837.18433637822
 20
19615.181365466487
 10
15833.29530869254
 20
19601.930260373345
 10
15666.164694438263
 20
19586.997660708774
 10
15650.311641730772
 20
19584.88073281182
 10
15648.2441426919
 20
19584.518861607354
 10
15640.371823381909
 20
19591.604114819384
 10
15631.085382765707
 20
19599.30429924858
  0
TEXT
  5
3DE
330
17
100
AcDbEntity
  8
FLOOR_3_AREA_LABELS
100
AcDbText
 10
15785.745594204567
 20
19777.69925476923
 30
0.0
 40
24.0
  1
725 SF
 72
1
 11
15785.745594204567
 21
19777.69925476923
 31
0.0
100
AcDbText
 73
2
  0
LWPOLYLINE
  5
3E0
330
17
100
AcDbEntity
  8
FLOOR_3_WALL_TRIBUTARY_13
100
AcDbPolyline
 90
92
 70
1
 10
15542.707531870408
 20
19651.6847636052
 10
15517.535156860924
 20
19657.81379456052
 10
15501.842285324852
 20
19682.17963411477
 10
15507.571880440819
 20
19708.671916393556
 10
15533.615553064777
 20
19856.307736852297
 10
15534.987036539376
 20
19869.827338519965
 10
15535.452039482778
 20
19883.95326768591
 10
15535.010561894984
 20
19898.685524350098
 10
15533.662603775992
 20
19914.024108512604
 10
15531.40816512581
 20
19929.969020173347
 10
15528.247245944425
 20
19946.520259332407
 10
15524.179846231855
 20
19963.677825989693
 10
15519.205965988063
 20
19981.44172014536
 10
15514.954480386168
 20
19994.723342796384
 10
15515.88274401698
 20
19998.10152053765
 10
15518.460455562654
 20
20008.920339079734
 10
15521.810915820279
 20
20008.57324049174
 10
15545.887347187396
 20
20006.905936560855
 10
15568.500886286512
 20
20006.217133302212
 10
15589.651533117485
 20
20006.506830715814
 10
15609.339287680443
 20
20007.77502880167
 10
15627.564149975271
 20
20010.021727559764
 10
15644.326120002015
 20
20013.246926990105
 10
15659.625197760706
 20
20017.450627092694
 10
15673.461383251295
 20
20022.63282786753
 10
15685.83467647383
 20
20028.793529314615
 10
15696.745077428255
 20
20035.93273143393
 10
15706.192586114616
 20
20044.050434225504
 10
15714.17720253289
 20
20053.14663768932
 10
15734.89009377444
 20
20085.143736348386
 10
15784.963984028323
 20
20178.6532305346
 10
15849.315555260335
 20
20162.442539470692
 10
15861.970510770996
 20
20159.77823569765
 10
15863.254628624327
 20
20159.558555128002
 10
15868.937497489063
 20
20148.610528843652
 10
15875.580993144627
 20
20136.959209122175
 10
15882.559826608534
 20
20125.809212923534
 10
15889.873997880783
 20
20115.160540247707
 10
15897.523506961406
 20
20105.01319109466
 10
15971.23900256908
 20
20015.96182043409
 10
15970.688205211889
 20
19991.05998831301
 10
15970.813688318623
 20
19976.012264806606
 10
15907.00629833985
 20
19953.355692002922
 10
15889.304502575807
 20
19948.474885564632
 10
15872.834982783192
 20
19945.436336817274
 10
15857.597738962024
 20
19944.240045760846
 10
15843.592771112333
 20
19944.886012395353
 10
15830.820079234065
 20
19947.374236720796
 10
15819.279663327268
 20
19951.70471873717
 10
15816.079580517167
 20
19953.620998332954
 10
15800.944371091431
 20
19959.909132693843
 10
15797.08835687918
 20
19962.233640599716
 10
15785.563813871713
 20
19966.587805610594
 10
15772.803185225668
 20
19969.09397994081
 10
15762.604732989004
 20
19969.573553530463
 10
15758.560874083767
 20
19965.711405282804
 10
15751.03591441233
 20
19956.3077462082
 10
15747.18558781939
 20
19949.85909846404
 10
15744.364226799207
 20
19946.333349765668
 10
15740.513886290984
 20
19939.8846786519
 10
15737.69254230313
 20
19936.35895123819
 10
15733.842201794912
 20
19929.91028012443
 10
15731.020857807052
 20
19926.38455271072
 10
15727.170517298833
 20
19919.935881596954
 10
15724.349173310984
 20
19916.41015418325
 10
15720.498832802768
 20
19909.96148306949
 10
15717.677488814905
 20
19906.435755655773
 10
15713.827148306686
 20
19899.98708454201
 10
15711.005804318835
 20
19896.461357128304
 10
15707.155463810614
 20
19890.01268601454
 10
15704.334119822757
 20
19886.486958600828
 10
15700.483779314542
 20
19880.03828748707
 10
15697.662435326687
 20
19876.512560073363
 10
15693.812094818464
 20
19870.063888959594
 10
15690.990750830606
 20
19866.53816154588
 10
15687.140410322387
 20
19860.089490432118
 10
15684.319066334538
 20
19856.563763018417
 10
15680.468725826317
 20
19850.115091904652
 10
15677.64738183846
 20
19846.58936449094
 10
15673.797041330243
 20
19840.14069337718
 10
15670.97569734239
 20
19836.614965963472
 10
15667.125356834167
 20
19830.166294849707
 10
15664.304012846313
 20
19826.640567435996
 10
15660.45367233809
 20
19820.19189632223
 10
15657.632328350242
 20
19816.66616890853
 10
15653.781987842023
 20
19810.21749779477
 10
15650.96064385416
 20
19806.69177038105
 10
15648.878921162515
 20
19803.205235888887
 10
15648.087756254346
 20
19799.58929970266
 10
15643.791409799169
 20
19788.02608296859
 10
15636.87840523043
 20
19775.552248929274
 10
15542.707531870408
 20
19651.6847636052
  0
LWPOLYLINE
  5
3E1
330
17
100
AcDbEntity
  8
FLOOR_3_LARGE_TRIBUTARY
100
AcDbPolyline
 90
92
 70
1
 10
15542.707531870408
 20
19651.6847636052
 10
15517.535156860924
 20
19657.81379456052
 10
15501.842285324852
 20
19682.17963411477
 10
15507.571880440819
 20
19708.671916393556
 10
15533.615553064777
 20
19856.307736852297
 10
15534.987036539376
 20
19869.827338519965
 10
15535.452039482778
 20
19883.95326768591
 10
15535.010561894984
 20
19898.685524350098
 10
15533.662603775992
 20
19914.024108512604
 10
15531.40816512581
 20
19929.969020173347
 10
15528.247245944425
 20
19946.520259332407
 10
15524.179846231855
 20
19963.677825989693
 10
15519.205965988063
 20
19981.44172014536
 10
15514.954480386168
 20
19994.723342796384
 10
15515.88274401698
 20
19998.10152053765
 10
15518.460455562654
 20
20008.920339079734
 10
15521.810915820279
 20
20008.57324049174
 10
15545.887347187396
 20
20006.905936560855
 10
15568.500886286512
 20
20006.217133302212
 10
15589.651533117485
 20
20006.506830715814
 10
15609.339287680443
 20
20007.77502880167
 10
15627.564149975271
 20
20010.021727559764
 10
15644.326120002015
 20
20013.246926990105
 10
15659.625197760706
 20
20017.450627092694
 10
15673.461383251295
 20
20022.63282786753
 10
15685.83467647383
 20
20028.793529314615
 10
15696.745077428255
 20
20035.93273143393
 10
15706.192586114616
 20
20044.050434225504
 10
15714.17720253289
 20
20053.14663768932
 10
15734.89009377444
 20
20085.143736348386
 10
15784.963984028323
 20
20178.6532305346
 10
15849.315555260335
 20
20162.442539470692
 10
15861.970510770996
 20
20159.77823569765
 10
15863.254628624327
 20
20159.558555128002
 10
15868.937497489063
 20
20148.610528843652
 10
15875.580993144627
 20
20136.959209122175
 10
15882.559826608534
 20
20125.809212923534
 10
15889.873997880783
 20
20115.160540247707
 10
15897.523506961406
 20
20105.01319109466
 10
15971.23900256908
 20
20015.96182043409
 10
15970.688205211889
 20
19991.05998831301
 10
15970.813688318623
 20
19976.012264806606
 10
15907.00629833985
 20
19953.355692002922
 10
15889.304502575807
 20
19948.474885564632
 10
15872.834982783192
 20
19945.436336817274
 10
15857.597738962024
 20
19944.240045760846
 10
15843.592771112333
 20
19944.886012395353
 10
15830.820079234065
 20
19947.374236720796
 10
15819.279663327268
 20
19951.70471873717
 10
15816.079580517167
 20
19953.620998332954
 10
15800.944371091431
 20
19959.909132693843
 10
15797.08835687918
 20
19962.233640599716
 10
15785.563813871713
 20
19966.587805610594
 10
15772.803185225668
 20
19969.09397994081
 10
15762.604732989004
 20
19969.573553530463
 10
15758.560874083767
 20
19965.711405282804
 10
15751.03591441233
 20
19956.3077462082
 10
15747.18558781939
 20
19949.85909846404
 10
15744.364226799207
 20
19946.333349765668
 10
15740.513886290984
 20
19939.8846786519
 10
15737.69254230313
 20
19936.35895123819
 10
15733.842201794912
 20
19929.91028012443
 10
15731.020857807052
 20
19926.38455271072
 10
15727.170517298833
 20
19919.935881596954
 10
15724.349173310984
 20
19916.41015418325
 10
15720.498832802768
 20
19909.96148306949
 10
15717.677488814905
 20
19906.435755655773
 10
15713.827148306686
 20
19899.98708454201
 10
15711.005804318835
 20
19896.461357128304
 10
15707.155463810614
 20
19890.01268601454
 10
15704.334119822757
 20
19886.486958600828
 10
15700.483779314542
 20
19880.03828748707
 10
15697.662435326687
 20
19876.512560073363
 10
15693.812094818464
 20
19870.063888959594
 10
15690.990750830606
 20
19866.53816154588
 10
15687.140410322387
 20
19860.089490432118
 10
15684.319066334538
 20
19856.563763018417
 10
15680.468725826317
 20
19850.115091904652
 10
15677.64738183846
 20
19846.58936449094
 10
15673.797041330243
 20
19840.14069337718
 10
15670.97569734239
 20
19836.614965963472
 10
15667.125356834167
 20
19830.166294849707
 10
15664.304012846313
 20
19826.640567435996
 10
15660.45367233809
 20
19820.19189632223
 10
15657.632328350242
 20
19816.66616890853
 10
15653.781987842023
 20
19810.21749779477
 10
15650.96064385416
 20
19806.69177038105
 10
15648.878921162515
 20
19803.205235888887
 10
15648.087756254346
 20
19799.58929970266
 10
15643.791409799169
 20
19788.02608296859
 10
15636.87840523043
 20
19775.552248929274
 10
15542.707531870408
 20
19651.6847636052
  0
TEXT
  5
3E2
330
17
100
AcDbEntity
  8
FLOOR_3_AREA_LABELS
100
AcDbText
 10
15707.590962699112
 20
19949.78000930207
 30
0.0
 40
24.0
  1
636 SF
 72
1
 11
15707.590962699112
 21
19949.78000930207
 31
0.0
100
AcDbText
 73
2
  0
TEXT
  5
3E3
330
17
100
AcDbEntity
  8
FLOOR_3_AREA_LABELS
100
AcDbText
 10
15237.066944744682
 20
19735.255548160756
 30
0.0
 40
24.0
  1
147 SF
 72
1
 11
15237.066944744682
 21
19735.255548160756
 31
0.0
100
AcDbText
 73
2
  0
TEXT
  5
3E4
330
17
100
AcDbEntity
  8
FLOOR_3_AREA_LABELS
100
AcDbText
 10
15390.413095661323
 20
19968.39623429878
 30
0.0
 40
24.0
  1
209 SF
 72
1
 11
15390.413095661323
 21
19968.39623429878
 31
0.0
100
AcDbText
 73
2
  0
TEXT
  5
3E5
330
17
100
AcDbEntity
  8
FLOOR_3_AREA_LABELS
100
AcDbText
 10
15522.818728005313
 20
20157.303341330306
 30
0.0
 40
24.0
  1
173 SF
 72
1
 11
15522.818728005313
 21
20157.303341330306
 31
0.0
100
AcDbText
 73
2
  0
TEXT
  5
3E6
330
17
100
AcDbEntity
  8
FLOOR_3_AREA_LABELS
100
AcDbText
 10
15371.70028793468
 20
19679.635828183295
 30
0.0
 40
24.0
  1
185 SF
 72
1
 11
15371.70028793468
 21
19679.635828183295
 31
0.0
100
AcDbText
 73
2
  0
TEXT
  5
3E7
330
17
100
AcDbEntity
  8
FLOOR_3_AREA_LABELS
100
AcDbText
 10
16089.929703045967
 20
19690.271700888785
 30
0.0
 40
24.0
  1
111 SF
 72
1
 11
16089.929703045967
 21
19690.271700888785
 31
0.0
100
AcDbText
 73
2
  0
TEXT
  5
3E8
330
17
100
AcDbEntity
  8
FLOOR_3_AREA_LABELS
100
AcDbText
 10
15961.949828982652
 20
20135.294991327028
 30
0.0
 40
24.0
  1
175 SF
 72
1
 11
15961.949828982652
 21
20135.294991327028
 31
0.0
100
AcDbText
 73
2
  0
TEXT
  5
3E9
330
17
100
AcDbEntity
  8
FLOOR_3_AREA_LABELS
100
AcDbText
 10
16051.74259716408
 20
19981.51213325184
 30
0.0
 40
24.0
  1
128 SF
 72
1
 11
16051.74259716408
 21
19981.51213325184
 31
0.0
100
AcDbText
 73
2
  0
TEXT
  5
3EA
330
17
100
AcDbEntity
  8
FLOOR_3_AREA_LABELS
100
AcDbText
 10
16229.6602105434
 20
19815.435906583916
 30
0.0
 40
24.0
  1
69 SF
 72
1
 11
16229.6602105434
 21
19815.435906583916
 31
0.0
100
AcDbText
 73
2
  0
TEXT
  5
3EB
330
17
100
AcDbEntity
  8
FLOOR_3_AREA_LABELS
100
AcDbText
 10
15567.662005689679
 20
19560.730438004626
 30
0.0
 40
24.0
  1
149 SF
 72
1
 11
15567.662005689679
 21
19560.730438004626
 31
0.0
100
AcDbText
 73
2
  0
TEXT
  5
3EC
330
17
100
AcDbEntity
  8
FLOOR_3_AREA_LABELS
100
AcDbText
 10
16221.363644454505
 20
19707.508300384357
 30
0.0
 40
24.0
  1
80 SF
 72
1
 11
16221.363644454505
 21
19707.508300384357
 31
0.0
100
AcDbText
 73
2
  0
TEXT
  5
3ED
330
17
100
AcDbEntity
  8
FLOOR_3_AREA_LABELS
100
AcDbText
 10
15623.188342209809
 20
20285.24115265179
 30
0.0
 40
24.0
  1
118 SF
 72
1
 11
15623.188342209809
 21
20285.24115265179
 31
0.0
100
AcDbText
 73
2
  0
TEXT
  5
3EE
330
17
100
AcDbEntity
  8
FLOOR_3_AREA_LABELS
100
AcDbText
 10
15746.09596098623
 20
19540.57504916834
 30
0.0
 40
24.0
  1
142 SF
 72
1
 11
15746.09596098623
 21
19540.57504916834
 31
0.0
100
AcDbText
 73
2
  0
TEXT
  5
3EF
330
17
100
AcDbEntity
  8
FLOOR_3_AREA_LABELS
100
AcDbText
 10
15936.834446962337
 20
19674.414184340276
 30
0.0
 40
24.0
  1
192 SF
 72
1
 11
15936.834446962337
 21
19674.414184340276
 31
0.0
100
AcDbText
 73
2
  0
TEXT
  5
3F0
330
17
100
AcDbEntity
  8
FLOOR_3_AREA_LABELS
100
AcDbText
 10
15440.889038264711
 20
19831.4726933765
 30
0.0
 40
24.0
  1
288 SF
 72
1
 11
15440.889038264711
 21
19831.4726933765
 31
0.0
100
AcDbText
 73
2
  0
TEXT
  5
3F1
330
17
100
AcDbEntity
  8
FLOOR_3_AREA_LABELS
100
AcDbText
 10
15650.747168304497
 20
20109.71690674055
 30
0.0
 40
24.0
  1
252 SF
 72
1
 11
15650.747168304497
 21
20109.71690674055
 31
0.0
100
AcDbText
 73
2
  0
TEXT
  5
3F2
330
17
100
AcDbEntity
  8
FLOOR_3_AREA_LABELS
100
AcDbText
 10
15814.608731332222
 20
20245.267559866472
 30
0.0
 40
24.0
  1
177 SF
 72
1
 11
15814.608731332222
 21
20245.267559866472
 31
0.0
100
AcDbText
 73
2
  0
TEXT
  5
3F3
330
17
100
AcDbEntity
  8
FLOOR_3_AREA_LABELS
100
AcDbText
 10
15887.694714316931
 20
19533.4302625988
 30
0.0
 40
24.0
  1
66 SF
 72
1
 11
15887.694714316931
 21
19533.4302625988
 31
0.0
100
AcDbText
 73
2
  0
TEXT
  5
3F4
330
17
100
AcDbEntity
  8
FLOOR_3_AREA_LABELS
100
AcDbText
 10
16083.097759584009
 20
19827.967840928126
 30
0.0
 40
24.0
  1
207 SF
 72
1
 11
16083.097759584009
 21
19827.967840928126
 31
0.0
100
AcDbText
 73
2
  0
LWPOLYLINE
  5
3F7
330
17
100
AcDbEntity
  8
FLOOR_3_FASCADE_COLUMNS
100
AcDbPolyline
 90
26
 70
0
 10
15509.54030938687
 20
19486.95687188213
 10
15506.8342318675
 20
19492.31197640577
 10
15504.12815434813
 20
19497.667080929416
 10
15501.42207682876
 20
19503.02218545306
 10
15498.715999309388
 20
19508.377289976706
 10
15498.50278671909
 20
19514.326478485164
 10
15498.50278671909
 20
19520.326478485164
 10
15498.50278671909
 20
19526.326478485164
 10
15498.50278671909
 20
19532.326478485164
 10
15498.50278671909
 20
19538.326478485164
 10
15498.50278671909
 20
19544.326478485164
 10
15498.50278671909
 20
19550.326478485164
 10
15498.50278671909
 20
19556.326478485164
 10
15498.50278671909
 20
19562.326478485164
 10
15498.50278671909
 20
19568.326478485164
 10
15498.50278671909
 20
19574.326478485164
 10
15498.50278671909
 20
19580.326478485164
 10
15498.50278671909
 20
19586.326478485164
 10
15498.50278671909
 20
19592.326478485164
 10
15498.50278671909
 20
19598.326478485164
 10
15498.50278671909
 20
19604.326478485164
 10
15498.50278671909
 20
19610.326478485164
 10
15498.50278671909
 20
19616.326478485164
 10
15498.50278671909
 20
19622.326478485164
 10
15493.154142554115
 20
19622.97783432019
 10
15487.154142554115
 20
19622.97783432019
  0
TEXT
  5
3F8
330
17
100
AcDbEntity
  8
FLOOR_3_FASCADE_COLUMNS
100
AcDbText
 10
15492.58243092406
 20
19558.069689026703
 30
0.0
 40
12.0
  1
13 FT
 50
99.34589015758353
 72
1
 11
15492.58243092406
 21
19558.069689026703
 31
0.0
100
AcDbText
 73
2
  0
LWPOLYLINE
  5
3F9
330
17
100
AcDbEntity
  8
FLOOR_3_FASCADE_COLUMNS
100
AcDbPolyline
 90
42
 70
0
 10
15487.154142554115
 20
19622.97783432019
 10
15481.154142554115
 20
19622.97783432019
 10
15475.154142554115
 20
19622.97783432019
 10
15469.154142554115
 20
19622.97783432019
 10
15463.154142554115
 20
19622.97783432019
 10
15457.154142554115
 20
19622.97783432019
 10
15451.154142554115
 20
19622.97783432019
 10
15445.154142554115
 20
19622.97783432019
 10
15439.154142554115
 20
19622.97783432019
 10
15433.154142554115
 20
19622.97783432019
 10
15427.154142554115
 20
19622.97783432019
 10
15421.154142554115
 20
19622.97783432019
 10
15415.154142554115
 20
19622.97783432019
 10
15409.154142554115
 20
19622.97783432019
 10
15403.154142554115
 20
19622.97783432019
 10
15397.154142554115
 20
19622.97783432019
 10
15391.154142554115
 20
19622.97783432019
 10
15385.154142554115
 20
19622.97783432019
 10
15379.154142554115
 20
19622.97783432019
 10
15373.154142554115
 20
19622.97783432019
 10
15367.154142554115
 20
19622.97783432019
 10
15361.154142554115
 20
19622.97783432019
 10
15355.154142554115
 20
19622.97783432019
 10
15349.154142554115
 20
19622.97783432019
 10
15343.154142554115
 20
19622.97783432019
 10
15337.154142554115
 20
19622.97783432019
 10
15331.154142554115
 20
19622.97783432019
 10
15325.154142554115
 20
19622.97783432019
 10
15319.154142554115
 20
19622.97783432019
 10
15313.154142554115
 20
19622.97783432019
 10
15307.154142554115
 20
19622.97783432019
 10
15301.154142554115
 20
19622.97783432019
 10
15295.154142554115
 20
19622.97783432019
 10
15289.154142554115
 20
19622.97783432019
 10
15283.154142554115
 20
19622.97783432019
 10
15277.154142554115
 20
19622.97783432019
 10
15271.154142554115
 20
19622.97783432019
 10
15265.154142554115
 20
19622.97783432019
 10
15259.154142554115
 20
19622.97783432019
 10
15253.154142554115
 20
19622.97783432019
 10
15247.154142554115
 20
19622.97783432019
 10
15241.154142554115
 20
19622.97783432019
  0
TEXT
  5
3FA
330
17
100
AcDbEntity
  8
FLOOR_3_FASCADE_COLUMNS
100
AcDbText
 10
15364.154142554115
 20
19616.97783432019
 30
0.0
 40
12.0
  1
21 FT
 50
180.0
 72
1
 11
15364.154142554115
 21
19616.97783432019
 31
0.0
100
AcDbText
 73
2
  0
LWPOLYLINE
  5
3FB
330
17
100
AcDbEntity
  8
FLOOR_3_FASCADE_COLUMNS
100
AcDbPolyline
 90
54
 70
0
 10
15241.154142554115
 20
19622.97783432019
 10
15235.154142554115
 20
19622.97783432019
 10
15229.154142554115
 20
19622.97783432019
 10
15223.154142554115
 20
19622.97783432019
 10
15217.154142554115
 20
19622.97783432019
 10
15211.154142554115
 20
19622.97783432019
 10
15205.154142554115
 20
19622.97783432019
 10
15199.154142554115
 20
19622.97783432019
 10
15193.246757580913
 20
19623.422587479854
 10
15187.745493232842
 20
19625.817601169303
 10
15182.24422888477
 20
19628.21261485875
 10
15176.742964536697
 20
19630.607628548194
 10
15173.358090216789
 20
19634.38951561739
 10
15173.358090216789
 20
19640.38951561739
 10
15173.358090216789
 20
19646.38951561739
 10
15173.358090216789
 20
19652.38951561739
 10
15173.358090216789
 20
19658.38951561739
 10
15173.358090216789
 20
19664.38951561739
 10
15173.358090216789
 20
19670.38951561739
 10
15173.358090216789
 20
19676.38951561739
 10
15173.358090216789
 20
19682.38951561739
 10
15173.358090216789
 20
19688.38951561739
 10
15173.358090216789
 20
19694.38951561739
 10
15173.358090216789
 20
19700.38951561739
 10
15173.358090216789
 20
19706.38951561739
 10
15173.358090216789
 20
19712.38951561739
 10
15173.358090216789
 20
19718.38951561739
 10
15173.358090216789
 20
19724.38951561739
 10
15173.358090216789
 20
19730.38951561739
 10
15173.358090216789
 20
19736.38951561739
 10
15173.373964527304
 20
19742.38469599099
 10
15176.709806775338
 20
19747.371895254724
 10
15180.045649023374
 20
19752.359094518462
 10
15183.381491271412
 20
19757.346293782197
 10
15186.717333519446
 20
19762.333493045935
 10
15190.053175767483
 20
19767.320692309673
 10
15193.38901801552
 20
19772.307891573408
 10
15196.724860263554
 20
19777.29509083715
 10
15200.06070251159
 20
19782.282290100884
 10
15203.396544759627
 20
19787.269489364622
 10
15206.732387007662
 20
19792.256688628357
 10
15210.0682292557
 20
19797.243887892095
 10
15213.404071503735
 20
19802.23108715583
 10
15216.73991375177
 20
19807.218286419567
 10
15220.075755999806
 20
19812.205485683306
 10
15223.411598247843
 20
19817.19268494704
 10
15226.747440495878
 20
19822.179884210782
 10
15230.083282743915
 20
19827.167083474516
 10
15233.41912499195
 20
19832.154282738255
 10
15236.754967239985
 20
19837.14148200199
 10
15240.090809488021
 20
19842.128681265727
 10
15243.426651736056
 20
19847.11588052946
 10
15246.762493984093
 20
19852.1030797932
 10
15250.098336232131
 20
19857.090279056938
  0
TEXT
  5
3FC
330
17
100
AcDbEntity
  8
FLOOR_3_FASCADE_COLUMNS
100
AcDbText
 10
15167.362464224458
 20
19722.116407915433
 30
0.0
 40
12.0
  1
27 FT
 50
87.8120965043864
 72
1
 11
15167.362464224458
 21
19722.116407915433
 31
0.0
100
AcDbText
 73
2
  0
LWPOLYLINE
  5
3FD
330
17
100
AcDbEntity
  8
FLOOR_3_FASCADE_COLUMNS
100
AcDbPolyline
 90
50
 70
0
 10
15250.098336232131
 20
19857.090279056938
 10
15253.434178480165
 20
19862.077478320673
 10
15256.770020728201
 20
19867.064677584414
 10
15260.105862976237
 20
19872.05187684815
 10
15263.441705224272
 20
19877.039076111887
 10
15266.77754747231
 20
19882.02627537562
 10
15270.113389720347
 20
19887.01347463936
 10
15273.449231968381
 20
19892.000673903098
 10
15276.785074216417
 20
19896.987873166832
 10
15280.120916464453
 20
19901.97507243057
 10
15283.456758712487
 20
19906.962271694305
 10
15286.792600960525
 20
19911.949470958047
 10
15290.128443208563
 20
19916.93667022178
 10
15293.464285456597
 20
19921.92386948552
 10
15296.800127704633
 20
19926.911068749254
 10
15300.13596995267
 20
19931.898268012992
 10
15303.471812200703
 20
19936.88546727673
 10
15306.807654448741
 20
19941.872666540465
 10
15310.143496696779
 20
19946.859865804203
 10
15313.479338944813
 20
19951.847065067937
 10
15316.81518119285
 20
19956.83426433168
 10
15320.151023440885
 20
19961.821463595414
 10
15323.48686568892
 20
19966.80866285915
 10
15326.822707936957
 20
19971.795862122886
 10
15330.158550184995
 20
19976.783061386624
 10
15333.49439243303
 20
19981.770260650363
 10
15336.830234681065
 20
19986.757459914097
 10
15340.166076929101
 20
19991.744659177835
 10
15343.501919177135
 20
19996.73185844157
 10
15346.837761425173
 20
20001.71905770531
 10
15350.17360367321
 20
20006.706256969046
 10
15353.509445921245
 20
20011.693456232784
 10
15356.845288169281
 20
20016.680655496522
 10
15360.181130417317
 20
20021.667854760257
 10
15363.516972665351
 20
20026.655054023995
 10
15366.852814913389
 20
20031.64225328773
 10
15370.188657161423
 20
20036.629452551468
 10
15373.524499409461
 20
20041.616651815202
 10
15376.860341657497
 20
20046.603851078944
 10
15380.196183905531
 20
20051.59105034268
 10
15383.532026153567
 20
20056.578249606417
 10
15386.867868401605
 20
20061.565448870155
 10
15390.20371064964
 20
20066.55264813389
 10
15393.539552897677
 20
20071.539847397627
 10
15396.875395145713
 20
20076.527046661362
 10
15400.211237393747
 20
20081.5142459251
 10
15403.547079641783
 20
20086.501445188835
 10
15406.88292188982
 20
20091.488644452576
 10
15410.218764137855
 20
20096.47584371631
 10
15413.554606385893
 20
20101.46304298005
  0
TEXT
  5
3FE
330
17
100
AcDbEntity
  8
FLOOR_3_FASCADE_COLUMNS
100
AcDbText
 10
15326.839272045272
 20
19982.61250326653
 30
0.0
 40
12.0
  1
25 FT
 50
56.22219241280325
 72
1
 11
15326.839272045272
 21
19982.61250326653
 31
0.0
100
AcDbText
 73
2
  0
LWPOLYLINE
  5
3FF
330
17
100
AcDbEntity
  8
FLOOR_3_FASCADE_COLUMNS
100
AcDbPolyline
 90
36
 70
0
 10
15413.554606385893
 20
20101.46304298005
 10
15416.890448633929
 20
20106.450242243787
 10
15420.226290881963
 20
20111.43744150752
 10
15423.562133129999
 20
20116.42464077126
 10
15426.897975378037
 20
20121.411840034994
 10
15430.233817626071
 20
20126.399039298733
 10
15433.569659874109
 20
20131.386238562467
 10
15436.905502122145
 20
20136.37343782621
 10
15440.241344370179
 20
20141.360637089943
 10
15443.577186618215
 20
20146.34783635368
 10
15446.913028866253
 20
20151.33503561742
 10
15450.248871114287
 20
20156.322234881154
 10
15453.584713362325
 20
20161.309434144892
 10
15456.92055561036
 20
20166.296633408627
 10
15460.256397858395
 20
20171.283832672365
 10
15463.59224010643
 20
20176.2710319361
 10
15466.928082354469
 20
20181.25823119984
 10
15470.263924602503
 20
20186.245430463576
 10
15473.59976685054
 20
20191.232629727314
 10
15476.935609098577
 20
20196.219828991052
 10
15480.27145134661
 20
20201.207028254787
 10
15483.607293594647
 20
20206.194227518525
 10
15486.943135842685
 20
20211.18142678226
 10
15490.278978090719
 20
20216.168626045997
 10
15493.614820338757
 20
20221.155825309732
 10
15496.950662586793
 20
20226.143024573474
 10
15500.286504834827
 20
20231.130223837208
 10
15503.622347082863
 20
20236.117423100946
 10
15506.9581893309
 20
20241.104622364684
 10
15510.294031578935
 20
20246.09182162842
 10
15513.629873826972
 20
20251.079020892157
 10
15516.965716075007
 20
20256.06622015589
 10
15520.301558323043
 20
20261.05341941963
 10
15523.637400571079
 20
20266.040618683368
 10
15526.973242819113
 20
20271.027817947106
 10
15530.30908506715
 20
20276.01501721084
  0
TEXT
  5
400
330
17
100
AcDbEntity
  8
FLOOR_3_FASCADE_COLUMNS
100
AcDbText
 10
15466.944646462784
 20
20192.074872343484
 30
0.0
 40
12.0
  1
18 FT
 50
56.222192412803466
 72
1
 11
15466.944646462784
 21
20192.074872343484
 31
0.0
100
AcDbText
 73
2
  0
LWPOLYLINE
  5
401
330
17
100
AcDbEntity
  8
FLOOR_3_FASCADE_COLUMNS
100
AcDbPolyline
 90
40
 70
0
 10
15530.30908506715
 20
20276.01501721084
 10
15533.644927315188
 20
20281.00221647458
 10
15536.980769563223
 20
20285.989415738317
 10
15540.316611811259
 20
20290.97661500205
 10
15543.652454059295
 20
20295.96381426579
 10
15546.988296307329
 20
20300.951013529524
 10
15550.324138555367
 20
20305.938212793262
 10
15553.659980803404
 20
20310.925412057
 10
15556.995823051438
 20
20315.91261132074
 10
15560.331665299474
 20
20320.899810584473
 10
15563.66750754751
 20
20325.88700984821
 10
15567.003349795545
 20
20330.87420911195
 10
15570.339192043582
 20
20335.861408375684
 10
15573.67503429162
 20
20340.848607639422
 10
15577.010876539654
 20
20345.83580690316
 10
15580.34671878769
 20
20350.823006166895
 10
15583.682561035726
 20
20355.810205430633
 10
15587.01840328376
 20
20360.79740469437
 10
15590.457022336259
 20
20365.565536066704
 10
15596.424650139255
 20
20364.943106629005
 10
15602.392277942252
 20
20364.320677191303
 10
15608.359905745245
 20
20363.698247753604
 10
15614.327533548243
 20
20363.075818315905
 10
15619.586760492271
 20
20360.50024958247
 10
15624.565852916547
 20
20357.152319082816
 10
15629.544945340822
 20
20353.804388583158
 10
15634.524037765099
 20
20350.456458083503
 10
15639.503130189372
 20
20347.10852758385
 10
15644.48222261365
 20
20343.76059708419
 10
15649.461315037923
 20
20340.41266658454
 10
15654.440407462198
 20
20337.06473608488
 10
15659.419499886475
 20
20333.716805585227
 10
15664.39859231075
 20
20330.36887508557
 10
15669.377684735024
 20
20327.020944585915
 10
15674.3567771593
 20
20323.67301408626
 10
15679.335869583574
 20
20320.325083586602
 10
15684.31496200785
 20
20316.977153086948
 10
15689.294054432126
 20
20313.62922258729
 10
15694.273146856402
 20
20310.28129208764
 10
15699.252239280679
 20
20306.93336158798
  0
TEXT
  5
402
330
17
100
AcDbEntity
  8
FLOOR_3_FASCADE_COLUMNS
100
AcDbText
 10
15598.317061866423
 20
20370.535045531542
 30
0.0
 40
12.0
  1
20 FT
 50
10.370952514327989
 72
1
 11
15598.317061866423
 21
20370.535045531542
 31
0.0
100
AcDbText
 73
2
  0
LWPOLYLINE
  5
403
330
17
100
AcDbEntity
  8
FLOOR_3_FASCADE_COLUMNS
100
AcDbPolyline
 90
52
 70
0
 10
15699.252239280679
 20
20306.93336158798
 10
15704.231331704952
 20
20303.585431088326
 10
15709.210424129225
 20
20300.23750058867
 10
15714.189516553502
 20
20296.889570089013
 10
15719.168608977778
 20
20293.54163958936
 10
15724.147701402053
 20
20290.193709089704
 10
15729.12679382633
 20
20286.845778590046
 10
15734.105886250603
 20
20283.497848090392
 10
15739.08497867488
 20
20280.149917590737
 10
15744.064071099154
 20
20276.80198709108
 10
15748.847956534702
 20
20274.45058124388
 10
15752.195887034359
 20
20279.429673668157
 10
15755.543817534013
 20
20284.408766092434
 10
15758.891748033671
 20
20289.387858516708
 10
15762.239678533326
 20
20294.366950940985
 10
15765.587609032984
 20
20299.346043365258
 10
15768.935539532638
 20
20304.325135789535
 10
15772.283470032293
 20
20309.304228213812
 10
15775.63140053195
 20
20314.283320638086
 10
15779.708619249348
 20
20318.420658635572
 10
15785.11383177347
 20
20321.02520803404
 10
15790.519044297595
 20
20323.629757432507
 10
15795.924256821718
 20
20326.23430683098
 10
15801.329469345843
 20
20328.838856229442
 10
15806.734681869966
 20
20331.44340562791
 10
15812.139894394088
 20
20334.047955026377
 10
15817.334867814105
 20
20333.664848476747
 10
15822.322058543938
 20
20330.328993470266
 10
15827.30924927377
 20
20326.993138463786
 10
15832.296440003605
 20
20323.657283457305
 10
15837.28363073344
 20
20320.321428450825
 10
15842.270821463273
 20
20316.985573444344
 10
15847.258012193106
 20
20313.649718437864
 10
15852.24520292294
 20
20310.313863431384
 10
15857.232393652775
 20
20306.978008424903
 10
15862.219584382608
 20
20303.642153418423
 10
15867.206775112441
 20
20300.306298411942
 10
15872.193965842276
 20
20296.970443405466
 10
15877.181156572111
 20
20293.634588398985
 10
15882.168347301944
 20
20290.298733392505
 10
15887.155538031777
 20
20286.962878386024
 10
15892.142728761612
 20
20283.627023379544
 10
15897.129919491446
 20
20280.291168373064
 10
15902.11711022128
 20
20276.955313366583
 10
15907.104300951112
 20
20273.619458360103
 10
15912.091491680947
 20
20270.283603353622
 10
15917.078682410782
 20
20266.947748347142
 10
15922.065873140615
 20
20263.61189334066
 10
15927.053063870448
 20
20260.27603833418
 10
15932.040254600282
 20
20256.9401833277
 10
15937.027445330117
 20
20253.60432832122
 10
15942.01463605995
 20
20250.26847331474
  0
TEXT
  5
404
330
17
100
AcDbEntity
  8
FLOOR_3_FASCADE_COLUMNS
100
AcDbText
 10
15816.530424563385
 20
20339.667688968915
 30
0.0
 40
12.0
  1
26 FT
 50
-13.1385724594864
 72
1
 11
15816.530424563385
 21
20339.667688968915
 31
0.0
100
AcDbText
 73
2
  0
LWPOLYLINE
  5
405
330
17
100
AcDbEntity
  8
FLOOR_3_FASCADE_COLUMNS
100
AcDbPolyline
 90
47
 70
0
 10
15942.01463605995
 20
20250.26847331474
 10
15947.001826789783
 20
20246.93261830826
 10
15951.989017519618
 20
20243.59676330178
 10
15956.976208249453
 20
20240.2609082953
 10
15961.963398979286
 20
20236.925053288818
 10
15966.950589709119
 20
20233.589198282338
 10
15971.937780438953
 20
20230.25334327586
 10
15976.924971168788
 20
20226.91748826938
 10
15981.912161898621
 20
20223.5816332629
 10
15986.899352628454
 20
20220.24577825642
 10
15991.886543358289
 20
20216.90992324994
 10
15996.873734088123
 20
20213.57406824346
 10
16001.860924817956
 20
20210.23821323698
 10
16006.84811554779
 20
20206.902358230498
 10
16011.835306277624
 20
20203.566503224018
 10
16016.82249700746
 20
20200.230648217537
 10
16021.809687737295
 20
20196.89479321106
 10
16026.796878467128
 20
20193.55893820458
 10
16031.784069196961
 20
20190.2230831981
 10
16036.771259926796
 20
20186.88722819162
 10
16039.811411872652
 20
20182.427140634616
 10
16040.207255271034
 20
20176.440212540514
 10
16040.60309866942
 20
20170.453284446412
 10
16040.998942067805
 20
20164.46635635231
 10
16040.581812712733
 20
20158.678161075364
 10
16037.46862462449
 20
20153.549022753265
 10
16034.355436536245
 20
20148.41988443117
 10
16031.242248448001
 20
20143.29074610907
 10
16028.129060359759
 20
20138.16160778697
 10
16025.015872271517
 20
20133.032469464873
 10
16021.902684183271
 20
20127.903331142774
 10
16018.789496095029
 20
20122.774192820674
 10
16015.676308006787
 20
20117.64505449858
 10
16012.563119918543
 20
20112.51591617648
 10
16009.449931830299
 20
20107.38677785438
 10
16006.336743742057
 20
20102.25763953228
 10
16010.83066074067
 20
20098.805968195353
 10
16015.812313825412
 20
20095.461849097104
 10
16020.793966910154
 20
20092.117729998856
 10
16025.775619994898
 20
20088.773610900604
 10
16030.757273079638
 20
20085.429491802355
 10
16035.73892616438
 20
20082.085372704103
 10
16040.720579249124
 20
20078.741253605855
 10
16045.702232333864
 20
20075.397134507602
 10
16050.68388541861
 20
20072.053015409354
 10
16055.66553850335
 20
20068.708896311105
 10
16060.64719158809
 20
20065.364777212853
  0
TEXT
  5
406
330
17
100
AcDbEntity
  8
FLOOR_3_FASCADE_COLUMNS
100
AcDbText
 10
16046.046330186953
 20
20167.670449993628
 30
0.0
 40
12.0
  1
23 FT
 50
-57.31613271214203
 72
1
 11
16046.046330186953
 21
20167.670449993628
 31
0.0
100
AcDbText
 73
2
  0
LWPOLYLINE
  5
407
330
17
100
AcDbEntity
  8
FLOOR_3_FASCADE_COLUMNS
100
AcDbPolyline
 90
30
 70
0
 10
16060.64719158809
 20
20065.364777212853
 10
16065.628844672836
 20
20062.020658114605
 10
16070.610497757576
 20
20058.676539016356
 10
16075.59215084232
 20
20055.332419918108
 10
16080.573803927062
 20
20051.988300819856
 10
16085.555457011804
 20
20048.644181721607
 10
16090.537110096546
 20
20045.300062623355
 10
16095.518763181288
 20
20041.955943525107
 10
16100.50041626603
 20
20038.61182442686
 10
16104.108803980851
 20
20033.932136720156
 10
16107.313003244053
 20
20028.859355719393
 10
16110.517202507253
 20
20023.786574718633
 10
16113.721401770457
 20
20018.71379371787
 10
16116.925601033658
 20
20013.641012717108
 10
16120.129800296862
 20
20008.568231716345
 10
16123.333999560062
 20
20003.49545071558
 10
16126.538198823264
 20
19998.42266971482
 10
16127.152883169309
 20
19992.60054473362
 10
16127.152883169309
 20
19986.60054473362
 10
16127.152883169309
 20
19980.60054473362
 10
16127.152883169309
 20
19974.60054473362
 10
16127.152883169309
 20
19968.60054473362
 10
16127.152883169309
 20
19962.60054473362
 10
16127.152883169309
 20
19956.60054473362
 10
16127.152883169309
 20
19950.60054473362
 10
16127.152883169309
 20
19944.60054473362
 10
16127.152883169309
 20
19938.60054473362
 10
16127.152883169309
 20
19932.60054473362
 10
16127.152883169309
 20
19926.60054473362
 10
16127.152883169309
 20
19920.60054473362
  0
TEXT
  5
408
330
17
100
AcDbEntity
  8
FLOOR_3_FASCADE_COLUMNS
100
AcDbText
 10
16127.169430162903
 20
20008.559782493245
 30
0.0
 40
12.0
  1
15 FT
 50
-65.32562199443983
 72
1
 11
16127.169430162903
 21
20008.559782493245
 31
0.0
100
AcDbText
 73
2
  0
LWPOLYLINE
  5
409
330
17
100
AcDbEntity
  8
FLOOR_3_FASCADE_COLUMNS
100
AcDbPolyline
 90
19
 70
0
 10
16127.152883169309
 20
19920.60054473362
 10
16127.152883169309
 20
19914.60054473362
 10
16127.152883169309
 20
19908.60054473362
 10
16127.152883169309
 20
19902.60054473362
 10
16127.152883169309
 20
19896.60054473362
 10
16127.152883169309
 20
19890.60054473362
 10
16127.152883169309
 20
19884.60054473362
 10
16127.152883169309
 20
19878.60054473362
 10
16127.152883169309
 20
19872.60054473362
 10
16130.527672755878
 20
19869.97533432019
 10
16136.527672755878
 20
19869.97533432019
 10
16142.527672755878
 20
19869.97533432019
 10
16148.527672755878
 20
19869.97533432019
 10
16154.527672755878
 20
19869.97533432019
 10
16160.527672755878
 20
19869.97533432019
 10
16166.527672755878
 20
19869.97533432019
 10
16172.527672755878
 20
19869.97533432019
 10
16178.527672755878
 20
19869.97533432019
 10
16184.527672755878
 20
19869.97533432019
  0
TEXT
  5
40A
330
17
100
AcDbEntity
  8
FLOOR_3_FASCADE_COLUMNS
100
AcDbText
 10
16135.359609568142
 20
19874.4743460443
 30
0.0
 40
12.0
  1
9 FT
 50
-41.42388801194205
 72
1
 11
16135.359609568142
 21
19874.4743460443
 31
0.0
100
AcDbText
 73
2
  0
LWPOLYLINE
  5
40B
330
17
100
AcDbEntity
  8
FLOOR_3_FASCADE_COLUMNS
100
AcDbPolyline
 90
34
 70
0
 10
16184.527672755878
 20
19869.97533432019
 10
16190.527672755878
 20
19869.97533432019
 10
16196.527672755878
 20
19869.97533432019
 10
16202.527672755878
 20
19869.97533432019
 10
16208.527672755878
 20
19869.97533432019
 10
16214.527672755878
 20
19869.97533432019
 10
16220.527672755878
 20
19869.97533432019
 10
16226.527672755878
 20
19869.97533432019
 10
16232.527672755878
 20
19869.97533432019
 10
16238.527672755878
 20
19869.97533432019
 10
16244.527672755878
 20
19869.97533432019
 10
16250.527672755878
 20
19869.97533432019
 10
16256.527672755878
 20
19869.97533432019
 10
16262.527672755878
 20
19869.97533432019
 10
16268.527672755878
 20
19869.97533432019
 10
16274.527672755878
 20
19869.97533432019
 10
16274.749126428353
 20
19864.185456703
 10
16274.760880436177
 20
19858.18546821607
 10
16274.772634443998
 20
19852.185479729138
 10
16274.784388451819
 20
19846.18549124221
 10
16274.79614245964
 20
19840.185502755277
 10
16274.807896467462
 20
19834.18551426835
 10
16274.819650475283
 20
19828.185525781417
 10
16274.831404483104
 20
19822.185537294485
 10
16274.843158490925
 20
19816.185548807553
 10
16274.854912498746
 20
19810.185560320624
 10
16274.866666506568
 20
19804.185571833696
 10
16274.87842051439
 20
19798.185583346763
 10
16274.89017452221
 20
19792.18559485983
 10
16274.901928530031
 20
19786.1856063729
 10
16274.913682537852
 20
19780.18561788597
 10
16274.925436545676
 20
19774.18562939904
 10
16274.937190553497
 20
19768.18564091211
 10
16274.948944561318
 20
19762.185652425178
  0
TEXT
  5
40C
330
17
100
AcDbEntity
  8
FLOOR_3_FASCADE_COLUMNS
100
AcDbText
 10
16279.351996913032
 20
19864.938617972646
 30
0.0
 40
12.0
  1
17 FT
 50
-50.007802354356784
 72
1
 11
16279.351996913032
 21
19864.938617972646
 31
0.0
100
AcDbText
 73
2
  0
LWPOLYLINE
  5
40D
330
17
100
AcDbEntity
  8
FLOOR_3_FASCADE_COLUMNS
100
AcDbPolyline
 90
35
 70
0
 10
16274.948944561318
 20
19762.185652425178
 10
16274.960698569139
 20
19756.18566393825
 10
16274.97245257696
 20
19750.185675451317
 10
16274.984206584784
 20
19744.18568696439
 10
16274.995960592605
 20
19738.185698477457
 10
16275.007714600426
 20
19732.185709990525
 10
16275.019468608247
 20
19726.185721503596
 10
16275.03122261607
 20
19720.185733016664
 10
16275.04297662389
 20
19714.185744529736
 10
16275.054730631711
 20
19708.185756042803
 10
16275.066484639532
 20
19702.18576755587
 10
16275.078238647353
 20
19696.18577906894
 10
16275.089992655176
 20
19690.18579058201
 10
16275.101746662996
 20
19684.185802095082
 10
16275.113500670817
 20
19678.18581360815
 10
16275.125254678638
 20
19672.18582512122
 10
16275.137008686459
 20
19666.18583663429
 10
16275.148762694284
 20
19660.18584814736
 10
16270.712190285403
 20
19657.217315774793
 10
16265.123576357299
 20
19655.033879409202
 10
16259.405485397503
 20
19653.53764389656
 10
16253.405485397503
 20
19653.53764389656
 10
16247.405485397503
 20
19653.53764389656
 10
16241.405485397503
 20
19653.53764389656
 10
16235.405485397503
 20
19653.53764389656
 10
16229.405485397503
 20
19653.53764389656
 10
16223.405485397503
 20
19653.53764389656
 10
16217.405485397503
 20
19653.53764389656
 10
16211.405485397503
 20
19653.53764389656
 10
16205.405485397503
 20
19653.53764389656
 10
16199.405485397503
 20
19653.53764389656
 10
16193.405485397503
 20
19653.53764389656
 10
16187.405485397503
 20
19653.53764389656
 10
16181.405485397503
 20
19653.53764389656
 10
16175.405485397503
 20
19653.53764389656
  0
TEXT
  5
40E
330
17
100
AcDbEntity
  8
FLOOR_3_FASCADE_COLUMNS
100
AcDbText
 10
16279.571976748557
 20
19656.508262086398
 30
0.0
 40
12.0
  1
17 FT
 50
-132.49595843451752
 72
1
 11
16279.571976748557
 21
19656.508262086398
 31
0.0
100
AcDbText
 73
2
  0
LWPOLYLINE
  5
40F
330
17
100
AcDbEntity
  8
FLOOR_3_FASCADE_COLUMNS
100
AcDbPolyline
 90
28
 70
0
 10
16175.405485397503
 20
19653.53764389656
 10
16169.405485397503
 20
19653.53764389656
 10
16163.405485397503
 20
19653.53764389656
 10
16157.405485397503
 20
19653.53764389656
 10
16151.405485397503
 20
19653.53764389656
 10
16145.405485397503
 20
19653.53764389656
 10
16139.405485397503
 20
19653.53764389656
 10
16133.405485397503
 20
19653.53764389656
 10
16127.405485397503
 20
19653.53764389656
 10
16121.405485397503
 20
19653.53764389656
 10
16117.037416525323
 20
19650.367838219074
 10
16113.551673803799
 20
19645.48423323102
 10
16110.065931082278
 20
19640.600628242966
 10
16106.580188360755
 20
19635.71702325491
 10
16103.094445639234
 20
19630.833418266855
 10
16099.60870291771
 20
19625.949813278803
 10
16095.138785663234
 20
19622.97783432019
 10
16089.138785663234
 20
19622.97783432019
 10
16083.138785663234
 20
19622.97783432019
 10
16077.138785663234
 20
19622.97783432019
 10
16071.138785663234
 20
19622.97783432019
 10
16065.138785663234
 20
19622.97783432019
 10
16059.138785663234
 20
19622.97783432019
 10
16053.138785663234
 20
19622.97783432019
 10
16047.138785663234
 20
19622.97783432019
 10
16041.138785663234
 20
19622.97783432019
 10
16035.138785663234
 20
19622.97783432019
 10
16029.138785663234
 20
19622.97783432019
  0
TEXT
  5
410
330
17
100
AcDbEntity
  8
FLOOR_3_FASCADE_COLUMNS
100
AcDbText
 10
16106.072909372071
 20
19627.41394535981
 30
0.0
 40
12.0
  1
14 FT
 50
-168.198834955188
 72
1
 11
16106.072909372071
 21
19627.41394535981
 31
0.0
100
AcDbText
 73
2
  0
LWPOLYLINE
  5
411
330
17
100
AcDbEntity
  8
FLOOR_3_FASCADE_COLUMNS
100
AcDbPolyline
 90
26
 70
0
 10
16029.138785663234
 20
19622.97783432019
 10
16023.138785663234
 20
19622.97783432019
 10
16017.138785663234
 20
19622.97783432019
 10
16011.138785663234
 20
19622.97783432019
 10
16005.138785663234
 20
19622.97783432019
 10
15999.138785663234
 20
19622.97783432019
 10
15993.138785663234
 20
19622.97783432019
 10
15987.138785663234
 20
19622.97783432019
 10
15981.138785663234
 20
19622.97783432019
 10
15975.138785663234
 20
19622.97783432019
 10
15969.138785663234
 20
19622.97783432019
 10
15963.138785663234
 20
19622.97783432019
 10
15957.138785663234
 20
19622.97783432019
 10
15951.138785663234
 20
19622.97783432019
 10
15945.138785663234
 20
19622.97783432019
 10
15943.502786719087
 20
19618.613833264335
 10
15943.502786719087
 20
19612.613833264335
 10
15943.502786719087
 20
19606.613833264335
 10
15943.502786719087
 20
19600.613833264335
 10
15943.502786719087
 20
19594.613833264335
 10
15943.502786719087
 20
19588.613833264335
 10
15943.502786719087
 20
19582.613833264335
 10
15943.502786719087
 20
19576.613833264335
 10
15943.502786719087
 20
19570.613833264335
 10
15943.502786719087
 20
19564.613833264335
 10
15943.502786719087
 20
19558.613833264335
  0
TEXT
  5
412
330
17
100
AcDbEntity
  8
FLOOR_3_FASCADE_COLUMNS
100
AcDbText
 10
15958.413405078987
 20
19618.18151997831
 30
0.0
 40
12.0
  1
13 FT
 50
-143.07148325508126
 72
1
 11
15958.413405078987
 21
19618.18151997831
 31
0.0
100
AcDbText
 73
2
  0
LWPOLYLINE
  5
413
330
17
100
AcDbEntity
  8
FLOOR_3_FASCADE_COLUMNS
100
AcDbPolyline
 90
29
 70
0
 10
15943.502786719087
 20
19558.613833264335
 10
15943.502786719087
 20
19552.613833264335
 10
15943.502786719087
 20
19546.613833264335
 10
15943.502786719087
 20
19540.613833264335
 10
15943.502786719087
 20
19534.613833264335
 10
15943.502786719087
 20
19528.613833264335
 10
15943.502786719087
 20
19522.613833264335
 10
15943.502786719087
 20
19516.613833264335
 10
15943.502786719087
 20
19510.613833264335
 10
15942.581391873398
 20
19504.792822115363
 10
15940.33505751603
 20
19499.229191829763
 10
15938.088723158657
 20
19493.665561544156
 10
15935.842388801288
 20
19488.101931258552
 10
15930.352619978075
 20
19487.34094520114
 10
15924.352622477109
 20
19487.33546903303
 10
15918.352624976145
 20
19487.32999286493
 10
15912.352627475178
 20
19487.32451669682
 10
15906.352629974215
 20
19487.319040528713
 10
15900.352632473248
 20
19487.313564360607
 10
15894.352634972287
 20
19487.308088192498
 10
15888.352637471322
 20
19487.302612024392
 10
15882.352639970357
 20
19487.297135856286
 10
15876.352642469392
 20
19487.291659688177
 10
15870.352644968427
 20
19487.28618352007
 10
15864.352647467462
 20
19487.280707351965
 10
15858.352649966497
 20
19487.275231183856
 10
15852.352652465532
 20
19487.26975501575
 10
15846.352654964569
 20
19487.264278847644
 10
15840.352657463605
 20
19487.25880267954
  0
TEXT
  5
414
330
17
100
AcDbEntity
  8
FLOOR_3_FASCADE_COLUMNS
100
AcDbText
 10
15927.483924080667
 20
19482.40079163342
 30
0.0
 40
12.0
  1
14 FT
 50
-145.3261037271326
 72
1
 11
15927.483924080667
 21
19482.40079163342
 31
0.0
100
AcDbText
 73
2
  0
LWPOLYLINE
  5
415
330
17
100
AcDbEntity
  8
FLOOR_3_FASCADE_COLUMNS
100
AcDbPolyline
 90
33
 70
0
 10
15840.352657463605
 20
19487.25880267954
 10
15834.352659962638
 20
19487.25332651143
 10
15828.352662461675
 20
19487.247850343323
 10
15822.352664960708
 20
19487.242374175214
 10
15816.352667459745
 20
19487.236898007108
 10
15810.352669958778
 20
19487.231421839002
 10
15804.352672457815
 20
19487.225945670893
 10
15798.352674956848
 20
19487.22046950279
 10
15792.352677455887
 20
19487.21499333468
 10
15786.352679954922
 20
19487.209517166575
 10
15780.352682453957
 20
19487.20404099847
 10
15774.352684952992
 20
19487.19856483036
 10
15768.352687452027
 20
19487.193088662254
 10
15762.352689951062
 20
19487.187612494145
 10
15756.352692450097
 20
19487.18213632604
 10
15750.352694949132
 20
19487.17666015793
 10
15744.352697448168
 20
19487.171183989827
 10
15738.352699947205
 20
19487.165707821718
 10
15732.352702446238
 20
19487.160231653612
 10
15726.352704945275
 20
19487.154755485506
 10
15720.352707444308
 20
19487.149279317397
 10
15714.352709943345
 20
19487.14380314929
 10
15708.352712442378
 20
19487.138326981185
 10
15702.352714941415
 20
19487.132850813075
 10
15696.352717440448
 20
19487.12737464497
 10
15690.352719939487
 20
19487.121898476864
 10
15684.352722438522
 20
19487.116422308754
 10
15678.352724937557
 20
19487.110946140652
 10
15672.352727436592
 20
19487.105469972543
 10
15666.352729935626
 20
19487.099993804437
 10
15660.352732434661
 20
19487.094517636328
 10
15654.352734933696
 20
19487.08904146822
 10
15648.352737432731
 20
19487.083565300116
  0
TEXT
  5
416
330
17
100
AcDbEntity
  8
FLOOR_3_FASCADE_COLUMNS
100
AcDbText
 10
15744.358173616274
 20
19481.17118648886
 30
0.0
 40
12.0
  1
16 FT
 50
-179.94770643933467
 72
1
 11
15744.358173616274
 21
19481.17118648886
 31
0.0
100
AcDbText
 73
2
  0
LWPOLYLINE
  5
417
330
17
100
AcDbEntity
  8
FLOOR_3_FASCADE_COLUMNS
100
AcDbPolyline
 90
25
 70
0
 10
15648.352737432731
 20
19487.083565300116
 10
15642.352739931766
 20
19487.078089132006
 10
15636.352742430805
 20
19487.0726129639
 10
15630.352744929838
 20
19487.06713679579
 10
15624.352747428875
 20
19487.06166062769
 10
15618.352749927908
 20
19487.05618445958
 10
15612.352752426945
 20
19487.050708291474
 10
15606.352754925978
 20
19487.045232123368
 10
15600.352757425015
 20
19487.03975595526
 10
15594.352759924048
 20
19487.034279787153
 10
15588.352762423086
 20
19487.028803619043
 10
15582.352764922121
 20
19487.023327450937
 10
15576.352767421156
 20
19487.01785128283
 10
15570.352769920191
 20
19487.012375114726
 10
15564.352772419226
 20
19487.006898946616
 10
15558.352774918261
 20
19487.00142277851
 10
15552.352777417296
 20
19486.995946610405
 10
15546.352779916331
 20
19486.9904704423
 10
15540.352782415366
 20
19486.98499427419
 10
15534.352784914405
 20
19486.979518106084
 10
15528.352787413438
 20
19486.974041937974
 10
15522.352789912475
 20
19486.96856576987
 10
15516.352792411508
 20
19486.963089601762
 10
15510.352794910545
 20
19486.957613433653
 10
15509.54030938687
 20
19486.95687188213
  0
TEXT
  5
418
330
17
100
AcDbEntity
  8
FLOOR_3_FASCADE_COLUMNS
100
AcDbText
 10
15578.951999577905
 20
19481.02022109016
 30
0.0
 40
12.0
  1
12 FT
 50
-179.94770643933398
 72
1
 11
15578.951999577905
 21
19481.02022109016
 31
0.0
100
AcDbText
 73
2
  0
CIRCLE
  5
41F
330
17
100
AcDbEntity
  8
FLOOR_4_DATUM
100
AcDbCircle
 10
15173.358090216789
 20
16486.95687188213
 30
0.0
 40
24.0
  0
LINE
  5
420
330
17
100
AcDbEntity
  8
FLOOR_4_DATUM
100
AcDbLine
 10
15137.358090216789
 20
16486.95687188213
 30
0.0
 11
15209.358090216789
 21
16486.95687188213
 31
0.0
  0
LINE
  5
421
330
17
100
AcDbEntity
  8
FLOOR_4_DATUM
100
AcDbLine
 10
15173.358090216789
 20
16450.95687188213
 30
0.0
 11
15173.358090216789
 21
16522.95687188213
 31
0.0
  0
TEXT
  5
422
330
17
100
AcDbEntity
  8
FLOOR_4_DATUM
100
AcDbText
 10
15215.358090216789
 20
16480.95687188213
 30
0.0
 40
12.0
  1
DATUM·STACKED
100
AcDbText
  0
LWPOLYLINE
  5
423
330
17
100
AcDbEntity
  8
FLOOR_4_BOUNDARY
100
AcDbPolyline
 90
19
 70
1
 10
15214.15433521812
 20
16487.34567700357
 10
15173.358090216789
 20
16521.80155089419
 10
15173.358090216789
 20
16632.08125712161
 10
15173.358090216789
 20
16742.36096334903
 10
15590.2239738211
 20
17365.58984325559
 10
15626.073285179988
 20
17419.18580071425
 10
15677.672597994195
 20
17427.08067490702
 10
15814.82661937972
 20
17335.342577192285
 10
16039.643547759268
 20
17184.96599913401
 10
16041.303076429449
 20
17159.86648033681
 10
16039.6435477593
 20
17184.965999134
 10
16274.73778402879
 20
17030.130833233776
 10
16274.73778402879
 20
16869.97533432019
 10
16275.151180589888
 20
16658.951601410197
 10
16275.0739115259
 20
16525.25195076704
 10
16238.73778402879
 20
16487.34567700357
 10
15935.537048613558
 20
16487.34567700357
 10
15509.54030938687
 20
16486.95687188213
 10
15214.15433521812
 20
16487.34567700357
  0
LWPOLYLINE
  5
424
330
17
100
AcDbEntity
  8
FLOOR_4_BOUNDARY
100
AcDbPolyline
 90
4
 70
1
 10
15748.663305132333
 20
17274.17596491037
 10
15616.018660223779
 20
17362.89943214363
 10
15748.447297702838
 20
17273.85471542329
 10
15748.663305132333
 20
17274.17596491037
  0
POINT
  5
425
330
17
100
AcDbEntity
  8
FLOOR_4_COLUMNS
100
AcDbPoint
 10
15994.167816893754
 20
16498.306677156903
 30
0.0
  0
POINT
  5
426
330
17
100
AcDbEntity
  8
FLOOR_4_COLUMNS
100
AcDbPoint
 10
15518.575162302159
 20
16492.306677156903
 30
0.0
  0
POINT
  5
427
330
17
100
AcDbEntity
  8
FLOOR_4_COLUMNS
100
AcDbPoint
 10
15178.805886818449
 20
16577.78647961822
 30
0.0
  0
POINT
  5
428
330
17
100
AcDbEntity
  8
FLOOR_4_COLUMNS
100
AcDbPoint
 10
16226.724280226994
 20
16492.306677156903
 30
0.0
  0
POINT
  5
429
330
17
100
AcDbEntity
  8
FLOOR_4_COLUMNS
100
AcDbPoint
 10
15178.66312308175
 20
16721.16096366293
 30
0.0
  0
POINT
  5
42A
330
17
100
AcDbEntity
  8
FLOOR_4_COLUMNS
100
AcDbPoint
 10
15341.40217534121
 20
16982.800791725094
 30
0.0
  0
POINT
  5
42B
330
17
100
AcDbEntity
  8
FLOOR_4_COLUMNS
100
AcDbPoint
 10
15497.489095697918
 20
17216.156123422785
 30
0.0
  0
POINT
  5
42C
330
17
100
AcDbEntity
  8
FLOOR_4_COLUMNS
100
AcDbPoint
 10
15623.693877144062
 20
17404.836626368786
 30
0.0
  0
POINT
  5
42D
330
17
100
AcDbEntity
  8
FLOOR_4_COLUMNS
100
AcDbPoint
 10
15458.589607999336
 20
16833.85925154418
 30
0.0
  0
POINT
  5
42E
330
17
100
AcDbEntity
  8
FLOOR_4_COLUMNS
100
AcDbPoint
 10
16237.050790616966
 20
17040.290954751374
 30
0.0
  0
POINT
  5
42F
330
17
100
AcDbEntity
  8
FLOOR_4_COLUMNS
100
AcDbPoint
 10
16083.293031897048
 20
16640.5714578176
 30
0.0
  0
POINT
  5
430
330
17
100
AcDbEntity
  8
FLOOR_4_COLUMNS
100
AcDbPoint
 10
16251.79281689376
 20
16760.32540164778
 30
0.0
  0
POINT
  5
431
330
17
100
AcDbEntity
  8
FLOOR_4_COLUMNS
100
AcDbPoint
 10
15765.913123081762
 20
16492.306677156903
 30
0.0
  0
POINT
  5
432
330
17
100
AcDbEntity
  8
FLOOR_4_COLUMNS
100
AcDbPoint
 10
15957.29303189706
 20
16636.314174853855
 30
0.0
  0
POINT
  5
433
330
17
100
AcDbEntity
  8
FLOOR_4_COLUMNS
100
AcDbPoint
 10
15358.913123081747
 20
16642.570158529827
 30
0.0
  0
POINT
  5
434
330
17
100
AcDbEntity
  8
FLOOR_4_COLUMNS
100
AcDbPoint
 10
16120.792816893718
 20
16815.5641748555
 30
0.0
  0
POINT
  5
435
330
17
100
AcDbEntity
  8
FLOOR_4_COLUMNS
100
AcDbPoint
 10
16109.040765145724
 20
16987.67424889438
 30
0.0
  0
POINT
  5
436
330
17
100
AcDbEntity
  8
FLOOR_4_COLUMNS
100
AcDbPoint
 10
15682.75775481261
 20
17079.90106046367
 30
0.0
  0
POINT
  5
437
330
17
100
AcDbEntity
  8
FLOOR_4_COLUMNS
100
AcDbPoint
 10
16016.172591991088
 20
17154.345688090638
 30
0.0
  0
POINT
  5
438
330
17
100
AcDbEntity
  8
FLOOR_4_COLUMNS
100
AcDbPoint
 10
15828.705048329964
 20
17313.874618184498
 30
0.0
  0
LWPOLYLINE
  5
43A
330
17
100
AcDbEntity
  8
FLOOR_4_TRIBUTARY_COL_0
100
AcDbPolyline
 90
7
 70
1
 10
15878.828348005109
 20
16541.41876582564
 10
16022.276237332911
 20
16579.74719120444
 10
16111.187542678297
 20
16524.046552098047
 10
16110.240653275996
 20
16487.34567700357
 10
15935.537048613558
 20
16487.34567700357
 10
15880.251062618283
 20
16487.295217757008
 10
15878.828348005109
 20
16541.41876582564
  0
LWPOLYLINE
  5
43B
330
17
100
AcDbEntity
  8
FLOOR_4_LARGE_TRIBUTARY
100
AcDbPolyline
 90
7
 70
1
 10
15878.828348005109
 20
16541.41876582564
 10
16022.276237332911
 20
16579.74719120444
 10
16111.187542678297
 20
16524.046552098047
 10
16110.240653275996
 20
16487.34567700357
 10
15935.537048613558
 20
16487.34567700357
 10
15880.251062618283
 20
16487.295217757008
 10
15878.828348005109
 20
16541.41876582564
  0
LWPOLYLINE
  5
43D
330
17
100
AcDbEntity
  8
FLOOR_4_TRIBUTARY_COL_1
100
AcDbPolyline
 90
13
 70
1
 10
15522.688243607703
 20
16656.632986013054
 10
15542.263267476123
 20
16651.100401250093
 10
15589.7024293332
 20
16623.77041888549
 10
15599.8551188003
 20
16617.36528008315
 10
15609.739298050974
 20
16610.558717392876
 10
15619.354967085132
 20
16603.350730814735
 10
15628.702125902819
 20
16595.741320348687
 10
15637.780774504005
 20
16587.73048599476
 10
15642.24414269196
 20
16583.46869075547
 10
15642.24414269196
 20
16487.077990015845
 10
15509.54030938687
 20
16486.95687188213
 10
15363.181475369409
 20
16487.14951834882
 10
15522.688243607703
 20
16656.632986013054
  0
LWPOLYLINE
  5
43E
330
17
100
AcDbEntity
  8
FLOOR_4_LARGE_TRIBUTARY
100
AcDbPolyline
 90
13
 70
1
 10
15522.688243607703
 20
16656.632986013054
 10
15542.263267476123
 20
16651.100401250093
 10
15589.7024293332
 20
16623.77041888549
 10
15599.8551188003
 20
16617.36528008315
 10
15609.739298050974
 20
16610.558717392876
 10
15619.354967085132
 20
16603.350730814735
 10
15628.702125902819
 20
16595.741320348687
 10
15637.780774504005
 20
16587.73048599476
 10
15642.24414269196
 20
16583.46869075547
 10
15642.24414269196
 20
16487.077990015845
 10
15509.54030938687
 20
16486.95687188213
 10
15363.181475369409
 20
16487.14951834882
 10
15522.688243607703
 20
16656.632986013054
  0
LWPOLYLINE
  5
440
330
17
100
AcDbEntity
  8
FLOOR_4_TRIBUTARY_COL_2
100
AcDbPolyline
 90
7
 70
1
 10
15254.697936416083
 20
16649.549361482634
 10
15313.088637323715
 20
16487.215453612112
 10
15214.15433521812
 20
16487.34567700357
 10
15173.358090216789
 20
16521.80155089419
 10
15173.358090216789
 20
16632.08125712161
 10
15173.358090216789
 20
16649.468368128317
 10
15254.697936416083
 20
16649.549361482634
  0
LWPOLYLINE
  5
441
330
17
100
AcDbEntity
  8
FLOOR_4_LARGE_TRIBUTARY
100
AcDbPolyline
 90
7
 70
1
 10
15254.697936416083
 20
16649.549361482634
 10
15313.088637323715
 20
16487.215453612112
 10
15214.15433521812
 20
16487.34567700357
 10
15173.358090216789
 20
16521.80155089419
 10
15173.358090216789
 20
16632.08125712161
 10
15173.358090216789
 20
16649.468368128317
 10
15254.697936416083
 20
16649.549361482634
  0
LWPOLYLINE
  5
443
330
17
100
AcDbEntity
  8
FLOOR_4_TRIBUTARY_COL_3
100
AcDbPolyline
 90
7
 70
1
 10
16111.187542678297
 20
16524.046552098047
 10
16218.874287472341
 20
16628.22263603092
 10
16275.130380446612
 20
16622.96084720578
 10
16275.0739115259
 20
16525.25195076704
 10
16238.73778402879
 20
16487.34567700357
 10
16110.240653275996
 20
16487.34567700357
 10
16111.187542678297
 20
16524.046552098047
  0
LWPOLYLINE
  5
444
330
17
100
AcDbEntity
  8
FLOOR_4_LARGE_TRIBUTARY
100
AcDbPolyline
 90
7
 70
1
 10
16111.187542678297
 20
16524.046552098047
 10
16218.874287472341
 20
16628.22263603092
 10
16275.130380446612
 20
16622.96084720578
 10
16275.0739115259
 20
16525.25195076704
 10
16238.73778402879
 20
16487.34567700357
 10
16110.240653275996
 20
16487.34567700357
 10
16111.187542678297
 20
16524.046552098047
  0
LWPOLYLINE
  5
446
330
17
100
AcDbEntity
  8
FLOOR_4_TRIBUTARY_COL_4
100
AcDbPolyline
 90
7
 70
1
 10
15298.202883425682
 20
16828.239126346183
 10
15314.720309777345
 20
16787.21219341373
 10
15254.697936416083
 20
16649.549361482634
 10
15173.358090216789
 20
16649.468368128317
 10
15173.358090216789
 20
16742.36096334903
 10
15250.603622340577
 20
16857.84569922392
 10
15298.202883425682
 20
16828.239126346183
  0
LWPOLYLINE
  5
447
330
17
100
AcDbEntity
  8
FLOOR_4_LARGE_TRIBUTARY
100
AcDbPolyline
 90
7
 70
1
 10
15298.202883425682
 20
16828.239126346183
 10
15314.720309777345
 20
16787.21219341373
 10
15254.697936416083
 20
16649.549361482634
 10
15173.358090216789
 20
16649.468368128317
 10
15173.358090216789
 20
16742.36096334903
 10
15250.603622340577
 20
16857.84569922392
 10
15298.202883425682
 20
16828.239126346183
  0
LWPOLYLINE
  5
449
330
17
100
AcDbEntity
  8
FLOOR_4_TRIBUTARY_COL_5
100
AcDbPolyline
 90
7
 70
1
 10
15509.913813468575
 20
17038.966022809273
 10
15518.460455562687
 20
17008.920339079756
 10
15516.295748846223
 20
16999.834927951582
 10
15298.202883425682
 20
16828.239126346183
 10
15250.603622340577
 20
16857.84569922392
 10
15414.458436255742
 20
17102.814299822036
 10
15509.913813468575
 20
17038.966022809273
  0
LWPOLYLINE
  5
44A
330
17
100
AcDbEntity
  8
FLOOR_4_LARGE_TRIBUTARY
100
AcDbPolyline
 90
7
 70
1
 10
15509.913813468575
 20
17038.966022809273
 10
15518.460455562687
 20
17008.920339079756
 10
15516.295748846223
 20
16999.834927951582
 10
15298.202883425682
 20
16828.239126346183
 10
15250.603622340577
 20
16857.84569922392
 10
15414.458436255742
 20
17102.814299822036
 10
15509.913813468575
 20
17038.966022809273
  0
LWPOLYLINE
  5
44C
330
17
100
AcDbEntity
  8
FLOOR_4_TRIBUTARY_COL_6
100
AcDbPolyline
 90
5
 70
1
 10
15660.474608467106
 20
17243.68646400851
 10
15509.913813468575
 20
17038.966022809273
 10
15414.458436255742
 20
17102.814299822036
 10
15555.604287157119
 20
17313.83221714391
 10
15660.474608467106
 20
17243.68646400851
  0
LWPOLYLINE
  5
44D
330
17
100
AcDbEntity
  8
FLOOR_4_LARGE_TRIBUTARY
100
AcDbPolyline
 90
5
 70
1
 10
15660.474608467106
 20
17243.68646400851
 10
15509.913813468575
 20
17038.966022809273
 10
15414.458436255742
 20
17102.814299822036
 10
15555.604287157119
 20
17313.83221714391
 10
15660.474608467106
 20
17243.68646400851
  0
LWPOLYLINE
  5
44F
330
17
100
AcDbEntity
  8
FLOOR_4_TRIBUTARY_COL_7
100
AcDbPolyline
 90
11
 70
1
 10
15702.19624024953
 20
17305.256896307168
 10
15616.018660223779
 20
17362.89943214363
 10
15702.092667896479
 20
17305.023463802478
 10
15676.141410306798
 20
17246.53423496501
 10
15660.474608467106
 20
17243.68646400851
 10
15555.604287157119
 20
17313.83221714391
 10
15590.2239738211
 20
17365.58984325559
 10
15626.073285179988
 20
17419.18580071425
 10
15677.672597994195
 20
17427.08067490702
 10
15738.266102510108
 20
17386.551547273688
 10
15702.19624024953
 20
17305.256896307168
  0
LWPOLYLINE
  5
450
330
17
100
AcDbEntity
  8
FLOOR_4_LARGE_TRIBUTARY
100
AcDbPolyline
 90
11
 70
1
 10
15702.19624024953
 20
17305.256896307168
 10
15616.018660223779
 20
17362.89943214363
 10
15702.092667896479
 20
17305.023463802478
 10
15676.141410306798
 20
17246.53423496501
 10
15660.474608467106
 20
17243.68646400851
 10
15555.604287157119
 20
17313.83221714391
 10
15590.2239738211
 20
17365.58984325559
 10
15626.073285179988
 20
17419.18580071425
 10
15677.672597994195
 20
17427.08067490702
 10
15738.266102510108
 20
17386.551547273688
 10
15702.19624024953
 20
17305.256896307168
  0
LWPOLYLINE
  5
452
330
17
100
AcDbEntity
  8
FLOOR_4_TRIBUTARY_COL_8
100
AcDbPolyline
 90
16
 70
1
 10
15298.202883425682
 20
16828.239126346183
 10
15516.295748846223
 20
16999.834927951582
 10
15517.21019178195
 20
16997.213616104335
 10
15522.86814038726
 20
16978.99216169887
 10
15527.61487318343
 20
16961.38020212866
 10
15531.450390170507
 20
16944.377737393548
 10
15534.37469134846
 20
16927.98476749366
 10
15536.38777671732
 20
16912.201292428817
 10
15537.489646277068
 20
16897.02731219919
 10
15537.680300027707
 20
16882.46282680468
 10
15536.959737969242
 20
16868.50783624536
 10
15535.327960101664
 20
16855.16234052113
 10
15505.707054936385
 20
16706.81282711936
 10
15501.641648515144
 20
16689.811647946794
 10
15314.720309777345
 20
16787.21219341373
 10
15298.202883425682
 20
16828.239126346183
  0
LWPOLYLINE
  5
453
330
17
100
AcDbEntity
  8
FLOOR_4_LARGE_TRIBUTARY
100
AcDbPolyline
 90
16
 70
1
 10
15298.202883425682
 20
16828.239126346183
 10
15516.295748846223
 20
16999.834927951582
 10
15517.21019178195
 20
16997.213616104335
 10
15522.86814038726
 20
16978.99216169887
 10
15527.61487318343
 20
16961.38020212866
 10
15531.450390170507
 20
16944.377737393548
 10
15534.37469134846
 20
16927.98476749366
 10
15536.38777671732
 20
16912.201292428817
 10
15537.489646277068
 20
16897.02731219919
 10
15537.680300027707
 20
16882.46282680468
 10
15536.959737969242
 20
16868.50783624536
 10
15535.327960101664
 20
16855.16234052113
 10
15505.707054936385
 20
16706.81282711936
 10
15501.641648515144
 20
16689.811647946794
 10
15314.720309777345
 20
16787.21219341373
 10
15298.202883425682
 20
16828.239126346183
  0
LWPOLYLINE
  5
455
330
17
100
AcDbEntity
  8
FLOOR_4_TRIBUTARY_COL_9
100
AcDbPolyline
 90
7
 70
1
 10
16233.429009603326
 20
16899.729335343916
 10
16216.38335257566
 20
16908.547570303435
 10
16133.393453192708
 20
17110.45186972387
 10
16138.313909441013
 20
17119.980816754156
 10
16274.73778402879
 20
17030.130833233776
 10
16274.73778402879
 20
16901.904513794594
 10
16233.429009603326
 20
16899.729335343916
  0
LWPOLYLINE
  5
456
330
17
100
AcDbEntity
  8
FLOOR_4_LARGE_TRIBUTARY
100
AcDbPolyline
 90
7
 70
1
 10
16233.429009603326
 20
16899.729335343916
 10
16216.38335257566
 20
16908.547570303435
 10
16133.393453192708
 20
17110.45186972387
 10
16138.313909441013
 20
17119.980816754156
 10
16274.73778402879
 20
17030.130833233776
 10
16274.73778402879
 20
16901.904513794594
 10
16233.429009603326
 20
16899.729335343916
  0
LWPOLYLINE
  5
458
330
17
100
AcDbEntity
  8
FLOOR_4_TRIBUTARY_COL_10
100
AcDbPolyline
 90
6
 70
1
 10
16016.646469793
 20
16746.367713276682
 10
16156.154876867464
 20
16716.471981848117
 10
16218.874287472341
 20
16628.22263603092
 10
16111.187542678297
 20
16524.046552098047
 10
16022.276237332911
 20
16579.74719120444
 10
16016.646469793
 20
16746.367713276682
  0
LWPOLYLINE
  5
459
330
17
100
AcDbEntity
  8
FLOOR_4_LARGE_TRIBUTARY
100
AcDbPolyline
 90
6
 70
1
 10
16016.646469793
 20
16746.367713276682
 10
16156.154876867464
 20
16716.471981848117
 10
16218.874287472341
 20
16628.22263603092
 10
16111.187542678297
 20
16524.046552098047
 10
16022.276237332911
 20
16579.74719120444
 10
16016.646469793
 20
16746.367713276682
  0
LWPOLYLINE
  5
45B
330
17
100
AcDbEntity
  8
FLOOR_4_TRIBUTARY_COL_11
100
AcDbPolyline
 90
8
 70
1
 10
16218.874287472341
 20
16628.22263603092
 10
16156.154876867464
 20
16716.471981848117
 10
16233.429009603326
 20
16899.729335343916
 10
16274.73778402879
 20
16901.904513794594
 10
16274.73778402879
 20
16869.97533432019
 10
16275.151180589888
 20
16658.951601410197
 10
16275.130380446612
 20
16622.96084720578
 10
16218.874287472341
 20
16628.22263603092
  0
LWPOLYLINE
  5
45C
330
17
100
AcDbEntity
  8
FLOOR_4_LARGE_TRIBUTARY
100
AcDbPolyline
 90
8
 70
1
 10
16218.874287472341
 20
16628.22263603092
 10
16156.154876867464
 20
16716.471981848117
 10
16233.429009603326
 20
16899.729335343916
 10
16274.73778402879
 20
16901.904513794594
 10
16274.73778402879
 20
16869.97533432019
 10
16275.151180589888
 20
16658.951601410197
 10
16275.130380446612
 20
16622.96084720578
 10
16218.874287472341
 20
16628.22263603092
  0
LWPOLYLINE
  5
45E
330
17
100
AcDbEntity
  8
FLOOR_4_TRIBUTARY_COL_12
100
AcDbPolyline
 90
8
 70
1
 10
15642.24414269196
 20
16583.46869075547
 10
15650.311641730728
 20
16584.88073281176
 10
15666.164694438226
 20
16586.997660708712
 10
15833.29530869257
 20
16601.93026037334
 10
15878.828348005109
 20
16541.41876582564
 10
15880.251062618283
 20
16487.295217757008
 10
15642.24414269196
 20
16487.077990015845
 10
15642.24414269196
 20
16583.46869075547
  0
LWPOLYLINE
  5
45F
330
17
100
AcDbEntity
  8
FLOOR_4_LARGE_TRIBUTARY
100
AcDbPolyline
 90
8
 70
1
 10
15642.24414269196
 20
16583.46869075547
 10
15650.311641730728
 20
16584.88073281176
 10
15666.164694438226
 20
16586.997660708712
 10
15833.29530869257
 20
16601.93026037334
 10
15878.828348005109
 20
16541.41876582564
 10
15880.251062618283
 20
16487.295217757008
 10
15642.24414269196
 20
16487.077990015845
 10
15642.24414269196
 20
16583.46869075547
  0
LWPOLYLINE
  5
461
330
17
100
AcDbEntity
  8
FLOOR_4_TRIBUTARY_COL_13
100
AcDbPolyline
 90
8
 70
1
 10
15837.184336378248
 20
16615.18136546646
 10
15880.338627936744
 20
16742.29103567229
 10
15979.480317347085
 20
16780.26817594895
 10
16016.646469793
 20
16746.367713276682
 10
16022.276237332911
 20
16579.74719120444
 10
15878.828348005109
 20
16541.41876582564
 10
15833.29530869257
 20
16601.93026037334
 10
15837.184336378248
 20
16615.18136546646
  0
LWPOLYLINE
  5
462
330
17
100
AcDbEntity
  8
FLOOR_4_LARGE_TRIBUTARY
100
AcDbPolyline
 90
8
 70
1
 10
15837.184336378248
 20
16615.18136546646
 10
15880.338627936744
 20
16742.29103567229
 10
15979.480317347085
 20
16780.26817594895
 10
16016.646469793
 20
16746.367713276682
 10
16022.276237332911
 20
16579.74719120444
 10
15878.828348005109
 20
16541.41876582564
 10
15833.29530869257
 20
16601.93026037334
 10
15837.184336378248
 20
16615.18136546646
  0
LWPOLYLINE
  5
464
330
17
100
AcDbEntity
  8
FLOOR_4_TRIBUTARY_COL_14
100
AcDbPolyline
 90
7
 70
1
 10
15314.720309777345
 20
16787.21219341373
 10
15501.641648515144
 20
16689.811647946794
 10
15522.688243607703
 20
16656.632986013054
 10
15363.181475369409
 20
16487.14951834882
 10
15313.088637323715
 20
16487.215453612112
 10
15254.697936416083
 20
16649.549361482634
 10
15314.720309777345
 20
16787.21219341373
  0
LWPOLYLINE
  5
465
330
17
100
AcDbEntity
  8
FLOOR_4_LARGE_TRIBUTARY
100
AcDbPolyline
 90
7
 70
1
 10
15314.720309777345
 20
16787.21219341373
 10
15501.641648515144
 20
16689.811647946794
 10
15522.688243607703
 20
16656.632986013054
 10
15363.181475369409
 20
16487.14951834882
 10
15313.088637323715
 20
16487.215453612112
 10
15254.697936416083
 20
16649.549361482634
 10
15314.720309777345
 20
16787.21219341373
  0
LWPOLYLINE
  5
467
330
17
100
AcDbEntity
  8
FLOOR_4_TRIBUTARY_COL_15
100
AcDbPolyline
 90
8
 70
1
 10
16005.081739601696
 20
16894.11943468167
 10
16216.38335257566
 20
16908.547570303435
 10
16233.429009603326
 20
16899.729335343916
 10
16156.154876867464
 20
16716.471981848117
 10
16016.646469793
 20
16746.367713276682
 10
15979.480317347085
 20
16780.26817594895
 10
16004.65269113336
 20
16892.448261625086
 10
16005.081739601696
 20
16894.11943468167
  0
LWPOLYLINE
  5
468
330
17
100
AcDbEntity
  8
FLOOR_4_LARGE_TRIBUTARY
100
AcDbPolyline
 90
8
 70
1
 10
16005.081739601696
 20
16894.11943468167
 10
16216.38335257566
 20
16908.547570303435
 10
16233.429009603326
 20
16899.729335343916
 10
16156.154876867464
 20
16716.471981848117
 10
16016.646469793
 20
16746.367713276682
 10
15979.480317347085
 20
16780.26817594895
 10
16004.65269113336
 20
16892.448261625086
 10
16005.081739601696
 20
16894.11943468167
  0
LWPOLYLINE
  5
46A
330
17
100
AcDbEntity
  8
FLOOR_4_TRIBUTARY_COL_16
100
AcDbPolyline
 90
7
 70
1
 10
15969.609862751813
 20
17019.19278592222
 10
16133.393453192708
 20
17110.45186972387
 10
16216.38335257566
 20
16908.547570303435
 10
16005.081739601696
 20
16894.11943468167
 10
15969.389770196201
 20
16975.506663423803
 10
15969.15988048691
 20
16991.025151960985
 10
15969.609862751813
 20
17019.19278592222
  0
LWPOLYLINE
  5
46B
330
17
100
AcDbEntity
  8
FLOOR_4_LARGE_TRIBUTARY
100
AcDbPolyline
 90
7
 70
1
 10
15969.609862751813
 20
17019.19278592222
 10
16133.393453192708
 20
17110.45186972387
 10
16216.38335257566
 20
16908.547570303435
 10
16005.081739601696
 20
16894.11943468167
 10
15969.389770196201
 20
16975.506663423803
 10
15969.15988048691
 20
16991.025151960985
 10
15969.609862751813
 20
17019.19278592222
  0
LWPOLYLINE
  5
46D
330
17
100
AcDbEntity
  8
FLOOR_4_TRIBUTARY_COL_17
100
AcDbPolyline
 90
20
 70
1
 10
15518.460455562687
 20
17008.920339079756
 10
15509.913813468575
 20
17038.966022809273
 10
15660.474608467106
 20
17243.68646400851
 10
15676.141410306798
 20
17246.53423496501
 10
15784.96398402833
 20
17178.653230534575
 10
15734.890093774511
 20
17085.143736348433
 10
15714.177202532926
 20
17053.146637689293
 10
15706.19258611466
 20
17044.050434225486
 10
15696.745077428292
 20
17035.932731433906
 10
15685.834676473858
 20
17028.793529314586
 10
15673.461383251331
 20
17022.632827867506
 10
15659.62519776075
 20
17017.45062709268
 10
15644.326120002037
 20
17013.24692699009
 10
15627.564149975286
 20
17010.021727559753
 10
15609.339287680421
 20
17007.77502880166
 10
15589.65153311755
 20
17006.50683071582
 10
15568.500886286469
 20
17006.21713330222
 10
15545.88734718741
 20
17006.90593656087
 10
15521.810915820191
 20
17008.57324049177
 10
15518.460455562687
 20
17008.920339079756
  0
LWPOLYLINE
  5
46E
330
17
100
AcDbEntity
  8
FLOOR_4_LARGE_TRIBUTARY
100
AcDbPolyline
 90
20
 70
1
 10
15518.460455562687
 20
17008.920339079756
 10
15509.913813468575
 20
17038.966022809273
 10
15660.474608467106
 20
17243.68646400851
 10
15676.141410306798
 20
17246.53423496501
 10
15784.96398402833
 20
17178.653230534575
 10
15734.890093774511
 20
17085.143736348433
 10
15714.177202532926
 20
17053.146637689293
 10
15706.19258611466
 20
17044.050434225486
 10
15696.745077428292
 20
17035.932731433906
 10
15685.834676473858
 20
17028.793529314586
 10
15673.461383251331
 20
17022.632827867506
 10
15659.62519776075
 20
17017.45062709268
 10
15644.326120002037
 20
17013.24692699009
 10
15627.564149975286
 20
17010.021727559753
 10
15609.339287680421
 20
17007.77502880166
 10
15589.65153311755
 20
17006.50683071582
 10
15568.500886286469
 20
17006.21713330222
 10
15545.88734718741
 20
17006.90593656087
 10
15521.810915820191
 20
17008.57324049177
 10
15518.460455562687
 20
17008.920339079756
  0
LWPOLYLINE
  5
470
330
17
100
AcDbEntity
  8
FLOOR_4_TRIBUTARY_COL_18
100
AcDbPolyline
 90
15
 70
1
 10
15859.60798340003
 20
17160.275629037566
 10
15938.302171179439
 20
17252.75168384927
 10
16039.643547759268
 20
17184.96599913401
 10
16041.303076429449
 20
17159.86648033681
 10
16039.6435477593
 20
17184.965999134
 10
16138.313909441013
 20
17119.980816754156
 10
16133.393453192708
 20
17110.45186972387
 10
15969.609862751813
 20
17019.19278592222
 10
15896.486844153933
 20
17103.463400293695
 10
15888.669667072227
 20
17113.36008903539
 10
15881.187827939248
 20
17123.758101509768
 10
15874.041326755005
 20
17134.65743771683
 10
15867.230163519489
 20
17146.058097656576
 10
15860.754338232713
 20
17157.960081328998
 10
15859.60798340003
 20
17160.275629037566
  0
LWPOLYLINE
  5
471
330
17
100
AcDbEntity
  8
FLOOR_4_LARGE_TRIBUTARY
100
AcDbPolyline
 90
15
 70
1
 10
15859.60798340003
 20
17160.275629037566
 10
15938.302171179439
 20
17252.75168384927
 10
16039.643547759268
 20
17184.96599913401
 10
16041.303076429449
 20
17159.86648033681
 10
16039.6435477593
 20
17184.965999134
 10
16138.313909441013
 20
17119.980816754156
 10
16133.393453192708
 20
17110.45186972387
 10
15969.609862751813
 20
17019.19278592222
 10
15896.486844153933
 20
17103.463400293695
 10
15888.669667072227
 20
17113.36008903539
 10
15881.187827939248
 20
17123.758101509768
 10
15874.041326755005
 20
17134.65743771683
 10
15867.230163519489
 20
17146.058097656576
 10
15860.754338232713
 20
17157.960081328998
 10
15859.60798340003
 20
17160.275629037566
  0
LWPOLYLINE
  5
473
330
17
100
AcDbEntity
  8
FLOOR_4_TRIBUTARY_COL_19
100
AcDbPolyline
 90
12
 70
1
 10
15859.60798340003
 20
17160.275629037566
 10
15849.315555260328
 20
17162.442539470663
 10
15784.96398402833
 20
17178.653230534575
 10
15676.141410306798
 20
17246.53423496501
 10
15702.092667896479
 20
17305.023463802478
 10
15748.447297702838
 20
17273.85471542329
 10
15748.663305132333
 20
17274.17596491037
 10
15702.19624024953
 20
17305.256896307168
 10
15738.266102510108
 20
17386.551547273688
 10
15814.82661937972
 20
17335.342577192285
 10
15938.302171179439
 20
17252.75168384927
 10
15859.60798340003
 20
17160.275629037566
  0
LWPOLYLINE
  5
474
330
17
100
AcDbEntity
  8
FLOOR_4_LARGE_TRIBUTARY
100
AcDbPolyline
 90
12
 70
1
 10
15859.60798340003
 20
17160.275629037566
 10
15849.315555260328
 20
17162.442539470663
 10
15784.96398402833
 20
17178.653230534575
 10
15676.141410306798
 20
17246.53423496501
 10
15702.092667896479
 20
17305.023463802478
 10
15748.447297702838
 20
17273.85471542329
 10
15748.663305132333
 20
17274.17596491037
 10
15702.19624024953
 20
17305.256896307168
 10
15738.266102510108
 20
17386.551547273688
 10
15814.82661937972
 20
17335.342577192285
 10
15938.302171179439
 20
17252.75168384927
 10
15859.60798340003
 20
17160.275629037566
  0
LWPOLYLINE
  5
476
330
17
100
AcDbEntity
  8
FLOOR_4_WALL_TRIBUTARY_14
100
AcDbPolyline
 90
67
 70
1
 10
15628.702125902819
 20
16595.741320348687
 10
15619.354967085132
 20
16603.350730814735
 10
15609.739298050974
 20
16610.558717392876
 10
15599.8551188003
 20
16617.36528008315
 10
15589.7024293332
 20
16623.77041888549
 10
15542.263267476123
 20
16651.100401250093
 10
15636.87840523043
 20
16775.552248929274
 10
15643.791409799169
 20
16788.02608296859
 10
15648.087756254346
 20
16799.58929970266
 10
15648.878921162514
 20
16803.205235888883
 10
15650.960643854165
 20
16806.691770381058
 10
15653.781987842023
 20
16810.21749779477
 10
15657.632328350239
 20
16816.666168908523
 10
15660.45367233809
 20
16820.191896322227
 10
15664.304012846314
 20
16826.640567436003
 10
15667.125356834167
 20
16830.166294849707
 10
15670.975697342381
 20
16836.61496596346
 10
15673.797041330246
 20
16840.14069337718
 10
15677.647381838466
 20
16846.589364490945
 10
15680.468725826317
 20
16850.115091904652
 10
15684.319066334538
 20
16856.563763018414
 10
15687.140410322387
 20
16860.089490432118
 10
15690.990750830613
 20
16866.53816154589
 10
15693.812094818464
 20
16870.063888959594
 10
15697.662435326678
 20
16876.51256007335
 10
15700.483779314543
 20
16880.03828748707
 10
15704.334119822764
 20
16886.486958600835
 10
15707.155463810614
 20
16890.01268601454
 10
15711.005804318835
 20
16896.4613571283
 10
15713.827148306686
 20
16899.987084542005
 10
15717.677488814912
 20
16906.43575565578
 10
15720.498832802768
 20
16909.96148306949
 10
15724.34917331098
 20
16916.41015418324
 10
15727.170517298837
 20
16919.93588159695
 10
15731.020857807061
 20
16926.384552710726
 10
15733.842201794912
 20
16929.91028012443
 10
15737.692542303132
 20
16936.358951238188
 10
15740.513886290984
 20
16939.884678651895
 10
15744.364226799209
 20
16946.333349765668
 10
15747.185587819393
 20
16949.85909846404
 10
15751.035914412329
 20
16956.30774620819
 10
15758.560874083769
 20
16965.7114052828
 10
15762.604732989006
 20
16969.573553530463
 10
15772.80318522566
 20
16969.09397994081
 10
15785.56381387169
 20
16966.5878056106
 10
15797.088356879169
 20
16962.23364059972
 10
15800.944371091431
 20
16959.909132693843
 10
15816.079580517078
 20
16953.620998332997
 10
15819.279663327263
 20
16951.704718737165
 10
15830.820079234061
 20
16947.37423672079
 10
15843.59277111233
 20
16944.88601239535
 10
15857.59773896202
 20
16944.240045760842
 10
15872.834982783188
 20
16945.43633681727
 10
15889.304502575807
 20
16948.474885564636
 10
15907.006298339853
 20
16953.355692002926
 10
15969.389770196201
 20
16975.506663423803
 10
16005.081739601696
 20
16894.11943468167
 10
16004.65269113336
 20
16892.448261625086
 10
15979.480317347085
 20
16780.26817594895
 10
15880.338627936744
 20
16742.29103567229
 10
15837.184336378248
 20
16615.18136546646
 10
15833.29530869257
 20
16601.93026037334
 10
15666.164694438226
 20
16586.997660708712
 10
15650.311641730728
 20
16584.88073281176
 10
15642.24414269196
 20
16583.46869075547
 10
15637.780774504005
 20
16587.73048599476
 10
15628.702125902819
 20
16595.741320348687
  0
LWPOLYLINE
  5
477
330
17
100
AcDbEntity
  8
FLOOR_4_LARGE_TRIBUTARY
100
AcDbPolyline
 90
67
 70
1
 10
15628.702125902819
 20
16595.741320348687
 10
15619.354967085132
 20
16603.350730814735
 10
15609.739298050974
 20
16610.558717392876
 10
15599.8551188003
 20
16617.36528008315
 10
15589.7024293332
 20
16623.77041888549
 10
15542.263267476123
 20
16651.100401250093
 10
15636.87840523043
 20
16775.552248929274
 10
15643.791409799169
 20
16788.02608296859
 10
15648.087756254346
 20
16799.58929970266
 10
15648.878921162514
 20
16803.205235888883
 10
15650.960643854165
 20
16806.691770381058
 10
15653.781987842023
 20
16810.21749779477
 10
15657.632328350239
 20
16816.666168908523
 10
15660.45367233809
 20
16820.191896322227
 10
15664.304012846314
 20
16826.640567436003
 10
15667.125356834167
 20
16830.166294849707
 10
15670.975697342381
 20
16836.61496596346
 10
15673.797041330246
 20
16840.14069337718
 10
15677.647381838466
 20
16846.589364490945
 10
15680.468725826317
 20
16850.115091904652
 10
15684.319066334538
 20
16856.563763018414
 10
15687.140410322387
 20
16860.089490432118
 10
15690.990750830613
 20
16866.53816154589
 10
15693.812094818464
 20
16870.063888959594
 10
15697.662435326678
 20
16876.51256007335
 10
15700.483779314543
 20
16880.03828748707
 10
15704.334119822764
 20
16886.486958600835
 10
15707.155463810614
 20
16890.01268601454
 10
15711.005804318835
 20
16896.4613571283
 10
15713.827148306686
 20
16899.987084542005
 10
15717.677488814912
 20
16906.43575565578
 10
15720.498832802768
 20
16909.96148306949
 10
15724.34917331098
 20
16916.41015418324
 10
15727.170517298837
 20
16919.93588159695
 10
15731.020857807061
 20
16926.384552710726
 10
15733.842201794912
 20
16929.91028012443
 10
15737.692542303132
 20
16936.358951238188
 10
15740.513886290984
 20
16939.884678651895
 10
15744.364226799209
 20
16946.333349765668
 10
15747.185587819393
 20
16949.85909846404
 10
15751.035914412329
 20
16956.30774620819
 10
15758.560874083769
 20
16965.7114052828
 10
15762.604732989006
 20
16969.573553530463
 10
15772.80318522566
 20
16969.09397994081
 10
15785.56381387169
 20
16966.5878056106
 10
15797.088356879169
 20
16962.23364059972
 10
15800.944371091431
 20
16959.909132693843
 10
15816.079580517078
 20
16953.620998332997
 10
15819.279663327263
 20
16951.704718737165
 10
15830.820079234061
 20
16947.37423672079
 10
15843.59277111233
 20
16944.88601239535
 10
15857.59773896202
 20
16944.240045760842
 10
15872.834982783188
 20
16945.43633681727
 10
15889.304502575807
 20
16948.474885564636
 10
15907.006298339853
 20
16953.355692002926
 10
15969.389770196201
 20
16975.506663423803
 10
16005.081739601696
 20
16894.11943468167
 10
16004.65269113336
 20
16892.448261625086
 10
15979.480317347085
 20
16780.26817594895
 10
15880.338627936744
 20
16742.29103567229
 10
15837.184336378248
 20
16615.18136546646
 10
15833.29530869257
 20
16601.93026037334
 10
15666.164694438226
 20
16586.997660708712
 10
15650.311641730728
 20
16584.88073281176
 10
15642.24414269196
 20
16583.46869075547
 10
15637.780774504005
 20
16587.73048599476
 10
15628.702125902819
 20
16595.741320348687
  0
TEXT
  5
478
330
17
100
AcDbEntity
  8
FLOOR_4_AREA_LABELS
100
AcDbText
 10
15786.056340018156
 20
16777.547916369098
 30
0.0
 40
24.0
  1
731 SF
 72
1
 11
15786.056340018156
 21
16777.547916369098
 31
0.0
100
AcDbText
 73
2
  0
LWPOLYLINE
  5
47A
330
17
100
AcDbEntity
  8
FLOOR_4_WALL_TRIBUTARY_15
100
AcDbPolyline
 90
92
 70
1
 10
15542.263267476123
 20
16651.100401250093
 10
15522.688243607703
 20
16656.632986013054
 10
15501.641648515144
 20
16689.811647946794
 10
15505.707054936385
 20
16706.81282711936
 10
15535.327960101664
 20
16855.16234052113
 10
15536.959737969242
 20
16868.50783624536
 10
15537.680300027707
 20
16882.46282680468
 10
15537.489646277068
 20
16897.02731219919
 10
15536.38777671732
 20
16912.201292428817
 10
15534.37469134846
 20
16927.98476749366
 10
15531.450390170507
 20
16944.377737393548
 10
15527.61487318343
 20
16961.38020212866
 10
15522.86814038726
 20
16978.99216169887
 10
15517.21019178195
 20
16997.213616104335
 10
15516.295748846223
 20
16999.834927951582
 10
15518.460455562687
 20
17008.920339079756
 10
15521.810915820191
 20
17008.57324049177
 10
15545.88734718741
 20
17006.90593656087
 10
15568.500886286469
 20
17006.21713330222
 10
15589.65153311755
 20
17006.50683071582
 10
15609.339287680421
 20
17007.77502880166
 10
15627.564149975286
 20
17010.021727559753
 10
15644.326120002037
 20
17013.24692699009
 10
15659.62519776075
 20
17017.45062709268
 10
15673.461383251331
 20
17022.632827867506
 10
15685.834676473858
 20
17028.793529314586
 10
15696.745077428292
 20
17035.932731433906
 10
15706.19258611466
 20
17044.050434225486
 10
15714.177202532926
 20
17053.146637689293
 10
15734.890093774511
 20
17085.143736348433
 10
15784.96398402833
 20
17178.653230534575
 10
15849.315555260328
 20
17162.442539470663
 10
15859.60798340003
 20
17160.275629037566
 10
15860.754338232713
 20
17157.960081328998
 10
15867.230163519489
 20
17146.058097656576
 10
15874.041326755005
 20
17134.65743771683
 10
15881.187827939248
 20
17123.758101509768
 10
15888.669667072227
 20
17113.36008903539
 10
15896.486844153933
 20
17103.463400293695
 10
15969.609862751813
 20
17019.19278592222
 10
15969.15988048691
 20
16991.025151960985
 10
15969.389770196201
 20
16975.506663423803
 10
15907.006298339853
 20
16953.355692002926
 10
15889.304502575807
 20
16948.474885564636
 10
15872.834982783188
 20
16945.43633681727
 10
15857.59773896202
 20
16944.240045760842
 10
15843.59277111233
 20
16944.88601239535
 10
15830.820079234061
 20
16947.37423672079
 10
15819.279663327263
 20
16951.704718737165
 10
15816.079580517078
 20
16953.620998332997
 10
15800.944371091431
 20
16959.909132693843
 10
15797.088356879169
 20
16962.23364059972
 10
15785.56381387169
 20
16966.5878056106
 10
15772.80318522566
 20
16969.09397994081
 10
15762.604732989006
 20
16969.573553530463
 10
15758.560874083769
 20
16965.7114052828
 10
15751.035914412329
 20
16956.30774620819
 10
15747.185587819393
 20
16949.85909846404
 10
15744.364226799209
 20
16946.333349765668
 10
15740.513886290984
 20
16939.884678651895
 10
15737.692542303132
 20
16936.358951238188
 10
15733.842201794912
 20
16929.91028012443
 10
15731.020857807061
 20
16926.384552710726
 10
15727.170517298837
 20
16919.93588159695
 10
15724.34917331098
 20
16916.41015418324
 10
15720.498832802768
 20
16909.96148306949
 10
15717.677488814912
 20
16906.43575565578
 10
15713.827148306686
 20
16899.987084542005
 10
15711.005804318835
 20
16896.4613571283
 10
15707.155463810614
 20
16890.01268601454
 10
15704.334119822764
 20
16886.486958600835
 10
15700.483779314543
 20
16880.03828748707
 10
15697.662435326678
 20
16876.51256007335
 10
15693.812094818464
 20
16870.063888959594
 10
15690.990750830613
 20
16866.53816154589
 10
15687.140410322387
 20
16860.089490432118
 10
15684.319066334538
 20
16856.563763018414
 10
15680.468725826317
 20
16850.115091904652
 10
15677.647381838466
 20
16846.589364490945
 10
15673.797041330246
 20
16840.14069337718
 10
15670.975697342381
 20
16836.61496596346
 10
15667.125356834167
 20
16830.166294849707
 10
15664.304012846314
 20
16826.640567436003
 10
15660.45367233809
 20
16820.191896322227
 10
15657.632328350239
 20
16816.666168908523
 10
15653.781987842023
 20
16810.21749779477
 10
15650.960643854165
 20
16806.691770381058
 10
15648.878921162514
 20
16803.205235888883
 10
15648.087756254346
 20
16799.58929970266
 10
15643.791409799169
 20
16788.02608296859
 10
15636.87840523043
 20
16775.552248929274
 10
15542.263267476123
 20
16651.100401250093
  0
LWPOLYLINE
  5
47B
330
17
100
AcDbEntity
  8
FLOOR_4_LARGE_TRIBUTARY
100
AcDbPolyline
 90
92
 70
1
 10
15542.263267476123
 20
16651.100401250093
 10
15522.688243607703
 20
16656.632986013054
 10
15501.641648515144
 20
16689.811647946794
 10
15505.707054936385
 20
16706.81282711936
 10
15535.327960101664
 20
16855.16234052113
 10
15536.959737969242
 20
16868.50783624536
 10
15537.680300027707
 20
16882.46282680468
 10
15537.489646277068
 20
16897.02731219919
 10
15536.38777671732
 20
16912.201292428817
 10
15534.37469134846
 20
16927.98476749366
 10
15531.450390170507
 20
16944.377737393548
 10
15527.61487318343
 20
16961.38020212866
 10
15522.86814038726
 20
16978.99216169887
 10
15517.21019178195
 20
16997.213616104335
 10
15516.295748846223
 20
16999.834927951582
 10
15518.460455562687
 20
17008.920339079756
 10
15521.810915820191
 20
17008.57324049177
 10
15545.88734718741
 20
17006.90593656087
 10
15568.500886286469
 20
17006.21713330222
 10
15589.65153311755
 20
17006.50683071582
 10
15609.339287680421
 20
17007.77502880166
 10
15627.564149975286
 20
17010.021727559753
 10
15644.326120002037
 20
17013.24692699009
 10
15659.62519776075
 20
17017.45062709268
 10
15673.461383251331
 20
17022.632827867506
 10
15685.834676473858
 20
17028.793529314586
 10
15696.745077428292
 20
17035.932731433906
 10
15706.19258611466
 20
17044.050434225486
 10
15714.177202532926
 20
17053.146637689293
 10
15734.890093774511
 20
17085.143736348433
 10
15784.96398402833
 20
17178.653230534575
 10
15849.315555260328
 20
17162.442539470663
 10
15859.60798340003
 20
17160.275629037566
 10
15860.754338232713
 20
17157.960081328998
 10
15867.230163519489
 20
17146.058097656576
 10
15874.041326755005
 20
17134.65743771683
 10
15881.187827939248
 20
17123.758101509768
 10
15888.669667072227
 20
17113.36008903539
 10
15896.486844153933
 20
17103.463400293695
 10
15969.609862751813
 20
17019.19278592222
 10
15969.15988048691
 20
16991.025151960985
 10
15969.389770196201
 20
16975.506663423803
 10
15907.006298339853
 20
16953.355692002926
 10
15889.304502575807
 20
16948.474885564636
 10
15872.834982783188
 20
16945.43633681727
 10
15857.59773896202
 20
16944.240045760842
 10
15843.59277111233
 20
16944.88601239535
 10
15830.820079234061
 20
16947.37423672079
 10
15819.279663327263
 20
16951.704718737165
 10
15816.079580517078
 20
16953.620998332997
 10
15800.944371091431
 20
16959.909132693843
 10
15797.088356879169
 20
16962.23364059972
 10
15785.56381387169
 20
16966.5878056106
 10
15772.80318522566
 20
16969.09397994081
 10
15762.604732989006
 20
16969.573553530463
 10
15758.560874083769
 20
16965.7114052828
 10
15751.035914412329
 20
16956.30774620819
 10
15747.185587819393
 20
16949.85909846404
 10
15744.364226799209
 20
16946.333349765668
 10
15740.513886290984
 20
16939.884678651895
 10
15737.692542303132
 20
16936.358951238188
 10
15733.842201794912
 20
16929.91028012443
 10
15731.020857807061
 20
16926.384552710726
 10
15727.170517298837
 20
16919.93588159695
 10
15724.34917331098
 20
16916.41015418324
 10
15720.498832802768
 20
16909.96148306949
 10
15717.677488814912
 20
16906.43575565578
 10
15713.827148306686
 20
16899.987084542005
 10
15711.005804318835
 20
16896.4613571283
 10
15707.155463810614
 20
16890.01268601454
 10
15704.334119822764
 20
16886.486958600835
 10
15700.483779314543
 20
16880.03828748707
 10
15697.662435326678
 20
16876.51256007335
 10
15693.812094818464
 20
16870.063888959594
 10
15690.990750830613
 20
16866.53816154589
 10
15687.140410322387
 20
16860.089490432118
 10
15684.319066334538
 20
16856.563763018414
 10
15680.468725826317
 20
16850.115091904652
 10
15677.647381838466
 20
16846.589364490945
 10
15673.797041330246
 20
16840.14069337718
 10
15670.975697342381
 20
16836.61496596346
 10
15667.125356834167
 20
16830.166294849707
 10
15664.304012846314
 20
16826.640567436003
 10
15660.45367233809
 20
16820.191896322227
 10
15657.632328350239
 20
16816.666168908523
 10
15653.781987842023
 20
16810.21749779477
 10
15650.960643854165
 20
16806.691770381058
 10
15648.878921162514
 20
16803.205235888883
 10
15648.087756254346
 20
16799.58929970266
 10
15643.791409799169
 20
16788.02608296859
 10
15636.87840523043
 20
16775.552248929274
 10
15542.263267476123
 20
16651.100401250093
  0
TEXT
  5
47C
330
17
100
AcDbEntity
  8
FLOOR_4_AREA_LABELS
100
AcDbText
 10
15707.944275745149
 20
16949.67239953714
 30
0.0
 40
24.0
  1
630 SF
 72
1
 11
15707.944275745149
 21
16949.67239953714
 31
0.0
100
AcDbText
 73
2
  0
TEXT
  5
47D
330
17
100
AcDbEntity
  8
FLOOR_4_AREA_LABELS
100
AcDbText
 10
15993.521767086024
 20
16523.74416584163
 30
0.0
 40
24.0
  1
113 SF
 72
1
 11
15993.521767086024
 21
16523.74416584163
 31
0.0
100
AcDbText
 73
2
  0
TEXT
  5
47E
330
17
100
AcDbEntity
  8
FLOOR_4_AREA_LABELS
100
AcDbText
 10
15528.846275370022
 20
16551.5858622688
 30
0.0
 40
24.0
  1
210 SF
 72
1
 11
15528.846275370022
 21
16551.5858622688
 31
0.0
100
AcDbText
 73
2
  0
TEXT
  5
47F
330
17
100
AcDbEntity
  8
FLOOR_4_AREA_LABELS
100
AcDbText
 10
15231.67383211349
 20
16563.816094414942
 30
0.0
 40
24.0
  1
120 SF
 72
1
 11
15231.67383211349
 21
16563.816094414942
 31
0.0
100
AcDbText
 73
2
  0
TEXT
  5
480
330
17
100
AcDbEntity
  8
FLOOR_4_AREA_LABELS
100
AcDbText
 10
16205.113331070184
 20
16547.48666673107
 30
0.0
 40
24.0
  1
116 SF
 72
1
 11
16205.113331070184
 21
16547.48666673107
 31
0.0
100
AcDbText
 73
2
  0
TEXT
  5
481
330
17
100
AcDbEntity
  8
FLOOR_4_AREA_LABELS
100
AcDbText
 10
15239.450265552874
 20
16744.215858852484
 30
0.0
 40
24.0
  1
135 SF
 72
1
 11
15239.450265552874
 21
16744.215858852484
 31
0.0
100
AcDbText
 73
2
  0
TEXT
  5
482
330
17
100
AcDbEntity
  8
FLOOR_4_AREA_LABELS
100
AcDbText
 10
15389.416238735324
 20
16967.913834667088
 30
0.0
 40
24.0
  1
209 SF
 72
1
 11
15389.416238735324
 21
16967.913834667088
 31
0.0
100
AcDbText
 73
2
  0
TEXT
  5
483
330
17
100
AcDbEntity
  8
FLOOR_4_AREA_LABELS
100
AcDbText
 10
15536.25525989568
 20
17176.452996611773
 30
0.0
 40
24.0
  1
213 SF
 72
1
 11
15536.25525989568
 21
17176.452996611773
 31
0.0
100
AcDbText
 73
2
  0
TEXT
  5
484
330
17
100
AcDbEntity
  8
FLOOR_4_AREA_LABELS
100
AcDbText
 10
15651.285644722022
 20
17340.96452355379
 30
0.0
 40
24.0
  1
136 SF
 72
1
 11
15651.285644722022
 21
17340.96452355379
 31
0.0
100
AcDbText
 73
2
  0
TEXT
  5
485
330
17
100
AcDbEntity
  8
FLOOR_4_AREA_LABELS
100
AcDbText
 10
15443.472735660145
 20
16836.529539518022
 30
0.0
 40
24.0
  1
282 SF
 72
1
 11
15443.472735660145
 21
16836.529539518022
 31
0.0
100
AcDbText
 73
2
  0
TEXT
  5
486
330
17
100
AcDbEntity
  8
FLOOR_4_AREA_LABELS
100
AcDbText
 10
16218.34952452338
 20
17002.321200253486
 30
0.0
 40
24.0
  1
110 SF
 72
1
 11
16218.34952452338
 21
17002.321200253486
 31
0.0
100
AcDbText
 73
2
  0
TEXT
  5
487
330
17
100
AcDbEntity
  8
FLOOR_4_AREA_LABELS
100
AcDbText
 10
16102.051921963513
 20
16640.287835724375
 30
0.0
 40
24.0
  1
204 SF
 72
1
 11
16102.051921963513
 21
16640.287835724375
 31
0.0
100
AcDbText
 73
2
  0
TEXT
  5
488
330
17
100
AcDbEntity
  8
FLOOR_4_AREA_LABELS
100
AcDbText
 10
16231.160736526606
 20
16752.840449651536
 30
0.0
 40
24.0
  1
157 SF
 72
1
 11
16231.160736526606
 21
16752.840449651536
 31
0.0
100
AcDbText
 73
2
  0
TEXT
  5
489
330
17
100
AcDbEntity
  8
FLOOR_4_AREA_LABELS
100
AcDbText
 10
15758.554156678856
 20
16538.863374804365
 30
0.0
 40
24.0
  1
168 SF
 72
1
 11
15758.554156678856
 21
16538.863374804365
 31
0.0
100
AcDbText
 73
2
  0
TEXT
  5
48A
330
17
100
AcDbEntity
  8
FLOOR_4_AREA_LABELS
100
AcDbText
 10
15936.414424159932
 20
16655.751099507237
 30
0.0
 40
24.0
  1
228 SF
 72
1
 11
15936.414424159932
 21
16655.751099507237
 31
0.0
100
AcDbText
 73
2
  0
TEXT
  5
48B
330
17
100
AcDbEntity
  8
FLOOR_4_AREA_LABELS
100
AcDbText
 10
15370.706325813906
 20
16637.11073845605
 30
0.0
 40
24.0
  1
324 SF
 72
1
 11
15370.706325813906
 21
16637.11073845605
 31
0.0
100
AcDbText
 73
2
  0
TEXT
  5
48C
330
17
100
AcDbEntity
  8
FLOOR_4_AREA_LABELS
100
AcDbText
 10
16101.193307052494
 20
16821.4873409761
 30
0.0
 40
24.0
  1
240 SF
 72
1
 11
16101.193307052494
 21
16821.4873409761
 31
0.0
100
AcDbText
 73
2
  0
TEXT
  5
48D
330
17
100
AcDbEntity
  8
FLOOR_4_AREA_LABELS
100
AcDbText
 10
16086.925804232375
 20
16983.507860723337
 30
0.0
 40
24.0
  1
241 SF
 72
1
 11
16086.925804232375
 21
16983.507860723337
 31
0.0
100
AcDbText
 73
2
  0
TEXT
  5
48E
330
17
100
AcDbEntity
  8
FLOOR_4_AREA_LABELS
100
AcDbText
 10
15651.095476650113
 20
17112.625211641374
 30
0.0
 40
24.0
  1
258 SF
 72
1
 11
15651.095476650113
 21
17112.625211641374
 31
0.0
100
AcDbText
 73
2
  0
TEXT
  5
48F
330
17
100
AcDbEntity
  8
FLOOR_4_AREA_LABELS
100
AcDbText
 10
15984.506875940897
 20
17133.50995322423
 30
0.0
 40
24.0
  1
230 SF
 72
1
 11
15984.506875940897
 21
17133.50995322423
 31
0.0
100
AcDbText
 73
2
  0
TEXT
  5
490
330
17
100
AcDbEntity
  8
FLOOR_4_AREA_LABELS
100
AcDbText
 10
15798.989729794994
 20
17261.98447912477
 30
0.0
 40
24.0
  1
220 SF
 72
1
 11
15798.989729794994
 21
17261.98447912477
 31
0.0
100
AcDbText
 73
2
  0
LWPOLYLINE
  5
493
330
17
100
AcDbEntity
  8
FLOOR_4_FASCADE_COLUMNS
100
AcDbPolyline
 90
31
 70
0
 10
15214.15433521812
 20
16487.34567700357
 10
15209.570472074816
 20
16491.21713650658
 10
15204.986608931511
 20
16495.08859600959
 10
15200.402745788208
 20
16498.9600555126
 10
15195.8188826449
 20
16502.831515015612
 10
15191.235019501597
 20
16506.702974518626
 10
15186.651156358294
 20
16510.574434021633
 10
15182.067293214986
 20
16514.445893524648
 10
15177.483430071683
 20
16518.317353027658
 10
15173.358090216789
 20
16522.40173018499
 10
15173.358090216789
 20
16528.40173018499
 10
15173.358090216789
 20
16534.40173018499
 10
15173.358090216789
 20
16540.40173018499
 10
15173.358090216789
 20
16546.40173018499
 10
15173.358090216789
 20
16552.40173018499
 10
15173.358090216789
 20
16558.40173018499
 10
15173.358090216789
 20
16564.40173018499
 10
15173.358090216789
 20
16570.40173018499
 10
15173.358090216789
 20
16576.40173018499
 10
15173.358090216789
 20
16582.40173018499
 10
15173.358090216789
 20
16588.40173018499
 10
15173.358090216789
 20
16594.40173018499
 10
15173.358090216789
 20
16600.40173018499
 10
15173.358090216789
 20
16606.40173018499
 10
15173.358090216789
 20
16612.40173018499
 10
15173.358090216789
 20
16618.40173018499
 10
15173.358090216789
 20
16624.40173018499
 10
15173.358090216789
 20
16630.40173018499
 10
15173.358090216789
 20
16636.40173018499
 10
15173.358090216789
 20
16642.40173018499
 10
15173.358090216789
 20
16648.40173018499
  0
TEXT
  5
494
330
17
100
AcDbEntity
  8
FLOOR_4_FASCADE_COLUMNS
100
AcDbText
 10
15167.541785860842
 20
16557.025823908793
 30
0.0
 40
12.0
  1
15 FT
 50
104.21430841155549
 72
1
 11
15167.541785860842
 21
16557.025823908793
 31
0.0
100
AcDbText
 73
2
  0
LWPOLYLINE
  5
495
330
17
100
AcDbEntity
  8
FLOOR_4_FASCADE_COLUMNS
100
AcDbPolyline
 90
40
 70
0
 10
15173.358090216789
 20
16648.40173018499
 10
15173.358090216789
 20
16654.40173018499
 10
15173.358090216789
 20
16660.40173018499
 10
15173.358090216789
 20
16666.40173018499
 10
15173.358090216789
 20
16672.40173018499
 10
15173.358090216789
 20
16678.40173018499
 10
15173.358090216789
 20
16684.40173018499
 10
15173.358090216789
 20
16690.40173018499
 10
15173.358090216789
 20
16696.40173018499
 10
15173.358090216789
 20
16702.40173018499
 10
15173.358090216789
 20
16708.40173018499
 10
15173.358090216789
 20
16714.40173018499
 10
15173.358090216789
 20
16720.40173018499
 10
15173.358090216789
 20
16726.40173018499
 10
15173.358090216789
 20
16732.40173018499
 10
15173.358090216789
 20
16738.40173018499
 10
15174.492702921752
 20
16744.057248492652
 10
15177.828545169788
 20
16749.044447756394
 10
15181.164387417826
 20
16754.03164702013
 10
15184.50022966586
 20
16759.018846283867
 10
15187.836071913898
 20
16764.0060455476
 10
15191.171914161934
 20
16768.99324481134
 10
15194.507756409968
 20
16773.980444075074
 10
15197.843598658004
 20
16778.967643338812
 10
15201.179440906042
 20
16783.95484260255
 10
15204.515283154076
 20
16788.942041866285
 10
15207.851125402114
 20
16793.929241130027
 10
15211.18696765015
 20
16798.91644039376
 10
15214.522809898184
 20
16803.9036396575
 10
15217.85865214622
 20
16808.890838921234
 10
15221.194494394258
 20
16813.878038184972
 10
15224.530336642292
 20
16818.865237448706
 10
15227.86617889033
 20
16823.852436712445
 10
15231.202021138366
 20
16828.839635976183
 10
15234.5378633864
 20
16833.826835239917
 10
15237.873705634436
 20
16838.81403450366
 10
15241.209547882474
 20
16843.801233767394
 10
15244.545390130508
 20
16848.78843303113
 10
15247.881232378546
 20
16853.775632294866
 10
15251.217074626582
 20
16858.762831558604
  0
TEXT
  5
496
330
17
100
AcDbEntity
  8
FLOOR_4_FASCADE_COLUMNS
100
AcDbText
 10
15180.605635573731
 20
16763.69142865138
 30
0.0
 40
12.0
  1
20 FT
 50
69.68944694947697
 72
1
 11
15180.605635573731
 21
16763.69142865138
 31
0.0
100
AcDbText
 73
2
  0
LWPOLYLINE
  5
497
330
17
100
AcDbEntity
  8
FLOOR_4_FASCADE_COLUMNS
100
AcDbPolyline
 90
50
 70
0
 10
15251.217074626582
 20
16858.762831558604
 10
15254.552916874616
 20
16863.75003082234
 10
15257.888759122652
 20
16868.737230086077
 10
15261.22460137069
 20
16873.724429349815
 10
15264.560443618724
 20
16878.71162861355
 10
15267.896285866762
 20
16883.69882787729
 10
15271.232128114798
 20
16888.686027141026
 10
15274.567970362832
 20
16893.673226404764
 10
15277.903812610868
 20
16898.6604256685
 10
15281.239654858906
 20
16903.647624932237
 10
15284.57549710694
 20
16908.63482419597
 10
15287.911339354978
 20
16913.62202345971
 10
15291.247181603014
 20
16918.609222723448
 10
15294.583023851048
 20
16923.596421987182
 10
15297.918866099084
 20
16928.583621250924
 10
15301.254708347122
 20
16933.57082051466
 10
15304.590550595156
 20
16938.558019778397
 10
15307.926392843194
 20
16943.54521904213
 10
15311.26223509123
 20
16948.53241830587
 10
15314.598077339264
 20
16953.519617569604
 10
15317.9339195873
 20
16958.506816833342
 10
15321.269761835338
 20
16963.49401609708
 10
15324.605604083372
 20
16968.481215360815
 10
15327.94144633141
 20
16973.468414624556
 10
15331.277288579446
 20
16978.45561388829
 10
15334.61313082748
 20
16983.44281315203
 10
15337.948973075516
 20
16988.430012415763
 10
15341.284815323554
 20
16993.4172116795
 10
15344.620657571588
 20
16998.404410943236
 10
15347.956499819626
 20
17003.391610206974
 10
15351.292342067662
 20
17008.378809470712
 10
15354.628184315696
 20
17013.366008734447
 10
15357.964026563732
 20
17018.35320799819
 10
15361.29986881177
 20
17023.340407261923
 10
15364.635711059804
 20
17028.32760652566
 10
15367.971553307842
 20
17033.314805789396
 10
15371.307395555878
 20
17038.302005053134
 10
15374.643237803912
 20
17043.28920431687
 10
15377.979080051948
 20
17048.276403580607
 10
15381.314922299985
 20
17053.263602844345
 10
15384.65076454802
 20
17058.25080210808
 10
15387.986606796057
 20
17063.23800137182
 10
15391.322449044093
 20
17068.225200635556
 10
15394.658291292128
 20
17073.212399899294
 10
15397.994133540164
 20
17078.19959916303
 10
15401.329975788201
 20
17083.186798426766
 10
15404.665818036236
 20
17088.1739976905
 10
15408.001660284273
 20
17093.16119695424
 10
15411.33750253231
 20
17098.148396217977
 10
15414.673344780344
 20
17103.13559548171
  0
TEXT
  5
498
330
17
100
AcDbEntity
  8
FLOOR_4_FASCADE_COLUMNS
100
AcDbText
 10
15327.958010439725
 20
16984.285055768196
 30
0.0
 40
12.0
  1
25 FT
 50
56.22219241280325
 72
1
 11
15327.958010439725
 21
16984.285055768196
 31
0.0
100
AcDbText
 73
2
  0
LWPOLYLINE
  5
499
330
17
100
AcDbEntity
  8
FLOOR_4_FASCADE_COLUMNS
100
AcDbPolyline
 90
43
 70
0
 10
15414.673344780344
 20
17103.13559548171
 10
15418.00918702838
 20
17108.122794745454
 10
15421.345029276417
 20
17113.109994009188
 10
15424.680871524452
 20
17118.097193272926
 10
15428.01671377249
 20
17123.08439253666
 10
15431.352556020525
 20
17128.0715918004
 10
15434.68839826856
 20
17133.058791064133
 10
15438.024240516595
 20
17138.04599032787
 10
15441.360082764633
 20
17143.03318959161
 10
15444.695925012667
 20
17148.020388855344
 10
15448.031767260705
 20
17153.007588119086
 10
15451.367609508741
 20
17157.99478738282
 10
15454.703451756775
 20
17162.98198664656
 10
15458.039294004811
 20
17167.969185910293
 10
15461.37513625285
 20
17172.95638517403
 10
15464.710978500883
 20
17177.943584437766
 10
15468.046820748921
 20
17182.930783701504
 10
15471.382662996957
 20
17187.917982965242
 10
15474.718505244991
 20
17192.905182228977
 10
15478.054347493027
 20
17197.89238149272
 10
15481.390189741065
 20
17202.879580756453
 10
15484.7260319891
 20
17207.86678002019
 10
15488.061874237137
 20
17212.853979283926
 10
15491.397716485171
 20
17217.841178547664
 10
15494.733558733207
 20
17222.8283778114
 10
15498.069400981243
 20
17227.815577075136
 10
15501.405243229281
 20
17232.802776338875
 10
15504.741085477315
 20
17237.78997560261
 10
15508.076927725353
 20
17242.77717486635
 10
15511.412769973389
 20
17247.764374130085
 10
15514.748612221423
 20
17252.751573393823
 10
15518.08445446946
 20
17257.738772657558
 10
15521.420296717493
 20
17262.725971921296
 10
15524.756138965531
 20
17267.71317118503
 10
15528.091981213569
 20
17272.70037044877
 10
15531.427823461605
 20
17277.687569712507
 10
15534.76366570964
 20
17282.67476897624
 10
15538.099507957675
 20
17287.661968239983
 10
15541.43535020571
 20
17292.649167503718
 10
15544.771192453747
 20
17297.636366767456
 10
15548.107034701785
 20
17302.62356603119
 10
15551.442876949819
 20
17307.61076529493
 10
15554.778719197855
 20
17312.597964558663
  0
TEXT
  5
49A
330
17
100
AcDbEntity
  8
FLOOR_4_FASCADE_COLUMNS
100
AcDbText
 10
15479.738832725361
 20
17211.202622268225
 30
0.0
 40
12.0
  1
21 FT
 50
56.22219241280291
 72
1
 11
15479.738832725361
 21
17211.202622268225
 31
0.0
100
AcDbText
 73
2
  0
LWPOLYLINE
  5
49B
330
17
100
AcDbEntity
  8
FLOOR_4_FASCADE_COLUMNS
100
AcDbPolyline
 90
43
 70
0
 10
15554.778719197855
 20
17312.597964558663
 10
15558.114561445891
 20
17317.5851638224
 10
15561.450403693925
 20
17322.57236308614
 10
15564.786245941963
 20
17327.559562349874
 10
15568.12208819
 20
17332.546761613616
 10
15571.457930438037
 20
17337.53396087735
 10
15574.793772686071
 20
17342.52116014109
 10
15578.129614934107
 20
17347.508359404823
 10
15581.465457182145
 20
17352.49555866856
 10
15584.801299430179
 20
17357.482757932295
 10
15588.137141678217
 20
17362.469957196034
 10
15591.47298392625
 20
17367.45715645977
 10
15594.808826174287
 20
17372.444355723506
 10
15598.144668422323
 20
17377.431554987248
 10
15601.480510670357
 20
17382.418754250983
 10
15604.816352918395
 20
17387.40595351472
 10
15608.152195166433
 20
17392.393152778455
 10
15611.488037414467
 20
17397.380352042193
 10
15614.823879662503
 20
17402.36755130593
 10
15618.159721910539
 20
17407.354750569666
 10
15621.495564158573
 20
17412.341949833404
 10
15624.83140640661
 20
17417.32914909714
 10
15629.796259203904
 20
17419.75542867902
 10
15635.727238510672
 20
17420.66288912593
 10
15641.658217817436
 20
17421.57034957285
 10
15647.589197124202
 20
17422.47781001976
 10
15653.52017643097
 20
17423.385270466675
 10
15659.451155737734
 20
17424.292730913592
 10
15665.3821350445
 20
17425.2001913605
 10
15671.313114351267
 20
17426.107651807415
 10
15677.244093658031
 20
17427.015112254332
 10
15682.299504635947
 20
17423.985879659096
 10
15687.286730873802
 20
17420.650077738654
 10
15692.273957111658
 20
17417.31427581821
 10
15697.261183349518
 20
17413.97847389777
 10
15702.248409587375
 20
17410.64267197733
 10
15707.235635825235
 20
17407.306870056887
 10
15712.222862063092
 20
17403.97106813645
 10
15717.210088300952
 20
17400.635266216006
 10
15722.197314538807
 20
17397.299464295567
 10
15727.184540776667
 20
17393.963662375125
 10
15732.171767014523
 20
17390.627860454682
 10
15737.158993252382
 20
17387.29205853424
  0
TEXT
  5
49C
330
17
100
AcDbEntity
  8
FLOOR_4_FASCADE_COLUMNS
100
AcDbText
 10
15622.396047999744
 20
17422.640278738196
 30
0.0
 40
12.0
  1
21 FT
 50
22.271620984943105
 72
1
 11
15622.396047999744
 21
17422.640278738196
 31
0.0
100
AcDbText
 73
2
  0
LWPOLYLINE
  5
49D
330
17
100
AcDbEntity
  8
FLOOR_4_FASCADE_COLUMNS
100
AcDbPolyline
 90
41
 70
0
 10
15737.158993252382
 20
17387.29205853424
 10
15742.14621949024
 20
17383.956256613797
 10
15747.1334457281
 20
17380.62045469336
 10
15752.120671965957
 20
17377.284652772916
 10
15757.107898203816
 20
17373.948850852474
 10
15762.095124441672
 20
17370.613048932035
 10
15767.082350679531
 20
17367.277247011592
 10
15772.069576917387
 20
17363.94144509115
 10
15777.056803155245
 20
17360.605643170707
 10
15782.044029393104
 20
17357.269841250265
 10
15787.031255630962
 20
17353.934039329826
 10
15792.018481868821
 20
17350.598237409384
 10
15797.005708106677
 20
17347.26243548894
 10
15801.992934344536
 20
17343.926633568502
 10
15806.980160582392
 20
17340.59083164806
 10
15811.967386820252
 20
17337.255029727618
 10
15816.954597907232
 20
17333.91920515596
 10
15821.941788637067
 20
17330.583350149478
 10
15826.928979366901
 20
17327.247495142998
 10
15831.916170096734
 20
17323.911640136517
 10
15836.903360826567
 20
17320.575785130037
 10
15841.890551556402
 20
17317.239930123556
 10
15846.877742286237
 20
17313.904075117076
 10
15851.86493301607
 20
17310.568220110596
 10
15856.852123745903
 20
17307.23236510412
 10
15861.839314475737
 20
17303.89651009764
 10
15866.826505205572
 20
17300.560655091158
 10
15871.813695935405
 20
17297.224800084678
 10
15876.800886665238
 20
17293.888945078197
 10
15881.788077395073
 20
17290.553090071717
 10
15886.775268124908
 20
17287.217235065236
 10
15891.76245885474
 20
17283.881380058756
 10
15896.749649584577
 20
17280.545525052275
 10
15901.73684031441
 20
17277.209670045795
 10
15906.724031044245
 20
17273.87381503932
 10
15911.71122177408
 20
17270.537960032838
 10
15916.698412503913
 20
17267.202105026357
 10
15921.685603233745
 20
17263.866250019877
 10
15926.67279396358
 20
17260.530395013397
 10
15931.659984693415
 20
17257.194540006916
 10
15936.647175423248
 20
17253.858685000436
  0
TEXT
  5
49E
330
17
100
AcDbEntity
  8
FLOOR_4_FASCADE_COLUMNS
100
AcDbText
 10
15840.239195164995
 20
17325.562989684353
 30
0.0
 40
12.0
  1
20 FT
 50
-33.77771671673787
 72
1
 11
15840.239195164995
 21
17325.562989684353
 31
0.0
100
AcDbText
 73
2
  0
LWPOLYLINE
  5
49F
330
17
100
AcDbEntity
  8
FLOOR_4_FASCADE_COLUMNS
100
AcDbPolyline
 90
50
 70
0
 10
15936.647175423248
 20
17253.858685000436
 10
15941.634366153081
 20
17250.522829993955
 10
15946.621556882916
 20
17247.186974987475
 10
15951.60874761275
 20
17243.851119980995
 10
15956.595938342583
 20
17240.515264974514
 10
15961.583129072416
 20
17237.179409968034
 10
15966.570319802251
 20
17233.843554961553
 10
15971.557510532086
 20
17230.507699955073
 10
15976.544701261919
 20
17227.171844948592
 10
15981.531891991752
 20
17223.835989942112
 10
15986.519082721587
 20
17220.50013493563
 10
15991.506273451421
 20
17217.16427992915
 10
15996.493464181254
 20
17213.82842492267
 10
16001.480654911087
 20
17210.49256991619
 10
16006.467845640922
 20
17207.156714909714
 10
16011.455036370757
 20
17203.820859903233
 10
16016.44222710059
 20
17200.485004896753
 10
16021.429417830423
 20
17197.149149890272
 10
16026.416608560257
 20
17193.813294883792
 10
16031.403799290092
 20
17190.47743987731
 10
16036.390990019925
 20
17187.14158487083
 10
16039.7812290823
 20
17182.883639836695
 10
16040.177072480687
 20
17176.896711742593
 10
16040.572915879071
 20
17170.90978364849
 10
16040.968759277454
 20
17164.92285555439
 10
16041.241550183062
 20
17160.79703321333
 10
16040.845706784687
 20
17166.783961307432
 10
16040.449863386311
 20
17172.770889401538
 10
16040.054019987936
 20
17178.75781749564
 10
16039.658176589559
 20
17184.744745589745
 10
16044.469224584962
 20
17181.787765231977
 10
16049.480083229657
 20
17178.487568928293
 10
16054.490941874355
 20
17175.18737262461
 10
16059.501800519054
 20
17171.88717632092
 10
16064.51265916375
 20
17168.586980017237
 10
16069.52351780845
 20
17165.28678371355
 10
16074.534376453146
 20
17161.986587409865
 10
16079.545235097845
 20
17158.68639110618
 10
16084.556093742543
 20
17155.386194802493
 10
16089.566952387238
 20
17152.085998498806
 10
16094.577811031937
 20
17148.78580219512
 10
16099.588669676636
 20
17145.485605891437
 10
16104.59952832133
 20
17142.185409587753
 10
16109.61038696603
 20
17138.88521328407
 10
16114.621245610726
 20
17135.58501698038
 10
16119.632104255425
 20
17132.284820676694
 10
16124.642962900123
 20
17128.98462437301
 10
16129.65382154482
 20
17125.684428069326
 10
16134.664680189519
 20
17122.384231765638
 10
16139.675538834217
 20
17119.08403546195
  0
TEXT
  5
4A0
330
17
100
AcDbEntity
  8
FLOOR_4_FASCADE_COLUMNS
100
AcDbText
 10
16044.430244528095
 20
17167.756853094168
 30
0.0
 40
12.0
  1
25 FT
 50
-33.577073144514706
 72
1
 11
16044.430244528095
 21
17167.756853094168
 31
0.0
100
AcDbText
 73
2
  0
LWPOLYLINE
  5
4A1
330
17
100
AcDbEntity
  8
FLOOR_4_FASCADE_COLUMNS
100
AcDbPolyline
 90
49
 70
0
 10
16139.675538834217
 20
17119.08403546195
 10
16144.686397478912
 20
17115.783839158266
 10
16149.69725612361
 20
17112.483642854582
 10
16154.708114768306
 20
17109.1834465509
 10
16159.718973413004
 20
17105.883250247214
 10
16164.729832057703
 20
17102.583053943526
 10
16169.7406907024
 20
17099.28285763984
 10
16174.751549347098
 20
17095.982661336155
 10
16179.762407991797
 20
17092.68246503247
 10
16184.773266636494
 20
17089.382268728783
 10
16189.784125281192
 20
17086.082072425095
 10
16194.79498392589
 20
17082.78187612141
 10
16199.805842570586
 20
17079.481679817727
 10
16204.816701215284
 20
17076.181483514043
 10
16209.82755985998
 20
17072.88128721036
 10
16214.838418504678
 20
17069.58109090667
 10
16219.849277149377
 20
17066.280894602984
 10
16224.860135794073
 20
17062.9806982993
 10
16229.870994438772
 20
17059.680501995615
 10
16234.88185308347
 20
17056.380305691928
 10
16239.892711728167
 20
17053.08010938824
 10
16244.903570372866
 20
17049.779913084556
 10
16249.91442901756
 20
17046.479716780872
 10
16254.92528766226
 20
17043.179520477188
 10
16259.936146306958
 20
17039.879324173504
 10
16264.947004951653
 20
17036.579127869816
 10
16269.957863596352
 20
17033.27893156613
 10
16274.73778402879
 20
17029.854307917092
 10
16274.73778402879
 20
17023.854307917092
 10
16274.73778402879
 20
17017.854307917092
 10
16274.73778402879
 20
17011.854307917092
 10
16274.73778402879
 20
17005.854307917092
 10
16274.73778402879
 20
16999.854307917092
 10
16274.73778402879
 20
16993.854307917092
 10
16274.73778402879
 20
16987.854307917096
 10
16274.73778402879
 20
16981.854307917092
 10
16274.73778402879
 20
16975.854307917092
 10
16274.73778402879
 20
16969.854307917092
 10
16274.73778402879
 20
16963.854307917092
 10
16274.73778402879
 20
16957.854307917092
 10
16274.73778402879
 20
16951.854307917092
 10
16274.73778402879
 20
16945.854307917092
 10
16274.73778402879
 20
16939.854307917092
 10
16274.73778402879
 20
16933.854307917092
 10
16274.73778402879
 20
16927.854307917092
 10
16274.73778402879
 20
16921.854307917092
 10
16274.73778402879
 20
16915.854307917092
 10
16274.73778402879
 20
16909.854307917092
 10
16274.73778402879
 20
16903.854307917092
  0
TEXT
  5
4A2
330
17
100
AcDbEntity
  8
FLOOR_4_FASCADE_COLUMNS
100
AcDbText
 10
16264.968295162551
 20
17043.101515956394
 30
0.0
 40
12.0
  1
24 FT
 50
-57.89066095894102
 72
1
 11
16264.968295162551
 21
17043.101515956394
 31
0.0
100
AcDbText
 73
2
  0
LWPOLYLINE
  5
4A3
330
17
100
AcDbEntity
  8
FLOOR_4_FASCADE_COLUMNS
100
AcDbPolyline
 90
48
 70
0
 10
16274.73778402879
 20
16903.854307917092
 10
16274.73778402879
 20
16897.854307917092
 10
16274.73778402879
 20
16891.854307917092
 10
16274.73778402879
 20
16885.854307917092
 10
16274.73778402879
 20
16879.854307917092
 10
16274.73778402879
 20
16873.854307917092
 10
16274.741939122277
 20
16867.854311987016
 10
16274.7536931301
 20
16861.854323500087
 10
16274.765447137921
 20
16855.854335013155
 10
16274.777201145742
 20
16849.854346526226
 10
16274.788955153563
 20
16843.854358039294
 10
16274.800709161384
 20
16837.854369552362
 10
16274.812463169208
 20
16831.85438106543
 10
16274.824217177029
 20
16825.8543925785
 10
16274.83597118485
 20
16819.854404091573
 10
16274.84772519267
 20
16813.85441560464
 10
16274.859479200491
 20
16807.85442711771
 10
16274.871233208316
 20
16801.854438630777
 10
16274.882987216137
 20
16795.85445014385
 10
16274.894741223958
 20
16789.854461656916
 10
16274.906495231779
 20
16783.854473169988
 10
16274.918249239601
 20
16777.854484683055
 10
16274.930003247422
 20
16771.854496196127
 10
16274.941757255243
 20
16765.8545077092
 10
16274.953511263064
 20
16759.854519222266
 10
16274.965265270885
 20
16753.854530735334
 10
16274.977019278707
 20
16747.854542248402
 10
16274.988773286528
 20
16741.854553761474
 10
16275.000527294349
 20
16735.85456527454
 10
16275.01228130217
 20
16729.854576787613
 10
16275.02403530999
 20
16723.85458830068
 10
16275.035789317815
 20
16717.85459981375
 10
16275.047543325636
 20
16711.854611326817
 10
16275.059297333457
 20
16705.854622839888
 10
16275.071051341278
 20
16699.85463435296
 10
16275.082805349099
 20
16693.854645866028
 10
16275.094559356923
 20
16687.8546573791
 10
16275.106313364744
 20
16681.854668892167
 10
16275.118067372565
 20
16675.85468040524
 10
16275.129821380386
 20
16669.854691918306
 10
16275.141575388208
 20
16663.854703431374
 10
16275.150546664978
 20
16657.85471302287
 10
16275.14707908444
 20
16651.854714024877
 10
16275.143611503903
 20
16645.854715026886
 10
16275.140143923367
 20
16639.854716028894
 10
16275.136676342827
 20
16633.854717030907
 10
16275.133208762289
 20
16627.854718032915
 10
16275.12974118175
 20
16621.854719034924
  0
TEXT
  5
4A4
330
17
100
AcDbEntity
  8
FLOOR_4_FASCADE_COLUMNS
100
AcDbText
 10
16280.947628463273
 20
16762.862853110382
 30
0.0
 40
12.0
  1
24 FT
 50
-89.92036344364203
 72
1
 11
16280.947628463273
 21
16762.862853110382
 31
0.0
100
AcDbText
 73
2
  0
LWPOLYLINE
  5
4A5
330
17
100
AcDbEntity
  8
FLOOR_4_FASCADE_COLUMNS
100
AcDbPolyline
 90
47
 70
0
 10
16275.12974118175
 20
16621.854719034924
 10
16275.126273601214
 20
16615.854720036936
 10
16275.122806020674
 20
16609.854721038944
 10
16275.119338440138
 20
16603.854722040953
 10
16275.1158708596
 20
16597.85472304296
 10
16275.112403279061
 20
16591.854724044973
 10
16275.108935698521
 20
16585.854725046982
 10
16275.105468117985
 20
16579.85472604899
 10
16275.102000537448
 20
16573.854727051003
 10
16275.09853295691
 20
16567.85472805301
 10
16275.09506537637
 20
16561.854729055023
 10
16275.091597795832
 20
16555.85473005703
 10
16275.088130215296
 20
16549.854731059044
 10
16275.084662634756
 20
16543.854732061052
 10
16275.08119505422
 20
16537.85473306306
 10
16275.077727473681
 20
16531.85473406507
 10
16275.074259893143
 20
16525.854735067078
 10
16271.339051825244
 20
16521.355701385688
 10
16267.18706682637
 20
16517.024302007987
 10
16263.0350818275
 20
16512.692902630286
 10
16258.883096828627
 20
16508.361503252585
 10
16254.731111829758
 20
16504.030103874884
 10
16250.579126830886
 20
16499.698704497187
 10
16246.427141832013
 20
16495.367305119486
 10
16242.275156833142
 20
16491.035905741785
 10
16237.849612908683
 20
16487.34567700357
 10
16231.849612908683
 20
16487.34567700357
 10
16225.849612908683
 20
16487.34567700357
 10
16219.849612908683
 20
16487.34567700357
 10
16213.849612908683
 20
16487.34567700357
 10
16207.849612908683
 20
16487.34567700357
 10
16201.849612908683
 20
16487.34567700357
 10
16195.849612908683
 20
16487.34567700357
 10
16189.849612908683
 20
16487.34567700357
 10
16183.849612908683
 20
16487.34567700357
 10
16177.849612908683
 20
16487.34567700357
 10
16171.849612908683
 20
16487.34567700357
 10
16165.849612908683
 20
16487.34567700357
 10
16159.849612908683
 20
16487.34567700357
 10
16153.849612908683
 20
16487.34567700357
 10
16147.849612908683
 20
16487.34567700357
 10
16141.849612908683
 20
16487.34567700357
 10
16135.849612908683
 20
16487.34567700357
 10
16129.849612908683
 20
16487.34567700357
 10
16123.849612908683
 20
16487.34567700357
 10
16117.849612908683
 20
16487.34567700357
 10
16111.849612908683
 20
16487.34567700357
  0
TEXT
  5
4A6
330
17
100
AcDbEntity
  8
FLOOR_4_FASCADE_COLUMNS
100
AcDbText
 10
16250.271613153403
 20
16490.767097964286
 30
0.0
 40
12.0
  1
23 FT
 50
-140.51853889518333
 72
1
 11
16250.271613153403
 21
16490.767097964286
 31
0.0
100
AcDbText
 73
2
  0
LWPOLYLINE
  5
4A7
330
17
100
AcDbEntity
  8
FLOOR_4_FASCADE_COLUMNS
100
AcDbPolyline
 90
40
 70
0
 10
16111.849612908683
 20
16487.34567700357
 10
16105.849612908683
 20
16487.34567700357
 10
16099.849612908683
 20
16487.34567700357
 10
16093.849612908683
 20
16487.34567700357
 10
16087.849612908683
 20
16487.34567700357
 10
16081.849612908683
 20
16487.34567700357
 10
16075.849612908683
 20
16487.34567700357
 10
16069.849612908683
 20
16487.34567700357
 10
16063.849612908683
 20
16487.34567700357
 10
16057.849612908683
 20
16487.34567700357
 10
16051.849612908683
 20
16487.34567700357
 10
16045.849612908683
 20
16487.34567700357
 10
16039.849612908683
 20
16487.34567700357
 10
16033.849612908683
 20
16487.34567700357
 10
16027.849612908683
 20
16487.34567700357
 10
16021.849612908683
 20
16487.34567700357
 10
16015.849612908683
 20
16487.34567700357
 10
16009.849612908683
 20
16487.34567700357
 10
16003.849612908683
 20
16487.34567700357
 10
15997.849612908683
 20
16487.34567700357
 10
15991.849612908683
 20
16487.34567700357
 10
15985.849612908683
 20
16487.34567700357
 10
15979.849612908683
 20
16487.34567700357
 10
15973.849612908683
 20
16487.34567700357
 10
15967.849612908683
 20
16487.34567700357
 10
15961.849612908683
 20
16487.34567700357
 10
15955.849612908683
 20
16487.34567700357
 10
15949.849612908683
 20
16487.34567700357
 10
15943.849612908683
 20
16487.34567700357
 10
15937.849612908683
 20
16487.34567700357
 10
15931.849614444523
 20
16487.3423115006
 10
15925.849616943557
 20
16487.336835332495
 10
15919.849619442593
 20
16487.33135916439
 10
15913.849621941627
 20
16487.32588299628
 10
15907.849624440665
 20
16487.320406828174
 10
15901.8496269397
 20
16487.314930660068
 10
15895.849629438735
 20
16487.309454491962
 10
15889.84963193777
 20
16487.303978323853
 10
15883.849634436805
 20
16487.298502155747
 10
15877.84963693584
 20
16487.293025987638
  0
TEXT
  5
4A8
330
17
100
AcDbEntity
  8
FLOOR_4_FASCADE_COLUMNS
100
AcDbText
 10
15994.850963230816
 20
16481.34567715545
 30
0.0
 40
12.0
  1
20 FT
 50
-179.98710819974895
 72
1
 11
15994.850963230816
 21
16481.34567715545
 31
0.0
100
AcDbText
 73
2
  0
LWPOLYLINE
  5
4A9
330
17
100
AcDbEntity
  8
FLOOR_4_FASCADE_COLUMNS
100
AcDbPolyline
 90
40
 70
0
 10
15877.84963693584
 20
16487.293025987638
 10
15871.849639434875
 20
16487.28754981953
 10
15865.84964193391
 20
16487.282073651426
 10
15859.849644432945
 20
16487.276597483316
 10
15853.849646931983
 20
16487.271121315214
 10
15847.849649431017
 20
16487.265645147105
 10
15841.849651930053
 20
16487.260168979
 10
15835.849654429087
 20
16487.25469281089
 10
15829.849656928123
 20
16487.249216642784
 10
15823.849659427156
 20
16487.243740474678
 10
15817.849661926193
 20
16487.23826430657
 10
15811.849664425226
 20
16487.232788138463
 10
15805.849666924265
 20
16487.227311970353
 10
15799.8496694233
 20
16487.22183580225
 10
15793.849671922335
 20
16487.21635963414
 10
15787.84967442137
 20
16487.210883466036
 10
15781.849676920405
 20
16487.20540729793
 10
15775.84967941944
 20
16487.19993112982
 10
15769.849681918475
 20
16487.194454961715
 10
15763.84968441751
 20
16487.18897879361
 10
15757.849686916545
 20
16487.1835026255
 10
15751.849689415583
 20
16487.178026457394
 10
15745.849691914616
 20
16487.172550289288
 10
15739.849694413653
 20
16487.16707412118
 10
15733.849696912686
 20
16487.161597953076
 10
15727.849699411723
 20
16487.156121784967
 10
15721.849701910756
 20
16487.15064561686
 10
15715.849704409793
 20
16487.14516944875
 10
15709.849706908826
 20
16487.139693280646
 10
15703.849709407865
 20
16487.134217112536
 10
15697.8497119069
 20
16487.12874094443
 10
15691.849714405935
 20
16487.123264776325
 10
15685.84971690497
 20
16487.117788608215
 10
15679.849719404005
 20
16487.112312440113
 10
15673.84972190304
 20
16487.106836272003
 10
15667.849724402075
 20
16487.101360103898
 10
15661.84972690111
 20
16487.09588393579
 10
15655.849729400144
 20
16487.090407767682
 10
15649.849731899183
 20
16487.084931599577
 10
15643.849734398216
 20
16487.079455431467
  0
TEXT
  5
4AA
330
17
100
AcDbEntity
  8
FLOOR_4_FASCADE_COLUMNS
100
AcDbText
 10
15760.855161835136
 20
16481.18624320859
 30
0.0
 40
12.0
  1
20 FT
 50
-179.94770643933455
 72
1
 11
15760.855161835136
 21
16481.18624320859
 31
0.0
100
AcDbText
 73
2
  0
LWPOLYLINE
  5
4AB
330
17
100
AcDbEntity
  8
FLOOR_4_FASCADE_COLUMNS
100
AcDbPolyline
 90
48
 70
0
 10
15643.849734398216
 20
16487.079455431467
 10
15637.849736897253
 20
16487.07397926336
 10
15631.849739396286
 20
16487.068503095255
 10
15625.849741895323
 20
16487.06302692715
 10
15619.849744394356
 20
16487.05755075904
 10
15613.849746893393
 20
16487.052074590934
 10
15607.849749392426
 20
16487.04659842283
 10
15601.849751891465
 20
16487.04112225472
 10
15595.8497543905
 20
16487.035646086613
 10
15589.849756889535
 20
16487.030169918507
 10
15583.84975938857
 20
16487.024693750398
 10
15577.849761887604
 20
16487.019217582292
 10
15571.84976438664
 20
16487.013741414186
 10
15565.849766885674
 20
16487.008265246077
 10
15559.84976938471
 20
16487.002789077975
 10
15553.849771883744
 20
16486.997312909865
 10
15547.849774382783
 20
16486.99183674176
 10
15541.849776881816
 20
16486.98636057365
 10
15535.849779380853
 20
16486.980884405544
 10
15529.849781879886
 20
16486.97540823744
 10
15523.849784378923
 20
16486.96993206933
 10
15517.849786877956
 20
16486.964455901223
 10
15511.849789376993
 20
16486.958979733114
 10
15505.849793535894
 20
16486.961729565257
 10
15499.849798733518
 20
16486.969627126116
 10
15493.849803931143
 20
16486.977524686976
 10
15487.849809128766
 20
16486.98542224783
 10
15481.849814326393
 20
16486.99331980869
 10
15475.849819524015
 20
16487.00121736955
 10
15469.849824721641
 20
16487.00911493041
 10
15463.849829919267
 20
16487.01701249127
 10
15457.84983511689
 20
16487.02491005213
 10
15451.849840314517
 20
16487.032807612988
 10
15445.849845512139
 20
16487.040705173844
 10
15439.849850709765
 20
16487.048602734703
 10
15433.849855907389
 20
16487.056500295563
 10
15427.849861105013
 20
16487.06439785642
 10
15421.849866302637
 20
16487.072295417278
 10
15415.849871500262
 20
16487.080192978137
 10
15409.849876697885
 20
16487.088090538997
 10
15403.849881895512
 20
16487.095988099856
 10
15397.849887093134
 20
16487.103885660712
 10
15391.84989229076
 20
16487.11178322157
 10
15385.849897488386
 20
16487.11968078243
 10
15379.849902686008
 20
16487.127578343287
 10
15373.849907883636
 20
16487.135475904146
 10
15367.849913081258
 20
16487.143373465005
 10
15361.849918278884
 20
16487.151271025865
  0
TEXT
  5
4AC
330
17
100
AcDbEntity
  8
FLOOR_4_FASCADE_COLUMNS
100
AcDbText
 10
15502.848266378005
 20
16480.965678542572
 30
0.0
 40
12.0
  1
24 FT
 50
179.98540874802765
 72
1
 11
15502.848266378005
 21
16480.965678542572
 31
0.0
100
AcDbText
 73
2
  0
LWPOLYLINE
  5
4AD
330
17
100
AcDbEntity
  8
FLOOR_4_FASCADE_COLUMNS
100
AcDbPolyline
 90
9
 70
0
 10
15361.849918278884
 20
16487.151271025865
 10
15355.849923476508
 20
16487.159168586724
 10
15349.849928674132
 20
16487.167066147584
 10
15343.849933871756
 20
16487.174963708443
 10
15337.849939069381
 20
16487.1828612693
 10
15331.849944267004
 20
16487.19075883016
 10
15325.849949464631
 20
16487.198656391018
 10
15319.849954662255
 20
16487.206553951877
 10
15313.84995985988
 20
16487.214451512737
  0
TEXT
  5
4AE
330
17
100
AcDbEntity
  8
FLOOR_4_FASCADE_COLUMNS
100
AcDbText
 10
15337.842041508524
 20
16481.182866466926
 30
0.0
 40
12.0
  1
4 FT
 50
179.92458382727978
 72
1
 11
15337.842041508524
 21
16481.182866466926
 31
0.0
100
AcDbText
 73
2
  0
LWPOLYLINE
  5
4AF
330
17
100
AcDbEntity
  8
FLOOR_4_FASCADE_COLUMNS
100
AcDbPolyline
 90
18
 70
0
 10
15313.84995985988
 20
16487.214451512737
 10
15307.849965057505
 20
16487.222349073592
 10
15301.849970255127
 20
16487.23024663445
 10
15295.849975452755
 20
16487.23814419531
 10
15289.849980650377
 20
16487.246041756167
 10
15283.849985848003
 20
16487.253939317026
 10
15277.849991045627
 20
16487.261836877886
 10
15271.84999624325
 20
16487.269734438745
 10
15265.850001440875
 20
16487.277631999605
 10
15259.8500066385
 20
16487.28552956046
 10
15253.850011836123
 20
16487.29342712132
 10
15247.85001703375
 20
16487.30132468218
 10
15241.850022231374
 20
16487.309222243035
 10
15235.850027428998
 20
16487.317119803894
 10
15229.850032626624
 20
16487.325017364754
 10
15223.850037824246
 20
16487.332914925617
 10
15217.850043021874
 20
16487.340812486473
 10
15214.15433521812
 20
16487.34567700357
  0
TEXT
  5
4B0
330
17
100
AcDbEntity
  8
FLOOR_4_FASCADE_COLUMNS
100
AcDbText
 10
15263.994249978141
 20
16481.280069455777
 30
0.0
 40
12.0
  1
9 FT
 50
179.92458382728205
 72
1
 11
15263.994249978141
 21
16481.280069455777
 31
0.0
100
AcDbText
 73
2
  0
CIRCLE
  5
4B7
330
17
100
AcDbEntity
  8
FLOOR_5_DATUM
100
AcDbCircle
 10
15181.733686625928
 20
22495.33262011697
 30
0.0
 40
24.0
  0
LINE
  5
4B8
330
17
100
AcDbEntity
  8
FLOOR_5_DATUM
100
AcDbLine
 10
15145.733686625928
 20
22495.33262011697
 30
0.0
 11
15217.733686625928
 21
22495.33262011697
 31
0.0
  0
LINE
  5
4B9
330
17
100
AcDbEntity
  8
FLOOR_5_DATUM
100
AcDbLine
 10
15181.733686625928
 20
22459.33262011697
 30
0.0
 11
15181.733686625928
 21
22531.33262011697
 31
0.0
  0
TEXT
  5
4BA
330
17
100
AcDbEntity
  8
FLOOR_5_DATUM
100
AcDbText
 10
15223.733686625928
 20
22489.33262011697
 30
0.0
 40
12.0
  1
DATUM·STACKED
100
AcDbText
  0
LWPOLYLINE
  5
4BB
330
17
100
AcDbEntity
  8
FLOOR_5_BOUNDARY
100
AcDbPolyline
 90
27
 70
1
 10
15517.91590579601
 20
22495.33262011697
 10
15506.878383128242
 20
22517.174968366395
 10
15506.878383128242
 20
22631.35358255503
 10
15202.643936752509
 20
22631.35358255503
 10
15181.733686625928
 20
22640.457005356435
 10
15181.733686625928
 20
22750.736711583868
 10
15598.59957023025
 20
23373.965591490436
 10
15624.39425663293
 20
23371.27518037847
 10
15756.822894111989
 20
23282.230463658125
 10
15786.16811579404
 20
23325.873117226
 10
15823.20221578886
 20
23343.71832542712
 10
16048.019144168407
 20
23193.34174736884
 10
16049.678672838598
 20
23168.24222857165
 10
16014.52476214429
 20
23110.324343303248
 10
16110.008827841688
 20
23046.22712853428
 10
16135.528479578448
 20
23005.825270271886
 10
16135.528479578448
 20
22878.351082555026
 10
16269.669541618758
 20
22878.351082555026
 10
16283.11338043794
 20
22878.351082555026
 10
16283.526776999039
 20
22667.327349645035
 10
16269.66948358593
 20
22661.913392131402
 10
16127.675506951899
 20
22661.913392131402
 10
16105.863006951899
 20
22631.35358255503
 10
15951.878383128238
 20
22631.35358255503
 10
15951.878383128238
 20
22515.450643921155
 10
15943.912645022698
 20
22495.72142523841
 10
15517.91590579601
 20
22495.33262011697
  0
POINT
  5
4BC
330
17
100
AcDbEntity
  8
FLOOR_5_COLUMNS
100
AcDbPoint
 10
15187.03871949084
 20
22729.536711897825
 30
0.0
  0
POINT
  5
4BD
330
17
100
AcDbEntity
  8
FLOOR_5_COLUMNS
100
AcDbPoint
 10
15349.777771750294
 20
22991.176539959997
 30
0.0
  0
POINT
  5
4BE
330
17
100
AcDbEntity
  8
FLOOR_5_COLUMNS
100
AcDbPoint
 10
15505.864692107003
 20
23224.531871657684
 30
0.0
  0
POINT
  5
4BF
330
17
100
AcDbEntity
  8
FLOOR_5_COLUMNS
100
AcDbPoint
 10
15361.28871949084
 20
22644.68992308876
 30
0.0
  0
POINT
  5
4C0
330
17
100
AcDbEntity
  8
FLOOR_5_COLUMNS
100
AcDbPoint
 10
16103.668628306134
 20
22648.947206052486
 30
0.0
  0
POINT
  5
4C1
330
17
100
AcDbEntity
  8
FLOOR_5_COLUMNS
100
AcDbPoint
 10
16029.53538766392
 20
23159.38559407748
 30
0.0
  0
POINT
  5
4C2
330
17
100
AcDbEntity
  8
FLOOR_5_COLUMNS
100
AcDbPoint
 10
16120.41826749071
 20
22994.264636600696
 30
0.0
  0
POINT
  5
4C3
330
17
100
AcDbEntity
  8
FLOOR_5_COLUMNS
100
AcDbPoint
 10
16261.165307221905
 20
22862.812423088744
 30
0.0
  0
POINT
  5
4C4
330
17
100
AcDbEntity
  8
FLOOR_5_COLUMNS
100
AcDbPoint
 10
15538.950758711253
 20
22500.682425391795
 30
0.0
  0
POINT
  5
4C5
330
17
100
AcDbEntity
  8
FLOOR_5_COLUMNS
100
AcDbPoint
 10
16261.94919729131
 20
22675.18992308876
 30
0.0
  0
POINT
  5
4C6
330
17
100
AcDbEntity
  8
FLOOR_5_COLUMNS
100
AcDbPoint
 10
15581.47586612458
 20
23337.573185770354
 30
0.0
  0
POINT
  5
4C7
330
17
100
AcDbEntity
  8
FLOOR_5_COLUMNS
100
AcDbPoint
 10
15774.288719490845
 20
22500.682425391795
 30
0.0
  0
POINT
  5
4C8
330
17
100
AcDbEntity
  8
FLOOR_5_COLUMNS
100
AcDbPoint
 10
15965.668628306134
 20
22644.689923088765
 30
0.0
  0
POINT
  5
4C9
330
17
100
AcDbEntity
  8
FLOOR_5_COLUMNS
100
AcDbPoint
 10
15464.286331134084
 20
22839.46417449818
 30
0.0
  0
POINT
  5
4CA
330
17
100
AcDbEntity
  8
FLOOR_5_COLUMNS
100
AcDbPoint
 10
15691.133351221699
 20
23088.276808698574
 30
0.0
  0
POINT
  5
4CB
330
17
100
AcDbEntity
  8
FLOOR_5_COLUMNS
100
AcDbPoint
 10
15837.080644739053
 20
23322.25036641939
 30
0.0
  0
POINT
  5
4CC
330
17
100
AcDbEntity
  8
FLOOR_5_COLUMNS
100
AcDbPoint
 10
15920.595493407638
 20
22500.682425391795
 30
0.0
  0
POINT
  5
4CD
330
17
100
AcDbEntity
  8
FLOOR_5_COLUMNS
100
AcDbPoint
 10
16123.23793244645
 20
22860.25242586818
 30
0.0
  0
LWPOLYLINE
  5
4CF
330
17
100
AcDbEntity
  8
FLOOR_5_TRIBUTARY_COL_0
100
AcDbPolyline
 90
8
 70
1
 10
15304.482464874212
 20
22837.918588509994
 10
15323.832011113373
 20
22789.117175702973
 10
15247.012876137287
 20
22631.35358255503
 10
15202.643936752509
 20
22631.35358255503
 10
15181.733686625928
 20
22640.457005356435
 10
15181.733686625928
 20
22750.736711583868
 10
15258.97921874973
 20
22866.221447458774
 10
15304.482464874212
 20
22837.918588509994
  0
LWPOLYLINE
  5
4D0
330
17
100
AcDbEntity
  8
FLOOR_5_LARGE_TRIBUTARY
100
AcDbPolyline
 90
8
 70
1
 10
15304.482464874212
 20
22837.918588509994
 10
15323.832011113373
 20
22789.117175702973
 10
15247.012876137287
 20
22631.35358255503
 10
15202.643936752509
 20
22631.35358255503
 10
15181.733686625928
 20
22640.457005356435
 10
15181.733686625928
 20
22750.736711583868
 10
15258.97921874973
 20
22866.221447458774
 10
15304.482464874212
 20
22837.918588509994
  0
LWPOLYLINE
  5
4D2
330
17
100
AcDbEntity
  8
FLOOR_5_TRIBUTARY_COL_1
100
AcDbPolyline
 90
8
 70
1
 10
15518.289409877663
 20
23047.341771044168
 10
15526.836051971797
 20
23017.29608731457
 10
15524.258340426126
 20
23006.47726877249
 10
15523.330076795315
 20
23003.09909103123
 10
15304.482464874212
 20
22837.918588509994
 10
15258.97921874973
 20
22866.221447458774
 10
15422.834032664894
 20
23111.190048056887
 10
15518.289409877663
 20
23047.341771044168
  0
LWPOLYLINE
  5
4D3
330
17
100
AcDbEntity
  8
FLOOR_5_LARGE_TRIBUTARY
100
AcDbPolyline
 90
8
 70
1
 10
15518.289409877663
 20
23047.341771044168
 10
15526.836051971797
 20
23017.29608731457
 10
15524.258340426126
 20
23006.47726877249
 10
15523.330076795315
 20
23003.09909103123
 10
15304.482464874212
 20
22837.918588509994
 10
15258.97921874973
 20
22866.221447458774
 10
15422.834032664894
 20
23111.190048056887
 10
15518.289409877663
 20
23047.341771044168
  0
LWPOLYLINE
  5
4D5
330
17
100
AcDbEntity
  8
FLOOR_5_TRIBUTARY_COL_2
100
AcDbPolyline
 90
5
 70
1
 10
15641.86601190261
 20
23215.37128024474
 10
15518.289409877663
 20
23047.341771044168
 10
15422.834032664894
 20
23111.190048056887
 10
15538.683079852
 20
23284.388370962093
 10
15641.86601190261
 20
23215.37128024474
  0
LWPOLYLINE
  5
4D6
330
17
100
AcDbEntity
  8
FLOOR_5_LARGE_TRIBUTARY
100
AcDbPolyline
 90
5
 70
1
 10
15641.86601190261
 20
23215.37128024474
 10
15518.289409877663
 20
23047.341771044168
 10
15422.834032664894
 20
23111.190048056887
 10
15538.683079852
 20
23284.388370962093
 10
15641.86601190261
 20
23215.37128024474
  0
LWPOLYLINE
  5
4D8
330
17
100
AcDbEntity
  8
FLOOR_5_TRIBUTARY_COL_3
100
AcDbPolyline
 90
6
 70
1
 10
15323.832011113373
 20
22789.117175702973
 10
15510.217881734
 20
22690.55538234961
 10
15525.910753270076
 20
22666.189542795353
 10
15497.673773180843
 20
22631.35358255503
 10
15247.012876137287
 20
22631.35358255503
 10
15323.832011113373
 20
22789.117175702973
  0
LWPOLYLINE
  5
4D9
330
17
100
AcDbEntity
  8
FLOOR_5_LARGE_TRIBUTARY
100
AcDbPolyline
 90
6
 70
1
 10
15323.832011113373
 20
22789.117175702973
 10
15510.217881734
 20
22690.55538234961
 10
15525.910753270076
 20
22666.189542795353
 10
15497.673773180843
 20
22631.35358255503
 10
15247.012876137287
 20
22631.35358255503
 10
15323.832011113373
 20
22789.117175702973
  0
LWPOLYLINE
  5
4DB
330
17
100
AcDbEntity
  8
FLOOR_5_TRIBUTARY_COL_4
100
AcDbPolyline
 90
7
 70
1
 10
16031.108325949717
 20
22762.22590990633
 10
16168.309662012754
 20
22749.51948137505
 10
16182.834640191795
 20
22661.913392131402
 10
16127.675506951899
 20
22661.913392131402
 10
16105.863006951899
 20
22631.35358255503
 10
16035.145721092142
 20
22631.35358255503
 10
16031.108325949717
 20
22762.22590990633
  0
LWPOLYLINE
  5
4DC
330
17
100
AcDbEntity
  8
FLOOR_5_LARGE_TRIBUTARY
100
AcDbPolyline
 90
7
 70
1
 10
16031.108325949717
 20
22762.22590990633
 10
16168.309662012754
 20
22749.51948137505
 10
16182.834640191795
 20
22661.913392131402
 10
16127.675506951899
 20
22661.913392131402
 10
16105.863006951899
 20
22631.35358255503
 10
16035.145721092142
 20
22631.35358255503
 10
16031.108325949717
 20
22762.22590990633
  0
LWPOLYLINE
  5
4DE
330
17
100
AcDbEntity
  8
FLOOR_5_TRIBUTARY_COL_5
100
AcDbPolyline
 90
13
 70
1
 10
15979.61459897823
 20
23024.337568668925
 10
15905.899103370542
 20
23113.38893932951
 10
15898.249594289942
 20
23123.53628848253
 10
15890.935423017685
 20
23134.18496115837
 10
15883.956589553778
 20
23145.334957357012
 10
15877.313093898216
 20
23156.986277078482
 10
15871.630225033474
 20
23167.934303362847
 10
15949.115194648799
 20
23259.497074694096
 10
16048.019144168407
 20
23193.34174736884
 10
16049.678672838598
 20
23168.24222857165
 10
16014.52476214429
 20
23110.324343303248
 10
16069.180376798475
 20
23073.634738129527
 10
15979.61459897823
 20
23024.337568668925
  0
LWPOLYLINE
  5
4DF
330
17
100
AcDbEntity
  8
FLOOR_5_LARGE_TRIBUTARY
100
AcDbPolyline
 90
13
 70
1
 10
15979.61459897823
 20
23024.337568668925
 10
15905.899103370542
 20
23113.38893932951
 10
15898.249594289942
 20
23123.53628848253
 10
15890.935423017685
 20
23134.18496115837
 10
15883.956589553778
 20
23145.334957357012
 10
15877.313093898216
 20
23156.986277078482
 10
15871.630225033474
 20
23167.934303362847
 10
15949.115194648799
 20
23259.497074694096
 10
16048.019144168407
 20
23193.34174736884
 10
16049.678672838598
 20
23168.24222857165
 10
16014.52476214429
 20
23110.324343303248
 10
16069.180376798475
 20
23073.634738129527
 10
15979.61459897823
 20
23024.337568668925
  0
LWPOLYLINE
  5
4E1
330
17
100
AcDbEntity
  8
FLOOR_5_TRIBUTARY_COL_6
100
AcDbPolyline
 90
9
 70
1
 10
15979.61459897823
 20
23024.337568668925
 10
16069.180376798475
 20
23073.634738129527
 10
16110.008827841688
 20
23046.22712853428
 10
16135.528479578448
 20
23005.825270271886
 10
16135.528479578448
 20
22927.546792132867
 10
16004.574219743401
 20
22924.791467560255
 10
15979.189284727774
 20
22984.388013041444
 10
15979.06380162104
 20
22999.43573654785
 10
15979.61459897823
 20
23024.337568668925
  0
LWPOLYLINE
  5
4E2
330
17
100
AcDbEntity
  8
FLOOR_5_LARGE_TRIBUTARY
100
AcDbPolyline
 90
9
 70
1
 10
15979.61459897823
 20
23024.337568668925
 10
16069.180376798475
 20
23073.634738129527
 10
16110.008827841688
 20
23046.22712853428
 10
16135.528479578448
 20
23005.825270271886
 10
16135.528479578448
 20
22927.546792132867
 10
16004.574219743401
 20
22924.791467560255
 10
15979.189284727774
 20
22984.388013041444
 10
15979.06380162104
 20
22999.43573654785
 10
15979.61459897823
 20
23024.337568668925
  0
LWPOLYLINE
  5
4E4
330
17
100
AcDbEntity
  8
FLOOR_5_TRIBUTARY_COL_7
100
AcDbPolyline
 90
6
 70
1
 10
16193.924288227798
 20
22768.71860138831
 10
16191.889457596624
 20
22878.351082555026
 10
16269.669541618758
 20
22878.351082555026
 10
16283.11338043794
 20
22878.351082555026
 10
16283.32741928065
 20
22769.092129225355
 10
16193.924288227798
 20
22768.71860138831
  0
LWPOLYLINE
  5
4E5
330
17
100
AcDbEntity
  8
FLOOR_5_LARGE_TRIBUTARY
100
AcDbPolyline
 90
6
 70
1
 10
16193.924288227798
 20
22768.71860138831
 10
16191.889457596624
 20
22878.351082555026
 10
16269.669541618758
 20
22878.351082555026
 10
16283.11338043794
 20
22878.351082555026
 10
16283.32741928065
 20
22769.092129225355
 10
16193.924288227798
 20
22768.71860138831
  0
LWPOLYLINE
  5
4E7
330
17
100
AcDbEntity
  8
FLOOR_5_TRIBUTARY_COL_8
100
AcDbPolyline
 90
15
 70
1
 10
15525.910753270076
 20
22666.189542795353
 10
15551.08312827957
 20
22660.060511840034
 10
15599.568657954627
 20
22634.37466846348
 10
15609.953722073022
 20
22628.316930728957
 10
15620.064130315805
 20
22621.848581320803
 10
15629.899882683125
 20
22614.969620238928
 10
15639.460979174837
 20
22607.68004748343
 10
15648.747419791085
 20
22599.979863054206
 10
15656.61973910105
 20
22592.894609842195
 10
15656.61973910105
 20
22495.459214421073
 10
15517.91590579601
 20
22495.33262011697
 10
15506.878383128242
 20
22517.174968366395
 10
15506.878383128242
 20
22631.35358255503
 10
15497.673773180843
 20
22631.35358255503
 10
15525.910753270076
 20
22666.189542795353
  0
LWPOLYLINE
  5
4E8
330
17
100
AcDbEntity
  8
FLOOR_5_LARGE_TRIBUTARY
100
AcDbPolyline
 90
15
 70
1
 10
15525.910753270076
 20
22666.189542795353
 10
15551.08312827957
 20
22660.060511840034
 10
15599.568657954627
 20
22634.37466846348
 10
15609.953722073022
 20
22628.316930728957
 10
15620.064130315805
 20
22621.848581320803
 10
15629.899882683125
 20
22614.969620238928
 10
15639.460979174837
 20
22607.68004748343
 10
15648.747419791085
 20
22599.979863054206
 10
15656.61973910105
 20
22592.894609842195
 10
15656.61973910105
 20
22495.459214421073
 10
15517.91590579601
 20
22495.33262011697
 10
15506.878383128242
 20
22517.174968366395
 10
15506.878383128242
 20
22631.35358255503
 10
15497.673773180843
 20
22631.35358255503
 10
15525.910753270076
 20
22666.189542795353
  0
LWPOLYLINE
  5
4EA
330
17
100
AcDbEntity
  8
FLOOR_5_TRIBUTARY_COL_9
100
AcDbPolyline
 90
7
 70
1
 10
16168.309662012754
 20
22749.51948137505
 10
16193.924288227798
 20
22768.71860138831
 10
16283.32741928065
 20
22769.092129225355
 10
16283.526776999039
 20
22667.327349645035
 10
16269.66948358593
 20
22661.913392131402
 10
16182.834640191795
 20
22661.913392131402
 10
16168.309662012754
 20
22749.51948137505
  0
LWPOLYLINE
  5
4EB
330
17
100
AcDbEntity
  8
FLOOR_5_LARGE_TRIBUTARY
100
AcDbPolyline
 90
7
 70
1
 10
16168.309662012754
 20
22749.51948137505
 10
16193.924288227798
 20
22768.71860138831
 10
16283.32741928065
 20
22769.092129225355
 10
16283.526776999039
 20
22667.327349645035
 10
16269.66948358593
 20
22661.913392131402
 10
16182.834640191795
 20
22661.913392131402
 10
16168.309662012754
 20
22749.51948137505
  0
LWPOLYLINE
  5
4ED
330
17
100
AcDbEntity
  8
FLOOR_5_TRIBUTARY_COL_10
100
AcDbPolyline
 90
7
 70
1
 10
15704.05162693417
 20
23242.724738941877
 10
15641.86601190261
 20
23215.37128024474
 10
15538.683079852
 20
23284.388370962093
 10
15598.59957023025
 20
23373.965591490436
 10
15624.39425663293
 20
23371.27518037847
 10
15708.372835083148
 20
23314.8081739135
 10
15704.05162693417
 20
23242.724738941877
  0
LWPOLYLINE
  5
4EE
330
17
100
AcDbEntity
  8
FLOOR_5_LARGE_TRIBUTARY
100
AcDbPolyline
 90
7
 70
1
 10
15704.05162693417
 20
23242.724738941877
 10
15641.86601190261
 20
23215.37128024474
 10
15538.683079852
 20
23284.388370962093
 10
15598.59957023025
 20
23373.965591490436
 10
15624.39425663293
 20
23371.27518037847
 10
15708.372835083148
 20
23314.8081739135
 10
15704.05162693417
 20
23242.724738941877
  0
LWPOLYLINE
  5
4F0
330
17
100
AcDbEntity
  8
FLOOR_5_TRIBUTARY_COL_11
100
AcDbPolyline
 90
8
 70
1
 10
15656.61973910105
 20
22592.894609842195
 10
15658.68723813989
 20
22593.256481046657
 10
15674.540290847432
 20
22595.37340894361
 10
15841.670905101688
 20
22610.306008608182
 10
15847.442106449242
 20
22602.63632470066
 10
15847.442106449242
 20
22495.63337705397
 10
15656.61973910105
 20
22495.459214421073
 10
15656.61973910105
 20
22592.894609842195
  0
LWPOLYLINE
  5
4F1
330
17
100
AcDbEntity
  8
FLOOR_5_LARGE_TRIBUTARY
100
AcDbPolyline
 90
8
 70
1
 10
15656.61973910105
 20
22592.894609842195
 10
15658.68723813989
 20
22593.256481046657
 10
15674.540290847432
 20
22595.37340894361
 10
15841.670905101688
 20
22610.306008608182
 10
15847.442106449242
 20
22602.63632470066
 10
15847.442106449242
 20
22495.63337705397
 10
15656.61973910105
 20
22495.459214421073
 10
15656.61973910105
 20
22592.894609842195
  0
LWPOLYLINE
  5
4F3
330
17
100
AcDbEntity
  8
FLOOR_5_TRIBUTARY_COL_12
100
AcDbPolyline
 90
10
 70
1
 10
15841.670905101688
 20
22610.306008608182
 10
15845.559932787377
 20
22623.557113701354
 10
15888.71422434584
 20
22750.666783907167
 10
15992.52197309965
 20
22790.431301333425
 10
16031.108325949717
 20
22762.22590990633
 10
16035.145721092142
 20
22631.35358255503
 10
15951.878383128238
 20
22631.35358255503
 10
15951.878383128238
 20
22569.948648973143
 10
15847.442106449242
 20
22602.63632470066
 10
15841.670905101688
 20
22610.306008608182
  0
LWPOLYLINE
  5
4F4
330
17
100
AcDbEntity
  8
FLOOR_5_LARGE_TRIBUTARY
100
AcDbPolyline
 90
10
 70
1
 10
15841.670905101688
 20
22610.306008608182
 10
15845.559932787377
 20
22623.557113701354
 10
15888.71422434584
 20
22750.666783907167
 10
15992.52197309965
 20
22790.431301333425
 10
16031.108325949717
 20
22762.22590990633
 10
16035.145721092142
 20
22631.35358255503
 10
15951.878383128238
 20
22631.35358255503
 10
15951.878383128238
 20
22569.948648973143
 10
15847.442106449242
 20
22602.63632470066
 10
15841.670905101688
 20
22610.306008608182
  0
LWPOLYLINE
  5
4F6
330
17
100
AcDbEntity
  8
FLOOR_5_TRIBUTARY_COL_13
100
AcDbPolyline
 90
15
 70
1
 10
15304.482464874212
 20
22837.918588509994
 10
15523.330076795315
 20
23003.09909103123
 10
15527.581562397225
 20
22989.81746838015
 10
15532.555442641005
 20
22972.053574224534
 10
15536.622842353574
 20
22954.896007567244
 10
15539.783761534956
 20
22938.344768408217
 10
15542.038200185141
 20
22922.39985674744
 10
15543.386158304133
 20
22907.061272584935
 10
15543.827635891927
 20
22892.329015920743
 10
15543.362632948523
 20
22878.203086754795
 10
15541.991149473928
 20
22864.683485087153
 10
15515.947476849968
 20
22717.047664628386
 10
15510.217881734
 20
22690.55538234961
 10
15323.832011113373
 20
22789.117175702973
 10
15304.482464874212
 20
22837.918588509994
  0
LWPOLYLINE
  5
4F7
330
17
100
AcDbEntity
  8
FLOOR_5_LARGE_TRIBUTARY
100
AcDbPolyline
 90
15
 70
1
 10
15304.482464874212
 20
22837.918588509994
 10
15523.330076795315
 20
23003.09909103123
 10
15527.581562397225
 20
22989.81746838015
 10
15532.555442641005
 20
22972.053574224534
 10
15536.622842353574
 20
22954.896007567244
 10
15539.783761534956
 20
22938.344768408217
 10
15542.038200185141
 20
22922.39985674744
 10
15543.386158304133
 20
22907.061272584935
 10
15543.827635891927
 20
22892.329015920743
 10
15543.362632948523
 20
22878.203086754795
 10
15541.991149473928
 20
22864.683485087153
 10
15515.947476849968
 20
22717.047664628386
 10
15510.217881734
 20
22690.55538234961
 10
15323.832011113373
 20
22789.117175702973
 10
15304.482464874212
 20
22837.918588509994
  0
LWPOLYLINE
  5
4F9
330
17
100
AcDbEntity
  8
FLOOR_5_TRIBUTARY_COL_14
100
AcDbPolyline
 90
20
 70
1
 10
15694.210272882967
 20
23037.16927754945
 10
15681.836979660442
 20
23031.008576102366
 10
15668.000794169857
 20
23025.82637532753
 10
15652.701716411182
 20
23021.62267522495
 10
15635.9397463844
 20
23018.397475794598
 10
15617.714884089579
 20
23016.150777036506
 10
15598.02712952664
 20
23014.88257895065
 10
15576.876482695669
 20
23014.59288153705
 10
15554.262943596555
 20
23015.281684795686
 10
15530.186512229502
 20
23016.948988726566
 10
15526.836051971797
 20
23017.29608731457
 10
15518.289409877663
 20
23047.341771044168
 10
15641.86601190261
 20
23215.37128024474
 10
15704.05162693417
 20
23242.724738941877
 10
15793.33958043747
 20
23187.028978769442
 10
15743.265690183587
 20
23093.519484583227
 10
15722.552798942035
 20
23061.52238592416
 10
15714.568182523768
 20
23052.426182460353
 10
15705.1206738374
 20
23044.30847966877
 10
15694.210272882967
 20
23037.16927754945
  0
LWPOLYLINE
  5
4FA
330
17
100
AcDbEntity
  8
FLOOR_5_LARGE_TRIBUTARY
100
AcDbPolyline
 90
20
 70
1
 10
15694.210272882967
 20
23037.16927754945
 10
15681.836979660442
 20
23031.008576102366
 10
15668.000794169857
 20
23025.82637532753
 10
15652.701716411182
 20
23021.62267522495
 10
15635.9397463844
 20
23018.397475794598
 10
15617.714884089579
 20
23016.150777036506
 10
15598.02712952664
 20
23014.88257895065
 10
15576.876482695669
 20
23014.59288153705
 10
15554.262943596555
 20
23015.281684795686
 10
15530.186512229502
 20
23016.948988726566
 10
15526.836051971797
 20
23017.29608731457
 10
15518.289409877663
 20
23047.341771044168
 10
15641.86601190261
 20
23215.37128024474
 10
15704.05162693417
 20
23242.724738941877
 10
15793.33958043747
 20
23187.028978769442
 10
15743.265690183587
 20
23093.519484583227
 10
15722.552798942035
 20
23061.52238592416
 10
15714.568182523768
 20
23052.426182460353
 10
15705.1206738374
 20
23044.30847966877
 10
15694.210272882967
 20
23037.16927754945
  0
LWPOLYLINE
  5
4FC
330
17
100
AcDbEntity
  8
FLOOR_5_TRIBUTARY_COL_15
100
AcDbPolyline
 90
11
 70
1
 10
15871.630225033474
 20
23167.934303362847
 10
15870.346107180136
 20
23168.153983932494
 10
15857.691151669487
 20
23170.818287705537
 10
15793.33958043747
 20
23187.028978769442
 10
15704.05162693417
 20
23242.724738941877
 10
15708.372835083148
 20
23314.8081739135
 10
15756.822894111989
 20
23282.230463658125
 10
15786.16811579404
 20
23325.873117226
 10
15823.20221578886
 20
23343.71832542712
 10
15949.115194648799
 20
23259.497074694096
 10
15871.630225033474
 20
23167.934303362847
  0
LWPOLYLINE
  5
4FD
330
17
100
AcDbEntity
  8
FLOOR_5_LARGE_TRIBUTARY
100
AcDbPolyline
 90
11
 70
1
 10
15871.630225033474
 20
23167.934303362847
 10
15870.346107180136
 20
23168.153983932494
 10
15857.691151669487
 20
23170.818287705537
 10
15793.33958043747
 20
23187.028978769442
 10
15704.05162693417
 20
23242.724738941877
 10
15708.372835083148
 20
23314.8081739135
 10
15756.822894111989
 20
23282.230463658125
 10
15786.16811579404
 20
23325.873117226
 10
15823.20221578886
 20
23343.71832542712
 10
15949.115194648799
 20
23259.497074694096
 10
15871.630225033474
 20
23167.934303362847
  0
LWPOLYLINE
  5
4FF
330
17
100
AcDbEntity
  8
FLOOR_5_TRIBUTARY_COL_16
100
AcDbPolyline
 90
6
 70
1
 10
15847.442106449242
 20
22602.63632470066
 10
15951.878383128238
 20
22569.948648973143
 10
15951.878383128238
 20
22515.450643921155
 10
15943.912645022698
 20
22495.72142523841
 10
15847.442106449242
 20
22495.63337705397
 10
15847.442106449242
 20
22602.63632470066
  0
LWPOLYLINE
  5
500
330
17
100
AcDbEntity
  8
FLOOR_5_LARGE_TRIBUTARY
100
AcDbPolyline
 90
6
 70
1
 10
15847.442106449242
 20
22602.63632470066
 10
15951.878383128238
 20
22569.948648973143
 10
15951.878383128238
 20
22515.450643921155
 10
15943.912645022698
 20
22495.72142523841
 10
15847.442106449242
 20
22495.63337705397
 10
15847.442106449242
 20
22602.63632470066
  0
LWPOLYLINE
  5
502
330
17
100
AcDbEntity
  8
FLOOR_5_TRIBUTARY_COL_17
100
AcDbPolyline
 90
10
 70
1
 10
15992.52197309965
 20
22790.431301333425
 10
16001.61817755257
 20
22899.53241778566
 10
16004.574219743401
 20
22924.791467560255
 10
16135.528479578448
 20
22927.546792132867
 10
16135.528479578448
 20
22878.351082555026
 10
16191.889457596624
 20
22878.351082555026
 10
16193.924288227798
 20
22768.71860138831
 10
16168.309662012754
 20
22749.51948137505
 10
16031.108325949717
 20
22762.22590990633
 10
15992.52197309965
 20
22790.431301333425
  0
LWPOLYLINE
  5
503
330
17
100
AcDbEntity
  8
FLOOR_5_LARGE_TRIBUTARY
100
AcDbPolyline
 90
10
 70
1
 10
15992.52197309965
 20
22790.431301333425
 10
16001.61817755257
 20
22899.53241778566
 10
16004.574219743401
 20
22924.791467560255
 10
16135.528479578448
 20
22927.546792132867
 10
16135.528479578448
 20
22878.351082555026
 10
16191.889457596624
 20
22878.351082555026
 10
16193.924288227798
 20
22768.71860138831
 10
16168.309662012754
 20
22749.51948137505
 10
16031.108325949717
 20
22762.22590990633
 10
15992.52197309965
 20
22790.431301333425
  0
LWPOLYLINE
  5
505
330
17
100
AcDbEntity
  8
FLOOR_5_WALL_TRIBUTARY_16
100
AcDbPolyline
 90
67
 70
1
 10
15639.460979174837
 20
22607.68004748343
 10
15629.899882683125
 20
22614.969620238928
 10
15620.064130315805
 20
22621.848581320803
 10
15609.953722073022
 20
22628.316930728957
 10
15599.568657954627
 20
22634.37466846348
 10
15551.08312827957
 20
22660.060511840034
 10
15645.254001639572
 20
22783.9279971641
 10
15652.16700620832
 20
22796.401831203428
 10
15656.463352663497
 20
22807.965047937505
 10
15657.254517571666
 20
22811.580984123728
 10
15659.336240263314
 20
22815.06751861589
 10
15662.157584251163
 20
22818.593246029595
 10
15666.00792475939
 20
22825.041917143368
 10
15668.829268747246
 20
22828.56764455708
 10
15672.679609255461
 20
22835.016315670837
 10
15675.500953243314
 20
22838.54204308454
 10
15679.351293751533
 20
22844.990714198306
 10
15682.17263773939
 20
22848.516441612017
 10
15686.02297824761
 20
22854.96511272578
 10
15688.844322235462
 20
22858.490840139486
 10
15692.694662743688
 20
22864.939511253255
 10
15695.516006731545
 20
22868.465238666966
 10
15699.366347239758
 20
22874.913909780724
 10
15702.187691227615
 20
22878.43963719443
 10
15706.038031735836
 20
22884.8883083082
 10
15708.859375723685
 20
22888.4140357219
 10
15712.709716231904
 20
22894.86270683566
 10
15715.531060219768
 20
22898.38843424938
 10
15719.381400727985
 20
22904.837105363145
 10
15722.202744715836
 20
22908.362832776846
 10
15726.053085224055
 20
22914.81150389061
 10
15728.874429211912
 20
22918.337231304322
 10
15732.724769720133
 20
22924.785902418087
 10
15735.546113707984
 20
22928.311629831787
 10
15739.396454216203
 20
22934.760300945556
 10
15742.217798204067
 20
22938.286028359274
 10
15746.068138712282
 20
22944.734699473032
 10
15748.889482700131
 20
22948.260426886733
 10
15752.73982320835
 20
22954.709098000498
 10
15755.561184228533
 20
22958.234846698862
 10
15759.411510821481
 20
22964.683494443037
 10
15766.936470492918
 20
22974.08715351764
 10
15770.980329398157
 20
22977.949301765304
 10
15781.178781634826
 20
22977.46972817565
 10
15793.939410280862
 20
22974.963553845435
 10
15805.46395328833
 20
22970.60938883455
 10
15809.319967500565
 20
22968.284880928688
 10
15824.455176926318
 20
22961.99674656779
 10
15827.655259736408
 20
22960.080466972016
 10
15839.195675643216
 20
22955.749984955637
 10
15851.968367521471
 20
22953.261760630194
 10
15865.973335371169
 20
22952.615793995687
 10
15881.210579192335
 20
22953.81208505211
 10
15897.680098984953
 20
22956.850633799473
 10
15915.381894749007
 20
22961.731440237763
 10
15979.189284727774
 20
22984.388013041444
 10
16004.574219743401
 20
22924.791467560255
 10
16001.61817755257
 20
22899.53241778566
 10
15992.52197309965
 20
22790.431301333425
 10
15888.71422434584
 20
22750.666783907167
 10
15845.559932787377
 20
22623.557113701354
 10
15841.670905101688
 20
22610.306008608182
 10
15674.540290847432
 20
22595.37340894361
 10
15658.68723813989
 20
22593.256481046657
 10
15656.61973910105
 20
22592.894609842195
 10
15648.747419791085
 20
22599.979863054206
 10
15639.460979174837
 20
22607.68004748343
  0
LWPOLYLINE
  5
506
330
17
100
AcDbEntity
  8
FLOOR_5_LARGE_TRIBUTARY
100
AcDbPolyline
 90
67
 70
1
 10
15639.460979174837
 20
22607.68004748343
 10
15629.899882683125
 20
22614.969620238928
 10
15620.064130315805
 20
22621.848581320803
 10
15609.953722073022
 20
22628.316930728957
 10
15599.568657954627
 20
22634.37466846348
 10
15551.08312827957
 20
22660.060511840034
 10
15645.254001639572
 20
22783.9279971641
 10
15652.16700620832
 20
22796.401831203428
 10
15656.463352663497
 20
22807.965047937505
 10
15657.254517571666
 20
22811.580984123728
 10
15659.336240263314
 20
22815.06751861589
 10
15662.157584251163
 20
22818.593246029595
 10
15666.00792475939
 20
22825.041917143368
 10
15668.829268747246
 20
22828.56764455708
 10
15672.679609255461
 20
22835.016315670837
 10
15675.500953243314
 20
22838.54204308454
 10
15679.351293751533
 20
22844.990714198306
 10
15682.17263773939
 20
22848.516441612017
 10
15686.02297824761
 20
22854.96511272578
 10
15688.844322235462
 20
22858.490840139486
 10
15692.694662743688
 20
22864.939511253255
 10
15695.516006731545
 20
22868.465238666966
 10
15699.366347239758
 20
22874.913909780724
 10
15702.187691227615
 20
22878.43963719443
 10
15706.038031735836
 20
22884.8883083082
 10
15708.859375723685
 20
22888.4140357219
 10
15712.709716231904
 20
22894.86270683566
 10
15715.531060219768
 20
22898.38843424938
 10
15719.381400727985
 20
22904.837105363145
 10
15722.202744715836
 20
22908.362832776846
 10
15726.053085224055
 20
22914.81150389061
 10
15728.874429211912
 20
22918.337231304322
 10
15732.724769720133
 20
22924.785902418087
 10
15735.546113707984
 20
22928.311629831787
 10
15739.396454216203
 20
22934.760300945556
 10
15742.217798204067
 20
22938.286028359274
 10
15746.068138712282
 20
22944.734699473032
 10
15748.889482700131
 20
22948.260426886733
 10
15752.73982320835
 20
22954.709098000498
 10
15755.561184228533
 20
22958.234846698862
 10
15759.411510821481
 20
22964.683494443037
 10
15766.936470492918
 20
22974.08715351764
 10
15770.980329398157
 20
22977.949301765304
 10
15781.178781634826
 20
22977.46972817565
 10
15793.939410280862
 20
22974.963553845435
 10
15805.46395328833
 20
22970.60938883455
 10
15809.319967500565
 20
22968.284880928688
 10
15824.455176926318
 20
22961.99674656779
 10
15827.655259736408
 20
22960.080466972016
 10
15839.195675643216
 20
22955.749984955637
 10
15851.968367521471
 20
22953.261760630194
 10
15865.973335371169
 20
22952.615793995687
 10
15881.210579192335
 20
22953.81208505211
 10
15897.680098984953
 20
22956.850633799473
 10
15915.381894749007
 20
22961.731440237763
 10
15979.189284727774
 20
22984.388013041444
 10
16004.574219743401
 20
22924.791467560255
 10
16001.61817755257
 20
22899.53241778566
 10
15992.52197309965
 20
22790.431301333425
 10
15888.71422434584
 20
22750.666783907167
 10
15845.559932787377
 20
22623.557113701354
 10
15841.670905101688
 20
22610.306008608182
 10
15674.540290847432
 20
22595.37340894361
 10
15658.68723813989
 20
22593.256481046657
 10
15656.61973910105
 20
22592.894609842195
 10
15648.747419791085
 20
22599.979863054206
 10
15639.460979174837
 20
22607.68004748343
  0
TEXT
  5
507
330
17
100
AcDbEntity
  8
FLOOR_5_AREA_LABELS
100
AcDbText
 10
15794.121190613712
 20
22786.075003004058
 30
0.0
 40
24.0
  1
725 SF
 72
1
 11
15794.121190613712
 21
22786.075003004058
 31
0.0
100
AcDbText
 73
2
  0
LWPOLYLINE
  5
509
330
17
100
AcDbEntity
  8
FLOOR_5_WALL_TRIBUTARY_17
100
AcDbPolyline
 90
92
 70
1
 10
15551.08312827957
 20
22660.060511840034
 10
15525.910753270076
 20
22666.189542795353
 10
15510.217881734
 20
22690.55538234961
 10
15515.947476849968
 20
22717.047664628386
 10
15541.991149473928
 20
22864.683485087153
 10
15543.362632948523
 20
22878.203086754795
 10
15543.827635891927
 20
22892.329015920743
 10
15543.386158304133
 20
22907.061272584935
 10
15542.038200185141
 20
22922.39985674744
 10
15539.783761534956
 20
22938.344768408217
 10
15536.622842353574
 20
22954.896007567244
 10
15532.555442641005
 20
22972.053574224534
 10
15527.581562397225
 20
22989.81746838015
 10
15523.330076795315
 20
23003.09909103123
 10
15524.258340426126
 20
23006.47726877249
 10
15526.836051971797
 20
23017.29608731457
 10
15530.186512229502
 20
23016.948988726566
 10
15554.262943596555
 20
23015.281684795686
 10
15576.876482695669
 20
23014.59288153705
 10
15598.02712952664
 20
23014.88257895065
 10
15617.714884089579
 20
23016.150777036506
 10
15635.9397463844
 20
23018.397475794598
 10
15652.701716411182
 20
23021.62267522495
 10
15668.000794169857
 20
23025.82637532753
 10
15681.836979660442
 20
23031.008576102366
 10
15694.210272882967
 20
23037.16927754945
 10
15705.1206738374
 20
23044.30847966877
 10
15714.568182523768
 20
23052.426182460353
 10
15722.552798942035
 20
23061.52238592416
 10
15743.265690183587
 20
23093.519484583227
 10
15793.33958043747
 20
23187.028978769442
 10
15857.691151669487
 20
23170.818287705537
 10
15870.346107180136
 20
23168.153983932494
 10
15871.630225033474
 20
23167.934303362847
 10
15877.313093898216
 20
23156.986277078482
 10
15883.956589553778
 20
23145.334957357012
 10
15890.935423017685
 20
23134.18496115837
 10
15898.249594289942
 20
23123.53628848253
 10
15905.899103370542
 20
23113.38893932951
 10
15979.61459897823
 20
23024.337568668925
 10
15979.06380162104
 20
22999.43573654785
 10
15979.189284727774
 20
22984.388013041444
 10
15915.381894749007
 20
22961.731440237763
 10
15897.680098984953
 20
22956.850633799473
 10
15881.210579192335
 20
22953.81208505211
 10
15865.973335371169
 20
22952.615793995687
 10
15851.968367521471
 20
22953.261760630194
 10
15839.195675643216
 20
22955.749984955637
 10
15827.655259736408
 20
22960.080466972016
 10
15824.455176926318
 20
22961.99674656779
 10
15809.319967500565
 20
22968.284880928688
 10
15805.46395328833
 20
22970.60938883455
 10
15793.939410280862
 20
22974.963553845435
 10
15781.178781634826
 20
22977.46972817565
 10
15770.980329398157
 20
22977.949301765304
 10
15766.936470492918
 20
22974.08715351764
 10
15759.411510821481
 20
22964.683494443037
 10
15755.561184228533
 20
22958.234846698862
 10
15752.73982320835
 20
22954.709098000498
 10
15748.889482700131
 20
22948.260426886733
 10
15746.068138712282
 20
22944.734699473032
 10
15742.217798204067
 20
22938.286028359274
 10
15739.396454216203
 20
22934.760300945556
 10
15735.546113707984
 20
22928.311629831787
 10
15732.724769720133
 20
22924.785902418087
 10
15728.874429211912
 20
22918.337231304322
 10
15726.053085224055
 20
22914.81150389061
 10
15722.202744715836
 20
22908.362832776846
 10
15719.381400727985
 20
22904.837105363145
 10
15715.531060219768
 20
22898.38843424938
 10
15712.709716231904
 20
22894.86270683566
 10
15708.859375723685
 20
22888.4140357219
 10
15706.038031735836
 20
22884.8883083082
 10
15702.187691227615
 20
22878.43963719443
 10
15699.366347239758
 20
22874.913909780724
 10
15695.516006731545
 20
22868.465238666966
 10
15692.694662743688
 20
22864.939511253255
 10
15688.844322235462
 20
22858.490840139486
 10
15686.02297824761
 20
22854.96511272578
 10
15682.17263773939
 20
22848.516441612017
 10
15679.351293751533
 20
22844.990714198306
 10
15675.500953243314
 20
22838.54204308454
 10
15672.679609255461
 20
22835.016315670837
 10
15668.829268747246
 20
22828.56764455708
 10
15666.00792475939
 20
22825.041917143368
 10
15662.157584251163
 20
22818.593246029595
 10
15659.336240263314
 20
22815.06751861589
 10
15657.254517571666
 20
22811.580984123728
 10
15656.463352663497
 20
22807.965047937505
 10
15652.16700620832
 20
22796.401831203428
 10
15645.254001639572
 20
22783.9279971641
 10
15551.08312827957
 20
22660.060511840034
  0
LWPOLYLINE
  5
50A
330
17
100
AcDbEntity
  8
FLOOR_5_LARGE_TRIBUTARY
100
AcDbPolyline
 90
92
 70
1
 10
15551.08312827957
 20
22660.060511840034
 10
15525.910753270076
 20
22666.189542795353
 10
15510.217881734
 20
22690.55538234961
 10
15515.947476849968
 20
22717.047664628386
 10
15541.991149473928
 20
22864.683485087153
 10
15543.362632948523
 20
22878.203086754795
 10
15543.827635891927
 20
22892.329015920743
 10
15543.386158304133
 20
22907.061272584935
 10
15542.038200185141
 20
22922.39985674744
 10
15539.783761534956
 20
22938.344768408217
 10
15536.622842353574
 20
22954.896007567244
 10
15532.555442641005
 20
22972.053574224534
 10
15527.581562397225
 20
22989.81746838015
 10
15523.330076795315
 20
23003.09909103123
 10
15524.258340426126
 20
23006.47726877249
 10
15526.836051971797
 20
23017.29608731457
 10
15530.186512229502
 20
23016.948988726566
 10
15554.262943596555
 20
23015.281684795686
 10
15576.876482695669
 20
23014.59288153705
 10
15598.02712952664
 20
23014.88257895065
 10
15617.714884089579
 20
23016.150777036506
 10
15635.9397463844
 20
23018.397475794598
 10
15652.701716411182
 20
23021.62267522495
 10
15668.000794169857
 20
23025.82637532753
 10
15681.836979660442
 20
23031.008576102366
 10
15694.210272882967
 20
23037.16927754945
 10
15705.1206738374
 20
23044.30847966877
 10
15714.568182523768
 20
23052.426182460353
 10
15722.552798942035
 20
23061.52238592416
 10
15743.265690183587
 20
23093.519484583227
 10
15793.33958043747
 20
23187.028978769442
 10
15857.691151669487
 20
23170.818287705537
 10
15870.346107180136
 20
23168.153983932494
 10
15871.630225033474
 20
23167.934303362847
 10
15877.313093898216
 20
23156.986277078482
 10
15883.956589553778
 20
23145.334957357012
 10
15890.935423017685
 20
23134.18496115837
 10
15898.249594289942
 20
23123.53628848253
 10
15905.899103370542
 20
23113.38893932951
 10
15979.61459897823
 20
23024.337568668925
 10
15979.06380162104
 20
22999.43573654785
 10
15979.189284727774
 20
22984.388013041444
 10
15915.381894749007
 20
22961.731440237763
 10
15897.680098984953
 20
22956.850633799473
 10
15881.210579192335
 20
22953.81208505211
 10
15865.973335371169
 20
22952.615793995687
 10
15851.968367521471
 20
22953.261760630194
 10
15839.195675643216
 20
22955.749984955637
 10
15827.655259736408
 20
22960.080466972016
 10
15824.455176926318
 20
22961.99674656779
 10
15809.319967500565
 20
22968.284880928688
 10
15805.46395328833
 20
22970.60938883455
 10
15793.939410280862
 20
22974.963553845435
 10
15781.178781634826
 20
22977.46972817565
 10
15770.980329398157
 20
22977.949301765304
 10
15766.936470492918
 20
22974.08715351764
 10
15759.411510821481
 20
22964.683494443037
 10
15755.561184228533
 20
22958.234846698862
 10
15752.73982320835
 20
22954.709098000498
 10
15748.889482700131
 20
22948.260426886733
 10
15746.068138712282
 20
22944.734699473032
 10
15742.217798204067
 20
22938.286028359274
 10
15739.396454216203
 20
22934.760300945556
 10
15735.546113707984
 20
22928.311629831787
 10
15732.724769720133
 20
22924.785902418087
 10
15728.874429211912
 20
22918.337231304322
 10
15726.053085224055
 20
22914.81150389061
 10
15722.202744715836
 20
22908.362832776846
 10
15719.381400727985
 20
22904.837105363145
 10
15715.531060219768
 20
22898.38843424938
 10
15712.709716231904
 20
22894.86270683566
 10
15708.859375723685
 20
22888.4140357219
 10
15706.038031735836
 20
22884.8883083082
 10
15702.187691227615
 20
22878.43963719443
 10
15699.366347239758
 20
22874.913909780724
 10
15695.516006731545
 20
22868.465238666966
 10
15692.694662743688
 20
22864.939511253255
 10
15688.844322235462
 20
22858.490840139486
 10
15686.02297824761
 20
22854.96511272578
 10
15682.17263773939
 20
22848.516441612017
 10
15679.351293751533
 20
22844.990714198306
 10
15675.500953243314
 20
22838.54204308454
 10
15672.679609255461
 20
22835.016315670837
 10
15668.829268747246
 20
22828.56764455708
 10
15666.00792475939
 20
22825.041917143368
 10
15662.157584251163
 20
22818.593246029595
 10
15659.336240263314
 20
22815.06751861589
 10
15657.254517571666
 20
22811.580984123728
 10
15656.463352663497
 20
22807.965047937505
 10
15652.16700620832
 20
22796.401831203428
 10
15645.254001639572
 20
22783.9279971641
 10
15551.08312827957
 20
22660.060511840034
  0
TEXT
  5
50B
330
17
100
AcDbEntity
  8
FLOOR_5_AREA_LABELS
100
AcDbText
 10
15715.96655910825
 20
22958.155757536915
 30
0.0
 40
24.0
  1
636 SF
 72
1
 11
15715.96655910825
 21
22958.155757536915
 31
0.0
100
AcDbText
 73
2
  0
TEXT
  5
50C
330
17
100
AcDbEntity
  8
FLOOR_5_AREA_LABELS
100
AcDbText
 10
15245.442541153825
 20
22743.63129639559
 30
0.0
 40
24.0
  1
147 SF
 72
1
 11
15245.442541153825
 21
22743.63129639559
 31
0.0
100
AcDbText
 73
2
  0
TEXT
  5
50D
330
17
100
AcDbEntity
  8
FLOOR_5_AREA_LABELS
100
AcDbText
 10
15398.788692070462
 20
22976.77198253361
 30
0.0
 40
24.0
  1
209 SF
 72
1
 11
15398.788692070462
 21
22976.77198253361
 31
0.0
100
AcDbText
 73
2
  0
TEXT
  5
50E
330
17
100
AcDbEntity
  8
FLOOR_5_AREA_LABELS
100
AcDbText
 10
15531.194324414459
 20
23165.679089565143
 30
0.0
 40
24.0
  1
173 SF
 72
1
 11
15531.194324414459
 21
23165.679089565143
 31
0.0
100
AcDbText
 73
2
  0
TEXT
  5
50F
330
17
100
AcDbEntity
  8
FLOOR_5_AREA_LABELS
100
AcDbText
 10
15380.075884343829
 20
22688.011576418136
 30
0.0
 40
24.0
  1
185 SF
 72
1
 11
15380.075884343829
 21
22688.011576418136
 31
0.0
100
AcDbText
 73
2
  0
TEXT
  5
510
330
17
100
AcDbEntity
  8
FLOOR_5_AREA_LABELS
100
AcDbText
 10
16098.305299455114
 20
22698.64744912363
 30
0.0
 40
24.0
  1
111 SF
 72
1
 11
16098.305299455114
 21
22698.64744912363
 31
0.0
100
AcDbText
 73
2
  0
TEXT
  5
511
330
17
100
AcDbEntity
  8
FLOOR_5_AREA_LABELS
100
AcDbText
 10
15970.325425391793
 20
23143.670739561865
 30
0.0
 40
24.0
  1
175 SF
 72
1
 11
15970.325425391793
 21
23143.670739561865
 31
0.0
100
AcDbText
 73
2
  0
TEXT
  5
512
330
17
100
AcDbEntity
  8
FLOOR_5_AREA_LABELS
100
AcDbText
 10
16060.11819357322
 20
22989.887881486677
 30
0.0
 40
24.0
  1
128 SF
 72
1
 11
16060.11819357322
 21
22989.887881486677
 31
0.0
100
AcDbText
 73
2
  0
TEXT
  5
513
330
17
100
AcDbEntity
  8
FLOOR_5_AREA_LABELS
100
AcDbText
 10
16238.03580695255
 20
22823.811654818754
 30
0.0
 40
24.0
  1
69 SF
 72
1
 11
16238.03580695255
 21
22823.811654818754
 31
0.0
100
AcDbText
 73
2
  0
TEXT
  5
514
330
17
100
AcDbEntity
  8
FLOOR_5_AREA_LABELS
100
AcDbText
 10
15576.03760209883
 20
22569.106186239467
 30
0.0
 40
24.0
  1
149 SF
 72
1
 11
15576.03760209883
 21
22569.106186239467
 31
0.0
100
AcDbText
 73
2
  0
TEXT
  5
515
330
17
100
AcDbEntity
  8
FLOOR_5_AREA_LABELS
100
AcDbText
 10
16229.739240863655
 20
22715.8840486192
 30
0.0
 40
24.0
  1
80 SF
 72
1
 11
16229.739240863655
 21
22715.8840486192
 31
0.0
100
AcDbText
 73
2
  0
TEXT
  5
516
330
17
100
AcDbEntity
  8
FLOOR_5_AREA_LABELS
100
AcDbText
 10
15631.563938618954
 20
23293.616900886635
 30
0.0
 40
24.0
  1
118 SF
 72
1
 11
15631.563938618954
 21
23293.616900886635
 31
0.0
100
AcDbText
 73
2
  0
TEXT
  5
517
330
17
100
AcDbEntity
  8
FLOOR_5_AREA_LABELS
100
AcDbText
 10
15754.471557395376
 20
22548.950797403177
 30
0.0
 40
24.0
  1
142 SF
 72
1
 11
15754.471557395376
 21
22548.950797403177
 31
0.0
100
AcDbText
 73
2
  0
TEXT
  5
518
330
17
100
AcDbEntity
  8
FLOOR_5_AREA_LABELS
100
AcDbText
 10
15945.210043371486
 20
22682.789932575113
 30
0.0
 40
24.0
  1
192 SF
 72
1
 11
15945.210043371486
 21
22682.789932575113
 31
0.0
100
AcDbText
 73
2
  0
TEXT
  5
519
330
17
100
AcDbEntity
  8
FLOOR_5_AREA_LABELS
100
AcDbText
 10
15449.264634673855
 20
22839.848441611342
 30
0.0
 40
24.0
  1
288 SF
 72
1
 11
15449.264634673855
 21
22839.848441611342
 31
0.0
100
AcDbText
 73
2
  0
TEXT
  5
51A
330
17
100
AcDbEntity
  8
FLOOR_5_AREA_LABELS
100
AcDbText
 10
15659.122764713638
 20
23118.092654975386
 30
0.0
 40
24.0
  1
252 SF
 72
1
 11
15659.122764713638
 21
23118.092654975386
 31
0.0
100
AcDbText
 73
2
  0
TEXT
  5
51B
330
17
100
AcDbEntity
  8
FLOOR_5_AREA_LABELS
100
AcDbText
 10
15822.984327741367
 20
23253.643308101302
 30
0.0
 40
24.0
  1
177 SF
 72
1
 11
15822.984327741367
 21
23253.643308101302
 31
0.0
100
AcDbText
 73
2
  0
TEXT
  5
51C
330
17
100
AcDbEntity
  8
FLOOR_5_AREA_LABELS
100
AcDbText
 10
15896.07031072608
 20
22541.806010833636
 30
0.0
 40
24.0
  1
66 SF
 72
1
 11
15896.07031072608
 21
22541.806010833636
 31
0.0
100
AcDbText
 73
2
  0
TEXT
  5
51D
330
17
100
AcDbEntity
  8
FLOOR_5_AREA_LABELS
100
AcDbText
 10
16091.473355993154
 20
22836.343589162963
 30
0.0
 40
24.0
  1
207 SF
 72
1
 11
16091.473355993154
 21
22836.343589162963
 31
0.0
100
AcDbText
 73
2
  0
LWPOLYLINE
  5
520
330
17
100
AcDbEntity
  8
FLOOR_5_FASCADE_COLUMNS
100
AcDbPolyline
 90
26
 70
0
 10
15517.91590579601
 20
22495.33262011697
 10
15515.20982827664
 20
22500.687724640615
 10
15512.50375075727
 20
22506.04282916426
 10
15509.797673237903
 20
22511.397933687906
 10
15507.091595718535
 20
22516.75303821155
 10
15506.878383128242
 20
22522.702226720012
 10
15506.878383128242
 20
22528.702226720012
 10
15506.878383128242
 20
22534.702226720012
 10
15506.878383128242
 20
22540.702226720012
 10
15506.878383128242
 20
22546.702226720012
 10
15506.878383128242
 20
22552.702226720012
 10
15506.878383128242
 20
22558.702226720012
 10
15506.878383128242
 20
22564.702226720012
 10
15506.878383128242
 20
22570.702226720012
 10
15506.878383128242
 20
22576.702226720012
 10
15506.878383128242
 20
22582.702226720012
 10
15506.878383128242
 20
22588.702226720012
 10
15506.878383128242
 20
22594.702226720012
 10
15506.878383128242
 20
22600.702226720012
 10
15506.878383128242
 20
22606.702226720012
 10
15506.878383128242
 20
22612.702226720012
 10
15506.878383128242
 20
22618.702226720012
 10
15506.878383128242
 20
22624.702226720012
 10
15506.878383128242
 20
22630.702226720012
 10
15501.529738963261
 20
22631.35358255503
 10
15495.529738963261
 20
22631.35358255503
  0
TEXT
  5
521
330
17
100
AcDbEntity
  8
FLOOR_5_FASCADE_COLUMNS
100
AcDbText
 10
15500.958027333214
 20
22566.44543726155
 30
0.0
 40
12.0
  1
13 FT
 50
99.34589015758017
 72
1
 11
15500.958027333214
 21
22566.44543726155
 31
0.0
100
AcDbText
 73
2
  0
LWPOLYLINE
  5
522
330
17
100
AcDbEntity
  8
FLOOR_5_FASCADE_COLUMNS
100
AcDbPolyline
 90
42
 70
0
 10
15495.529738963261
 20
22631.35358255503
 10
15489.529738963261
 20
22631.35358255503
 10
15483.529738963261
 20
22631.35358255503
 10
15477.529738963261
 20
22631.35358255503
 10
15471.529738963261
 20
22631.35358255503
 10
15465.529738963261
 20
22631.35358255503
 10
15459.529738963261
 20
22631.35358255503
 10
15453.529738963261
 20
22631.35358255503
 10
15447.529738963261
 20
22631.35358255503
 10
15441.529738963261
 20
22631.35358255503
 10
15435.529738963261
 20
22631.35358255503
 10
15429.529738963261
 20
22631.35358255503
 10
15423.529738963261
 20
22631.35358255503
 10
15417.529738963261
 20
22631.35358255503
 10
15411.529738963261
 20
22631.35358255503
 10
15405.529738963261
 20
22631.35358255503
 10
15399.529738963261
 20
22631.35358255503
 10
15393.529738963261
 20
22631.35358255503
 10
15387.529738963261
 20
22631.35358255503
 10
15381.529738963261
 20
22631.35358255503
 10
15375.529738963261
 20
22631.35358255503
 10
15369.529738963261
 20
22631.35358255503
 10
15363.529738963261
 20
22631.35358255503
 10
15357.529738963261
 20
22631.35358255503
 10
15351.529738963261
 20
22631.35358255503
 10
15345.529738963261
 20
22631.35358255503
 10
15339.529738963261
 20
22631.35358255503
 10
15333.529738963261
 20
22631.35358255503
 10
15327.529738963261
 20
22631.35358255503
 10
15321.529738963261
 20
22631.35358255503
 10
15315.529738963261
 20
22631.35358255503
 10
15309.529738963261
 20
22631.35358255503
 10
15303.529738963261
 20
22631.35358255503
 10
15297.529738963261
 20
22631.35358255503
 10
15291.529738963261
 20
22631.35358255503
 10
15285.529738963261
 20
22631.35358255503
 10
15279.529738963261
 20
22631.35358255503
 10
15273.529738963261
 20
22631.35358255503
 10
15267.529738963261
 20
22631.35358255503
 10
15261.529738963261
 20
22631.35358255503
 10
15255.529738963261
 20
22631.35358255503
 10
15249.529738963261
 20
22631.35358255503
  0
TEXT
  5
523
330
17
100
AcDbEntity
  8
FLOOR_5_FASCADE_COLUMNS
100
AcDbText
 10
15372.529738963261
 20
22625.35358255503
 30
0.0
 40
12.0
  1
21 FT
 50
180.0
 72
1
 11
15372.529738963261
 21
22625.35358255503
 31
0.0
100
AcDbText
 73
2
  0
LWPOLYLINE
  5
524
330
17
100
AcDbEntity
  8
FLOOR_5_FASCADE_COLUMNS
100
AcDbPolyline
 90
54
 70
0
 10
15249.529738963261
 20
22631.35358255503
 10
15243.529738963261
 20
22631.35358255503
 10
15237.529738963261
 20
22631.35358255503
 10
15231.529738963261
 20
22631.35358255503
 10
15225.529738963261
 20
22631.35358255503
 10
15219.529738963261
 20
22631.35358255503
 10
15213.529738963261
 20
22631.35358255503
 10
15207.529738963261
 20
22631.35358255503
 10
15201.62235399006
 20
22631.798335714695
 10
15196.121089641987
 20
22634.193349404137
 10
15190.619825293916
 20
22636.58836309358
 10
15185.11856094584
 20
22638.98337678302
 10
15181.733686625928
 20
22642.765263852216
 10
15181.733686625928
 20
22648.765263852216
 10
15181.733686625928
 20
22654.765263852216
 10
15181.733686625928
 20
22660.765263852216
 10
15181.733686625928
 20
22666.765263852216
 10
15181.733686625928
 20
22672.765263852216
 10
15181.733686625928
 20
22678.765263852216
 10
15181.733686625928
 20
22684.765263852216
 10
15181.733686625928
 20
22690.765263852216
 10
15181.733686625928
 20
22696.765263852216
 10
15181.733686625928
 20
22702.765263852216
 10
15181.733686625928
 20
22708.765263852216
 10
15181.733686625928
 20
22714.765263852216
 10
15181.733686625928
 20
22720.765263852216
 10
15181.733686625928
 20
22726.765263852216
 10
15181.733686625928
 20
22732.765263852216
 10
15181.733686625928
 20
22738.765263852216
 10
15181.733686625928
 20
22744.765263852216
 10
15181.749560936434
 20
22750.760444225816
 10
15185.085403184472
 20
22755.74764348955
 10
15188.421245432506
 20
22760.73484275329
 10
15191.757087680544
 20
22765.722042017027
 10
15195.09292992858
 20
22770.70924128076
 10
15198.428772176614
 20
22775.6964405445
 10
15201.76461442465
 20
22780.683639808238
 10
15205.100456672688
 20
22785.670839071972
 10
15208.436298920722
 20
22790.65803833571
 10
15211.77214116876
 20
22795.64523759945
 10
15215.107983416796
 20
22800.632436863183
 10
15218.44382566483
 20
22805.61963612692
 10
15221.779667912866
 20
22810.60683539066
 10
15225.115510160904
 20
22815.594034654394
 10
15228.451352408938
 20
22820.581233918132
 10
15231.787194656976
 20
22825.56843318187
 10
15235.123036905012
 20
22830.555632445605
 10
15238.458879153046
 20
22835.542831709343
 10
15241.794721401082
 20
22840.530030973077
 10
15245.13056364912
 20
22845.517230236816
 10
15248.466405897154
 20
22850.504429500554
 10
15251.802248145192
 20
22855.49162876429
 10
15255.138090393228
 20
22860.478828028026
 10
15258.473932641262
 20
22865.466027291764
  0
TEXT
  5
525
330
17
100
AcDbEntity
  8
FLOOR_5_FASCADE_COLUMNS
100
AcDbText
 10
15175.738060633597
 20
22730.49215615026
 30
0.0
 40
12.0
  1
27 FT
 50
87.81209650439025
 72
1
 11
15175.738060633597
 21
22730.49215615026
 31
0.0
100
AcDbText
 73
2
  0
LWPOLYLINE
  5
526
330
17
100
AcDbEntity
  8
FLOOR_5_FASCADE_COLUMNS
100
AcDbPolyline
 90
50
 70
0
 10
15258.473932641262
 20
22865.466027291764
 10
15261.809774889298
 20
22870.453226555503
 10
15265.145617137336
 20
22875.440425819237
 10
15268.48145938537
 20
22880.427625082975
 10
15271.817301633408
 20
22885.41482434671
 10
15275.153143881444
 20
22890.402023610448
 10
15278.48898612948
 20
22895.389222874182
 10
15281.824828377514
 20
22900.376422137924
 10
15285.160670625552
 20
22905.36362140166
 10
15288.49651287359
 20
22910.350820665397
 10
15291.832355121624
 20
22915.338019929135
 10
15295.16819736966
 20
22920.32521919287
 10
15298.504039617696
 20
22925.312418456608
 10
15301.83988186573
 20
22930.299617720342
 10
15305.175724113768
 20
22935.28681698408
 10
15308.511566361805
 20
22940.274016247815
 10
15311.84740860984
 20
22945.261215511557
 10
15315.183250857875
 20
22950.24841477529
 10
15318.519093105911
 20
22955.23561403903
 10
15321.854935353946
 20
22960.222813302767
 10
15325.190777601983
 20
22965.210012566502
 10
15328.526619850021
 20
22970.19721183024
 10
15331.862462098055
 20
22975.184411093975
 10
15335.198304346091
 20
22980.171610357713
 10
15338.534146594127
 20
22985.158809621447
 10
15341.869988842162
 20
22990.14600888519
 10
15345.2058310902
 20
22995.133208148924
 10
15348.541673338237
 20
23000.12040741266
 10
15351.877515586271
 20
23005.1076066764
 10
15355.213357834307
 20
23010.094805940134
 10
15358.549200082343
 20
23015.082005203873
 10
15361.885042330377
 20
23020.069204467607
 10
15365.220884578415
 20
23025.056403731345
 10
15368.556726826453
 20
23030.04360299508
 10
15371.892569074487
 20
23035.03080225882
 10
15375.228411322523
 20
23040.018001522556
 10
15378.56425357056
 20
23045.005200786294
 10
15381.900095818597
 20
23049.99240005003
 10
15385.235938066631
 20
23054.979599313767
 10
15388.571780314669
 20
23059.966798577505
 10
15391.907622562705
 20
23064.95399784124
 10
15395.24346481074
 20
23069.941197104978
 10
15398.579307058775
 20
23074.928396368712
 10
15401.915149306813
 20
23079.915595632454
 10
15405.250991554847
 20
23084.90279489619
 10
15408.586833802885
 20
23089.889994159927
 10
15411.922676050921
 20
23094.87719342366
 10
15415.258518298955
 20
23099.8643926874
 10
15418.594360546991
 20
23104.851591951134
 10
15421.930202795029
 20
23109.838791214872
  0
TEXT
  5
527
330
17
100
AcDbEntity
  8
FLOOR_5_FASCADE_COLUMNS
100
AcDbText
 10
15335.214868454408
 20
22990.988251501356
 30
0.0
 40
12.0
  1
25 FT
 50
56.22219241280237
 72
1
 11
15335.214868454408
 21
22990.988251501356
 31
0.0
100
AcDbText
 73
2
  0
LWPOLYLINE
  5
528
330
17
100
AcDbEntity
  8
FLOOR_5_FASCADE_COLUMNS
100
AcDbPolyline
 90
36
 70
0
 10
15421.930202795029
 20
23109.838791214872
 10
15425.266045043063
 20
23114.82599047861
 10
15428.6018872911
 20
23119.813189742345
 10
15431.937729539137
 20
23124.800389006086
 10
15435.273571787171
 20
23129.78758826982
 10
15438.609414035207
 20
23134.77478753356
 10
15441.945256283245
 20
23139.761986797294
 10
15445.281098531279
 20
23144.74918606103
 10
15448.616940779317
 20
23149.736385324766
 10
15451.952783027353
 20
23154.723584588504
 10
15455.288625275387
 20
23159.710783852242
 10
15458.624467523423
 20
23164.697983115977
 10
15461.96030977146
 20
23169.68518237972
 10
15465.296152019495
 20
23174.672381643453
 10
15468.631994267533
 20
23179.65958090719
 10
15471.967836515569
 20
23184.646780170926
 10
15475.303678763603
 20
23189.633979434664
 10
15478.639521011639
 20
23194.6211786984
 10
15481.975363259677
 20
23199.608377962137
 10
15485.31120550771
 20
23204.595577225875
 10
15488.647047755749
 20
23209.58277648961
 10
15491.982890003785
 20
23214.56997575335
 10
15495.31873225182
 20
23219.557175017086
 10
15498.654574499855
 20
23224.544374280824
 10
15501.990416747893
 20
23229.53157354456
 10
15505.32625899593
 20
23234.518772808296
 10
15508.662101243965
 20
23239.50597207203
 10
15511.997943492
 20
23244.49317133577
 10
15515.333785740037
 20
23249.480370599507
 10
15518.66962798807
 20
23254.46756986324
 10
15522.005470236109
 20
23259.45476912698
 10
15525.341312484146
 20
23264.441968390718
 10
15528.67715473218
 20
23269.429167654456
 10
15532.012996980216
 20
23274.41636691819
 10
15535.348839228252
 20
23279.40356618193
 10
15538.684681476287
 20
23284.390765445663
  0
TEXT
  5
529
330
17
100
AcDbEntity
  8
FLOOR_5_FASCADE_COLUMNS
100
AcDbText
 10
15475.320242871921
 20
23200.450620578304
 30
0.0
 40
12.0
  1
18 FT
 50
56.222192412803054
 72
1
 11
15475.320242871921
 21
23200.450620578304
 31
0.0
100
AcDbText
 73
2
  0
LWPOLYLINE
  5
52A
330
17
100
AcDbEntity
  8
FLOOR_5_FASCADE_COLUMNS
100
AcDbPolyline
 90
40
 70
0
 10
15538.684681476287
 20
23284.390765445663
 10
15542.020523724324
 20
23289.3779647094
 10
15545.356365972362
 20
23294.36516397314
 10
15548.692208220396
 20
23299.352363236874
 10
15552.028050468432
 20
23304.339562500612
 10
15555.363892716468
 20
23309.32676176435
 10
15558.699734964503
 20
23314.313961028085
 10
15562.03557721254
 20
23319.301160291823
 10
15565.371419460578
 20
23324.28835955556
 10
15568.707261708612
 20
23329.275558819296
 10
15572.043103956648
 20
23334.262758083034
 10
15575.378946204684
 20
23339.249957346772
 10
15578.714788452718
 20
23344.237156610507
 10
15582.050630700756
 20
23349.224355874245
 10
15585.386472948794
 20
23354.211555137983
 10
15588.722315196828
 20
23359.198754401717
 10
15592.058157444864
 20
23364.185953665456
 10
15595.3939996929
 20
23369.173152929194
 10
15598.832618745388
 20
23373.94128430155
 10
15604.800246548384
 20
23373.31885486385
 10
15610.767874351379
 20
23372.696425426147
 10
15616.735502154374
 20
23372.073995988445
 10
15622.703129957372
 20
23371.451566550746
 10
15627.962356901404
 20
23368.875997817326
 10
15632.941449325677
 20
23365.528067317668
 10
15637.920541749954
 20
23362.180136818013
 10
15642.89963417423
 20
23358.832206318355
 10
15647.878726598505
 20
23355.4842758187
 10
15652.857819022782
 20
23352.136345319042
 10
15657.836911447055
 20
23348.78841481939
 10
15662.816003871329
 20
23345.440484319734
 10
15667.795096295604
 20
23342.09255382008
 10
15672.77418871988
 20
23338.74462332042
 10
15677.753281144156
 20
23335.396692820766
 10
15682.73237356843
 20
23332.04876232111
 10
15687.711465992707
 20
23328.700831821454
 10
15692.69055841698
 20
23325.3529013218
 10
15697.669650841255
 20
23322.00497082214
 10
15702.648743265532
 20
23318.657040322487
 10
15707.627835689807
 20
23315.309109822832
  0
TEXT
  5
52B
330
17
100
AcDbEntity
  8
FLOOR_5_FASCADE_COLUMNS
100
AcDbText
 10
15606.69265827554
 20
23378.910793766387
 30
0.0
 40
12.0
  1
20 FT
 50
10.370952514337434
 72
1
 11
15606.69265827554
 21
23378.910793766387
 31
0.0
100
AcDbText
 73
2
  0
LWPOLYLINE
  5
52C
330
17
100
AcDbEntity
  8
FLOOR_5_FASCADE_COLUMNS
100
AcDbPolyline
 90
52
 70
0
 10
15707.627835689807
 20
23315.309109822832
 10
15712.60692811408
 20
23311.961179323174
 10
15717.586020538358
 20
23308.61324882352
 10
15722.565112962631
 20
23305.26531832386
 10
15727.544205386906
 20
23301.917387824207
 10
15732.523297811184
 20
23298.56945732455
 10
15737.502390235459
 20
23295.2215268249
 10
15742.481482659732
 20
23291.87359632524
 10
15747.46057508401
 20
23288.525665825586
 10
15752.439667508283
 20
23285.177735325928
 10
15757.22355294384
 20
23282.826329478692
 10
15760.571483443495
 20
23287.80542190297
 10
15763.919413943151
 20
23292.784514327243
 10
15767.267344442806
 20
23297.76360675152
 10
15770.61527494246
 20
23302.742699175797
 10
15773.963205442116
 20
23307.72179160007
 10
15777.31113594177
 20
23312.700884024347
 10
15780.659066441425
 20
23317.67997644862
 10
15784.006996941083
 20
23322.659068872897
 10
15788.08421565847
 20
23326.7964068704
 10
15793.489428182595
 20
23329.400956268866
 10
15798.894640706716
 20
23332.005505667334
 10
15804.299853230841
 20
23334.6100550658
 10
15809.705065754963
 20
23337.21460446427
 10
15815.110278279088
 20
23339.819153862736
 10
15820.515490803211
 20
23342.423703261204
 10
15825.710464223226
 20
23342.040596711588
 10
15830.697654953061
 20
23338.704741705107
 10
15835.684845682896
 20
23335.368886698627
 10
15840.672036412729
 20
23332.033031692146
 10
15845.659227142562
 20
23328.697176685666
 10
15850.646417872396
 20
23325.361321679185
 10
15855.633608602231
 20
23322.025466672705
 10
15860.620799332064
 20
23318.689611666225
 10
15865.607990061897
 20
23315.353756659744
 10
15870.595180791732
 20
23312.017901653264
 10
15875.582371521567
 20
23308.682046646783
 10
15880.5695622514
 20
23305.346191640303
 10
15885.556752981232
 20
23302.010336633823
 10
15890.543943711067
 20
23298.674481627342
 10
15895.531134440902
 20
23295.338626620865
 10
15900.518325170735
 20
23292.002771614385
 10
15905.505515900568
 20
23288.666916607905
 10
15910.492706630403
 20
23285.331061601424
 10
15915.479897360237
 20
23281.995206594944
 10
15920.46708809007
 20
23278.659351588463
 10
15925.454278819903
 20
23275.323496581983
 10
15930.441469549738
 20
23271.987641575502
 10
15935.428660279573
 20
23268.651786569022
 10
15940.415851009406
 20
23265.31593156254
 10
15945.403041739239
 20
23261.98007655606
 10
15950.390232469073
 20
23258.64422154958
  0
TEXT
  5
52D
330
17
100
AcDbEntity
  8
FLOOR_5_FASCADE_COLUMNS
100
AcDbText
 10
15824.906020972496
 20
23348.043437203753
 30
0.0
 40
12.0
  1
26 FT
 50
-13.138572459488518
 72
1
 11
15824.906020972496
 21
23348.043437203753
 31
0.0
100
AcDbText
 73
2
  0
LWPOLYLINE
  5
52E
330
17
100
AcDbEntity
  8
FLOOR_5_FASCADE_COLUMNS
100
AcDbPolyline
 90
47
 70
0
 10
15950.390232469073
 20
23258.64422154958
 10
15955.377423198908
 20
23255.308366543104
 10
15960.364613928741
 20
23251.972511536624
 10
15965.351804658574
 20
23248.636656530143
 10
15970.338995388409
 20
23245.300801523663
 10
15975.326186118244
 20
23241.964946517182
 10
15980.313376848077
 20
23238.629091510702
 10
15985.30056757791
 20
23235.29323650422
 10
15990.287758307744
 20
23231.95738149774
 10
15995.274949037579
 20
23228.62152649126
 10
16000.262139767412
 20
23225.28567148478
 10
16005.249330497245
 20
23221.9498164783
 10
16010.23652122708
 20
23218.61396147182
 10
16015.223711956914
 20
23215.278106465343
 10
16020.210902686747
 20
23211.942251458862
 10
16025.19809341658
 20
23208.606396452382
 10
16030.185284146415
 20
23205.2705414459
 10
16035.17247487625
 20
23201.93468643942
 10
16040.159665606083
 20
23198.59883143294
 10
16045.146856335916
 20
23195.26297642646
 10
16048.187008281791
 20
23190.802888869468
 10
16048.582851680178
 20
23184.815960775366
 10
16048.978695078564
 20
23178.829032681264
 10
16049.37453847695
 20
23172.842104587162
 10
16048.957409121886
 20
23167.053909310212
 10
16045.844221033643
 20
23161.924770988117
 10
16042.731032945398
 20
23156.795632666017
 10
16039.617844857157
 20
23151.666494343917
 10
16036.504656768913
 20
23146.53735602182
 10
16033.39146868067
 20
23141.40821769972
 10
16030.278280592429
 20
23136.279079377622
 10
16027.165092504183
 20
23131.149941055523
 10
16024.051904415943
 20
23126.020802733427
 10
16020.938716327699
 20
23120.891664411327
 10
16017.825528239455
 20
23115.762526089227
 10
16014.712340151214
 20
23110.633387767128
 10
16019.206257149812
 20
23107.181716430197
 10
16024.187910234552
 20
23103.837597331945
 10
16029.169563319298
 20
23100.493478233697
 10
16034.151216404038
 20
23097.149359135445
 10
16039.132869488778
 20
23093.805240037196
 10
16044.114522573524
 20
23090.461120938948
 10
16049.096175658264
 20
23087.1170018407
 10
16054.077828743008
 20
23083.772882742447
 10
16059.05948182775
 20
23080.4287636442
 10
16064.04113491249
 20
23077.084644545947
 10
16069.022787997234
 20
23073.740525447698
  0
TEXT
  5
52F
330
17
100
AcDbEntity
  8
FLOOR_5_FASCADE_COLUMNS
100
AcDbText
 10
16054.421926596096
 20
23176.046198228483
 30
0.0
 40
12.0
  1
23 FT
 50
-57.316132712137446
 72
1
 11
16054.421926596096
 21
23176.046198228483
 31
0.0
100
AcDbText
 73
2
  0
LWPOLYLINE
  5
530
330
17
100
AcDbEntity
  8
FLOOR_5_FASCADE_COLUMNS
100
AcDbPolyline
 90
30
 70
0
 10
16069.022787997234
 20
23073.740525447698
 10
16074.004441081976
 20
23070.39640634945
 10
16078.986094166716
 20
23067.0522872512
 10
16083.96774725146
 20
23063.70816815295
 10
16088.949400336202
 20
23060.3640490547
 10
16093.931053420943
 20
23057.01992995645
 10
16098.912706505685
 20
23053.6758108582
 10
16103.894359590427
 20
23050.331691759948
 10
16108.87601267517
 20
23046.9875726617
 10
16112.48440038999
 20
23042.307884954997
 10
16115.688599653191
 20
23037.235103954234
 10
16118.892798916393
 20
23032.16232295347
 10
16122.096998179593
 20
23027.089541952708
 10
16125.301197442794
 20
23022.016760951945
 10
16128.505396705998
 20
23016.943979951182
 10
16131.709595969198
 20
23011.87119895042
 10
16134.913795232398
 20
23006.798417949656
 10
16135.528479578448
 20
23000.97629296846
 10
16135.528479578448
 20
22994.97629296846
 10
16135.528479578448
 20
22988.97629296846
 10
16135.528479578448
 20
22982.97629296846
 10
16135.528479578448
 20
22976.97629296846
 10
16135.528479578448
 20
22970.97629296846
 10
16135.528479578448
 20
22964.97629296846
 10
16135.528479578448
 20
22958.97629296846
 10
16135.528479578448
 20
22952.97629296846
 10
16135.528479578448
 20
22946.97629296846
 10
16135.528479578448
 20
22940.97629296846
 10
16135.528479578448
 20
22934.97629296846
 10
16135.528479578448
 20
22928.97629296846
  0
TEXT
  5
531
330
17
100
AcDbEntity
  8
FLOOR_5_FASCADE_COLUMNS
100
AcDbText
 10
16135.545026572036
 20
23016.935530728086
 30
0.0
 40
12.0
  1
15 FT
 50
-65.32562199444114
 72
1
 11
16135.545026572036
 21
23016.935530728086
 31
0.0
100
AcDbText
 73
2
  0
LWPOLYLINE
  5
532
330
17
100
AcDbEntity
  8
FLOOR_5_FASCADE_COLUMNS
100
AcDbPolyline
 90
19
 70
0
 10
16135.528479578448
 20
22928.97629296846
 10
16135.528479578448
 20
22922.97629296846
 10
16135.528479578448
 20
22916.97629296846
 10
16135.528479578448
 20
22910.97629296846
 10
16135.528479578448
 20
22904.97629296846
 10
16135.528479578448
 20
22898.97629296846
 10
16135.528479578448
 20
22892.97629296846
 10
16135.528479578448
 20
22886.97629296846
 10
16135.528479578448
 20
22880.97629296846
 10
16138.903269165014
 20
22878.351082555026
 10
16144.903269165014
 20
22878.351082555026
 10
16150.903269165014
 20
22878.351082555026
 10
16156.903269165014
 20
22878.351082555026
 10
16162.903269165014
 20
22878.351082555026
 10
16168.903269165014
 20
22878.351082555026
 10
16174.903269165014
 20
22878.351082555026
 10
16180.903269165014
 20
22878.351082555026
 10
16186.903269165014
 20
22878.351082555026
 10
16192.903269165014
 20
22878.351082555026
  0
TEXT
  5
533
330
17
100
AcDbEntity
  8
FLOOR_5_FASCADE_COLUMNS
100
AcDbText
 10
16143.735205977278
 20
22882.850094279136
 30
0.0
 40
12.0
  1
9 FT
 50
-41.423888011944925
 72
1
 11
16143.735205977278
 21
22882.850094279136
 31
0.0
100
AcDbText
 73
2
  0
LWPOLYLINE
  5
534
330
17
100
AcDbEntity
  8
FLOOR_5_FASCADE_COLUMNS
100
AcDbPolyline
 90
34
 70
0
 10
16192.903269165014
 20
22878.351082555026
 10
16198.903269165014
 20
22878.351082555026
 10
16204.903269165014
 20
22878.351082555026
 10
16210.903269165014
 20
22878.351082555026
 10
16216.903269165014
 20
22878.351082555026
 10
16222.903269165014
 20
22878.351082555026
 10
16228.903269165014
 20
22878.351082555026
 10
16234.903269165014
 20
22878.351082555026
 10
16240.903269165014
 20
22878.351082555026
 10
16246.903269165014
 20
22878.351082555026
 10
16252.903269165014
 20
22878.351082555026
 10
16258.903269165014
 20
22878.351082555026
 10
16264.903269165014
 20
22878.351082555026
 10
16270.903269165014
 20
22878.351082555026
 10
16276.903269165014
 20
22878.351082555026
 10
16282.903269165014
 20
22878.351082555026
 10
16283.124722837503
 20
22872.56120493785
 10
16283.136476845328
 20
22866.56121645092
 10
16283.148230853149
 20
22860.56122796399
 10
16283.15998486097
 20
22854.561239477058
 10
16283.17173886879
 20
22848.56125099013
 10
16283.183492876613
 20
22842.5612625032
 10
16283.195246884434
 20
22836.56127401627
 10
16283.207000892255
 20
22830.561285529337
 10
16283.218754900076
 20
22824.561297042404
 10
16283.230508907896
 20
22818.561308555476
 10
16283.242262915719
 20
22812.561320068544
 10
16283.25401692354
 20
22806.561331581615
 10
16283.26577093136
 20
22800.561343094683
 10
16283.277524939182
 20
22794.56135460775
 10
16283.289278947002
 20
22788.56136612082
 10
16283.301032954827
 20
22782.56137763389
 10
16283.312786962648
 20
22776.561389146962
 10
16283.324540970469
 20
22770.56140066003
  0
TEXT
  5
535
330
17
100
AcDbEntity
  8
FLOOR_5_FASCADE_COLUMNS
100
AcDbText
 10
16287.727593322183
 20
22873.31436620749
 30
0.0
 40
12.0
  1
17 FT
 50
-50.00780235434896
 72
1
 11
16287.727593322183
 21
22873.31436620749
 31
0.0
100
AcDbText
 73
2
  0
LWPOLYLINE
  5
536
330
17
100
AcDbEntity
  8
FLOOR_5_FASCADE_COLUMNS
100
AcDbPolyline
 90
35
 70
0
 10
16283.324540970469
 20
22770.56140066003
 10
16283.33629497829
 20
22764.5614121731
 10
16283.34804898611
 20
22758.56142368617
 10
16283.359802993935
 20
22752.56143519924
 10
16283.371557001756
 20
22746.56144671231
 10
16283.383311009577
 20
22740.561458225377
 10
16283.395065017397
 20
22734.561469738444
 10
16283.406819025218
 20
22728.561481251516
 10
16283.418573033041
 20
22722.561492764587
 10
16283.430327040862
 20
22716.561504277655
 10
16283.442081048683
 20
22710.561515790723
 10
16283.453835056504
 20
22704.56152730379
 10
16283.465589064326
 20
22698.561538816863
 10
16283.477343072147
 20
22692.56155032993
 10
16283.489097079968
 20
22686.561561843002
 10
16283.500851087789
 20
22680.56157335607
 10
16283.51260509561
 20
22674.56158486914
 10
16283.524359103434
 20
22668.56159638221
 10
16279.087786694567
 20
22665.593064009634
 10
16273.499172766462
 20
22663.409627644047
 10
16267.781081806668
 20
22661.913392131402
 10
16261.781081806668
 20
22661.913392131402
 10
16255.781081806668
 20
22661.913392131402
 10
16249.781081806668
 20
22661.913392131402
 10
16243.781081806668
 20
22661.913392131402
 10
16237.781081806668
 20
22661.913392131402
 10
16231.781081806668
 20
22661.913392131402
 10
16225.781081806668
 20
22661.913392131402
 10
16219.781081806668
 20
22661.913392131402
 10
16213.781081806668
 20
22661.913392131402
 10
16207.781081806668
 20
22661.913392131402
 10
16201.781081806668
 20
22661.913392131402
 10
16195.781081806668
 20
22661.913392131402
 10
16189.781081806668
 20
22661.913392131402
 10
16183.781081806668
 20
22661.913392131402
  0
TEXT
  5
537
330
17
100
AcDbEntity
  8
FLOOR_5_FASCADE_COLUMNS
100
AcDbText
 10
16287.947573157708
 20
22664.884010321253
 30
0.0
 40
12.0
  1
17 FT
 50
-132.49595843451073
 72
1
 11
16287.947573157708
 21
22664.884010321253
 31
0.0
100
AcDbText
 73
2
  0
LWPOLYLINE
  5
538
330
17
100
AcDbEntity
  8
FLOOR_5_FASCADE_COLUMNS
100
AcDbPolyline
 90
28
 70
0
 10
16183.781081806668
 20
22661.913392131402
 10
16177.781081806668
 20
22661.913392131402
 10
16171.781081806668
 20
22661.913392131402
 10
16165.781081806668
 20
22661.913392131402
 10
16159.781081806668
 20
22661.913392131402
 10
16153.781081806668
 20
22661.913392131402
 10
16147.781081806668
 20
22661.913392131402
 10
16141.781081806668
 20
22661.913392131402
 10
16135.781081806668
 20
22661.913392131402
 10
16129.781081806668
 20
22661.913392131402
 10
16125.413012934481
 20
22658.743586453926
 10
16121.92727021296
 20
22653.859981465874
 10
16118.441527491437
 20
22648.976376477814
 10
16114.955784769916
 20
22644.092771489763
 10
16111.470042048393
 20
22639.209166501707
 10
16107.984299326872
 20
22634.32556151365
 10
16103.514382072397
 20
22631.35358255503
 10
16097.514382072397
 20
22631.35358255503
 10
16091.514382072397
 20
22631.35358255503
 10
16085.514382072397
 20
22631.35358255503
 10
16079.514382072397
 20
22631.35358255503
 10
16073.514382072397
 20
22631.35358255503
 10
16067.514382072397
 20
22631.35358255503
 10
16061.514382072397
 20
22631.35358255503
 10
16055.514382072397
 20
22631.35358255503
 10
16049.514382072397
 20
22631.35358255503
 10
16043.514382072397
 20
22631.35358255503
 10
16037.514382072397
 20
22631.35358255503
  0
TEXT
  5
539
330
17
100
AcDbEntity
  8
FLOOR_5_FASCADE_COLUMNS
100
AcDbText
 10
16114.44850578123
 20
22635.78969359466
 30
0.0
 40
12.0
  1
14 FT
 50
-168.198834955188
 72
1
 11
16114.44850578123
 21
22635.78969359466
 31
0.0
100
AcDbText
 73
2
  0
LWPOLYLINE
  5
53A
330
17
100
AcDbEntity
  8
FLOOR_5_FASCADE_COLUMNS
100
AcDbPolyline
 90
26
 70
0
 10
16037.514382072397
 20
22631.35358255503
 10
16031.514382072397
 20
22631.35358255503
 10
16025.514382072397
 20
22631.35358255503
 10
16019.514382072397
 20
22631.35358255503
 10
16013.514382072397
 20
22631.35358255503
 10
16007.514382072397
 20
22631.35358255503
 10
16001.514382072397
 20
22631.35358255503
 10
15995.514382072397
 20
22631.35358255503
 10
15989.514382072397
 20
22631.35358255503
 10
15983.514382072397
 20
22631.35358255503
 10
15977.514382072397
 20
22631.35358255503
 10
15971.514382072397
 20
22631.35358255503
 10
15965.514382072397
 20
22631.35358255503
 10
15959.514382072397
 20
22631.35358255503
 10
15953.514382072397
 20
22631.35358255503
 10
15951.878383128238
 20
22626.98958149919
 10
15951.878383128238
 20
22620.98958149919
 10
15951.878383128238
 20
22614.98958149919
 10
15951.878383128238
 20
22608.98958149919
 10
15951.878383128238
 20
22602.98958149919
 10
15951.878383128238
 20
22596.98958149919
 10
15951.878383128238
 20
22590.98958149919
 10
15951.878383128238
 20
22584.98958149919
 10
15951.878383128238
 20
22578.98958149919
 10
15951.878383128238
 20
22572.98958149919
 10
15951.878383128238
 20
22566.98958149919
  0
TEXT
  5
53B
330
17
100
AcDbEntity
  8
FLOOR_5_FASCADE_COLUMNS
100
AcDbText
 10
15966.78900148815
 20
22626.55726821315
 30
0.0
 40
12.0
  1
13 FT
 50
-143.0714832550915
 72
1
 11
15966.78900148815
 21
22626.55726821315
 31
0.0
100
AcDbText
 73
2
  0
LWPOLYLINE
  5
53C
330
17
100
AcDbEntity
  8
FLOOR_5_FASCADE_COLUMNS
100
AcDbPolyline
 90
29
 70
0
 10
15951.878383128238
 20
22566.98958149919
 10
15951.878383128238
 20
22560.98958149919
 10
15951.878383128238
 20
22554.98958149919
 10
15951.878383128238
 20
22548.98958149919
 10
15951.878383128238
 20
22542.98958149919
 10
15951.878383128238
 20
22536.98958149919
 10
15951.878383128238
 20
22530.98958149919
 10
15951.878383128238
 20
22524.98958149919
 10
15951.878383128238
 20
22518.98958149919
 10
15950.956988282554
 20
22513.16857035022
 10
15948.710653925184
 20
22507.604940064615
 10
15946.464319567807
 20
22502.041309779015
 10
15944.217985210436
 20
22496.477679493408
 10
15938.728216387233
 20
22495.71669343598
 10
15932.728218886268
 20
22495.711217267875
 10
15926.728221385303
 20
22495.705741099766
 10
15920.728223884338
 20
22495.700264931664
 10
15914.728226383373
 20
22495.694788763554
 10
15908.728228882408
 20
22495.68931259545
 10
15902.728231381447
 20
22495.68383642734
 10
15896.72823388048
 20
22495.678360259233
 10
15890.728236379517
 20
22495.672884091127
 10
15884.72823887855
 20
22495.667407923018
 10
15878.728241377587
 20
22495.661931754912
 10
15872.72824387662
 20
22495.656455586803
 10
15866.728246375656
 20
22495.6509794187
 10
15860.72824887469
 20
22495.64550325059
 10
15854.728251373728
 20
22495.640027082485
 10
15848.728253872763
 20
22495.63455091438
  0
TEXT
  5
53D
330
17
100
AcDbEntity
  8
FLOOR_5_FASCADE_COLUMNS
100
AcDbText
 10
15935.859520489823
 20
22490.77653986826
 30
0.0
 40
12.0
  1
14 FT
 50
-145.32610372712531
 72
1
 11
15935.859520489823
 21
22490.77653986826
 31
0.0
100
AcDbText
 73
2
  0
LWPOLYLINE
  5
53E
330
17
100
AcDbEntity
  8
FLOOR_5_FASCADE_COLUMNS
100
AcDbPolyline
 90
33
 70
0
 10
15848.728253872763
 20
22495.63455091438
 10
15842.728256371798
 20
22495.62907474627
 10
15836.728258870833
 20
22495.623598578164
 10
15830.728261369868
 20
22495.618122410055
 10
15824.728263868903
 20
22495.61264624195
 10
15818.728266367938
 20
22495.607170073843
 10
15812.728268866973
 20
22495.601693905737
 10
15806.728271366008
 20
22495.596217737628
 10
15800.728273865047
 20
22495.590741569522
 10
15794.72827636408
 20
22495.585265401416
 10
15788.728278863116
 20
22495.57978923331
 10
15782.72828136215
 20
22495.5743130652
 10
15776.728283861186
 20
22495.568836897095
 10
15770.72828636022
 20
22495.563360728986
 10
15764.728288859256
 20
22495.55788456088
 10
15758.72829135829
 20
22495.552408392774
 10
15752.728293857328
 20
22495.546932224664
 10
15746.728296356363
 20
22495.541456056562
 10
15740.728298855398
 20
22495.535979888453
 10
15734.728301354433
 20
22495.530503720347
 10
15728.728303853468
 20
22495.525027552238
 10
15722.728306352503
 20
22495.51955138413
 10
15716.728308851538
 20
22495.514075216026
 10
15710.728311350573
 20
22495.508599047917
 10
15704.728313849608
 20
22495.50312287981
 10
15698.728316348646
 20
22495.4976467117
 10
15692.72831884768
 20
22495.4921705436
 10
15686.728321346716
 20
22495.48669437549
 10
15680.72832384575
 20
22495.481218207384
 10
15674.728326344786
 20
22495.475742039278
 10
15668.72832884382
 20
22495.47026587117
 10
15662.728331342856
 20
22495.464789703063
 10
15656.72833384189
 20
22495.459313534957
  0
TEXT
  5
53F
330
17
100
AcDbEntity
  8
FLOOR_5_FASCADE_COLUMNS
100
AcDbText
 10
15752.733770025434
 20
22489.5469347237
 30
0.0
 40
12.0
  1
16 FT
 50
-179.94770643933467
 72
1
 11
15752.733770025434
 21
22489.5469347237
 31
0.0
100
AcDbText
 73
2
  0
LWPOLYLINE
  5
540
330
17
100
AcDbEntity
  8
FLOOR_5_FASCADE_COLUMNS
100
AcDbPolyline
 90
25
 70
0
 10
15656.72833384189
 20
22495.459313534957
 10
15650.728336340928
 20
22495.453837366847
 10
15644.728338839963
 20
22495.44836119874
 10
15638.728341338998
 20
22495.442885030636
 10
15632.728343838033
 20
22495.437408862526
 10
15626.728346337068
 20
22495.43193269442
 10
15620.728348836103
 20
22495.426456526315
 10
15614.728351335138
 20
22495.42098035821
 10
15608.728353834173
 20
22495.4155041901
 10
15602.728356333208
 20
22495.410028021994
 10
15596.728358832246
 20
22495.404551853884
 10
15590.72836133128
 20
22495.39907568578
 10
15584.728363830316
 20
22495.393599517673
 10
15578.72836632935
 20
22495.388123349563
 10
15572.728368828386
 20
22495.38264718146
 10
15566.72837132742
 20
22495.37717101335
 10
15560.728373826456
 20
22495.371694845246
 10
15554.728376325489
 20
22495.36621867714
 10
15548.728378824528
 20
22495.36074250903
 10
15542.728381323563
 20
22495.355266340925
 10
15536.728383822598
 20
22495.349790172815
 10
15530.728386321633
 20
22495.34431400471
 10
15524.728388820668
 20
22495.3388378366
 10
15518.728391319702
 20
22495.333361668498
 10
15517.91590579601
 20
22495.33262011697
  0
TEXT
  5
541
330
17
100
AcDbEntity
  8
FLOOR_5_FASCADE_COLUMNS
100
AcDbText
 10
15587.327595987055
 20
22489.395969325
 30
0.0
 40
12.0
  1
12 FT
 50
-179.94770643933398
 72
1
 11
15587.327595987055
 21
22489.395969325
 31
0.0
100
AcDbText
 73
2
  0
ENDSEC
  0
SECTION
  2
OBJECTS
  0
DICTIONARY
  5
A
330
0
100
AcDbDictionary
281
1
  3
ACAD_COLOR
350
B
  3
ACAD_GROUP
350
C
  3
ACAD_LAYOUT
350
D
  3
ACAD_MATERIAL
350
E
  3
ACAD_MLEADERSTYLE
350
F
  3
ACAD_MLINESTYLE
350
10
  3
ACAD_PLOTSETTINGS
350
11
  3
ACAD_PLOTSTYLENAME
350
12
  3
ACAD_SCALELIST
350
14
  3
ACAD_TABLESTYLE
350
15
  3
ACAD_VISUALSTYLE
350
16
  3
EZDXF_META
350
2D
  0
DICTIONARY
  5
B
330
A
100
AcDbDictionary
281
1
  0
DICTIONARY
  5
C
330
A
100
AcDbDictionary
281
1
  0
DICTIONARY
  5
D
330
A
100
AcDbDictionary
281
1
  3
Model
350
1A
  3
Layout1
350
1E
  0
DICTIONARY
  5
E
330
A
100
AcDbDictionary
281
1
  3
ByBlock
350
1F
  3
ByLayer
350
20
  3
Global
350
21
  0
DICTIONARY
  5
F
330
A
100
AcDbDictionary
281
1
  3
Standard
350
2C
  0
DICTIONARY
  5
10
330
A
100
AcDbDictionary
281
1
  3
Standard
350
22
  0
DICTIONARY
  5
11
330
A
100
AcDbDictionary
281
1
  0
ACDBDICTIONARYWDFLT
  5
12
330
A
100
AcDbDictionary
281
1
  3
Normal
350
13
100
AcDbDictionaryWithDefault
340
13
  0
ACDBPLACEHOLDER
  5
13
330
12
  0
DICTIONARY
  5
14
330
A
100
AcDbDictionary
281
1
  0
DICTIONARY
  5
15
330
A
100
AcDbDictionary
281
1
  0
DICTIONARY
  5
16
330
A
100
AcDbDictionary
281
1
  0
LAYOUT
  5
1A
330
D
100
AcDbPlotSettings
  1

  4
A3
  6

 40
7.5
 41
20.0
 42
7.5
 43
20.0
 44
420.0
 45
297.0
 46
0.0
 47
0.0
 48
0.0
 49
0.0
140
0.0
141
0.0
142
1.0
143
1.0
 70
1024
 72
1
 73
0
 74
5
  7

 75
16
 76
0
 77
2
 78
300
147
1.0
148
0.0
149
0.0
100
AcDbLayout
  1
Model
 70
1
 71
0
 10
0.0
 20
0.0
 11
420.0
 21
297.0
 12
0.0
 22
0.0
 32
0.0
 14
1e+20
 24
1e+20
 34
1e+20
 15
-1e+20
 25
-1e+20
 35
-1e+20
146
0.0
 13
0.0
 23
0.0
 33
0.0
 16
1.0
 26
0.0
 36
0.0
 17
0.0
 27
1.0
 37
0.0
 76
1
330
17
  0
LAYOUT
  5
1E
330
D
100
AcDbPlotSettings
  1

  4
A3
  6

 40
7.5
 41
20.0
 42
7.5
 43
20.0
 44
420.0
 45
297.0
 46
0.0
 47
0.0
 48
0.0
 49
0.0
140
0.0
141
0.0
142
1.0
143
1.0
 70
0
 72
1
 73
0
 74
5
  7

 75
16
 76
0
 77
2
 78
300
147
1.0
148
0.0
149
0.0
100
AcDbLayout
  1
Layout1
 70
1
 71
1
 10
0.0
 20
0.0
 11
420.0
 21
297.0
 12
0.0
 22
0.0
 32
0.0
 14
1e+20
 24
1e+20
 34
1e+20
 15
-1e+20
 25
-1e+20
 35
-1e+20
146
0.0
 13
0.0
 23
0.0
 33
0.0
 16
1.0
 26
0.0
 36
0.0
 17
0.0
 27
1.0
 37
0.0
 76
1
330
1B
  0
MATERIAL
  5
1F
102
{ACAD_REACTORS
330
E
102
}
330
E
100
AcDbMaterial
  1
ByBlock
  2

 70
0
 40
1.0
 71
1
 41
1.0
 91
-1023410177
 42
1.0
 72
1
  3

 73
1
 74
1
 75
1
 44
0.5
 73
0
 45
1.0
 46
1.0
 77
1
  4

 78
1
 79
1
170
1
 48
1.0
171
1
  6

172
1
173
1
174
1
140
1.0
141
1.0
175
1
  7

176
1
177
1
178
1
143
1.0
179
1
  8

270
1
271
1
272
1
145
1.0
146
1.0
273
1
  9

274
1
275
1
276
1
 42
1.0
 72
1
  3

 73
1
 74
1
 75
1
 94
63
  0
MATERIAL
  5
20
102
{ACAD_REACTORS
330
E
102
}
330
E
100
AcDbMaterial
  1
ByLayer
  2

 70
0
 40
1.0
 71
1
 41
1.0
 91
-1023410177
 42
1.0
 72
1
  3

 73
1
 74
1
 75
1
 44
0.5
 73
0
 45
1.0
 46
1.0
 77
1
  4

 78
1
 79
1
170
1
 48
1.0
171
1
  6

172
1
173
1
174
1
140
1.0
141
1.0
175
1
  7

176
1
177
1
178
1
143
1.0
179
1
  8

270
1
271
1
272
1
145
1.0
146
1.0
273
1
  9

274
1
275
1
276
1
 42
1.0
 72
1
  3

 73
1
 74
1
 75
1
 94
63
  0
MATERIAL
  5
21
102
{ACAD_REACTORS
330
E
102
}
330
E
100
AcDbMaterial
  1
Global
  2

 70
0
 40
1.0
 71
1
 41
1.0
 91
-1023410177
 42
1.0
 72
1
  3

 73
1
 74
1
 75
1
 44
0.5
 73
0
 45
1.0
 46
1.0
 77
1
  4

 78
1
 79
1
170
1
 48
1.0
171
1
  6

172
1
173
1
174
1
140
1.0
141
1.0
175
1
  7

176
1
177
1
178
1
143
1.0
179
1
  8

270
1
271
1
272
1
145
1.0
146
1.0
273
1
  9

274
1
275
1
276
1
 42
1.0
 72
1
  3

 73
1
 74
1
 75
1
 94
63
  0
MLINESTYLE
  5
22
102
{ACAD_REACTORS
330
10
102
}
330
10
100
AcDbMlineStyle
  2
Standard
 70
0
  3

 62
256
 51
90.0
 52
90.0
 71
2
 49
0.5
 62
256
  6
BYLAYER
 49
-0.5
 62
256
  6
BYLAYER
  0
MLEADERSTYLE
  5
2C
102
{ACAD_REACTORS
330
F
102
}
330
F
100
AcDbMLeaderStyle
179
2
170
2
171
1
172
0
 90
2
 40
0.0
 41
0.0
173
1
 91
-1056964608
 92
-2
290
1
 42
2.0
291
1
 43
8.0
  3
Standard
 44
4.0
300

342
29
174
1
175
1
176
0
178
1
 93
-1056964608
 45
4.0
292
0
297
0
 46
4.0
 94
-1056964608
 47
1.0
 49
1.0
140
1.0
294
1
141
0.0
177
0
142
1.0
295
0
296
0
143
3.75
271
0
272
9
273
9
  0
DICTIONARY
  5
2D
330
A
100
AcDbDictionary
280
1
281
1
  3
CREATED_BY_EZDXF
350
2E
  3
WRITTEN_BY_EZDXF
350
545
  0
DICTIONARYVAR
  5
2E
330
2D
100
DictionaryVariables
280
0
  1
1.4.2 @ 2026-10-07T17:17:16.248967+00:00
  0
DICTIONARYVAR
  5
545
330
2D
100
DictionaryVariables
280
0
  1
1.4.2 @ 2026-10-07T17:17:16.397146+00:00
  0
ENDSEC
  0
EOF
